symbol,option_type,entry_time,exit_time,entry_price,exit_price,bars_held,gross,charges,pnl,test_day
BANKNIFTY16JAN2031900CE,CE,2020-01-15 09:18:00,2020-01-15 09:23:00,152.53036888122557,140.94675304412843,5,-231.67231674194284,52.52330873317695,-284.19562547511975,2020-01-15
BANKNIFTY16JAN2031900CE,CE,2020-01-15 09:26:00,2020-01-15 09:27:00,140.70088111877442,135.36074695587158,1,-106.80268325805685,52.240472131323045,-159.04315538937988,2020-01-15
BANKNIFTY16JAN2031900CE,CE,2020-01-15 09:29:00,2020-01-15 09:30:00,142.9063780593872,126.433125,1,-329.4650611877441,52.0507204377086,-381.5157816254527,2020-01-15
BANKNIFTY16JAN2031900CE,CE,2020-01-15 10:15:00,2020-01-15 10:16:00,105.01187499999999,102.7425,1,-45.38749999999965,51.00369300325,-96.39119300324964,2020-01-15
BANKNIFTY16JAN2031900CE,CE,2020-01-15 10:58:00,2020-01-15 10:59:00,92.17987194061278,92.26875000000001,1,1.7775611877445385,50.5895140245414,-48.81195283679686,2020-01-15
BANKNIFTY16JAN2031900CE,CE,2020-01-15 11:36:00,2020-01-15 11:37:00,97.6435015296936,97.00687500000001,1,-12.73253059387173,50.772640230354305,-63.505170824226035,2020-01-15
BANKNIFTY16JAN2031900CE,CE,2020-01-15 11:46:00,2020-01-15 11:52:00,98.59587347030639,107.53050304412842,6,178.69259147644073,51.04044463748986,127.65214683895087,2020-01-15
BANKNIFTY16JAN2031900CE,CE,2020-01-15 12:00:00,2020-01-15 12:10:00,107.3677484703064,99.35099847793579,10,-160.33499984741212,50.95046790647362,-211.28546775388574,2020-01-15
BANKNIFTY16JAN2031900CE,CE,2020-01-15 12:16:00,2020-01-15 12:17:00,91.57837347030639,90.27375,1,-26.092469406127634,50.533515666145696,-76.62598507227332,2020-01-15
BANKNIFTY16JAN2031900CE,CE,2020-01-15 12:19:00,2020-01-15 12:29:00,92.63100152969359,91.77000000000001,10,-17.220030593871627,50.58298728260431,-67.80301787647593,2020-01-15
BANKNIFTY16JAN2031900CE,CE,2020-01-15 12:47:00,2020-01-15 12:50:00,92.07962347030639,91.52062500000001,3,-11.179969406127555,50.570071484395704,-61.75004089052326,2020-01-15
BANKNIFTY16JAN2031900CE,CE,2020-01-15 12:55:00,2020-01-15 13:02:00,92.33024847030639,94.7625,7,48.64503059387232,50.652039219895705,-2.007008626023385,2020-01-15
BANKNIFTY16JAN2031900CE,CE,2020-01-15 13:16:00,2020-01-15 13:24:00,93.5833734703064,91.47074695587159,8,-42.252530288696164,50.58754025930154,-92.8400705479977,2020-01-15
BANKNIFTY16JAN2031900CE,CE,2020-01-15 13:27:00,2020-01-15 13:32:00,82.65612194061279,87.73012195587158,5,101.48000030517579,50.360798990947245,51.11920131422855,2020-01-15
BANKNIFTY16JAN2031900CE,CE,2020-01-15 13:41:00,2020-01-15 13:48:00,78.39549694061279,67.87987804412842,7,-210.3123779296874,49.82503729738557,-260.13741522707295,2020-01-15
BANKNIFTY16JAN2031900CE,CE,2020-01-15 13:50:00,2020-01-15 13:55:00,66.41562499999999,66.6828734779358,5,5.344969558716173,49.647088700077916,-44.30211914136174,2020-01-15
BANKNIFTY16JAN2031900CE,CE,2020-01-15 14:04:00,2020-01-15 14:05:00,70.926875,79.4009984779358,1,169.4824695587161,50.01248525082792,119.46998430788818,2020-01-15
BANKNIFTY16JAN2031900CE,CE,2020-01-15 14:28:00,2020-01-15 14:32:00,101.45299694061279,96.30862804412843,4,-102.88737792968732,50.80298399788556,-153.6903619275729,2020-01-15
BANKNIFTY16JAN2031900CE,CE,2020-01-15 14:36:00,2020-01-15 14:37:00,90.67612194061279,93.36599847793579,1,53.79753074646004,50.597521069119324,3.2000096773407165,2020-01-15
BANKNIFTY16JAN2031900CE,CE,2020-01-15 14:40:00,2020-01-15 14:45:00,95.43799694061279,96.8572484779358,5,28.38503074646013,50.74160046786932,-22.356569721409187,2020-01-15
BANKNIFTY16JAN2031900CE,CE,2020-01-15 15:16:00,2020-01-15 15:24:00,127.91899847030639,129.924375,8,40.10753059387213,51.949442997145695,-11.841912403273568,2020-01-15
BANKNIFTY16JAN2031900PE,PE,2020-01-15 09:20:00,2020-01-15 09:22:00,183.60786888122558,184.13850608825683,2,10.612744140624955,53.95998208652112,-43.34723794589617,2020-01-15
BANKNIFTY16JAN2031900PE,PE,2020-01-15 09:24:00,2020-01-15 09:34:00,179.698125,205.6844969558716,10,519.7274391174318,54.435485055905836,465.291954061526,2020-01-15
BANKNIFTY16JAN2031900PE,PE,2020-01-15 09:39:00,2020-01-15 09:49:00,206.0638780593872,217.4051219558716,10,226.824877929688,55.04813041986444,171.77674750982356,2020-01-15
BANKNIFTY16JAN2031900PE,PE,2020-01-15 09:50:00,2020-01-15 09:54:00,217.8432530593872,213.66449695587158,4,-83.5751220703122,55.10348719686444,-138.67860926717665,2020-01-15
BANKNIFTY16JAN2031900PE,PE,2020-01-15 09:55:00,2020-01-15 10:00:00,211.92849388122556,217.75425304412843,5,116.51518325805739,55.12948218592696,61.38570107213043,2020-01-15
BANKNIFTY16JAN2031900PE,PE,2020-01-15 10:05:00,2020-01-15 10:15:00,196.0388780593872,213.86399391174317,10,356.5023170471193,54.837450847770285,301.664866199349,2020-01-15
BANKNIFTY16JAN2031900PE,PE,2020-01-15 10:17:00,2020-01-15 10:27:00,221.85325305938719,207.48000000000002,10,-287.46506118774334,55.0028766027086,-342.46793779045197,2020-01-15
BANKNIFTY16JAN2031900PE,PE,2020-01-15 10:28:00,2020-01-15 10:38:00,208.5701280593872,213.21562500000002,10,92.90993881225631,54.97736341920861,37.932575393047706,2020-01-15
BANKNIFTY16JAN2031900PE,PE,2020-01-15 10:39:00,2020-01-15 10:49:00,216.54,215.1607469558716,10,-27.585060882568087,55.123690288655844,-82.70875117122392,2020-01-15
BANKNIFTY16JAN2031900PE,PE,2020-01-15 10:50:00,2020-01-15 10:54:00,214.78562499999998,223.44,4,173.08750000000032,55.30327587475,117.78422412525032,2020-01-15
BANKNIFTY16JAN2031900PE,PE,2020-01-15 10:55:00,2020-01-15 11:05:00,227.1163780593872,214.36274391174317,10,-255.07268295288043,55.23567667227028,-310.30835962515073,2020-01-15
BANKNIFTY16JAN2031900PE,PE,2020-01-15 11:06:00,2020-01-15 11:16:00,211.97862194061278,187.53,10,-488.97243881225563,54.394942315541385,-543.367381127797,2020-01-15
BANKNIFTY16JAN2031900PE,PE,2020-01-15 11:17:00,2020-01-15 11:25:00,188.8709938812256,197.30550304412841,8,168.69018325805655,54.34563781342696,114.34454544462959,2020-01-15
BANKNIFTY16JAN2031900PE,PE,2020-01-15 11:28:00,2020-01-15 11:38:00,196.64036888122558,192.6671189117432,10,-79.46499938964791,54.329339220394466,-133.7943386100424,2020-01-15
BANKNIFTY16JAN2031900PE,PE,2020-01-15 11:39:00,2020-01-15 11:45:00,192.17924694061279,195.7094969558716,6,70.6050003051763,54.34791761244724,16.257082692729064,2020-01-15
BANKNIFTY16JAN2031900PE,PE,2020-01-15 11:48:00,2020-01-15 11:50:00,177.59286888122557,187.53,2,198.74262237548862,53.96774747383279,144.77487490165583,2020-01-15
BANKNIFTY16JAN2031900PE,PE,2020-01-15 11:51:00,2020-01-15 11:58:00,188.8709938812256,180.34800304412843,7,-170.4598167419431,53.93317036642696,-224.39298710837005,2020-01-15
BANKNIFTY16JAN2031900PE,PE,2020-01-15 12:17:00,2020-01-15 12:27:00,215.1365061187744,207.62961891174317,10,-150.13774414062482,54.92306969597888,-205.0608138366037,2020-01-15
BANKNIFTY16JAN2031900PE,PE,2020-01-15 12:28:00,2020-01-15 12:30:00,208.4698719406128,213.465,2,99.90256118774425,54.9821835750414,44.92037761270286,2020-01-15
BANKNIFTY16JAN2031900PE,PE,2020-01-15 12:46:00,2020-01-15 12:56:00,203.75812499999998,203.49,10,-5.362499999999386,54.68101880575,-60.043518805749386,2020-01-15
BANKNIFTY16JAN2031900PE,PE,2020-01-15 13:02:00,2020-01-15 13:12:00,199.14661888122558,204.53737804412842,10,107.81518325805678,54.64920330292696,53.165979955129814,2020-01-15
BANKNIFTY16JAN2031900PE,PE,2020-01-15 13:13:00,2020-01-15 13:16:00,204.51,201.495,3,-60.29999999999973,54.641834218,-114.94183421799973,2020-01-15
BANKNIFTY16JAN2031900PE,PE,2020-01-15 13:25:00,2020-01-15 13:27:00,201.2017469406128,219.200625,2,359.9775611877442,55.0313983455414,304.9461628422028,2020-01-15
BANKNIFTY16JAN2031900PE,PE,2020-01-15 13:32:00,2020-01-15 13:41:00,206.3145030593872,218.35274391174318,9,240.76481704711966,55.07429366202028,185.69052338509937,2020-01-15
BANKNIFTY16JAN2031900PE,PE,2020-01-15 13:53:00,2020-01-15 14:03:00,240.85062499999998,232.06836891174316,10,-175.6451217651363,55.836970002811675,-231.482091767948,2020-01-15
BANKNIFTY16JAN2031900PE,PE,2020-01-15 14:05:00,2020-01-15 14:15:00,207.8683811187744,217.35524391174317,10,189.7372558593753,55.06933563047888,134.6679202288964,2020-01-15
BANKNIFTY16JAN2031900PE,PE,2020-01-15 14:23:00,2020-01-15 14:28:00,177.59286888122557,166.2832469558716,5,-226.1924385070796,53.450949951488624,-279.6433884585682,2020-01-15
BANKNIFTY16JAN2031900PE,PE,2020-01-15 14:48:00,2020-01-15 14:56:00,157.4426280593872,160.89675304412842,8,69.08249969482426,53.06959249630277,16.012907198521496,2020-01-15
BANKNIFTY16JAN2031900PE,PE,2020-01-15 15:00:00,2020-01-15 15:04:00,168.42,164.98649391174317,4,-68.6701217651364,53.305448195311676,-121.97556996044807,2020-01-15
BANKNIFTY16JAN2031900PE,PE,2020-01-15 15:05:00,2020-01-15 15:13:00,159.89874999999998,152.46788108825683,8,-148.61737823486294,52.89508586293833,-201.51246409780128,2020-01-15
BANKNIFTY16JAN2031900PE,PE,2020-01-15 15:14:00,2020-01-15 15:17:00,152.0792469406128,134.71237804412843,3,-347.33737792968725,52.36606173088556,-399.7034396605728,2020-01-15
BANKNIFTY16JAN2031900PE,PE,2020-01-15 15:19:00,2020-01-15 15:24:00,134.43525611877442,128.6775,5,-115.15512237548819,52.00006988691721,-167.1551922624054,2020-01-15
BANKNIFTY16JAN2031900CE,CE,2020-01-16 09:15:00,2020-01-16 09:20:00,93.68362194061278,125.53537347793579,5,637.0350307464603,51.41736005586932,585.617670690591,2020-01-16
BANKNIFTY16JAN2031900CE,CE,2020-01-16 09:53:00,2020-01-16 09:54:00,114.6358734703064,116.75737804412843,1,42.43009147644074,51.46414999823986,-9.034058521799125,2020-01-16
BANKNIFTY16JAN2031900CE,CE,2020-01-16 09:56:00,2020-01-16 09:57:00,104.8113780593872,108.5778734779358,1,75.32990837097202,51.14313939978652,24.1867689711855,2020-01-16
BANKNIFTY16JAN2031900CE,CE,2020-01-16 09:58:00,2020-01-16 09:59:00,106.0645030593872,106.7325,1,13.359938812255905,51.1138215972086,-37.753882784952694,2020-01-16
BANKNIFTY16JAN2031900CE,CE,2020-01-16 10:00:00,2020-01-16 10:01:00,90.07462347030639,97.8547484779358,1,155.60250015258816,50.69923085222362,104.90326930036454,2020-01-16
BANKNIFTY16JAN2031900CE,CE,2020-01-16 10:08:00,2020-01-16 10:18:00,99.8991265296936,80.24887195587159,10,-393.0050914764402,50.39304825026014,-443.3981397267004,2020-01-16
BANKNIFTY16JAN2031900CE,CE,2020-01-16 10:20:00,2020-01-16 10:30:00,72.53087347030639,46.28400152206421,10,-524.9374389648436,49.22688809906778,-574.1643270639114,2020-01-16
BANKNIFTY16JAN2031900CE,CE,2020-01-16 10:32:00,2020-01-16 10:42:00,50.5761257648468,41.146875,10,-188.58501529693598,48.829177684802154,-237.41419298173813,2020-01-16
BANKNIFTY16JAN2031900CE,CE,2020-01-16 10:43:00,2020-01-16 10:46:00,44.0598757648468,48.478498477935794,3,88.37245426177986,48.926553878130065,39.4459003836498,2020-01-16
BANKNIFTY16JAN2031900CE,CE,2020-01-16 10:50:00,2020-01-16 11:00:00,45.162624235153196,18.204375000000002,10,-539.1649847030639,48.20387831419786,-587.3688630172617,2020-01-16
BANKNIFTY16JAN2031900CE,CE,2020-01-16 11:01:00,2020-01-16 11:02:00,16.090124235153198,19.10212461948395,1,60.240007686615016,47.86452970584233,12.375477980772686,2020-01-16
BANKNIFTY16JAN2031900CE,CE,2020-01-16 11:04:00,2020-01-16 11:05:00,17.3432492351532,17.107124619483947,1,-4.722492313385018,47.83157244759233,-52.55406476097735,2020-01-16
BANKNIFTY16JAN2031900CE,CE,2020-01-16 11:06:00,2020-01-16 11:11:00,17.2430007648468,18.553500380516052,5,26.209992313385015,47.865508066157666,-21.65551575277265,2020-01-16
BANKNIFTY16JAN2031900CE,CE,2020-01-16 11:14:00,2020-01-16 11:18:00,17.9948757648468,19.501124238967897,4,30.124969482421946,47.8978986840911,-17.772929201669157,2020-01-16
BANKNIFTY16JAN2031900CE,CE,2020-01-16 11:20:00,2020-01-16 11:23:00,18.6465003824234,24.189375000000002,3,110.85749235153202,48.02002934390107,62.837463007630944,2020-01-16
BANKNIFTY16JAN2031900CE,CE,2020-01-16 11:31:00,2020-01-16 11:33:00,20.2505007648468,22.792875380516055,2,50.84749231338506,48.005988904907674,2.8415034084773865,2020-01-16
BANKNIFTY16JAN2031900CE,CE,2020-01-16 11:38:00,2020-01-16 11:46:00,22.2555007648468,24.9375,8,53.63998470306399,48.08306321430215,5.556921488761837,2020-01-16
BANKNIFTY16JAN2031900CE,CE,2020-01-16 11:47:00,2020-01-16 11:56:00,23.4584996175766,20.84774961948395,9,-52.21499996185301,47.9985313384934,-100.2135313003464,2020-01-16
BANKNIFTY16JAN2031900CE,CE,2020-01-16 12:07:00,2020-01-16 12:17:00,20.4008753824234,14.363999619483948,10,-120.73751525878905,47.80283649654555,-168.5403517553346,2020-01-16
BANKNIFTY16JAN2031900CE,CE,2020-01-16 12:18:00,2020-01-16 12:22:00,14.736749808788298,16.009874238967896,4,25.462488603591957,47.77250126196343,-22.31001265837147,2020-01-16
BANKNIFTY16JAN2031900CE,CE,2020-01-16 12:43:00,2020-01-16 12:46:00,31.378249235153195,33.266623477935795,3,37.767484855652,48.398994860025766,-10.631510004373766,2020-01-16
BANKNIFTY16JAN2031900CE,CE,2020-01-16 12:48:00,2020-01-16 12:58:00,32.08,21.396375761032104,10,-213.6724847793579,48.11898597346104,-261.7914707528189,2020-01-16
BANKNIFTY16JAN2031900CE,CE,2020-01-16 12:59:00,2020-01-16 13:02:00,23.9096253824234,36.10950076103211,3,243.9975075721742,48.37535667461211,195.62215089756208,2020-01-16
BANKNIFTY16JAN2031900CE,CE,2020-01-16 13:05:00,2020-01-16 13:06:00,37.19274847030639,41.59575076103211,1,88.06004581451433,48.67382623310674,39.38621958140759,2020-01-16
BANKNIFTY16JAN2031900CE,CE,2020-01-16 13:07:00,2020-01-16 13:08:00,38.2453765296936,41.79525152206421,1,70.99749984741223,48.69175623977638,22.305743607635847,2020-01-16
BANKNIFTY16JAN2031900CE,CE,2020-01-16 13:10:00,2020-01-16 13:17:00,38.846875,42.643125000000005,7,75.92500000000015,48.71985235150001,27.205147648500144,2020-01-16
BANKNIFTY16JAN2031900CE,CE,2020-01-16 13:18:00,2020-01-16 13:27:00,37.1426242351532,37.356375761032105,9,4.275030517578102,48.570086647908894,-44.29505613033079,2020-01-16
BANKNIFTY16JAN2031900CE,CE,2020-01-16 13:28:00,2020-01-16 13:30:00,35.0875,39.301501522064214,2,84.28003044128431,48.591867067422086,35.688163373862224,2020-01-16
BANKNIFTY16JAN2031900CE,CE,2020-01-16 13:37:00,2020-01-16 13:40:00,39.2980007648468,32.61825076103211,3,-133.5950000762938,48.48161592651319,-182.076616002807,2020-01-16
BANKNIFTY16JAN2031900CE,CE,2020-01-16 14:06:00,2020-01-16 14:07:00,58.2953765296936,59.35125,1,21.117469406128038,49.367874504354305,-28.250405098226267,2020-01-16
BANKNIFTY16JAN2031900CE,CE,2020-01-16 14:08:00,2020-01-16 14:09:00,57.1425,61.745251522064216,1,92.05503044128434,49.41178236292208,42.64324807836226,2020-01-16
BANKNIFTY16JAN2031900CE,CE,2020-01-16 14:11:00,2020-01-16 14:21:00,62.45574923515319,21.945,10,-810.2149847030638,48.50970664819784,-858.7246913512616,2020-01-16
BANKNIFTY16JAN2031900CE,CE,2020-01-16 14:23:00,2020-01-16 14:25:00,28.0198757648468,35.910000000000004,2,157.80248470306404,48.42156820455215,109.38091649851188,2020-01-16
BANKNIFTY16JAN2031900CE,CE,2020-01-16 14:27:00,2020-01-16 14:34:00,25.2630007648468,34.862625761032106,7,191.9924999237061,48.36184198026319,143.6306579434429,2020-01-16
BANKNIFTY16JAN2031900CE,CE,2020-01-16 14:35:00,2020-01-16 14:36:00,28.2705007648468,28.42875,1,3.1649847030639933,48.24271093680215,-45.077726233738154,2020-01-16
BANKNIFTY16JAN2031900CE,CE,2020-01-16 14:37:00,2020-01-16 14:41:00,26.9672496175766,20.299125380516053,4,-133.36248474121092,48.02877812845445,-181.39126286966535,2020-01-16
BANKNIFTY16JAN2031900CE,CE,2020-01-16 14:42:00,2020-01-16 14:43:00,11.3282501912117,12.718125,1,27.79749617576602,47.65008823432554,-19.852592058559516,2020-01-16
BANKNIFTY16JAN2031900CE,CE,2020-01-16 14:44:00,2020-01-16 14:51:00,13.3833753824234,13.266750190258026,7,-2.332503843307485,47.68896482732883,-50.02146867063632,2020-01-16
BANKNIFTY16JAN2031900PE,PE,2020-01-16 09:20:00,2020-01-16 09:21:00,53.9344992351532,59.101875,1,103.34751529693605,49.30763101144785,54.0398842854882,2020-01-16
BANKNIFTY16JAN2031900PE,PE,2020-01-16 09:22:00,2020-01-16 09:23:00,52.581125764846796,51.52087652206421,1,-21.204984855651645,49.10642006622423,-70.31140492187588,2020-01-16
BANKNIFTY16JAN2031900PE,PE,2020-01-16 09:30:00,2020-01-16 09:31:00,64.5108734703064,70.97212652206422,1,129.22506103515644,49.72775490431778,79.49730613083867,2020-01-16
BANKNIFTY16JAN2031900PE,PE,2020-01-16 09:32:00,2020-01-16 09:34:00,65.3128765296936,64.48837652206421,2,-16.49000015258764,49.58001052802638,-66.07001068061402,2020-01-16
BANKNIFTY16JAN2031900PE,PE,2020-01-16 09:36:00,2020-01-16 09:40:00,60.0497515296936,47.73037347793579,4,-246.38756103515618,49.10700860543222,-295.4945696405884,2020-01-16
BANKNIFTY16JAN2031900PE,PE,2020-01-16 09:42:00,2020-01-16 09:45:00,52.43074923515319,49.875,3,-51.11498470306387,49.064518206197846,-100.17950290926171,2020-01-16
BANKNIFTY16JAN2031900PE,PE,2020-01-16 09:46:00,2020-01-16 09:52:00,47.2177484703064,46.682999238967895,6,-10.694984626770037,48.92211302018466,-59.6170976469547,2020-01-16
BANKNIFTY16JAN2031900PE,PE,2020-01-16 10:02:00,2020-01-16 10:03:00,46.5661257648468,47.6804992389679,1,22.287469482421898,48.93828031134111,-26.650810828919212,2020-01-16
BANKNIFTY16JAN2031900PE,PE,2020-01-16 10:46:00,2020-01-16 10:47:00,93.43299694061278,95.80987804412842,1,47.537622070312864,50.69121533038557,-3.1535932600727037,2020-01-16
BANKNIFTY16JAN2031900PE,PE,2020-01-16 11:23:00,2020-01-16 11:25:00,154.28474388122558,159.0513719558716,2,95.33256149292015,52.98547389498864,42.34708759793151,2020-01-16
BANKNIFTY16JAN2031900PE,PE,2020-01-16 11:35:00,2020-01-16 11:36:00,136.590625,150.47288108825686,1,277.64512176513733,52.55698945918833,225.088132305949,2020-01-16
BANKNIFTY16JAN2031900PE,PE,2020-01-16 12:37:00,2020-01-16 12:41:00,107.1171234703064,114.7125,4,151.9075305938722,51.32100126014569,100.5865293337265,2020-01-16
BANKNIFTY16JAN2031900PE,PE,2020-01-16 12:46:00,2020-01-16 12:47:00,93.6335015296936,94.16400152206421,1,10.609999847412155,50.65367267702637,-40.043672829614216,2020-01-16
BANKNIFTY16JAN2031900PE,PE,2020-01-16 13:02:00,2020-01-16 13:07:00,74.4857530593872,67.68037347793579,5,-136.10759162902838,49.771611534036516,-185.8792031630649,2020-01-16
BANKNIFTY16JAN2031900PE,PE,2020-01-16 13:08:00,2020-01-16 13:10:00,60.400625,62.892374238967896,2,49.83498477935797,49.48016215878896,0.3548226205690099,2020-01-16
BANKNIFTY16JAN2031900PE,PE,2020-01-16 13:24:00,2020-01-16 13:25:00,57.693874235153196,60.598125,1,58.08501529693615,49.39073016919785,8.694285127738297,2020-01-16
BANKNIFTY16JAN2031900PE,PE,2020-01-16 13:32:00,2020-01-16 13:33:00,47.869375,50.72287347793579,1,57.06996955871588,49.02847285257792,8.041496706137963,2020-01-16
BANKNIFTY16JAN2031900PE,PE,2020-01-16 13:53:00,2020-01-16 13:54:00,41.5035015296936,36.658125000000005,1,-96.90753059387191,48.60728047085429,-145.5148110647262,2020-01-16
BANKNIFTY16JAN2031900PE,PE,2020-01-16 13:58:00,2020-01-16 13:59:00,32.330625,31.371375761032105,1,-19.184984779357848,48.36472754821104,-67.5497123275689,2020-01-16
BANKNIFTY16JAN2031900PE,PE,2020-01-16 14:01:00,2020-01-16 14:04:00,24.4108753824234,20.84774961948395,3,-71.262515258789,48.01036327404555,-119.27287853283454,2020-01-16
BANKNIFTY16JAN2031900PE,PE,2020-01-16 14:05:00,2020-01-16 14:06:00,19.949749617576597,26.034750380516055,1,121.70001525878916,48.08110656370444,73.61890869508473,2020-01-16
BANKNIFTY16JAN2031900PE,PE,2020-01-16 14:34:00,2020-01-16 14:35:00,18.8469992351532,21.945,1,61.960015296936035,47.967928981697845,13.99208631523819,2020-01-16
BANKNIFTY16JAN2031900PE,PE,2020-01-16 15:22:00,2020-01-16 15:23:00,50.125,51.52087652206421,1,27.91753044128427,49.07590614217208,-21.15837570088781,2020-01-16
BANKNIFTY23JAN2031500CE,CE,2020-01-17 10:52:00,2020-01-17 10:53:00,428.56874999999997,426.78038108825683,1,-35.76737823486269,62.90520199993831,-98.672580234801,2020-01-17
BANKNIFTY23JAN2031500CE,CE,2020-01-17 11:08:00,2020-01-17 11:18:00,428.7692622375488,397.4538871765137,10,-626.3075012207014,62.19436717646106,-688.5018683971624,2020-01-17
BANKNIFTY23JAN2031500CE,CE,2020-01-17 11:28:00,2020-01-17 11:32:00,400.04761276245114,398.8503810882569,4,-23.944633483885127,61.871508651353906,-85.81614213523903,2020-01-17
BANKNIFTY23JAN2031500CE,CE,2020-01-17 11:38:00,2020-01-17 11:42:00,386.965,375.7582621765137,4,-224.1347564697253,61.147292039876646,-285.28204850960196,2020-01-17
BANKNIFTY23JAN2031500CE,CE,2020-01-17 12:01:00,2020-01-17 12:02:00,399.9975,395.9576371765137,1,-80.79725646972634,61.80052412462665,-142.59778059435297,2020-01-17
BANKNIFTY23JAN2031500CE,CE,2020-01-17 12:57:00,2020-01-17 12:58:00,394.98499999999996,395.9576371765137,1,19.452743530274574,61.73825082962665,-42.285507299352076,2020-01-17
BANKNIFTY23JAN2031500CE,CE,2020-01-17 13:04:00,2020-01-17 13:08:00,427.4659938812256,415.95750000000004,4,-230.16987762451095,62.6282503685828,-292.7981279930938,2020-01-17
BANKNIFTY23JAN2031500CE,CE,2020-01-17 13:20:00,2020-01-17 13:22:00,407.2155122375488,409.07475608825683,2,37.18487701416052,62.20925337502274,-25.02437636086222,2020-01-17
BANKNIFTY23JAN2031500CE,CE,2020-01-17 13:37:00,2020-01-17 13:39:00,397.79198776245113,394.01250000000005,2,-75.58975524902166,61.72581098416558,-137.31556623318724,2020-01-17
BANKNIFTY23JAN2031500CE,CE,2020-01-17 14:23:00,2020-01-17 14:24:00,365.31099388122556,371.9677439117432,1,133.13500061035256,60.78607227939447,72.3489283309581,2020-01-17
BANKNIFTY23JAN2031500CE,CE,2020-01-17 15:01:00,2020-01-17 15:02:00,400.0977561187744,395.05986282348636,1,-100.75786590576058,61.77993256229057,-162.53779846805116,2020-01-17
BANKNIFTY23JAN2031500CE,CE,2020-01-17 15:04:00,2020-01-17 15:06:00,387.46625,391.36913108825684,2,78.05762176513667,61.53323190043833,16.524389864698342,2020-01-17
BANKNIFTY23JAN2031500CE,CE,2020-01-17 15:07:00,2020-01-17 15:12:00,388.36849388122556,384.0375,5,-86.61987762451076,61.36610935558279,-147.98598698009357,2020-01-17
BANKNIFTY23JAN2031500CE,CE,2020-01-17 15:16:00,2020-01-17 15:17:00,369.32099388122555,369.07500000000005,1,-4.919877624510036,60.765528969582796,-65.68540659409283,2020-01-17
BANKNIFTY23JAN2031500PE,PE,2020-01-17 09:15:00,2020-01-17 09:25:00,252.4295030593872,232.41750000000002,10,-400.24006118774366,55.98931347720861,-456.2293746649523,2020-01-17
BANKNIFTY23JAN2031500PE,PE,2020-01-17 09:26:00,2020-01-17 09:36:00,234.0336219406128,241.44487804412844,10,148.2251220703131,55.98034874113555,92.24477332917755,2020-01-17
BANKNIFTY23JAN2031500PE,PE,2020-01-17 09:37:00,2020-01-17 09:47:00,236.53987194061278,182.19336891174316,10,-1086.9300605773924,54.57027538110307,-1141.5003359584955,2020-01-17
BANKNIFTY23JAN2031500PE,PE,2020-01-17 09:48:00,2020-01-17 09:58:00,182.6053688812256,166.08375,10,-330.43237762451156,53.5083707623328,-383.94074838684435,2020-01-17
BANKNIFTY23JAN2031500PE,PE,2020-01-17 09:59:00,2020-01-17 10:07:00,167.56786888122556,165.585,8,-39.65737762451113,53.30941948183279,-92.96679710634392,2020-01-17
BANKNIFTY23JAN2031500PE,PE,2020-01-17 10:13:00,2020-01-17 10:23:00,167.61799694061278,175.16100608825684,10,150.86018295288113,53.54296519447973,97.3172177584014,2020-01-17
BANKNIFTY23JAN2031500PE,PE,2020-01-17 10:24:00,2020-01-17 10:34:00,173.13174694061277,148.6275,10,-490.0849388122555,52.96607543029139,-543.0510142425469,2020-01-17
BANKNIFTY23JAN2031500PE,PE,2020-01-17 10:35:00,2020-01-17 10:45:00,151.3775,148.42800304412842,10,-58.98993911743162,52.690956883844166,-111.68089600127578,2020-01-17
BANKNIFTY23JAN2031500PE,PE,2020-01-17 10:46:00,2020-01-17 10:56:00,145.3123719406128,152.51774391174317,10,144.1074394226075,52.71508337985307,91.39235604275444,2020-01-17
BANKNIFTY23JAN2031500PE,PE,2020-01-17 10:57:00,2020-01-17 11:01:00,153.9840061187744,152.46788108825683,4,-30.322500610351426,52.821603450855534,-83.14410406120696,2020-01-17
BANKNIFTY23JAN2031500PE,PE,2020-01-17 11:02:00,2020-01-17 11:08:00,150.82612194061278,157.25586891174316,6,128.5949394226077,52.89883226160307,75.69610716100462,2020-01-17
BANKNIFTY23JAN2031500PE,PE,2020-01-17 11:10:00,2020-01-17 11:14:00,163.05661888122557,162.94163108825686,4,-2.299755859374386,53.18907726827111,-55.4888331276455,2020-01-17
BANKNIFTY23JAN2031500PE,PE,2020-01-17 11:19:00,2020-01-17 11:24:00,167.0165061187744,169.87425304412844,5,57.154938507080715,53.40689964676137,3.7480388603193475,2020-01-17
BANKNIFTY23JAN2031500PE,PE,2020-01-17 11:26:00,2020-01-17 11:29:00,168.169375,172.11862804412843,3,78.98506088256852,53.475813708344155,25.509247174224363,2020-01-17
BANKNIFTY23JAN2031500PE,PE,2020-01-17 11:32:00,2020-01-17 11:37:00,168.31974388122558,177.15600608825685,5,176.72524414062536,53.60020899977111,123.12503514085425,2020-01-17
BANKNIFTY23JAN2031500PE,PE,2020-01-17 11:40:00,2020-01-17 11:41:00,179.64799694061279,182.2432469558716,1,51.90500030517626,53.86468669644723,-1.9596863912709708,2020-01-17
BANKNIFTY23JAN2031500PE,PE,2020-01-17 11:42:00,2020-01-17 11:51:00,181.15174694061278,180.34800304412843,9,-16.074877929686977,53.83726953013556,-69.91214745982253,2020-01-17
BANKNIFTY23JAN2031500PE,PE,2020-01-17 11:52:00,2020-01-17 12:02:00,173.4325,169.57500000000002,10,-77.14999999999975,53.479330477,-130.62933047699974,2020-01-17
BANKNIFTY23JAN2031500PE,PE,2020-01-17 12:08:00,2020-01-17 12:10:00,174.7858811187744,178.15350608825685,2,67.35249938964898,53.70480449335554,13.647694896293444,2020-01-17
BANKNIFTY23JAN2031500PE,PE,2020-01-17 12:11:00,2020-01-17 12:20:00,173.7833811187744,172.96649391174319,9,-16.337744140624295,53.566183024978876,-69.90392716560316,2020-01-17
BANKNIFTY23JAN2031500PE,PE,2020-01-17 12:21:00,2020-01-17 12:31:00,168.2195030593872,160.5476219558716,10,-153.43762207031205,53.19498795561444,-206.63261002592648,2020-01-17
BANKNIFTY23JAN2031500PE,PE,2020-01-17 12:34:00,2020-01-17 12:36:00,157.39249999999998,161.0463719558716,2,73.07743911743216,53.07260899590584,20.004830121526325,2020-01-17
BANKNIFTY23JAN2031500PE,PE,2020-01-17 12:46:00,2020-01-17 12:55:00,162.7558811187744,165.48524391174317,9,54.58725585937543,53.24721084347888,1.3400450158965498,2020-01-17
BANKNIFTY23JAN2031500PE,PE,2020-01-17 12:58:00,2020-01-17 12:59:00,167.36737194061277,166.73211891174319,1,-12.705060577391691,53.33483064960308,-66.03989122699477,2020-01-17
BANKNIFTY23JAN2031500PE,PE,2020-01-17 13:00:00,2020-01-17 13:10:00,162.9563780593872,152.3182469558716,10,-212.7626220703121,52.92943297011444,-265.6920550404265,2020-01-17
BANKNIFTY23JAN2031500PE,PE,2020-01-17 13:11:00,2020-01-17 13:17:00,151.9288780593872,156.8069969558716,6,97.56237792968818,52.90161428061445,44.66076364907373,2020-01-17
BANKNIFTY23JAN2031500PE,PE,2020-01-17 13:22:00,2020-01-17 13:27:00,157.1920030593872,163.68975608825684,5,129.95506057739306,53.13441472039693,76.82064585699612,2020-01-17
BANKNIFTY23JAN2031500PE,PE,2020-01-17 13:28:00,2020-01-17 13:38:00,162.2045030593872,163.83937500000002,10,32.69743881225622,53.2003272859586,-20.502888473702377,2020-01-17
BANKNIFTY23JAN2031500PE,PE,2020-01-17 13:39:00,2020-01-17 13:49:00,166.7157530593872,158.25336891174317,10,-169.2476829528806,53.120501473770275,-222.36818442665088,2020-01-17
BANKNIFTY23JAN2031500PE,PE,2020-01-17 13:50:00,2020-01-17 14:00:00,159.146875,153.615,10,-110.6374999999997,52.91364693025,-163.5511469302497,2020-01-17
BANKNIFTY23JAN2031500PE,PE,2020-01-17 14:01:00,2020-01-17 14:11:00,151.1770030593872,159.10125000000002,10,158.48493881225636,52.9480777797086,105.53686103254776,2020-01-17
BANKNIFTY23JAN2031500PE,PE,2020-01-17 14:12:00,2020-01-17 14:18:00,160.39999999999998,168.72711891174316,6,166.5423782348637,53.29679638956168,113.24558184530201,2020-01-17
BANKNIFTY23JAN2031500PE,PE,2020-01-17 14:19:00,2020-01-17 14:22:00,191.1767469406128,186.33300304412842,3,-96.87487792968739,54.107392866135555,-150.98227079582296,2020-01-17
BANKNIFTY23JAN2031500PE,PE,2020-01-17 14:24:00,2020-01-17 14:34:00,180.700625,172.16850608825683,10,-170.64237823486337,53.63271015943833,-224.2750883943017,2020-01-17
BANKNIFTY23JAN2031500PE,PE,2020-01-17 14:35:00,2020-01-17 14:45:00,174.435,173.315625,10,-22.387499999999818,53.58277060225,-75.97027060224983,2020-01-17
BANKNIFTY23JAN2031500PE,PE,2020-01-17 14:46:00,2020-01-17 14:56:00,180.0490061187744,179.55,10,-9.980122375487781,53.804159212417204,-63.784281587904985,2020-01-17
BANKNIFTY23JAN2031500PE,PE,2020-01-17 14:58:00,2020-01-17 15:01:00,173.4325,162.24336891174318,3,-223.78262176513658,53.300998815061675,-277.08362058019827,2020-01-17
BANKNIFTY23JAN2031500PE,PE,2020-01-17 15:05:00,2020-01-17 15:09:00,171.32724388122557,175.56,4,84.65512237548865,53.598752363082795,31.05637001240585,2020-01-17
BANKNIFTY23JAN2031700CE,CE,2020-01-20 09:20:00,2020-01-20 09:22:00,252.9307530593872,238.20300304412842,2,-294.55500030517555,56.13626506855277,-350.6912653737283,2020-01-20
BANKNIFTY23JAN2031700CE,CE,2020-01-20 09:23:00,2020-01-20 09:25:00,232.329375,222.193125,2,-202.7249999999998,55.49090391850001,-258.2159039184998,2020-01-20
BANKNIFTY23JAN2031700CE,CE,2020-01-20 09:31:00,2020-01-20 09:38:00,198.49499999999998,191.07112804412841,7,-148.47743911743123,54.31356017209416,-202.7909992895254,2020-01-20
BANKNIFTY23JAN2031700CE,CE,2020-01-20 09:43:00,2020-01-20 09:44:00,180.65049694061278,177.555,1,-61.90993881225552,53.7631063117914,-115.67304512404692,2020-01-20
BANKNIFTY23JAN2031700CE,CE,2020-01-20 09:45:00,2020-01-20 09:55:00,172.02900611877442,151.42050304412842,10,-412.1700614929199,53.02031130826137,-465.1903728011813,2020-01-20
BANKNIFTY23JAN2031700CE,CE,2020-01-20 10:32:00,2020-01-20 10:34:00,140.1495030593872,139.1013719558716,2,-20.962622070312023,52.324607497114435,-73.28722956742646,2020-01-20
BANKNIFTY23JAN2031700CE,CE,2020-01-20 10:35:00,2020-01-20 10:40:00,131.7786219406128,123.14137195587159,5,-172.74499969482406,51.83240636244724,-224.5774060572713,2020-01-20
BANKNIFTY23JAN2031700CE,CE,2020-01-20 10:49:00,2020-01-20 10:55:00,137.593125,140.04899391174317,6,49.11737823486362,52.31589765606168,-3.198519421198057,2020-01-20
BANKNIFTY23JAN2031700CE,CE,2020-01-20 11:08:00,2020-01-20 11:10:00,136.4402561187744,134.3632469558716,2,-41.54018325805623,52.16327703957303,-93.70346029762926,2020-01-20
BANKNIFTY23JAN2031700CE,CE,2020-01-20 11:11:00,2020-01-20 11:15:00,132.580625,131.57024391174318,4,-20.207621765136423,52.047390637561676,-72.2550124026981,2020-01-20
BANKNIFTY23JAN2031700CE,CE,2020-01-20 11:47:00,2020-01-20 11:49:00,139.4477561187744,138.55274391174316,2,-17.900244140624864,52.30254466472888,-70.20278880535375,2020-01-20
BANKNIFTY23JAN2031700CE,CE,2020-01-20 11:52:00,2020-01-20 11:55:00,136.2397438812256,138.75225608825684,3,50.250244140625,52.267542458271116,-2.017298317646116,2020-01-20
BANKNIFTY23JAN2031700CE,CE,2020-01-20 12:06:00,2020-01-20 12:11:00,131.6282530593872,131.57024391174318,5,-1.160182952880291,52.035558749520284,-53.195741702400575,2020-01-20
BANKNIFTY23JAN2031700CE,CE,2020-01-20 12:24:00,2020-01-20 12:25:00,132.6307530593872,132.21862804412842,1,-8.242500305175327,52.063784444802764,-60.30628474997809,2020-01-20
BANKNIFTY23JAN2031700CE,CE,2020-01-20 12:26:00,2020-01-20 12:27:00,135.2873719406128,134.26350608825683,1,-20.477317047119072,52.14652801072972,-72.6238450578488,2020-01-20
BANKNIFTY23JAN2031700CE,CE,2020-01-20 12:36:00,2020-01-20 12:38:00,131.4277561187744,127.68,2,-74.9551223754878,51.93844311891721,-126.89356549440501,2020-01-20
BANKNIFTY23JAN2031700CE,CE,2020-01-20 13:11:00,2020-01-20 13:13:00,103.1572515296936,88.6278734779358,2,-290.58756103515606,50.63733337343223,-341.2248944085883,2020-01-20
BANKNIFTY23JAN2031700CE,CE,2020-01-20 13:17:00,2020-01-20 13:20:00,92.12975152969359,90.024375,3,-42.10753059387173,50.5343000688543,-92.64183066272602,2020-01-20
BANKNIFTY23JAN2031700CE,CE,2020-01-20 13:22:00,2020-01-20 13:26:00,85.91424694061278,94.96199695587158,4,180.955000305176,50.57718186744724,130.37781843772876,2020-01-20
BANKNIFTY23JAN2031700CE,CE,2020-01-20 13:43:00,2020-01-20 13:46:00,91.6285015296936,89.3759984779358,3,-45.05006103515598,50.51230188818222,-95.5623629233382,2020-01-20
BANKNIFTY23JAN2031700CE,CE,2020-01-20 14:14:00,2020-01-20 14:23:00,81.3528765296936,72.9172484779358,9,-168.71256103515606,49.98430558193222,-218.6968666170883,2020-01-20
BANKNIFTY23JAN2031700CE,CE,2020-01-20 14:25:00,2020-01-20 14:28:00,69.6236219406128,67.580625,3,-40.859938812255905,49.70878011979139,-90.56871893204729,2020-01-20
BANKNIFTY23JAN2031700CE,CE,2020-01-20 14:29:00,2020-01-20 14:35:00,66.66624999999999,66.9821265220642,6,6.317530441284305,49.65748127617208,-43.33995083488777,2020-01-20
BANKNIFTY23JAN2031700CE,CE,2020-01-20 14:37:00,2020-01-20 14:47:00,66.61612194061279,62.8425,10,-75.47243881225569,49.55616788554139,-125.02860669779707,2020-01-20
BANKNIFTY23JAN2031700CE,CE,2020-01-20 14:48:00,2020-01-20 14:58:00,63.8091265296936,66.6828734779358,10,57.474938964844,49.61470660568222,7.8602323591617775,2020-01-20
BANKNIFTY23JAN2031700CE,CE,2020-01-20 14:59:00,2020-01-20 15:09:00,67.3178765296936,67.83,10,10.242469406127839,49.686200158854305,-39.44373075272647,2020-01-20
BANKNIFTY23JAN2031700CE,CE,2020-01-20 15:10:00,2020-01-20 15:20:00,68.17,73.815,10,112.89999999999992,49.842363346000006,63.057636653999914,2020-01-20
BANKNIFTY23JAN2031700CE,CE,2020-01-20 15:21:00,2020-01-20 15:24:00,72.53087347030639,70.62300304412842,3,-38.1574085235593,49.818900236489846,-87.97630876004914,2020-01-20
BANKNIFTY23JAN2031700PE,PE,2020-01-20 09:15:00,2020-01-20 09:25:00,229.5725,263.9883689117432,10,688.3173782348638,56.47326440106167,631.8441138338021,2020-01-20
BANKNIFTY23JAN2031700PE,PE,2020-01-20 09:26:00,2020-01-20 09:31:00,269.6725,295.75875,5,521.7250000000001,57.744220802499996,463.98077919750017,2020-01-20
BANKNIFTY23JAN2031700PE,PE,2020-01-20 09:37:00,2020-01-20 09:39:00,313.6822438812256,319.69875,2,120.3301223754886,58.8732872405828,61.4568351349058,2020-01-20
BANKNIFTY23JAN2031700PE,PE,2020-01-20 09:40:00,2020-01-20 09:45:00,306.06323776245114,326.9804878234863,5,418.3450012207038,58.95574983428893,359.38925138641486,2020-01-20
BANKNIFTY23JAN2031700PE,PE,2020-01-20 09:53:00,2020-01-20 09:57:00,348.76974388122557,361.2446189117432,4,249.49750061035274,60.31974540264447,189.1777552077083,2020-01-20
BANKNIFTY23JAN2031700PE,PE,2020-01-20 09:59:00,2020-01-20 10:01:00,353.6819877624512,360.0975,2,128.31024475097706,60.35287109416559,67.95737365681147,2020-01-20
BANKNIFTY23JAN2031700PE,PE,2020-01-20 10:05:00,2020-01-20 10:11:00,353.6819877624512,356.90548782348634,6,64.47000122070335,60.27522986678893,4.194771353914419,2020-01-20
BANKNIFTY23JAN2031700PE,PE,2020-01-20 10:13:00,2020-01-20 10:19:00,348.87,352.1175,6,64.95000000000005,60.098986555,4.851013445000042,2020-01-20
BANKNIFTY23JAN2031700PE,PE,2020-01-20 10:22:00,2020-01-20 10:23:00,343.0053688812256,349.125,1,122.39262237548814,59.9533383508328,62.43928402465534,2020-01-20
BANKNIFTY23JAN2031700PE,PE,2020-01-20 10:32:00,2020-01-20 10:35:00,397.1403688812256,422.6407621765137,3,510.0078659057624,62.41405792970944,447.593807976053,2020-01-20
BANKNIFTY23JAN2031700PE,PE,2020-01-20 10:38:00,2020-01-20 10:48:00,418.3933811187744,402.04236282348637,10,-327.02036590576085,62.177069626040556,-389.19743553180143,2020-01-20
BANKNIFTY23JAN2031700PE,PE,2020-01-20 10:50:00,2020-01-20 11:00:00,406.0125,380.39663108825687,10,-512.3173782348624,61.49675239093833,-573.8141306258008,2020-01-20
BANKNIFTY23JAN2031700PE,PE,2020-01-20 11:01:00,2020-01-20 11:02:00,390.97499999999997,400.24687500000005,1,185.4375000000016,61.79276189875001,123.64473810125159,2020-01-20
BANKNIFTY23JAN2031700PE,PE,2020-01-20 11:03:00,2020-01-20 11:05:00,394.03261276245115,401.7929878234863,2,155.20750122070353,61.86835548653894,93.33914573416459,2020-01-20
BANKNIFTY23JAN2031700PE,PE,2020-01-20 11:07:00,2020-01-20 11:09:00,403.90724388122555,404.9351371765137,2,20.557865905763038,62.06746233770944,-41.509596431946406,2020-01-20
BANKNIFTY23JAN2031700PE,PE,2020-01-20 11:16:00,2020-01-20 11:26:00,399.49625,403.0398628234864,10,70.87225646972797,61.966562018873354,8.905694450854618,2020-01-20
BANKNIFTY23JAN2031700PE,PE,2020-01-20 11:31:00,2020-01-20 11:38:00,393.63161888122556,391.5686128234864,7,-41.26012115478375,61.61468009120615,-102.87480124598989,2020-01-20
BANKNIFTY23JAN2031700PE,PE,2020-01-20 11:44:00,2020-01-20 11:49:00,396.739375,386.63100608825687,5,-202.16737823486255,61.53318923893832,-263.7005674738009,2020-01-20
BANKNIFTY23JAN2031700PE,PE,2020-01-20 11:55:00,2020-01-20 12:00:00,374.5340061187744,385.4339939117432,5,217.99975585937545,61.22820297272888,156.7715528866466,2020-01-20
BANKNIFTY23JAN2031700PE,PE,2020-01-20 12:16:00,2020-01-20 12:22:00,402.65411888122554,401.9925,6,-13.232377624510718,61.98031848433279,-75.21269610884352,2020-01-20
BANKNIFTY23JAN2031700PE,PE,2020-01-20 12:28:00,2020-01-20 12:31:00,397.39099388122554,400.29673782348635,3,58.11487884521625,61.87368448370616,-3.7588056384899033,2020-01-20
BANKNIFTY23JAN2031700PE,PE,2020-01-20 12:58:00,2020-01-20 13:05:00,473.9819877624511,476.0070121765137,7,40.50048828125114,64.66676678454223,-24.166278503291096,2020-01-20
BANKNIFTY23JAN2031700PE,PE,2020-01-20 13:15:00,2020-01-20 13:17:00,554.9338627624511,528.6750000000001,2,-525.1772552490206,66.95355556741559,-592.1308108164362,2020-01-20
BANKNIFTY23JAN2031700PE,PE,2020-01-20 13:18:00,2020-01-20 13:21:00,536.086875,532.9143750000001,3,-63.449999999998,66.822524992,-130.272524991998,2020-01-20
BANKNIFTY23JAN2031700PE,PE,2020-01-20 13:26:00,2020-01-20 13:29:00,502.0519877624511,520.695,3,372.8602447509786,66.10246997716558,306.757774773813,2020-01-20
BANKNIFTY23JAN2031700PE,PE,2020-01-20 13:45:00,2020-01-20 13:55:00,514.8338627624512,513.7125,10,-22.427255249024256,66.09142734241559,-88.51868259143984,2020-01-20
BANKNIFTY23JAN2031700PE,PE,2020-01-20 13:56:00,2020-01-20 14:06:00,519.295,458.60062500000004,10,-1213.8874999999985,64.80633152425,-1278.6938315242485,2020-01-20
BANKNIFTY23JAN2031700PE,PE,2020-01-20 14:31:00,2020-01-20 14:33:00,611.1741494750976,611.8665243530273,2,13.847497558595023,69.67577975517213,-55.828282196577106,2020-01-20
BANKNIFTY23JAN2030900CE,CE,2020-01-21 09:15:00,2020-01-21 09:18:00,263.2565061187744,248.37750000000003,3,-297.5801223754871,56.51202848841721,-354.09215086390435,2020-01-21
BANKNIFTY23JAN2030900CE,CE,2020-01-21 09:34:00,2020-01-21 09:41:00,304.30886276245116,327.57899391174317,7,465.40262298584025,58.94851200372726,406.454110982113,2020-01-21
BANKNIFTY23JAN2030900CE,CE,2020-01-21 09:51:00,2020-01-21 09:52:00,358.7446311187744,367.7782621765137,1,180.6726211547857,60.602591137043845,120.07003001774186,2020-01-21
BANKNIFTY23JAN2030900CE,CE,2020-01-21 10:15:00,2020-01-21 10:21:00,298.1434938812256,286.2825,6,-237.21987762451135,57.86743652758279,-295.08731415209417,2020-01-21
BANKNIFTY23JAN2030900CE,CE,2020-01-21 11:21:00,2020-01-21 11:22:00,239.84812499999998,242.3925,1,50.887500000000614,56.07563537875001,-5.188135378749394,2020-01-21
BANKNIFTY23JAN2030900CE,CE,2020-01-21 11:25:00,2020-01-21 11:29:00,237.79299694061277,238.50225608825684,4,14.185182952881519,55.95547855297971,-41.770295600098194,2020-01-21
BANKNIFTY23JAN2030900CE,CE,2020-01-21 11:37:00,2020-01-21 11:38:00,245.9633811187744,249.3251219558716,1,67.23481674194375,56.320235198073036,10.91458154387071,2020-01-21
BANKNIFTY23JAN2030900CE,CE,2020-01-21 11:39:00,2020-01-21 11:41:00,241.75286888122557,270.47211891174317,2,574.385000610352,56.78229657339447,517.6027040369576,2020-01-21
BANKNIFTY23JAN2030900CE,CE,2020-01-21 11:48:00,2020-01-21 11:49:00,274.33411888122555,278.4521189117432,1,82.3600006103527,57.38117531889446,24.978825291458236,2020-01-21
BANKNIFTY23JAN2030900CE,CE,2020-01-21 12:11:00,2020-01-21 12:21:00,303.1559938812256,263.34000000000003,10,-796.319877624511,57.3716656295828,-853.6915432540939,2020-01-21
BANKNIFTY23JAN2030900CE,CE,2020-01-21 12:22:00,2020-01-21 12:32:00,263.45698776245115,254.91112804412842,10,-170.91719436645462,56.67344054725975,-227.59063491371438,2020-01-21
BANKNIFTY23JAN2030900CE,CE,2020-01-21 12:33:00,2020-01-21 12:40:00,259.9983811187744,247.03086891174317,7,-259.3502441406241,56.438795930728894,-315.789040071353,2020-01-21
BANKNIFTY23JAN2030900CE,CE,2020-01-21 13:07:00,2020-01-21 13:11:00,271.17625,275.1603810882568,4,79.6826217651369,57.261876304938326,22.420745460198575,2020-01-21
BANKNIFTY23JAN2030900CE,CE,2020-01-21 13:17:00,2020-01-21 13:18:00,275.938125,284.536875,1,171.9749999999999,57.5491060225,114.42589397749991,2020-01-21
BANKNIFTY23JAN2030900CE,CE,2020-01-21 13:21:00,2020-01-21 13:23:00,262.0033811187744,260.14798782348635,2,-37.10786590576163,56.78276080229056,-93.8906267080522,2020-01-21
BANKNIFTY23JAN2030900CE,CE,2020-01-21 13:30:00,2020-01-21 13:32:00,266.71511276245116,259.6991310882569,2,-140.31963348388558,56.830379659853904,-197.1500131437395,2020-01-21
BANKNIFTY23JAN2030900CE,CE,2020-01-21 13:41:00,2020-01-21 13:42:00,245.361875,252.66675304412843,1,146.0975608825686,56.394042824594166,89.70351805797442,2020-01-21
BANKNIFTY23JAN2030900CE,CE,2020-01-21 13:44:00,2020-01-21 13:45:00,251.4771311187744,245.53461891174317,1,-118.85024414062457,56.29653714272889,-175.14678128335345,2020-01-21
BANKNIFTY23JAN2030900CE,CE,2020-01-21 13:54:00,2020-01-21 13:59:00,251.9282530593872,268.8761128234863,5,338.9571952819824,56.869890862581954,282.0873044194005,2020-01-21
BANKNIFTY23JAN2030900CE,CE,2020-01-21 14:03:00,2020-01-21 14:06:00,245.31174694061278,247.8288719558716,3,50.34250030517626,56.27574536919724,-5.93324506402098,2020-01-21
BANKNIFTY23JAN2030900CE,CE,2020-01-21 14:22:00,2020-01-21 14:24:00,226.1640061187744,217.55475608825685,2,-172.18500061035115,55.301486011605526,-227.4864866219567,2020-01-21
BANKNIFTY23JAN2030900CE,CE,2020-01-21 14:56:00,2020-01-21 15:01:00,277.2915061187744,261.9933689117432,5,-305.96274414062464,57.01758066347888,-362.98032480410353,2020-01-21
BANKNIFTY23JAN2030900CE,CE,2020-01-21 15:23:00,2020-01-21 15:24:00,262.655,261.14548782348635,1,-30.190243530272483,56.81511904562334,-87.00536257589582,2020-01-21
BANKNIFTY23JAN2030900PE,PE,2020-01-21 09:21:00,2020-01-21 09:23:00,199.6979969406128,198.15336891174317,2,-30.892560577392487,54.50077131885307,-85.39333189624556,2020-01-21
BANKNIFTY23JAN2030900PE,PE,2020-01-21 09:27:00,2020-01-21 09:34:00,182.5051280593872,181.54500000000002,7,-19.202561187743754,53.8831986709586,-73.08575985870235,2020-01-21
BANKNIFTY23JAN2030900PE,PE,2020-01-21 09:39:00,2020-01-21 09:40:00,173.83349388122556,170.37300304412844,1,-69.20981674194252,53.50372257142695,-122.71353931336947,2020-01-21
BANKNIFTY23JAN2030900PE,PE,2020-01-21 09:41:00,2020-01-21 09:51:00,166.86612194061277,139.79961891174318,10,-541.3300605773918,52.67350796310307,-594.0035685404948,2020-01-21
BANKNIFTY23JAN2030900PE,PE,2020-01-21 09:52:00,2020-01-21 09:55:00,134.8863780593872,133.4655030441284,3,-28.417500305175736,52.12213591630277,-80.5396362214785,2020-01-21
BANKNIFTY23JAN2030900PE,PE,2020-01-21 09:56:00,2020-01-21 09:57:00,130.2748719406128,133.71487804412843,1,68.80012207031257,52.07091010663556,16.72921196367701,2020-01-21
BANKNIFTY23JAN2030900PE,PE,2020-01-21 10:05:00,2020-01-21 10:09:00,130.575625,131.07149391174318,4,9.917378234863463,52.01034992406167,-42.09297168919821,2020-01-21
BANKNIFTY23JAN2030900PE,PE,2020-01-21 10:23:00,2020-01-21 10:25:00,168.8711219406128,165.83437500000002,2,-60.73493881225545,53.331676274291404,-114.06661508654685,2020-01-21
BANKNIFTY23JAN2030900PE,PE,2020-01-21 10:26:00,2020-01-21 10:28:00,166.66562499999998,174.06375,2,147.96250000000043,53.50444408825001,94.45805591175042,2020-01-21
BANKNIFTY23JAN2030900PE,PE,2020-01-21 10:30:00,2020-01-21 10:37:00,180.45,201.39524391174317,7,418.90487823486353,54.34049597481167,364.56438226005184,2020-01-21
BANKNIFTY23JAN2030900PE,PE,2020-01-21 10:38:00,2020-01-21 10:48:00,190.12411888122557,190.12350608825685,10,-0.01225585937447704,54.18651411602112,-54.1987699753956,2020-01-21
BANKNIFTY23JAN2030900PE,PE,2020-01-21 10:49:00,2020-01-21 10:59:00,198.49499999999998,200.84663108825686,10,47.032621765137606,54.55133559793832,-7.518713832800714,2020-01-21
BANKNIFTY23JAN2030900PE,PE,2020-01-21 11:00:00,2020-01-21 11:10:00,199.0463780593872,200.29800304412842,10,25.032499694824537,54.544841089302764,-29.512341394478227,2020-01-21
BANKNIFTY23JAN2030900PE,PE,2020-01-21 11:11:00,2020-01-21 11:18:00,194.234375,170.97149391174318,7,-465.2576217651364,53.77173241056167,-519.029354175698,2020-01-21
BANKNIFTY23JAN2030900PE,PE,2020-01-21 11:22:00,2020-01-21 11:24:00,181.15174694061278,177.35550304412843,2,-75.92487792968711,53.76448115713556,-129.68935908682266,2020-01-21
BANKNIFTY23JAN2030900PE,PE,2020-01-21 11:31:00,2020-01-21 11:37:00,178.79588111877442,175.56,6,-64.7176223754883,53.6915397246672,-118.4091621001555,2020-01-21
BANKNIFTY23JAN2030900PE,PE,2020-01-21 11:41:00,2020-01-21 11:47:00,159.59799694061277,151.62,6,-159.55993881225538,52.87072590679139,-212.43066471904677,2020-01-21
BANKNIFTY23JAN2030900PE,PE,2020-01-21 11:50:00,2020-01-21 11:53:00,146.66575305938719,149.32574695587158,3,53.19987792968789,52.654256388364445,0.5456215413234418,2020-01-21
BANKNIFTY23JAN2030900PE,PE,2020-01-21 12:01:00,2020-01-21 12:11:00,145.06174694061278,130.27350608825685,10,-295.7648170471185,52.17090977197972,-347.93572681909825,2020-01-21
BANKNIFTY23JAN2030900PE,PE,2020-01-21 12:21:00,2020-01-21 12:22:00,150.5754969406128,152.6175,1,40.840061187744254,52.782896766791396,-11.942835579047141,2020-01-21
BANKNIFTY23JAN2030900PE,PE,2020-01-21 12:26:00,2020-01-21 12:27:00,153.03161888122557,149.52524391174316,1,-70.12749938964816,52.73819584314447,-122.86569523279263,2020-01-21
BANKNIFTY23JAN2030900PE,PE,2020-01-21 12:28:00,2020-01-21 12:29:00,153.0817469406128,145.48538108825684,1,-151.9273170471189,52.64055460672973,-204.5678716538486,2020-01-21
BANKNIFTY23JAN2030900PE,PE,2020-01-21 12:33:00,2020-01-21 12:34:00,155.3875,158.40300304412844,1,60.31006088256902,52.98340342984416,7.326657452724859,2020-01-21
BANKNIFTY23JAN2030900PE,PE,2020-01-21 12:45:00,2020-01-21 12:55:00,160.85112194061279,159.60000000000002,10,-25.022438812255245,53.080396558541395,-78.10283537079664,2020-01-21
BANKNIFTY23JAN2030900PE,PE,2020-01-21 12:57:00,2020-01-21 13:07:00,154.385,144.13875000000002,10,-204.9249999999995,52.6239907855,-257.5489907854995,2020-01-21
BANKNIFTY23JAN2030900PE,PE,2020-01-21 13:11:00,2020-01-21 13:15:00,143.05674694061278,139.65,4,-68.13493881225554,52.3740705412914,-120.50900935354694,2020-01-21
BANKNIFTY23JAN2030900PE,PE,2020-01-21 13:25:00,2020-01-21 13:30:00,144.6607530593872,148.876875,5,84.32243881225645,52.6184288884586,31.704009923797848,2020-01-21
BANKNIFTY23JAN2030900PE,PE,2020-01-21 13:38:00,2020-01-21 13:40:00,148.06924694061277,160.89675304412842,2,256.5501220703129,52.953141358635555,203.59698071167736,2020-01-21
BANKNIFTY23JAN2030900PE,PE,2020-01-21 13:42:00,2020-01-21 13:43:00,157.8436219406128,157.8044969558716,1,-0.782499694823855,52.99935948369724,-53.781859178521096,2020-01-21
BANKNIFTY23JAN2030900PE,PE,2020-01-21 13:46:00,2020-01-21 13:52:00,163.4075,153.21600608825685,6,-203.82987823486303,52.95687426268832,-256.78675249755133,2020-01-21
BANKNIFTY23JAN2030900PE,PE,2020-01-21 13:59:00,2020-01-21 14:01:00,143.5078688812256,154.16362804412842,2,213.1151832580565,52.73269878292697,160.38248447512953,2020-01-21
BANKNIFTY23JAN2030900PE,PE,2020-01-21 14:06:00,2020-01-21 14:07:00,160.90125,164.98649391174317,1,81.70487823486326,53.21203825281167,28.492839982051585,2020-01-21
BANKNIFTY23JAN2030900PE,PE,2020-01-21 14:08:00,2020-01-21 14:10:00,159.59799694061277,160.5975,2,19.99006118774446,53.089091025791404,-33.099029838046945,2020-01-21
BANKNIFTY23JAN2030900PE,PE,2020-01-21 14:11:00,2020-01-21 14:14:00,154.635625,158.5526219558716,3,78.33993911743164,52.97770170615585,25.362237411275792,2020-01-21
BANKNIFTY23JAN2030900PE,PE,2020-01-21 14:18:00,2020-01-21 14:19:00,153.88375,157.40550304412844,1,70.4350608825689,52.94045865034417,17.494602232224736,2020-01-21
BANKNIFTY23JAN2030900PE,PE,2020-01-21 14:27:00,2020-01-21 14:32:00,176.94125,169.57500000000002,5,-147.3249999999996,53.522921783499996,-200.8479217834996,2020-01-21
BANKNIFTY23JAN2030900PE,PE,2020-01-21 14:33:00,2020-01-21 14:41:00,157.39249999999998,134.86199695587158,8,-450.6100608825682,52.43571073215584,-503.045771614724,2020-01-21
BANKNIFTY23JAN2030900PE,PE,2020-01-21 14:48:00,2020-01-21 14:58:00,140.19963111877442,140.5976219558716,10,7.959816741943655,52.36162445457305,-44.40180771262939,2020-01-21
BANKNIFTY23JAN2030900PE,PE,2020-01-21 14:59:00,2020-01-21 15:00:00,139.1470030593872,145.18612804412842,1,120.78249969482442,52.460156011302765,68.32234368352167,2020-01-21
BANKNIFTY23JAN2030900PE,PE,2020-01-21 15:05:00,2020-01-21 15:10:00,148.620625,160.79699695587158,5,243.52743911743175,52.957565031905844,190.5698740855259,2020-01-21
BANKNIFTY23JAN2030900PE,PE,2020-01-21 15:12:00,2020-01-21 15:22:00,156.79099388122557,148.02899391174319,10,-175.23999938964778,52.74850662789448,-227.98850601754225,2020-01-21
BANKNIFTY23JAN2030900PE,PE,2020-01-21 15:23:00,2020-01-21 15:24:00,148.87125,147.97913108825685,1,-17.842378234863077,52.648902054438324,-70.4912802893014,2020-01-21
BANKNIFTY23JAN2031100CE,CE,2020-01-22 09:15:00,2020-01-22 09:23:00,209.67286888122558,206.33288108825684,8,-66.79975585937484,54.82365032027112,-121.62340617964597,2020-01-22
BANKNIFTY23JAN2031100CE,CE,2020-01-22 09:25:00,2020-01-22 09:33:00,169.32224388122557,155.65987804412842,8,-273.2473167419431,53.08980043867695,-326.33711718062006,2020-01-22
BANKNIFTY23JAN2031100CE,CE,2020-01-22 09:34:00,2020-01-22 09:36:00,153.3825,162.14362804412843,2,175.2225608825688,53.04947957809417,122.17308130447464,2020-01-22
BANKNIFTY23JAN2031100CE,CE,2020-01-22 09:44:00,2020-01-22 09:50:00,146.36499999999998,140.14875,6,-124.32499999999948,52.4273023495,-176.75230234949947,2020-01-22
BANKNIFTY23JAN2031100CE,CE,2020-01-22 09:51:00,2020-01-22 09:55:00,136.089375,126.6825,4,-188.1374999999997,51.972094416249995,-240.1095944162497,2020-01-22
BANKNIFTY23JAN2031100CE,CE,2020-01-22 09:57:00,2020-01-22 10:03:00,121.9541265296936,119.65012195587158,6,-46.08009147644026,51.625430992760144,-97.7055224692004,2020-01-22
BANKNIFTY23JAN2031100CE,CE,2020-01-22 10:08:00,2020-01-22 10:09:00,119.7486219406128,122.0441234779358,1,45.91003074646011,51.65626142136932,-5.746230674909214,2020-01-22
BANKNIFTY23JAN2031100CE,CE,2020-01-22 10:14:00,2020-01-22 10:15:00,110.87649847030639,113.86462652206421,1,59.76256103515652,51.34708289606779,8.415478139088734,2020-01-22
BANKNIFTY23JAN2031100CE,CE,2020-01-22 10:18:00,2020-01-22 10:20:00,107.6183734703064,90.67275152206422,2,-338.91243896484355,50.742495363567784,-389.65493432841134,2020-01-22
BANKNIFTY23JAN2031100CE,CE,2020-01-22 10:35:00,2020-01-22 10:37:00,64.66125,69.42599847793579,2,95.29496955871593,49.692015722077926,45.60295383663801,2020-01-22
BANKNIFTY23JAN2031100CE,CE,2020-01-22 10:41:00,2020-01-22 10:47:00,71.5785015296936,68.578125,6,-60.007530593871934,49.7573295528543,-109.76486014672624,2020-01-22
BANKNIFTY23JAN2031100CE,CE,2020-01-22 10:51:00,2020-01-22 10:57:00,71.8291265296936,68.87737804412842,6,-59.03496971130352,49.76772212894847,-108.80269184025198,2020-01-22
BANKNIFTY23JAN2031100CE,CE,2020-01-22 11:12:00,2020-01-22 11:19:00,60.901875,56.95724847793579,7,-78.8925304412841,49.342025863327926,-128.23455630461203,2020-01-22
BANKNIFTY23JAN2031100CE,CE,2020-01-22 11:25:00,2020-01-22 11:28:00,55.438249235153194,57.35625,3,38.36001529693618,49.283853115697845,-10.923837818761662,2020-01-22
BANKNIFTY23JAN2031100CE,CE,2020-01-22 11:32:00,2020-01-22 11:33:00,57.3430007648468,58.4036242389679,1,21.212469482422023,49.33299289884111,-28.12052341641909,2020-01-22
BANKNIFTY23JAN2031100CE,CE,2020-01-22 11:35:00,2020-01-22 11:37:00,57.393125,57.954748477935794,2,11.232469558715934,49.32269734782791,-38.09022778911198,2020-01-22
BANKNIFTY23JAN2031100CE,CE,2020-01-22 11:42:00,2020-01-22 11:52:00,56.0397515296936,50.8725,10,-103.34503059387202,49.1336177981043,-152.47864839197632,2020-01-22
BANKNIFTY23JAN2031100CE,CE,2020-01-22 11:53:00,2020-01-22 11:54:00,48.621249999999996,48.777751522064214,1,3.1300304412843616,48.99050147842209,-45.86047103713773,2020-01-22
BANKNIFTY23JAN2031100CE,CE,2020-01-22 11:57:00,2020-01-22 11:58:00,50.125,51.52087652206421,1,27.91753044128427,49.07590614217208,-21.15837570088781,2020-01-22
BANKNIFTY23JAN2031100CE,CE,2020-01-22 12:00:00,2020-01-22 12:10:00,49.172624235153194,47.9298742389679,10,-24.85499992370592,48.9767281034868,-73.83172802719272,2020-01-22
BANKNIFTY23JAN2031100CE,CE,2020-01-22 12:13:00,2020-01-22 12:15:00,45.0122515296936,47.630625,2,52.36746940612804,48.91776247835429,3.4497069277737467,2020-01-22
BANKNIFTY23JAN2031100CE,CE,2020-01-22 12:29:00,2020-01-22 12:32:00,51.5786257648468,50.323875761032106,3,-25.095000076293843,49.06485003951319,-74.15985011580703,2020-01-22
BANKNIFTY23JAN2031100CE,CE,2020-01-22 12:33:00,2020-01-22 12:36:00,51.0773757648468,49.4261242389679,3,-33.02503051757796,49.036786161091115,-82.06181667866908,2020-01-22
BANKNIFTY23JAN2031100CE,CE,2020-01-22 12:37:00,2020-01-22 12:39:00,48.470873470306394,48.1792492389679,2,-5.8324846267699115,48.97407553043466,-54.80656015720457,2020-01-22
BANKNIFTY23JAN2031100CE,CE,2020-01-22 12:45:00,2020-01-22 12:46:00,49.9244992351532,51.121875,1,23.947515296936075,49.06371004744785,-25.116194750511774,2020-01-22
BANKNIFTY23JAN2031100CE,CE,2020-01-22 12:48:00,2020-01-22 12:50:00,50.3255007648468,51.32137576103211,2,19.917499923706146,49.073544506763184,-29.15604458305704,2020-01-22
BANKNIFTY23JAN2031100CE,CE,2020-01-22 12:55:00,2020-01-22 12:57:00,51.2778765296936,51.57075076103211,2,5.857484626770173,49.09144214006534,-43.23395751329517,2020-01-22
BANKNIFTY23JAN2031100CE,CE,2020-01-22 13:05:00,2020-01-22 13:15:00,59.9494992351532,58.503376522064215,10,-28.92245426177965,49.36780132786993,-78.29025558964958,2020-01-22
BANKNIFTY23JAN2031100CE,CE,2020-01-22 13:18:00,2020-01-22 13:25:00,54.936999235153195,55.111875000000005,7,3.4975152969362,49.223034506447846,-45.725519209511646,2020-01-22
BANKNIFTY23JAN2031100CE,CE,2020-01-22 13:30:00,2020-01-22 13:33:00,51.0272515296936,53.865,3,56.754969406128026,49.1441328761043,7.610836530023725,2020-01-22
BANKNIFTY23JAN2031100CE,CE,2020-01-22 13:35:00,2020-01-22 13:36:00,51.678874235153195,51.969748477935795,1,5.817484855651998,49.10612903602577,-43.28864418037377,2020-01-22
BANKNIFTY23JAN2031100CE,CE,2020-01-22 13:39:00,2020-01-22 13:40:00,53.733998470306396,54.463498477935794,1,14.590000152587947,49.19231805497362,-34.60231790238567,2020-01-22
BANKNIFTY23JAN2031100CE,CE,2020-01-22 13:42:00,2020-01-22 13:45:00,53.9344992351532,53.46599847793579,3,-9.370015144348116,49.17054620527577,-58.540561349623886,2020-01-22
BANKNIFTY23JAN2031100CE,CE,2020-01-22 13:48:00,2020-01-22 13:57:00,50.62625,51.07200076103211,9,8.915015220642175,49.07121519721104,-40.156199976568864,2020-01-22
BANKNIFTY23JAN2031100CE,CE,2020-01-22 14:02:00,2020-01-22 14:09:00,50.62625,30.373875761032107,7,-405.04748477935783,48.56776228396103,-453.61524706331886,2020-01-22
BANKNIFTY23JAN2031100CE,CE,2020-01-22 14:18:00,2020-01-22 14:28:00,29.2730007648468,27.381375761032107,10,-37.83250007629384,48.2296896837632,-86.06218976005704,2020-01-22
BANKNIFTY23JAN2031100CE,CE,2020-01-22 14:29:00,2020-01-22 14:30:00,26.064999999999998,28.378875761032106,1,46.27751522064216,48.21409755646104,-1.9365823358188834,2020-01-22
BANKNIFTY23JAN2031100CE,CE,2020-01-22 14:33:00,2020-01-22 14:37:00,26.9672496175766,28.678125,4,34.21750764846806,48.232585563598924,-14.015077915130867,2020-01-22
BANKNIFTY23JAN2031100CE,CE,2020-01-22 14:40:00,2020-01-22 14:50:00,27.368249235153197,32.11950076103211,10,95.0250305175782,48.32127406990889,46.70375644766931,2020-01-22
BANKNIFTY23JAN2031100CE,CE,2020-01-22 14:52:00,2020-01-22 14:53:00,31.328125,32.61825076103211,1,25.802515220642164,48.382601377961045,-22.58008615731888,2020-01-22
BANKNIFTY23JAN2031100CE,CE,2020-01-22 14:54:00,2020-01-22 15:04:00,32.08,33.715499238967894,10,32.70998477935791,48.418631405288956,-15.708646625931046,2020-01-22
BANKNIFTY23JAN2031100CE,CE,2020-01-22 15:05:00,2020-01-22 15:06:00,35.5386257648468,35.11200076103211,1,-8.532500076293843,48.495567932763194,-57.02806800905704,2020-01-22
BANKNIFTY23JAN2031100CE,CE,2020-01-22 15:07:00,2020-01-22 15:17:00,32.932123470306394,30.274125380516054,10,-53.159961795806794,48.34551124525122,-101.50547304105801,2020-01-22
BANKNIFTY23JAN2031100CE,CE,2020-01-22 15:18:00,2020-01-22 15:24:00,29.323124999999997,26.683125,6,-52.79999999999994,48.21332843500001,-101.01332843499995,2020-01-22
BANKNIFTY23JAN2031100PE,PE,2020-01-22 09:22:00,2020-01-22 09:26:00,130.074375,175.21086891174318,4,902.7298782348635,53.07775109631167,849.6521271385518,2020-01-22
BANKNIFTY23JAN2031100PE,PE,2020-01-22 09:38:00,2020-01-22 09:39:00,178.79588111877442,182.54250000000002,1,74.93237762451201,53.86137926166721,21.070998362844804,2020-01-22
BANKNIFTY23JAN2031100PE,PE,2020-01-22 09:50:00,2020-01-22 09:52:00,195.48749999999998,203.09100608825685,2,152.0701217651373,54.56856290068833,97.50155886444895,2020-01-22
BANKNIFTY23JAN2031100PE,PE,2020-01-22 10:06:00,2020-01-22 10:08:00,208.67036888122558,213.81413108825686,2,102.87524414062545,54.99316659377112,47.88207754685433,2020-01-22
BANKNIFTY23JAN2031100PE,PE,2020-01-22 10:20:00,2020-01-22 10:30:00,278.945625,355.40923782348636,10,1529.2722564697272,59.31034100387335,1469.9619154658537,2020-01-22
BANKNIFTY23JAN2031100PE,PE,2020-01-22 10:31:00,2020-01-22 10:32:00,338.4440061187744,331.51913108825687,1,-138.49750061035024,59.468431691355526,-197.96593230170578,2020-01-22
BANKNIFTY23JAN2031100PE,PE,2020-01-22 10:47:00,2020-01-22 10:48:00,334.53426223754883,326.63138717651367,1,-158.05750122070322,59.300971069461056,-217.3584722901643,2020-01-22
BANKNIFTY23JAN2031100PE,PE,2020-01-22 11:19:00,2020-01-22 11:25:00,355.8875,356.70600608825686,6,16.370121765137355,60.29777815468833,-43.927656389550975,2020-01-22
BANKNIFTY23JAN2031100PE,PE,2020-01-22 11:27:00,2020-01-22 11:35:00,346.3136372375488,339.19986282348634,8,-142.27548828124895,59.75302388695776,-202.0285121682067,2020-01-22
BANKNIFTY23JAN2031100PE,PE,2020-01-22 11:37:00,2020-01-22 11:40:00,332.4290061187744,335.4592378234863,3,60.60463409423846,59.489541317540564,1.1150927766978995,2020-01-22
BANKNIFTY23JAN2031100PE,PE,2020-01-22 11:56:00,2020-01-22 12:03:00,354.9852561187744,348.22725608825687,7,-135.16000061035015,60.080335314105525,-195.24033592445568,2020-01-22
BANKNIFTY23JAN2031100PE,PE,2020-01-22 12:04:00,2020-01-22 12:07:00,343.7572438812256,349.125,3,107.35512237548846,59.96267934508279,47.39244303040567,2020-01-22
BANKNIFTY23JAN2031100PE,PE,2020-01-22 12:30:00,2020-01-22 12:33:00,344.50911888122556,334.4617378234864,3,-200.94762115478375,59.61535701545615,-260.5629781702399,2020-01-22
BANKNIFTY23JAN2031100PE,PE,2020-01-22 12:40:00,2020-01-22 12:41:00,331.4766188812256,329.72361282348635,1,-35.06012115478484,59.33819819120615,-94.39831934599098,2020-01-22
BANKNIFTY23JAN2031100PE,PE,2020-01-22 12:43:00,2020-01-22 12:45:00,332.2284938812256,340.7460060882569,2,170.35024414062605,59.61564347027112,110.73460067035492,2020-01-22
BANKNIFTY23JAN2031100PE,PE,2020-01-22 13:00:00,2020-01-22 13:01:00,296.74,300.995625,1,85.11250000000018,58.207876248249995,26.904623751750186,2020-01-22
BANKNIFTY23JAN2031100PE,PE,2020-01-22 13:03:00,2020-01-22 13:05:00,301.9028688812256,304.486875,2,51.68012237548851,58.35693743458279,-6.676815059094281,2020-01-22
BANKNIFTY23JAN2031100PE,PE,2020-01-22 13:15:00,2020-01-22 13:17:00,302.6046311187744,308.3771189117432,2,115.4497558593755,58.460280584728885,56.989475274646615,2020-01-22
BANKNIFTY23JAN2031100PE,PE,2020-01-22 13:37:00,2020-01-22 13:38:00,302.30386276245116,307.92826217651367,1,112.48798828125018,58.445626147292245,54.04236213395794,2020-01-22
BANKNIFTY23JAN2031100PE,PE,2020-01-22 13:40:00,2020-01-22 13:42:00,308.77,313.4145121765137,2,92.89024353027457,58.65940420037664,34.23083932989793,2020-01-22
BANKNIFTY23JAN2031100PE,PE,2020-01-22 14:01:00,2020-01-22 14:02:00,329.5217622375488,329.1251371765137,1,-7.932501220701624,59.29935475196106,-67.23185597266269,2020-01-22
BANKNIFTY23JAN2031100PE,PE,2020-01-22 14:48:00,2020-01-22 14:49:00,392.0777561187744,364.88548782348636,1,-543.8453659057609,60.946345862540554,-604.7917117683014,2020-01-22
BANKNIFTY23JAN2031100PE,PE,2020-01-22 15:05:00,2020-01-22 15:09:00,359.39625,370.07250000000005,4,213.52500000000077,60.6664907125,152.85850928750077,2020-01-22
BANKNIFTY23JAN2030700CE,CE,2020-01-23 09:16:00,2020-01-23 09:23:00,76.69125,169.57500000000002,7,1857.6750000000004,52.2774558835,1805.3975441165005,2020-01-23
BANKNIFTY23JAN2030700CE,CE,2020-01-23 09:43:00,2020-01-23 09:44:00,212.5801280593872,205.53487804412842,1,-140.90500030517546,54.840358638552765,-195.74535894372823,2020-01-23
BANKNIFTY23JAN2030700CE,CE,2020-01-23 09:48:00,2020-01-23 09:49:00,192.5802561187744,177.65475608825685,1,-298.5100006103511,53.913743295105526,-352.4237439054566,2020-01-23
BANKNIFTY23JAN2030700CE,CE,2020-01-23 09:51:00,2020-01-23 09:52:00,183.5577561187744,191.17086891174318,1,152.26225585937584,54.13041188597888,98.13184397339697,2020-01-23
BANKNIFTY23JAN2030700CE,CE,2020-01-23 10:10:00,2020-01-23 10:12:00,201.5025,189.67461891174318,2,-236.55762176513633,54.31695601956167,-290.874577784698,2020-01-23
BANKNIFTY23JAN2030700CE,CE,2020-01-23 10:36:00,2020-01-23 10:37:00,122.80624999999999,128.57774391174317,1,115.42987823486357,51.85316933931167,63.576708895551896,2020-01-23
BANKNIFTY23JAN2030700CE,CE,2020-01-23 10:38:00,2020-01-23 10:40:00,119.0970030593872,121.59525152206422,2,49.96496925354023,51.63724778713068,-1.6722785335904504,2020-01-23
BANKNIFTY23JAN2030700CE,CE,2020-01-23 10:41:00,2020-01-23 10:43:00,116.4403765296936,127.48050304412843,2,220.80253028869663,51.74739342569846,169.05513686299815,2020-01-23
BANKNIFTY23JAN2030700CE,CE,2020-01-23 10:49:00,2020-01-23 10:50:00,119.79875,126.58275152206421,1,135.68003044128432,51.767279965422084,83.91275047586223,2020-01-23
BANKNIFTY23JAN2030700CE,CE,2020-01-23 10:53:00,2020-01-23 10:56:00,117.29249999999999,116.15887195587159,3,-22.672560882568007,51.48259704090583,-74.15515792347384,2020-01-23
BANKNIFTY23JAN2030700CE,CE,2020-01-23 10:59:00,2020-01-23 11:01:00,123.30749999999999,116.90699695587159,2,-128.01006088256798,51.575522088155836,-179.5855829707238,2020-01-23
BANKNIFTY23JAN2030700CE,CE,2020-01-23 11:02:00,2020-01-23 11:07:00,117.44287652969359,109.72500000000001,5,-154.35753059387167,51.3279703308543,-205.68550092472597,2020-01-23
BANKNIFTY23JAN2030700CE,CE,2020-01-23 11:08:00,2020-01-23 11:09:00,97.8941265296936,98.8522484779358,1,19.16243896484417,50.82064002143222,-31.658201056588048,2020-01-23
BANKNIFTY23JAN2030700CE,CE,2020-01-23 11:11:00,2020-01-23 11:17:00,92.73124999999999,90.6228734779358,6,-42.167530441283816,50.556330482827924,-92.72386092411173,2020-01-23
BANKNIFTY23JAN2030700CE,CE,2020-01-23 11:23:00,2020-01-23 11:32:00,106.21487194061278,100.79737804412842,9,-108.34987792968718,50.97132618763557,-159.32120411732274,2020-01-23
BANKNIFTY23JAN2030700CE,CE,2020-01-23 11:43:00,2020-01-23 11:47:00,125.6633734703064,126.38324695587158,4,14.397469711303756,51.83528703230154,-37.43781732099778,2020-01-23
BANKNIFTY23JAN2030700CE,CE,2020-01-23 11:49:00,2020-01-23 11:54:00,128.32,140.0988719558716,5,235.57743911743216,52.201905273905844,183.3755338435263,2020-01-23
BANKNIFTY23JAN2030700CE,CE,2020-01-23 11:57:00,2020-01-23 11:59:00,139.09687499999998,135.75975608825684,2,-66.74237823486294,52.230249939438316,-118.97262817430126,2020-01-23
BANKNIFTY23JAN2030700CE,CE,2020-01-23 12:01:00,2020-01-23 12:11:00,132.02924694061278,138.15375,10,122.49006118774446,52.2006751057914,70.28938608195307,2020-01-23
BANKNIFTY23JAN2030700CE,CE,2020-01-23 12:13:00,2020-01-23 12:14:00,136.28987194061278,172.06875000000002,1,715.5775611877448,53.07854230054141,662.4990188872034,2020-01-23
BANKNIFTY23JAN2030700CE,CE,2020-01-23 12:20:00,2020-01-23 12:22:00,213.5325,210.37274391174319,2,-63.195121765136264,54.969864840811674,-118.16498660594795,2020-01-23
BANKNIFTY23JAN2030700CE,CE,2020-01-23 12:23:00,2020-01-23 12:29:00,209.6227561187744,214.4625,6,96.79487762451231,55.020769337917216,41.774108286595094,2020-01-23
BANKNIFTY23JAN2030700CE,CE,2020-01-23 12:48:00,2020-01-23 12:52:00,261.05099388122557,267.13048782348636,4,121.58987884521594,56.940768261206145,64.64911058400979,2020-01-23
BANKNIFTY23JAN2030700CE,CE,2020-01-23 13:10:00,2020-01-23 13:11:00,343.15573776245117,350.9204878234863,1,155.29500122070317,59.998879201288936,95.29612201941424,2020-01-23
BANKNIFTY23JAN2030700CE,CE,2020-01-23 13:12:00,2020-01-23 13:14:00,349.6719877624512,365.08500000000004,2,308.2602447509771,60.424366413165586,247.83587833781152,2020-01-23
BANKNIFTY23JAN2030700CE,CE,2020-01-23 13:17:00,2020-01-23 13:18:00,363.65687499999996,349.7733689117432,1,-277.67012176513504,60.22567506831167,-337.8957968334467,2020-01-23
BANKNIFTY23JAN2030700CE,CE,2020-01-23 13:19:00,2020-01-23 13:20:00,342.85499999999996,331.419375,1,-228.71249999999918,59.52080568775,-288.2333056877492,2020-01-23
BANKNIFTY23JAN2030700CE,CE,2020-01-23 13:22:00,2020-01-23 13:23:00,316.8902561187744,321.6438871765137,1,95.07262115478625,58.96045504004386,36.11216611474239,2020-01-23
BANKNIFTY23JAN2030700CE,CE,2020-01-23 13:25:00,2020-01-23 13:26:00,324.1583811187744,330.97048782348634,1,136.24213409423874,59.27760782129055,76.96452627294818,2020-01-23
BANKNIFTY23JAN2030700CE,CE,2020-01-23 13:32:00,2020-01-23 13:35:00,300.5494877624512,314.8110060882569,3,285.2303665161139,58.59124360385391,226.63912291226,2020-01-23
BANKNIFTY23JAN2030700CE,CE,2020-01-23 13:46:00,2020-01-23 13:50:00,295.38661888122556,314.21250000000003,4,376.5176223754895,58.51254436333279,318.00507801215673,2020-01-23
BANKNIFTY23JAN2030700CE,CE,2020-01-23 14:01:00,2020-01-23 14:03:00,271.72761276245114,288.27750000000003,2,330.99774475097774,57.58778176891559,273.40996298206215,2020-01-23
BANKNIFTY23JAN2030700CE,CE,2020-01-23 14:11:00,2020-01-23 14:12:00,288.5696311187744,287.18024391174316,1,-27.78774414062468,57.77033104997888,-85.55807519060356,2020-01-23
BANKNIFTY23JAN2030700CE,CE,2020-01-23 14:26:00,2020-01-23 14:28:00,306.765,314.21250000000003,2,148.95000000000095,58.65390481899999,90.29609518100096,2020-01-23
BANKNIFTY23JAN2030700CE,CE,2020-01-23 14:43:00,2020-01-23 14:48:00,320.59948776245113,319.49923782348634,5,-22.004998779295875,58.954371457288936,-80.95937023658482,2020-01-23
BANKNIFTY23JAN2030700CE,CE,2020-01-23 14:49:00,2020-01-23 14:50:00,310.775,319.69875,1,178.47500000000082,58.8371688055,119.63783119450082,2020-01-23
BANKNIFTY23JAN2030700CE,CE,2020-01-23 14:57:00,2020-01-23 15:00:00,291.0758811187744,325.78350608825684,3,694.1524993896485,58.74043800535552,635.412061384293,2020-01-23
BANKNIFTY23JAN2030700CE,CE,2020-01-23 15:04:00,2020-01-23 15:05:00,318.7448872375488,319.34961891174316,1,12.09463348388681,58.9276913716461,-46.83305788775929,2020-01-23
BANKNIFTY23JAN2030700CE,CE,2020-01-23 15:08:00,2020-01-23 15:09:00,317.8927561187744,318.00298782348636,1,2.2046340942392817,58.88434991954056,-56.67971582530128,2020-01-23
BANKNIFTY23JAN2030700CE,CE,2020-01-23 15:14:00,2020-01-23 15:15:00,307.1158811187744,305.3846189117432,1,-34.62524414062386,58.44353817722889,-93.06878231785275,2020-01-23
BANKNIFTY23JAN2030700CE,CE,2020-01-23 15:23:00,2020-01-23 15:24:00,300.8502561187744,301.59413108825686,1,14.877499389649529,58.27349824885553,-43.395998859206,2020-01-23
BANKNIFTY23JAN2030700PE,PE,2020-01-23 09:21:00,2020-01-23 09:22:00,58.49587347030639,64.1891234779358,1,113.86500015258804,49.48803989747363,64.37696025511441,2020-01-23
BANKNIFTY23JAN2030700PE,PE,2020-01-23 09:27:00,2020-01-23 09:37:00,51.1275,27.780375380516055,10,-466.9424923896788,48.51090634760552,-515.4533987372844,2020-01-23
BANKNIFTY23JAN2030700PE,PE,2020-01-23 09:38:00,2020-01-23 09:40:00,27.117624235153198,38.60325076103211,2,229.71253051757822,48.47586854665889,181.23666197091933,2020-01-23
BANKNIFTY23JAN2030700PE,PE,2020-01-23 09:41:00,2020-01-23 09:43:00,35.2378765296936,38.75287347793579,2,70.29993896484385,48.58039067618222,21.719548288661628,2020-01-23
BANKNIFTY23JAN2030700PE,PE,2020-01-23 09:44:00,2020-01-23 09:51:00,38.4960015296936,44.8875,7,127.82996940612804,48.770084519604296,79.05988488652375,2020-01-23
BANKNIFTY23JAN2030700PE,PE,2020-01-23 09:53:00,2020-01-23 09:55:00,38.445873470306395,37.456124238967895,2,-19.794984626770002,48.588703937184654,-68.38368856395465,2020-01-23
BANKNIFTY23JAN2030700PE,PE,2020-01-23 09:57:00,2020-01-23 10:03:00,38.4960015296936,35.910000000000004,6,-51.72003059387194,48.551719400604306,-100.27174999447624,2020-01-23
BANKNIFTY23JAN2030700PE,PE,2020-01-23 10:35:00,2020-01-23 10:36:00,41.2528765296936,46.98224847793579,1,114.58743896484378,48.855286655932225,65.73215230891157,2020-01-23
BANKNIFTY23JAN2030700PE,PE,2020-01-23 10:44:00,2020-01-23 10:45:00,40.20024847030639,49.475998477935796,1,185.5150001525881,48.90286620347363,136.61213394911448,2020-01-23
BANKNIFTY23JAN2030700PE,PE,2020-01-23 10:50:00,2020-01-23 10:52:00,44.3105007648468,46.73287347793579,2,48.4474542617798,48.88720765863007,-0.43975339685027137,2020-01-23
BANKNIFTY23JAN2030700PE,PE,2020-01-23 11:06:00,2020-01-23 11:08:00,47.5185015296936,54.712873477935794,2,143.88743896484385,49.12116490493222,94.76627405991164,2020-01-23
BANKNIFTY23JAN2030700PE,PE,2020-01-23 11:20:00,2020-01-23 11:23:00,44.360625,40.54837652206421,3,-76.24496955871578,48.73740115192207,-124.98237071063785,2020-01-23
BANKNIFTY23JAN2030700PE,PE,2020-01-23 11:37:00,2020-01-23 11:41:00,34.7867507648468,26.184375000000003,4,-172.04751529693596,48.26907494055216,-220.31659023748813,2020-01-23
BANKNIFTY23JAN2030700PE,PE,2020-01-23 11:51:00,2020-01-23 11:52:00,27.0675,27.730499238967898,1,13.259984779357978,48.21078136428896,-34.950796584930984,2020-01-23
BANKNIFTY23JAN2030700PE,PE,2020-01-23 11:53:00,2020-01-23 11:55:00,26.7667507648468,22.543500380516054,2,-84.46500768661494,48.08087849065767,-132.54588617727262,2020-01-23
BANKNIFTY23JAN2030700PE,PE,2020-01-23 12:14:00,2020-01-23 12:21:00,15.488624808788298,9.725625,7,-115.25999617576595,47.62898669142446,-162.8889828671904,2020-01-23
BANKNIFTY23JAN2030700PE,PE,2020-01-23 12:23:00,2020-01-23 12:24:00,9.3733753824234,9.875249619483949,1,10.03748474121096,47.556652688045546,-37.519167946834585,2020-01-23
BANKNIFTY23JAN2030700PE,PE,2020-01-23 12:27:00,2020-01-23 12:28:00,8.922249617576599,9.376499619483948,1,9.08500003814698,47.5389166864934,-38.45391664834642,2020-01-23
BANKNIFTY23JAN2030700PE,PE,2020-01-23 12:29:00,2020-01-23 12:31:00,8.922249617576599,9.127124619483949,2,4.097500038147004,47.532850988743405,-43.4353509505964,2020-01-23
BANKNIFTY23JAN2030700PE,PE,2020-01-23 12:33:00,2020-01-23 12:39:00,6.015,5.536125190258026,4,-9.577496194839465,47.40938644867776,-56.98688264351722,2020-01-23
BANKNIFTY23JAN2030700PE,PE,2020-01-23 12:41:00,2020-01-23 12:48:00,5.4636248087883,5.386500095129013,5,-1.542494273185735,47.39889696288834,-48.94139123607407,2020-01-23
BANKNIFTY30JAN2031100CE,CE,2020-01-24 09:17:00,2020-01-24 09:21:00,243.4571311187744,216.30788108825683,4,-542.9850006103516,55.486000390605525,-598.4710010009571,2020-01-24
BANKNIFTY30JAN2031100CE,CE,2020-01-24 09:27:00,2020-01-24 09:32:00,234.9358811187744,271.41975608825686,5,729.6774993896491,56.72065499185554,672.9568443977936,2020-01-24
BANKNIFTY30JAN2031100CE,CE,2020-01-24 09:52:00,2020-01-24 09:56:00,301.501875,307.4295121765137,4,118.55274353027426,58.42353117662664,60.12921235364762,2020-01-24
BANKNIFTY30JAN2031100CE,CE,2020-01-24 10:04:00,2020-01-24 10:05:00,305.91286888122556,306.58163108825687,1,13.375244140626137,58.45770807977112,-45.082463939144986,2020-01-24
BANKNIFTY30JAN2031100CE,CE,2020-01-24 10:27:00,2020-01-24 10:36:00,371.92749999999995,376.1572560882569,9,84.5951217651384,60.97017712318832,23.62494464195008,2020-01-24
BANKNIFTY30JAN2031100CE,CE,2020-01-24 11:10:00,2020-01-24 11:13:00,376.18812499999996,387.3791310882569,3,223.82012176513854,61.29606582268833,162.52405594245022,2020-01-24
BANKNIFTY30JAN2031100CE,CE,2020-01-24 11:18:00,2020-01-24 11:20:00,374.2833811187744,369.67350608825683,2,-92.19750061035143,60.84173750635552,-153.03923811670694,2020-01-24
BANKNIFTY30JAN2031100CE,CE,2020-01-24 11:21:00,2020-01-24 11:22:00,355.8875,363.6885060882569,1,156.02012176513767,60.467617691688325,95.55250407344934,2020-01-24
BANKNIFTY30JAN2031100CE,CE,2020-01-24 11:30:00,2020-01-24 11:35:00,362.0027561187744,364.7857621765137,5,55.66012115478543,60.57028040579385,-4.910159251008423,2020-01-24
BANKNIFTY30JAN2031100CE,CE,2020-01-24 11:54:00,2020-01-24 11:56:00,386.46375,396.0075,2,190.87499999999977,61.6335990715,129.2414009284998,2020-01-24
BANKNIFTY30JAN2031100CE,CE,2020-01-24 11:59:00,2020-01-24 12:02:00,373.7319877624511,363.09000000000003,3,-212.8397552490219,60.67475264716559,-273.51450789618747,2020-01-24
BANKNIFTY30JAN2031100CE,CE,2020-01-24 12:18:00,2020-01-24 12:22:00,368.4688627624511,374.9103810882569,4,128.8303665161152,60.89687990885392,67.93348660726127,2020-01-24
BANKNIFTY30JAN2031100CE,CE,2020-01-24 14:30:00,2020-01-24 14:39:00,404.759375,402.99,9,-35.38749999999936,62.030736135249995,-97.41823613524936,2020-01-24
BANKNIFTY30JAN2031100CE,CE,2020-01-24 14:43:00,2020-01-24 14:47:00,396.03761276245115,401.54361282348634,4,110.1200012207039,61.88719910678894,48.23280211391496,2020-01-24
BANKNIFTY30JAN2031100CE,CE,2020-01-24 14:50:00,2020-01-24 14:51:00,402.3533811187744,402.8902439117432,1,10.737255859376091,61.998418602478885,-51.261162743102794,2020-01-24
BANKNIFTY30JAN2031100PE,PE,2020-01-24 09:18:00,2020-01-24 09:20:00,338.093125,370.37173782348634,2,645.5722564697271,60.40910774987336,585.1631487198538,2020-01-24
BANKNIFTY30JAN2031100PE,PE,2020-01-24 09:21:00,2020-01-24 09:25:00,363.0052561187744,345.63375,4,-347.4301223754878,60.1168891814172,-407.54701155690503,2020-01-24
BANKNIFTY30JAN2031100PE,PE,2020-01-24 09:26:00,2020-01-24 09:27:00,351.9777561187744,325.3346189117432,1,-532.862744140624,59.486139987478886,-592.3488841281029,2020-01-24
BANKNIFTY30JAN2031100PE,PE,2020-01-24 09:33:00,2020-01-24 09:35:00,272.0283811187744,257.95350608825686,2,-281.4975006103509,56.85392969635553,-338.35143030670645,2020-01-24
BANKNIFTY30JAN2031100PE,PE,2020-01-24 09:36:00,2020-01-24 09:37:00,239.3970030593872,248.37750000000003,1,179.60993881225647,56.21560756620861,123.39433124604787,2020-01-24
BANKNIFTY30JAN2031100PE,PE,2020-01-24 09:38:00,2020-01-24 09:39:00,251.4771311187744,252.0682469558716,1,11.822316741943837,56.45545849782304,-44.6331417558792,2020-01-24
BANKNIFTY30JAN2031100PE,PE,2020-01-24 09:40:00,2020-01-24 09:43:00,249.9232530593872,238.00350608825684,3,-238.3949394226073,56.09404860739693,-294.48898803000424,2020-01-24
BANKNIFTY30JAN2031100PE,PE,2020-01-24 09:46:00,2020-01-24 09:49:00,248.01849388122557,246.93112804412843,3,-21.747316741942768,56.28753654667696,-78.03485328861973,2020-01-24
BANKNIFTY30JAN2031100PE,PE,2020-01-24 09:54:00,2020-01-24 10:03:00,247.31674694061277,238.50225608825684,9,-176.28981704711862,56.073797813479715,-232.36361486059832,2020-01-24
BANKNIFTY30JAN2031100PE,PE,2020-01-24 10:07:00,2020-01-24 10:17:00,238.04362194061278,192.5175,10,-910.5224388122554,54.8400774045414,-965.3625162167967,2020-01-24
BANKNIFTY30JAN2031100PE,PE,2020-01-24 10:20:00,2020-01-24 10:21:00,178.0440061187744,194.16336891174316,1,322.38725585937516,54.13469963447888,268.2525562248963,2020-01-24
BANKNIFTY30JAN2031100PE,PE,2020-01-24 10:24:00,2020-01-24 10:25:00,194.18424694061278,192.31800304412843,1,-37.32487792968698,54.290333589135564,-91.61521151882255,2020-01-24
BANKNIFTY30JAN2031100PE,PE,2020-01-24 10:34:00,2020-01-24 10:44:00,169.42249999999999,152.8169969558716,10,-332.11006088256795,53.021896878155836,-385.13195776072376,2020-01-24
BANKNIFTY30JAN2031100PE,PE,2020-01-24 10:47:00,2020-01-24 10:49:00,157.8436219406128,162.29324695587158,2,88.99250030517578,53.10854204319723,35.88395826197855,2020-01-24
BANKNIFTY30JAN2031100PE,PE,2020-01-24 10:56:00,2020-01-24 10:57:00,172.22950305938718,177.15600608825685,1,98.53006057739321,53.648782283896935,44.88127829349628,2020-01-24
BANKNIFTY30JAN2031100PE,PE,2020-01-24 11:01:00,2020-01-24 11:10:00,165.31224388122558,183.58987804412843,9,365.55268325805685,53.71933995067695,311.8333433073799,2020-01-24
BANKNIFTY30JAN2031100PE,PE,2020-01-24 11:13:00,2020-01-24 11:14:00,175.9888780593872,177.90413108825683,1,38.30506057739285,53.713684348396924,-15.408623771004073,2020-01-24
BANKNIFTY30JAN2031100PE,PE,2020-01-24 11:16:00,2020-01-24 11:18:00,181.65299694061278,183.88913108825685,2,44.722682952881314,53.92962984172972,-9.206946888848407,2020-01-24
BANKNIFTY30JAN2031100PE,PE,2020-01-24 11:20:00,2020-01-24 11:21:00,185.16174694061277,195.11100608825686,1,198.9851829528817,54.24617754697972,144.739005405902,2020-01-24
BANKNIFTY30JAN2031100PE,PE,2020-01-24 11:25:00,2020-01-24 11:30:00,194.1341188812256,192.36788108825684,5,-35.324755859375045,54.29092403177111,-89.61567989114616,2020-01-24
BANKNIFTY30JAN2031100PE,PE,2020-01-24 11:34:00,2020-01-24 11:44:00,195.5376280593872,178.7519969558716,10,-335.71262207031225,53.977173349114445,-389.6897954194267,2020-01-24
BANKNIFTY30JAN2031100PE,PE,2020-01-24 11:45:00,2020-01-24 11:50:00,171.42749999999998,172.5176219558716,5,21.802439117432186,53.52599631840584,-31.72355720097365,2020-01-24
BANKNIFTY30JAN2031100PE,PE,2020-01-24 11:56:00,2020-01-24 12:00:00,169.42249999999999,183.19086891174317,4,275.3673782348636,53.760698790061674,221.60667944480196,2020-01-24
BANKNIFTY30JAN2031100PE,PE,2020-01-24 12:05:00,2020-01-24 12:15:00,179.09661888122557,185.4851219558716,10,127.77006149292049,53.936690666738635,73.83337082618186,2020-01-24
BANKNIFTY30JAN2031100PE,PE,2020-01-24 12:23:00,2020-01-24 12:33:00,178.9963780593872,174.16350608825684,10,-96.65743942260747,53.66006285914692,-150.3175022817544,2020-01-24
BANKNIFTY30JAN2031100PE,PE,2020-01-24 12:34:00,2020-01-24 12:36:00,175.6379969406128,178.45274391174317,2,56.29493942260751,53.72266938060308,2.5722700420044333,2020-01-24
BANKNIFTY30JAN2031100PE,PE,2020-01-24 12:37:00,2020-01-24 12:38:00,175.6379969406128,177.15600608825685,1,30.36018295288102,53.691128048479726,-23.330945095598707,2020-01-24
BANKNIFTY30JAN2031100PE,PE,2020-01-24 12:41:00,2020-01-24 12:46:00,174.7858811187744,178.1036280441284,5,66.3549385070803,53.70359127976137,12.651347227318936,2020-01-24
BANKNIFTY30JAN2031100PE,PE,2020-01-24 12:47:00,2020-01-24 12:48:00,178.2445030593872,180.44774391174317,1,44.064817047119504,53.80357715202028,-9.738760104900777,2020-01-24
BANKNIFTY30JAN2031100PE,PE,2020-01-24 12:50:00,2020-01-24 13:00:00,181.201875,173.315625,10,-157.7249999999998,53.6668395505,-211.3918395504998,2020-01-24
BANKNIFTY30JAN2031100PE,PE,2020-01-24 13:01:00,2020-01-24 13:02:00,177.7933811187744,177.45524391174317,1,-6.762744140624477,53.72518422047889,-60.487928361103364,2020-01-24
BANKNIFTY30JAN2031100PE,PE,2020-01-24 13:03:00,2020-01-24 13:13:00,169.82349388122557,153.3157469558716,10,-330.1549385070797,53.03901006123863,-383.1939485683183,2020-01-24
BANKNIFTY30JAN2031100PE,PE,2020-01-24 13:14:00,2020-01-24 13:24:00,152.02911888122557,162.44288108825685,10,208.27524414062566,53.03994462377111,155.23529951685455,2020-01-24
BANKNIFTY30JAN2031100PE,PE,2020-01-24 13:25:00,2020-01-24 13:35:00,156.39,145.58512195587159,10,-216.09756088256802,52.68408107640584,-268.78164195897386,2020-01-24
BANKNIFTY30JAN2031100PE,PE,2020-01-24 13:36:00,2020-01-24 13:46:00,147.8186219406128,148.92675304412842,10,22.162622070312636,52.65887420188556,-30.496252131572923,2020-01-24
BANKNIFTY30JAN2031100PE,PE,2020-01-24 13:47:00,2020-01-24 13:57:00,151.12687499999998,150.67237804412844,10,-9.089939117430959,52.74243449884416,-61.83237361627512,2020-01-24
BANKNIFTY30JAN2031100PE,PE,2020-01-24 13:59:00,2020-01-24 14:09:00,149.4727561187744,133.914375,10,-311.1676223754881,52.31426942466721,-363.4818918001553,2020-01-24
BANKNIFTY30JAN2031100PE,PE,2020-01-24 14:10:00,2020-01-24 14:20:00,132.83124999999998,130.72237804412842,10,-42.17743911743128,52.02988115209416,-94.20732026952544,2020-01-24
BANKNIFTY30JAN2031100PE,PE,2020-01-24 14:21:00,2020-01-24 14:30:00,132.6808811187744,139.89937500000002,9,144.36987762451224,52.251230632417204,92.11864699209504,2020-01-24
BANKNIFTY30JAN2031100PE,PE,2020-01-24 14:32:00,2020-01-24 14:33:00,141.3525,151.71975608825684,1,207.34512176513704,52.646477578188325,154.6986441869487,2020-01-24
BANKNIFTY30JAN2031100PE,PE,2020-01-24 14:36:00,2020-01-24 14:37:00,147.46775611877442,148.5776219558716,1,22.197316741943496,52.646023060323046,-30.44870631837955,2020-01-24
BANKNIFTY30JAN2031100PE,PE,2020-01-24 14:38:00,2020-01-24 14:48:00,146.26474388122557,140.0988719558716,10,-123.31743850707937,52.424843593988626,-175.74228210106799,2020-01-24
BANKNIFTY30JAN2031100PE,PE,2020-01-24 14:49:00,2020-01-24 14:59:00,139.99911888122557,145.8344969558716,10,116.7075614929206,52.48651302348864,64.22104846943196,2020-01-24
BANKNIFTY30JAN2031100PE,PE,2020-01-24 15:00:00,2020-01-24 15:10:00,148.620625,150.6225,10,40.03750000000025,52.71008463775,-12.67258463774975,2020-01-24
BANKNIFTY30JAN2031100PE,PE,2020-01-24 15:11:00,2020-01-24 15:21:00,153.3825,151.37062500000002,10,-40.2374999999995,52.78744136125,-93.0249413612495,2020-01-24
BANKNIFTY30JAN2031100PE,PE,2020-01-24 15:22:00,2020-01-24 15:24:00,153.13187499999998,154.11375,2,19.637500000000614,52.85105037175,-33.213550371749385,2020-01-24
BANKNIFTY30JAN2031100CE,CE,2020-01-27 09:20:00,2020-01-27 09:22:00,205.3120030593872,194.61225608825686,2,-213.99493942260676,54.48438487339692,-268.4793242960037,2020-01-27
BANKNIFTY30JAN2031100CE,CE,2020-01-27 09:23:00,2020-01-27 09:29:00,202.45487194061278,205.33538108825684,6,57.610182952881246,54.709714022479716,2.90046893040153,2020-01-27
BANKNIFTY30JAN2031100CE,CE,2020-01-27 09:30:00,2020-01-27 09:38:00,194.5351280593872,251.07074695587158,8,1130.7123779296876,55.72377103761444,1074.9886068920732,2020-01-27
BANKNIFTY30JAN2031100CE,CE,2020-01-27 09:41:00,2020-01-27 09:51:00,239.6476280593872,254.5121189117432,10,297.28981704712,56.367937247520274,240.9218797995997,2020-01-27
BANKNIFTY30JAN2031100CE,CE,2020-01-27 09:52:00,2020-01-27 09:53:00,254.28411888122557,256.3575,1,41.467622375488986,56.594661466332795,-15.127039090843809,2020-01-27
BANKNIFTY30JAN2031100CE,CE,2020-01-27 09:54:00,2020-01-27 09:57:00,248.92075305938718,253.8138719558716,3,97.86237792968848,56.46615896361444,41.39621896607404,2020-01-27
BANKNIFTY30JAN2031100CE,CE,2020-01-27 09:58:00,2020-01-27 09:59:00,260.3492622375488,261.0457621765137,1,13.929998779296966,56.78404779521106,-42.85404901591409,2020-01-27
BANKNIFTY30JAN2031100CE,CE,2020-01-27 10:49:00,2020-01-27 10:51:00,248.56987194061279,254.76149391174317,2,123.83243942260776,56.48484933435307,67.34759008825469,2020-01-27
BANKNIFTY30JAN2031100CE,CE,2020-01-27 11:22:00,2020-01-27 11:26:00,243.10625,241.49475608825685,4,-32.22987823486278,56.09427665668833,-88.3241548915511,2020-01-27
BANKNIFTY30JAN2031100CE,CE,2020-01-27 11:34:00,2020-01-27 11:37:00,237.5925,247.42987804412843,3,196.74756088256856,56.17013956459416,140.5774213179744,2020-01-27
BANKNIFTY30JAN2031100CE,CE,2020-01-27 11:41:00,2020-01-27 11:45:00,249.371875,258.3525,4,179.61250000000064,56.58215929525,123.03034070475064,2020-01-27
BANKNIFTY30JAN2031100CE,CE,2020-01-27 12:05:00,2020-01-27 12:13:00,251.7277561187744,244.38750000000002,8,-146.80512237548783,56.27174874591721,-203.07687112140502,2020-01-27
BANKNIFTY30JAN2031100CE,CE,2020-01-27 12:23:00,2020-01-27 12:28:00,247.1663780593872,251.12062500000002,5,79.08493881225638,56.3788538487086,22.70608496354778,2020-01-27
BANKNIFTY30JAN2031100CE,CE,2020-01-27 12:34:00,2020-01-27 12:36:00,254.18387805938718,257.355,2,63.4224388122567,56.61767890545861,6.80475990679809,2020-01-27
BANKNIFTY30JAN2031100CE,CE,2020-01-27 12:44:00,2020-01-27 12:48:00,246.9658811187744,245.8338719558716,4,-22.640183258056368,56.24777008857304,-78.88795334662942,2020-01-27
BANKNIFTY30JAN2031100CE,CE,2020-01-27 12:52:00,2020-01-27 12:55:00,237.4421311187744,226.8813719558716,3,-211.21518325805596,55.66845779907304,-266.883641057129,2020-01-27
BANKNIFTY30JAN2031100CE,CE,2020-01-27 12:57:00,2020-01-27 13:02:00,232.78049694061278,212.26800304412842,5,-410.24987792968716,55.255093780635555,-465.5049717103227,2020-01-27
BANKNIFTY30JAN2031100CE,CE,2020-01-27 13:16:00,2020-01-27 13:21:00,198.0438780593872,188.82675304412842,5,-184.34250030517546,54.25336433380276,-238.5958646389782,2020-01-27
BANKNIFTY30JAN2031100CE,CE,2020-01-27 13:37:00,2020-01-27 13:38:00,195.5376280593872,195.16086891174317,1,-7.535182952880746,54.37629618702027,-61.91147913990102,2020-01-27
BANKNIFTY30JAN2031100CE,CE,2020-01-27 13:39:00,2020-01-27 13:44:00,191.4775,177.90413108825683,5,-271.4673782348632,53.90610879193832,-325.3734870268015,2020-01-27
BANKNIFTY30JAN2031100CE,CE,2020-01-27 13:47:00,2020-01-27 13:48:00,163.85862194061278,166.333125,1,49.490061187744345,53.2815343747914,-3.7914731870470533,2020-01-27
BANKNIFTY30JAN2031100CE,CE,2020-01-27 14:15:00,2020-01-27 14:17:00,177.99387805938719,186.58237804412843,2,171.76999969482495,53.94967987405277,117.82031982077217,2020-01-27
BANKNIFTY30JAN2031100CE,CE,2020-01-27 14:23:00,2020-01-27 14:27:00,181.85349388122557,183.7394969558716,4,37.720061492920536,53.928481094738636,-16.2084196018181,2020-01-27
BANKNIFTY30JAN2031100CE,CE,2020-01-27 14:29:00,2020-01-27 14:39:00,174.93625,147.879375,10,-541.1374999999998,52.97029676125,-594.1077967612498,2020-01-27
BANKNIFTY30JAN2031100CE,CE,2020-01-27 14:40:00,2020-01-27 14:44:00,142.355,145.98413108825685,4,72.5826217651371,52.519421188938324,20.06320057619878,2020-01-27
BANKNIFTY30JAN2031100CE,CE,2020-01-27 14:45:00,2020-01-27 14:51:00,137.6432530593872,141.74475608825685,6,82.03006057739287,52.35776746789693,29.672293109495946,2020-01-27
BANKNIFTY30JAN2031100CE,CE,2020-01-27 14:58:00,2020-01-27 15:03:00,137.84375,143.54024391174318,5,113.92987823486351,52.403931089311676,61.52594714555183,2020-01-27
BANKNIFTY30JAN2031100CE,CE,2020-01-27 15:08:00,2020-01-27 15:11:00,141.70338111877442,143.49038108825684,3,35.73999938964846,52.450668759105525,-16.710669369457065,2020-01-27
BANKNIFTY30JAN2031100CE,CE,2020-01-27 15:16:00,2020-01-27 15:18:00,138.59562499999998,139.35074695587159,2,15.102439117432027,52.31136843540583,-37.208929317973805,2020-01-27
BANKNIFTY30JAN2031100CE,CE,2020-01-27 15:20:00,2020-01-27 15:24:00,136.84125,137.15625,4,6.2999999999999545,52.236194716,-45.936194716000045,2020-01-27
BANKNIFTY30JAN2031100PE,PE,2020-01-27 09:17:00,2020-01-27 09:20:00,263.1061372375488,297.85350608825684,3,694.9473770141606,57.71359494727273,637.2337820668878,2020-01-27
BANKNIFTY30JAN2031100PE,PE,2020-01-27 09:23:00,2020-01-27 09:24:00,302.9555122375488,327.18,1,484.4897552490238,58.92199354983442,425.56776169918936,2020-01-27
BANKNIFTY30JAN2031100PE,PE,2020-01-27 09:31:00,2020-01-27 09:32:00,310.7248872375488,302.09288108825683,1,-172.64012298583907,58.408308111522736,-231.0484310973618,2020-01-27
BANKNIFTY30JAN2031100PE,PE,2020-01-27 09:53:00,2020-01-27 09:54:00,248.870625,258.20288108825685,1,186.6451217651371,56.572292695188324,130.0728290699488,2020-01-27
BANKNIFTY30JAN2031100PE,PE,2020-01-27 09:56:00,2020-01-27 10:06:00,256.08862194061277,222.49237804412843,10,-671.9248779296868,55.79335821013555,-727.7182361398224,2020-01-27
BANKNIFTY30JAN2031100PE,PE,2020-01-27 10:07:00,2020-01-27 10:17:00,222.5048719406128,202.84163108825686,10,-393.2648170471185,54.898150224979716,-448.16296727209823,2020-01-27
BANKNIFTY30JAN2031100PE,PE,2020-01-27 10:18:00,2020-01-27 10:28:00,204.25937499999998,202.4925,10,-35.33749999999941,54.662983344249994,-90.0004833442494,2020-01-27
BANKNIFTY30JAN2031100PE,PE,2020-01-27 10:29:00,2020-01-27 10:39:00,195.18674694061278,220.39762195587159,10,504.21750030517615,54.98578566669724,449.23171463847893,2020-01-27
BANKNIFTY30JAN2031100PE,PE,2020-01-27 10:40:00,2020-01-27 10:49:00,220.9008811187744,229.77413108825684,9,177.4649993896486,55.53331824160553,121.93168114804307,2020-01-27
BANKNIFTY30JAN2031100PE,PE,2020-01-27 10:51:00,2020-01-27 11:01:00,227.06625,216.20812500000002,10,-217.16249999999945,55.279940212750006,-272.4424402127495,2020-01-27
BANKNIFTY30JAN2031100PE,PE,2020-01-27 11:03:00,2020-01-27 11:13:00,224.45974388122556,239.00100608825684,10,290.8252441406256,55.80196294577112,235.0232811948545,2020-01-27
BANKNIFTY30JAN2031100PE,PE,2020-01-27 11:14:00,2020-01-27 11:23:00,234.6852561187744,236.3576219558716,9,33.447316741944064,55.86470400132305,-22.417387259378984,2020-01-27
BANKNIFTY30JAN2031100PE,PE,2020-01-27 11:28:00,2020-01-27 11:38:00,241.6025,237.55461891174318,10,-80.95762176513631,55.979756347561676,-136.93737811269798,2020-01-27
BANKNIFTY30JAN2031100PE,PE,2020-01-27 11:45:00,2020-01-27 11:48:00,225.46224388122556,224.4375,3,-20.49487762451122,55.460180708082795,-75.955058332594,2020-01-27
BANKNIFTY30JAN2031100PE,PE,2020-01-27 11:49:00,2020-01-27 11:59:00,223.0061219406128,215.46,10,-150.92243881225556,55.211301712541385,-206.13374052479696,2020-01-27
BANKNIFTY30JAN2031100PE,PE,2020-01-27 12:00:00,2020-01-27 12:04:00,215.18661888122557,224.4375,4,185.0176223754886,55.33252045333279,129.6851019221558,2020-01-27
BANKNIFTY30JAN2031100PE,PE,2020-01-27 12:17:00,2020-01-27 12:25:00,222.45474388122557,227.57961891174318,8,102.49750061035229,55.49924437464447,46.99825623570782,2020-01-27
BANKNIFTY30JAN2031100PE,PE,2020-01-27 12:28:00,2020-01-27 12:30:00,222.805625,215.6594969558716,2,-142.92256088256806,55.21366330290584,-198.1362241854739,2020-01-27
BANKNIFTY30JAN2031100PE,PE,2020-01-27 12:31:00,2020-01-27 12:41:00,214.535,218.701875,10,83.33750000000009,55.184913952749994,28.152586047250097,2020-01-27
BANKNIFTY30JAN2031100PE,PE,2020-01-27 12:42:00,2020-01-27 12:44:00,222.304375,226.53225608825684,2,84.55762176513701,55.47190061743833,29.085721147698685,2020-01-27
BANKNIFTY30JAN2031100PE,PE,2020-01-27 12:48:00,2020-01-27 12:49:00,228.4196311187744,237.70425304412842,1,185.69243850708062,55.81961729851137,129.87282120856926,2020-01-27
BANKNIFTY30JAN2031100PE,PE,2020-01-27 12:55:00,2020-01-27 12:56:00,244.60999999999999,242.5919969558716,1,-40.360060882567836,56.13964749315583,-96.49970837572366,2020-01-27
BANKNIFTY30JAN2031100PE,PE,2020-01-27 12:57:00,2020-01-27 13:00:00,242.75536888122556,272.2676371765137,3,590.2453659057625,56.83842470045944,533.406941205303,2020-01-27
BANKNIFTY30JAN2031100PE,PE,2020-01-27 13:01:00,2020-01-27 13:04:00,264.9607377624512,260.0482621765137,3,-98.24951171875,56.81707613154224,-155.06658785029225,2020-01-27
BANKNIFTY30JAN2031100PE,PE,2020-01-27 13:06:00,2020-01-27 13:14:00,256.3392469406128,277.305,8,419.3150611877445,57.1297121662914,362.18534902145313,2020-01-27
BANKNIFTY30JAN2031100PE,PE,2020-01-27 13:21:00,2020-01-27 13:29:00,281.20124999999996,279.3,8,-38.024999999998954,57.4871133295,-95.51211332949896,2020-01-27
BANKNIFTY30JAN2031100PE,PE,2020-01-27 13:31:00,2020-01-27 13:39:00,277.14113723754883,281.1952439117432,8,81.08213348388745,57.48277126739609,23.599362216491357,2020-01-27
BANKNIFTY30JAN2031100PE,PE,2020-01-27 13:45:00,2020-01-27 13:47:00,292.37911888122557,320.0478810882569,2,553.3752441406261,58.61711786177112,494.758126278855,2020-01-27
BANKNIFTY30JAN2031100PE,PE,2020-01-27 13:51:00,2020-01-27 13:54:00,310.6246311187744,295.50937500000003,3,-302.3051223754874,58.24692800091721,-360.55205037640457,2020-01-27
BANKNIFTY30JAN2031100PE,PE,2020-01-27 13:58:00,2020-01-27 13:59:00,268.46948776245114,276.85611282348634,1,167.73250122070408,57.26949487403894,110.46300634666514,2020-01-27
BANKNIFTY30JAN2031100PE,PE,2020-01-27 14:06:00,2020-01-27 14:08:00,292.72999999999996,296.80611282348633,2,81.52225646972738,58.05615359387335,23.466102875854034,2020-01-27
BANKNIFTY30JAN2031100PE,PE,2020-01-27 14:17:00,2020-01-27 14:22:00,287.46687499999996,289.27500000000003,5,36.1625000000015,57.80758285825001,-21.645082858248507,2020-01-27
BANKNIFTY30JAN2031100PE,PE,2020-01-27 14:24:00,2020-01-27 14:25:00,284.86036888122555,284.2875,1,-11.457377624510627,57.6538867138328,-69.11126433834343,2020-01-27
BANKNIFTY30JAN2031100PE,PE,2020-01-27 14:26:00,2020-01-27 14:27:00,286.21375,288.32736282348634,1,42.2722564697267,57.76896458687335,-15.496708117146653,2020-01-27
BANKNIFTY30JAN2031100PE,PE,2020-01-27 14:31:00,2020-01-27 14:32:00,296.53948776245113,304.3372560882569,1,155.95536651611496,58.28666566235391,97.66870085376105,2020-01-27
BANKNIFTY30JAN2031100PE,PE,2020-01-27 14:44:00,2020-01-27 14:45:00,340.9502561187744,357.354375,1,328.082377624512,60.1279744776672,267.9544031468448,2020-01-27
BANKNIFTY30JAN2031100PE,PE,2020-01-27 14:50:00,2020-01-27 14:57:00,348.8198872375488,344.23725608825686,7,-91.65262298583912,59.90668807327274,-151.55931105911185,2020-01-27
BANKNIFTY30JAN2031100PE,PE,2020-01-27 15:02:00,2020-01-27 15:07:00,348.51911888122555,341.64375,5,-137.5073776245108,59.83986804283279,-197.3472456673436,2020-01-27
BANKNIFTY30JAN2031100PE,PE,2020-01-27 15:09:00,2020-01-27 15:10:00,343.85749999999996,347.878125,1,80.41250000000105,59.93359639824999,20.478903601751057,2020-01-27
BANKNIFTY30JAN2030900CE,CE,2020-01-28 09:20:00,2020-01-28 09:30:00,192.12911888122557,268.52701217651367,10,1527.957865905762,56.118478954709445,1471.8393869510526,2020-01-28
BANKNIFTY30JAN2030900CE,CE,2020-01-28 09:31:00,2020-01-28 09:36:00,281.50198776245117,270.42225608825686,5,-221.59463348388613,57.27491088335391,-278.86954436724005,2020-01-28
BANKNIFTY30JAN2030900CE,CE,2020-01-28 09:37:00,2020-01-28 09:43:00,254.13375,271.070625,6,338.7375000000003,56.950669510750004,281.7868304892503,2020-01-28
BANKNIFTY30JAN2030900CE,CE,2020-01-28 09:50:00,2020-01-28 09:59:00,293.38161888122556,265.63423782348633,9,-554.9476211547847,57.30603682745614,-612.2536579822408,2020-01-28
BANKNIFTY30JAN2030900CE,CE,2020-01-28 10:01:00,2020-01-28 10:06:00,258.9958811187744,242.8413719558716,5,-323.0901832580554,56.32443762357305,-379.4146208816284,2020-01-28
BANKNIFTY30JAN2030900CE,CE,2020-01-28 10:11:00,2020-01-28 10:16:00,210.5751280593872,224.98612804412844,5,288.21999969482476,55.28857374505277,232.931425949772,2020-01-28
BANKNIFTY30JAN2030900CE,CE,2020-01-28 10:18:00,2020-01-28 10:26:00,213.48237194061278,196.00875000000002,8,-349.4724388122552,54.6198580275414,-404.0922968397966,2020-01-28
BANKNIFTY30JAN2030900CE,CE,2020-01-28 10:40:00,2020-01-28 10:41:00,205.8132530593872,198.5025,1,-146.2150611877439,54.58523693970861,-200.80029812745252,2020-01-28
BANKNIFTY30JAN2030900CE,CE,2020-01-28 10:44:00,2020-01-28 10:53:00,210.3746311187744,230.1232469558716,9,394.9723167419438,55.41103607682305,339.56128066512076,2020-01-28
BANKNIFTY30JAN2030900CE,CE,2020-01-28 11:01:00,2020-01-28 11:02:00,238.74536888122557,230.6219969558716,1,-162.46743850707958,55.77563416998862,-218.2430726770682,2020-01-28
BANKNIFTY30JAN2030900CE,CE,2020-01-28 11:25:00,2020-01-28 11:33:00,229.32187499999998,234.56211891174317,8,104.80487823486385,55.75439840181168,49.05047983305217,2020-01-28
BANKNIFTY30JAN2030900CE,CE,2020-01-28 11:37:00,2020-01-28 11:47:00,239.09625,222.54225608825683,10,-331.07987823486326,55.583464991688324,-386.6633432265516,2020-01-28
BANKNIFTY30JAN2030900CE,CE,2020-01-28 11:48:00,2020-01-28 11:58:00,226.31437499999998,226.23300304412842,10,-1.6274391174312086,55.514440342094154,-57.14187945952536,2020-01-28
BANKNIFTY30JAN2030900CE,CE,2020-01-28 12:00:00,2020-01-28 12:10:00,226.7654969406128,242.24288108825684,10,309.5476829528809,55.90946277022972,253.6382201826512,2020-01-28
BANKNIFTY30JAN2030900CE,CE,2020-01-28 12:17:00,2020-01-28 12:23:00,242.75536888122556,237.8538719558716,6,-98.02993850707935,56.00135804073862,-154.031296547818,2020-01-28
BANKNIFTY30JAN2030900CE,CE,2020-01-28 12:24:00,2020-01-28 12:34:00,236.03862194061279,230.27288108825684,10,-115.31481704711894,55.73351487397972,-171.04833192109865,2020-01-28
BANKNIFTY30JAN2030900CE,CE,2020-01-28 12:35:00,2020-01-28 12:41:00,228.06875,205.485,6,-451.6749999999996,55.03156986850001,-506.7065698684996,2020-01-28
BANKNIFTY30JAN2030900CE,CE,2020-01-28 12:42:00,2020-01-28 12:52:00,208.41974388122557,228.07836891174318,10,393.17250061035224,55.33701054414447,337.8354900662078,2020-01-28
BANKNIFTY30JAN2030900CE,CE,2020-01-28 12:53:00,2020-01-28 12:55:00,233.2316188812256,229.67437500000003,2,-71.1448776245112,55.68408396808279,-126.82896159259398,2020-01-28
BANKNIFTY30JAN2030900CE,CE,2020-01-28 12:58:00,2020-01-28 13:03:00,230.72536888122556,230.6219969558716,5,-2.0674385070793733,55.675996897988625,-57.743435405068,2020-01-28
BANKNIFTY30JAN2030900CE,CE,2020-01-28 13:06:00,2020-01-28 13:08:00,231.828125,229.32524391174317,2,-50.05762176513656,55.658155396561675,-105.71577716169824,2020-01-28
BANKNIFTY30JAN2030900CE,CE,2020-01-28 13:29:00,2020-01-28 13:31:00,267.66749999999996,250.87125,2,-335.92499999999916,56.627485889499994,-392.55248588949917,2020-01-28
BANKNIFTY30JAN2030900CE,CE,2020-01-28 14:14:00,2020-01-28 14:16:00,198.19424694061277,206.28300304412844,2,161.77512207031327,54.67983129913555,107.09529077117773,2020-01-28
BANKNIFTY30JAN2030900CE,CE,2020-01-28 14:19:00,2020-01-28 14:20:00,175.3372438812256,180.44774391174317,1,102.2100006103517,53.76745852689447,48.44254208345723,2020-01-28
BANKNIFTY30JAN2030900CE,CE,2020-01-28 14:36:00,2020-01-28 14:38:00,158.79599388122557,149.42550304412842,2,-187.40981674194302,52.80738407542696,-240.21720081736999,2020-01-28
BANKNIFTY30JAN2030900CE,CE,2020-01-28 14:44:00,2020-01-28 14:54:00,146.66575305938719,120.64762195587159,10,-520.362622070312,51.956701147114444,-572.3193232174265,2020-01-28
BANKNIFTY30JAN2030900CE,CE,2020-01-28 14:55:00,2020-01-28 14:59:00,115.2875,126.08400152206421,4,215.93003044128437,51.69910260442208,164.2309278368623,2020-01-28
BANKNIFTY30JAN2030900CE,CE,2020-01-28 15:01:00,2020-01-28 15:02:00,123.00674694061279,124.8869969558716,1,37.60500030517619,51.76588798044724,-14.160887675271049,2020-01-28
BANKNIFTY30JAN2030900CE,CE,2020-01-28 15:09:00,2020-01-28 15:12:00,128.6207530593872,140.74725608825685,3,242.530060577393,52.22141274589692,190.30864783149607,2020-01-28
BANKNIFTY30JAN2030900CE,CE,2020-01-28 15:16:00,2020-01-28 15:17:00,146.96650611877442,146.28336891174317,1,-13.662744140625023,52.58399123747889,-66.24673537810392,2020-01-28
BANKNIFTY30JAN2030900PE,PE,2020-01-28 09:15:00,2020-01-28 09:17:00,214.6352561187744,224.8863719558716,2,205.02231674194377,55.33658872482304,149.68572801712074,2020-01-28
BANKNIFTY30JAN2030900PE,PE,2020-01-28 09:18:00,2020-01-28 09:20:00,228.06875,282.39225608825683,2,1086.4701217651368,56.90223120268833,1029.5678905624484,2020-01-28
BANKNIFTY30JAN2030900PE,PE,2020-01-28 09:48:00,2020-01-28 09:53:00,166.6154969406128,165.68475608825685,5,-18.614817047118777,53.30001402097972,-71.9148310680985,2020-01-28
BANKNIFTY30JAN2030900PE,PE,2020-01-28 10:17:00,2020-01-28 10:18:00,204.8107530593872,217.1557469558716,1,246.89987792968793,55.02649639836444,191.8733815313235,2020-01-28
BANKNIFTY30JAN2030900PE,PE,2020-01-28 10:24:00,2020-01-28 10:34:00,227.6677561187744,245.38500000000002,10,354.34487762451226,55.9970997209172,298.34777790359504,2020-01-28
BANKNIFTY30JAN2030900PE,PE,2020-01-28 10:35:00,2020-01-28 10:40:00,213.18161888122557,213.31538108825686,5,2.6752441406256366,55.03708116377111,-52.361837023145476,2020-01-28
BANKNIFTY30JAN2030900PE,PE,2020-01-28 10:46:00,2020-01-28 10:48:00,199.2970030593872,198.85163108825685,2,-8.907439422607126,54.512773781146926,-63.42021320375405,2020-01-28
BANKNIFTY30JAN2030900PE,PE,2020-01-28 10:53:00,2020-01-28 10:59:00,186.16424694061277,177.0063719558716,6,-183.1574996948234,53.81826232719723,-236.97576202202063,2020-01-28
BANKNIFTY30JAN2030900PE,PE,2020-01-28 11:00:00,2020-01-28 11:01:00,175.2370030593872,181.49512195587158,1,125.16237792968752,53.79168917961444,71.37068875007309,2020-01-28
BANKNIFTY30JAN2030900PE,PE,2020-01-28 11:02:00,2020-01-28 11:12:00,191.2770030593872,201.14586891174318,10,197.37731704711962,54.46894063227028,142.90837641484933,2020-01-28
BANKNIFTY30JAN2030900PE,PE,2020-01-28 11:13:00,2020-01-28 11:15:00,203.3070030593872,195.85913108825685,2,-148.95743942260708,54.489804044146936,-203.447243466754,2020-01-28
BANKNIFTY30JAN2030900PE,PE,2020-01-28 11:16:00,2020-01-28 11:25:00,196.239375,189.37538108825686,9,-137.27987823486274,54.244290518688324,-191.52416875355107,2020-01-28
BANKNIFTY30JAN2030900PE,PE,2020-01-28 11:54:00,2020-01-28 11:57:00,191.97875,193.11600608825685,3,22.74512176513724,54.28234368418832,-31.537221919051078,2020-01-28
BANKNIFTY30JAN2030900PE,PE,2020-01-28 11:58:00,2020-01-28 12:00:00,194.68549694061278,192.91649391174317,2,-35.3800605773921,54.31111837110307,-89.69117894849518,2020-01-28
BANKNIFTY30JAN2030900PE,PE,2020-01-28 12:01:00,2020-01-28 12:04:00,197.29200305938718,194.31300304412844,3,-59.58000030517496,54.37746869005277,-113.95746899522774,2020-01-28
BANKNIFTY30JAN2030900PE,PE,2020-01-28 12:09:00,2020-01-28 12:10:00,182.2545030593872,180.2482469558716,1,-40.12512207031193,53.848543303864446,-93.97366537417638,2020-01-28
BANKNIFTY30JAN2030900PE,PE,2020-01-28 12:12:00,2020-01-28 12:17:00,179.0465061187744,177.30562500000002,5,-34.817622375487645,53.737113273667205,-88.55473564915485,2020-01-28
BANKNIFTY30JAN2030900PE,PE,2020-01-28 12:23:00,2020-01-28 12:24:00,180.09911888122556,182.7419969558716,1,52.857561492920695,53.882422650488635,-1.0248611575679405,2020-01-28
BANKNIFTY30JAN2030900PE,PE,2020-01-28 12:31:00,2020-01-28 12:33:00,178.7457530593872,188.22824695587158,2,189.6498779296877,53.99905432536444,135.65082360432325,2020-01-28
BANKNIFTY30JAN2030900PE,PE,2020-01-28 12:44:00,2020-01-28 12:46:00,206.71549694061278,205.53487804412842,2,-23.612377929687227,54.76749880738556,-78.37987673707278,2020-01-28
BANKNIFTY30JAN2030900PE,PE,2020-01-28 12:54:00,2020-01-28 13:04:00,180.700625,182.04375000000002,10,26.862500000000296,53.872911642249996,-27.0104116422497,2020-01-28
BANKNIFTY30JAN2030900PE,PE,2020-01-28 13:05:00,2020-01-28 13:07:00,182.35474388122557,181.09612804412842,2,-25.172316741943064,53.87041217617696,-79.04272891812002,2020-01-28
BANKNIFTY30JAN2030900PE,PE,2020-01-28 13:09:00,2020-01-28 13:19:00,155.3373719406128,140.24850608825685,10,-301.777317047119,52.541197936729716,-354.31851498384873,2020-01-28
BANKNIFTY30JAN2030900PE,PE,2020-01-28 13:20:00,2020-01-28 13:29:00,144.610625,145.884375,9,25.475000000000136,52.54501774450001,-27.07001774449987,2020-01-28
BANKNIFTY30JAN2030900PE,PE,2020-01-28 13:32:00,2020-01-28 13:42:00,155.3875,162.94163108825686,10,151.08262176513733,53.09379920293832,97.988822562199,2020-01-28
BANKNIFTY30JAN2030900PE,PE,2020-01-28 13:44:00,2020-01-28 13:54:00,159.146875,166.13362804412841,10,139.7350608825684,53.218145031344164,86.51691585122424,2020-01-28
BANKNIFTY30JAN2030900PE,PE,2020-01-28 13:55:00,2020-01-28 14:05:00,175.08661888122558,191.12100608825685,10,320.68774414062545,54.02395702202112,266.6637871186043,2020-01-28
BANKNIFTY30JAN2030900PE,PE,2020-01-28 14:06:00,2020-01-28 14:16:00,199.64786888122558,194.51250000000002,10,-102.7073776245112,54.411589508832805,-157.118967133344,2020-01-28
BANKNIFTY30JAN2030900PE,PE,2020-01-28 14:17:00,2020-01-28 14:21:00,204.00875,219.49987804412842,4,309.8225608825686,55.073550340094165,254.74901054247445,2020-01-28
BANKNIFTY30JAN2030900PE,PE,2020-01-28 14:22:00,2020-01-28 14:28:00,225.5625,208.228125,6,-346.6874999999999,55.06715589625,-401.7546558962499,2020-01-28
BANKNIFTY30JAN2030900PE,PE,2020-01-28 14:33:00,2020-01-28 14:36:00,231.9283811187744,237.90375,3,119.50737762451183,55.868061089167206,63.639316535344626,2020-01-28
BANKNIFTY30JAN2030900PE,PE,2020-01-28 14:38:00,2020-01-28 14:41:00,255.4370030593872,263.19038108825686,3,155.06756057739324,56.77518470464693,98.2923758727463,2020-01-28
BANKNIFTY30JAN2030900PE,PE,2020-01-28 14:42:00,2020-01-28 14:44:00,265.411875,258.25274391174315,2,-143.18262176513713,56.779007412061674,-199.9616291771988,2020-01-28
BANKNIFTY30JAN2030900PE,PE,2020-01-28 14:59:00,2020-01-28 15:00:00,297.1911372375488,311.81850608825687,1,292.5473770141616,58.47673242727274,234.07064458688887,2020-01-28
BANKNIFTY30JAN2030900PE,PE,2020-01-28 15:10:00,2020-01-28 15:20:00,283.7075,252.3675,10,-626.7999999999995,56.86315462000002,-683.6631546199995,2020-01-28
BANKNIFTY30JAN2030900PE,PE,2020-01-28 15:21:00,2020-01-28 15:24:00,249.02099388122556,245.93362804412843,3,-61.74731674194277,56.27572841467696,-118.02304515661973,2020-01-28
BANKNIFTY30JAN2030900CE,CE,2020-01-29 10:21:00,2020-01-29 10:22:00,198.94612194061278,198.00375,1,-18.847438812255746,54.487791054041395,-73.33522986629714,2020-01-29
BANKNIFTY30JAN2030900CE,CE,2020-01-29 11:29:00,2020-01-29 11:30:00,225.71286888122557,235.6094969558716,1,197.93256149292063,55.735037557988626,142.197523934932,2020-01-29
BANKNIFTY30JAN2030900CE,CE,2020-01-29 11:53:00,2020-01-29 11:55:00,242.605,246.38250000000002,2,75.55000000000064,56.206936855,19.343063145000635,2020-01-29
BANKNIFTY30JAN2030900CE,CE,2020-01-29 11:56:00,2020-01-29 11:58:00,244.860625,245.38500000000002,2,10.48750000000041,56.210697046750006,-45.7231970467496,2020-01-29
BANKNIFTY30JAN2030900CE,CE,2020-01-29 12:25:00,2020-01-29 12:27:00,221.9033811187744,226.03350608825684,2,82.60249938964876,55.454787434355524,27.147711955293232,2020-01-29
BANKNIFTY30JAN2030900CE,CE,2020-01-29 12:28:00,2020-01-29 12:30:00,222.0036219406128,212.71687500000002,2,-185.73493881225545,55.1321243782914,-240.86706319054684,2020-01-29
BANKNIFTY30JAN2030900CE,CE,2020-01-29 12:31:00,2020-01-29 12:32:00,199.3471311187744,205.08600608825685,1,114.77749938964905,54.66503899585553,60.11246039379352,2020-01-29
BANKNIFTY30JAN2030900CE,CE,2020-01-29 13:03:00,2020-01-29 13:09:00,221.803125,214.4625,6,-146.81249999999977,55.172093368750005,-201.98459336874978,2020-01-29
BANKNIFTY30JAN2030900CE,CE,2020-01-29 13:31:00,2020-01-29 13:33:00,191.97875,189.32550304412842,2,-53.06493911743132,54.19014500434417,-107.2550841217755,2020-01-29
BANKNIFTY30JAN2030900CE,CE,2020-01-29 13:36:00,2020-01-29 13:39:00,163.15687499999999,167.829375,3,93.45000000000027,53.30921033800001,40.140789662000266,2020-01-29
BANKNIFTY30JAN2030900CE,CE,2020-01-29 13:40:00,2020-01-29 13:41:00,162.405,168.17850608825685,1,115.47012176513704,53.308361468688325,62.16176029644871,2020-01-29
BANKNIFTY30JAN2030900CE,CE,2020-01-29 14:20:00,2020-01-29 14:22:00,224.56,223.8888719558716,2,-13.422560882568177,55.435626981905834,-68.85818786447402,2020-01-29
BANKNIFTY30JAN2030900CE,CE,2020-01-29 14:24:00,2020-01-29 14:25:00,215.7379969406128,220.1482469558716,1,88.20500030517621,55.23504047844724,32.969959826728974,2020-01-29
BANKNIFTY30JAN2030900CE,CE,2020-01-29 14:37:00,2020-01-29 14:40:00,172.93124999999998,158.45288108825685,3,-289.56737823486264,53.20257317593831,-342.76995141080096,2020-01-29
BANKNIFTY30JAN2030900CE,CE,2020-01-29 14:42:00,2020-01-29 14:52:00,151.4276280593872,157.60500000000002,10,123.54743881225659,52.9147972579586,70.63264155429799,2020-01-29
BANKNIFTY30JAN2030900CE,CE,2020-01-29 14:54:00,2020-01-29 14:55:00,153.33237194061277,156.45788108825684,1,62.51018295288134,52.91055897247973,9.59962398040161,2020-01-29
BANKNIFTY30JAN2030900CE,CE,2020-01-29 14:56:00,2020-01-29 14:58:00,153.63312499999998,166.0338719558716,2,248.0149391174325,53.147217979655835,194.86772113777667,2020-01-29
BANKNIFTY30JAN2030900CE,CE,2020-01-29 15:00:00,2020-01-29 15:02:00,137.84375,122.39324695587159,2,-309.0100608825682,51.88955999415584,-360.89962087672404,2020-01-29
BANKNIFTY30JAN2030900CE,CE,2020-01-29 15:05:00,2020-01-29 15:06:00,131.6783811187744,135.26100608825683,1,71.65249938964848,52.125954143355536,19.526545246292947,2020-01-29
BANKNIFTY30JAN2030900PE,PE,2020-01-29 09:20:00,2020-01-29 09:25:00,158.79599388122557,140.04899391174317,5,-374.93999938964805,52.57931361789447,-427.5193130075425,2020-01-29
BANKNIFTY30JAN2030900PE,PE,2020-01-29 09:26:00,2020-01-29 09:33:00,145.76349388122557,172.96649391174319,7,544.0600006103523,53.218075153894475,490.84192545645783,2020-01-29
BANKNIFTY30JAN2030900PE,PE,2020-01-29 09:38:00,2020-01-29 09:47:00,152.12937499999998,118.55287347793579,9,-671.5300304412838,51.973627176577914,-723.5036576178617,2020-01-29
BANKNIFTY30JAN2030900PE,PE,2020-01-29 09:48:00,2020-01-29 09:58:00,120.3,112.7175,10,-151.64999999999992,51.436254463,-203.08625446299993,2020-01-29
BANKNIFTY30JAN2030900PE,PE,2020-01-29 09:59:00,2020-01-29 10:09:00,117.79374999999999,117.25612804412843,10,-10.752439117431152,51.51551358859416,-62.26795270602531,2020-01-29
BANKNIFTY30JAN2030900PE,PE,2020-01-29 10:10:00,2020-01-29 10:20:00,122.7060015296936,120.39824695587158,10,-46.15509147644019,51.652969080260135,-97.80806055670033,2020-01-29
BANKNIFTY30JAN2030900PE,PE,2020-01-29 10:21:00,2020-01-29 10:31:00,127.7185015296936,114.91199695587159,10,-256.1300914764402,51.58179702476014,-307.71188850120035,2020-01-29
BANKNIFTY30JAN2030900PE,PE,2020-01-29 10:32:00,2020-01-29 10:42:00,106.9667469406128,83.98949695587159,10,-459.5449996948241,50.571839005447224,-510.11683870027133,2020-01-29
BANKNIFTY30JAN2030900PE,PE,2020-01-29 10:43:00,2020-01-29 10:44:00,85.7638780593872,85.53562500000001,1,-4.565061187743709,50.3460304437086,-54.91109163145231,2020-01-29
BANKNIFTY30JAN2030900PE,PE,2020-01-29 10:46:00,2020-01-29 10:49:00,88.5708734703064,85.3859984779358,3,-63.697499847411905,50.37726397622362,-114.07476382363552,2020-01-29
BANKNIFTY30JAN2030900PE,PE,2020-01-29 10:53:00,2020-01-29 11:03:00,86.51575305938721,78.00449695587159,10,-170.2251220703124,50.17218729186444,-220.39730936217686,2020-01-29
BANKNIFTY30JAN2030900PE,PE,2020-01-29 11:05:00,2020-01-29 11:07:00,78.69624999999999,80.59800304412842,2,38.03506088256853,50.138124318344154,-12.103063435775624,2020-01-29
BANKNIFTY30JAN2030900PE,PE,2020-01-29 11:15:00,2020-01-29 11:25:00,87.2676280593872,89.525625,10,45.15993881225597,50.461763596208606,-5.3018247839526325,2020-01-29
BANKNIFTY30JAN2030900PE,PE,2020-01-29 11:30:00,2020-01-29 11:38:00,90.67612194061279,88.57800304412842,8,-41.96237792968731,50.481059783385554,-92.44343771307285,2020-01-29
BANKNIFTY30JAN2030900PE,PE,2020-01-29 11:39:00,2020-01-29 11:40:00,87.5182530593872,87.33112804412842,1,-3.7425003051757244,50.41149919480276,-54.15399949997848,2020-01-29
BANKNIFTY30JAN2030900PE,PE,2020-01-29 11:41:00,2020-01-29 11:51:00,87.2175,86.7825,10,-8.700000000000045,50.39441815,-59.094418150000045,2020-01-29
BANKNIFTY30JAN2030900PE,PE,2020-01-29 11:59:00,2020-01-29 12:09:00,87.2175,90.3734984779358,10,63.11996955871592,50.48176416057792,12.638205398138005,2020-01-29
BANKNIFTY30JAN2030900PE,PE,2020-01-29 12:11:00,2020-01-29 12:12:00,88.1698719406128,90.77250000000001,1,52.05256118774429,50.5033012020414,1.5492599857028893,2020-01-29
BANKNIFTY30JAN2030900PE,PE,2020-01-29 12:14:00,2020-01-29 12:20:00,88.3202484703064,92.06925304412842,6,74.9800914764404,50.53671112223986,24.44338035420055,2020-01-29
BANKNIFTY30JAN2030900PE,PE,2020-01-29 12:30:00,2020-01-29 12:31:00,103.95924694061279,110.77237804412843,1,136.2626220703129,51.18593111488556,85.07669095542732,2020-01-29
BANKNIFTY30JAN2030900PE,PE,2020-01-29 12:32:00,2020-01-29 12:42:00,106.265,95.6103734779358,10,-213.0925304412841,50.84578233432792,-263.938312775612,2020-01-29
BANKNIFTY30JAN2030900PE,PE,2020-01-29 12:43:00,2020-01-29 12:50:00,96.8916265296936,90.17400152206422,7,-134.3525001525876,50.59709915477639,-184.949599307364,2020-01-29
BANKNIFTY30JAN2030900PE,PE,2020-01-29 12:56:00,2020-01-29 13:00:00,91.7788780593872,92.21887195587159,4,8.79987792968791,50.58331902336444,-41.78344109367653,2020-01-29
BANKNIFTY30JAN2030900PE,PE,2020-01-29 13:12:00,2020-01-29 13:16:00,92.43049694061278,96.05925304412843,4,72.57512207031283,50.684826369135564,21.890295701177266,2020-01-29
BANKNIFTY30JAN2030900PE,PE,2020-01-29 13:29:00,2020-01-29 13:31:00,96.6410015296936,112.7175,2,321.5299694061281,51.142324529604295,270.3876448765238,2020-01-29
BANKNIFTY30JAN2030900PE,PE,2020-01-29 13:42:00,2020-01-29 13:52:00,119.7486219406128,95.26125,10,-489.7474388122558,51.004805520041394,-540.7522443322972,2020-01-29
BANKNIFTY30JAN2030900PE,PE,2020-01-29 13:53:00,2020-01-29 14:02:00,71.87924694061279,75.16162347793579,9,65.64753074646006,49.921200277119326,15.726330469340738,2020-01-29
BANKNIFTY30JAN2030900PE,PE,2020-01-29 14:09:00,2020-01-29 14:12:00,78.8466265296936,82.09425304412842,3,64.95253028869655,50.17638672269846,14.77614356599809,2020-01-29
BANKNIFTY30JAN2030900PE,PE,2020-01-29 14:16:00,2020-01-29 14:26:00,77.5935015296936,84.68775152206422,10,141.88499984741242,50.223901618526384,91.66109822888603,2020-01-29
BANKNIFTY30JAN2030900PE,PE,2020-01-29 14:28:00,2020-01-29 14:37:00,79.19749999999999,102.8422484779358,9,472.8949695587161,50.68541177607791,422.2095577826382,2020-01-29
BANKNIFTY30JAN2030900PE,PE,2020-01-29 14:52:00,2020-01-29 14:57:00,112.48049694061278,117.70500000000001,5,104.49006118774463,51.4604220397914,53.029639147953226,2020-01-29
BANKNIFTY30JAN2030900PE,PE,2020-01-29 14:58:00,2020-01-29 15:00:00,107.0670030593872,131.12137195587158,2,481.08737792968753,51.71950142211444,429.3678765075731,2020-01-29
BANKNIFTY30JAN2030900PE,PE,2020-01-29 15:02:00,2020-01-29 15:12:00,147.618125,122.44312500000001,10,-503.49999999999966,52.012206133,-555.5122061329996,2020-01-29
BANKNIFTY30JAN2030900PE,PE,2020-01-29 15:16:00,2020-01-29 15:18:00,114.1346234703064,115.21125,2,21.532530593872252,51.420315268645695,-29.887784674773442,2020-01-29
BANKNIFTY30JAN2030700CE,CE,2020-01-30 09:24:00,2020-01-30 09:27:00,110.62587347030639,115.8097484779358,3,103.67750015258821,51.39128159972361,52.2862185528646,2020-01-30
BANKNIFTY30JAN2030700CE,CE,2020-01-30 09:30:00,2020-01-30 09:39:00,103.2575,93.56550304412842,9,-193.83993911743147,50.758679746844166,-244.59861886427564,2020-01-30
BANKNIFTY30JAN2030700CE,CE,2020-01-30 09:51:00,2020-01-30 09:52:00,96.5407530593872,95.90962652206422,1,-12.622530746459688,50.73225109138068,-63.35478183784037,2020-01-30
BANKNIFTY30JAN2030700CE,CE,2020-01-30 09:59:00,2020-01-30 10:00:00,102.004375,102.94199695587159,1,18.752439117431834,50.97118151040584,-32.21874239297401,2020-01-30
BANKNIFTY30JAN2030700CE,CE,2020-01-30 10:01:00,2020-01-30 10:02:00,91.92924694061279,92.1191234779358,1,3.7975307464603247,50.58276090411932,-46.785230157658994,2020-01-30
BANKNIFTY30JAN2030700CE,CE,2020-01-30 10:10:00,2020-01-30 10:12:00,67.96950305938721,68.97712652206421,2,20.152469253540062,49.72219795288068,-29.569728699340615,2020-01-30
BANKNIFTY30JAN2030700CE,CE,2020-01-30 10:15:00,2020-01-30 10:18:00,67.418125,68.8275,3,28.187499999999943,49.71170839675,-21.524208396750055,2020-01-30
BANKNIFTY30JAN2030700CE,CE,2020-01-30 10:23:00,2020-01-30 10:26:00,72.2301280593872,59.2016234779358,3,-260.570091629028,49.53735482778652,-310.10744645681456,2020-01-30
BANKNIFTY30JAN2030700CE,CE,2020-01-30 10:33:00,2020-01-30 10:35:00,50.5761257648468,56.35875,2,115.652484703064,49.19918524755216,66.45329945551185,2020-01-30
BANKNIFTY30JAN2030700CE,CE,2020-01-30 10:36:00,2020-01-30 10:38:00,54.2853765296936,56.35875,2,41.467469406128004,49.2452674953543,-7.777798089226295,2020-01-30
BANKNIFTY30JAN2030700CE,CE,2020-01-30 10:40:00,2020-01-30 10:45:00,47.1175,50.423624238967896,5,66.12248477935793,49.011853039538956,17.110631739818977,2020-01-30
BANKNIFTY30JAN2030700CE,CE,2020-01-30 11:05:00,2020-01-30 11:10:00,37.59375,39.9498742389679,5,47.12248477935802,48.638774473538966,-1.5162896941809478,2020-01-30
BANKNIFTY30JAN2030700CE,CE,2020-01-30 11:15:00,2020-01-30 11:16:00,41.0022515296936,41.097000761032106,1,1.894984626770082,48.70902257981533,-46.81403795304525,2020-01-30
BANKNIFTY30JAN2030700CE,CE,2020-01-30 11:17:00,2020-01-30 11:19:00,40.851875,45.735373477935795,2,97.6699695587159,48.81997628457792,48.84999327413799,2020-01-30
BANKNIFTY30JAN2030700CE,CE,2020-01-30 11:26:00,2020-01-30 11:31:00,49.0723757648468,57.1567492389679,5,161.68746948242202,49.19991347334111,112.4875560090809,2020-01-30
BANKNIFTY30JAN2030700CE,CE,2020-01-30 11:33:00,2020-01-30 11:34:00,51.478373470306394,53.865,1,47.732530593872156,49.1497374346457,-1.4172068407735452,2020-01-30
BANKNIFTY30JAN2030700CE,CE,2020-01-30 11:35:00,2020-01-30 11:45:00,58.445749235153194,55.261501522064215,10,-63.68495426177958,49.27026526861992,-112.9552195303995,2020-01-30
BANKNIFTY30JAN2030700CE,CE,2020-01-30 11:46:00,2020-01-30 11:56:00,64.0096234703064,59.8998742389679,10,-82.19498462676995,49.45221053918465,-131.6471951659546,2020-01-30
BANKNIFTY30JAN2030700CE,CE,2020-01-30 11:57:00,2020-01-30 12:07:00,61.202624235153195,40.099500761032104,10,-422.0624694824218,48.935721139158886,-470.9981906215807,2020-01-30
BANKNIFTY30JAN2030700CE,CE,2020-01-30 12:08:00,2020-01-30 12:12:00,40.099999999999994,42.992248477935796,4,57.84496955871603,48.743912615077924,9.101056943638106,2020-01-30
BANKNIFTY30JAN2030700CE,CE,2020-01-30 12:16:00,2020-01-30 12:25:00,36.2905007648468,37.25662347793579,9,19.322454261779853,48.55707387213007,-29.234619610350215,2020-01-30
BANKNIFTY30JAN2030700CE,CE,2020-01-30 12:27:00,2020-01-30 12:35:00,38.696498470306395,37.655625,8,-20.817469406127884,48.596670178645695,-69.41413958477358,2020-01-30
BANKNIFTY30JAN2030700CE,CE,2020-01-30 12:37:00,2020-01-30 12:42:00,31.7291246175766,34.06462652206421,5,46.71003808975222,48.422764302271,-1.7127262125187812,2020-01-30
BANKNIFTY30JAN2030700CE,CE,2020-01-30 12:45:00,2020-01-30 12:55:00,35.889499235153195,23.94,10,-238.9899847030639,48.22818376669785,-287.21816846976174,2020-01-30
BANKNIFTY30JAN2030700CE,CE,2020-01-30 12:56:00,2020-01-30 13:06:00,23.7592507648468,17.705625,10,-121.07251529693599,47.92583996805214,-168.99835526498813,2020-01-30
BANKNIFTY30JAN2030700CE,CE,2020-01-30 13:07:00,2020-01-30 13:12:00,16.3908753824234,16.757999238967898,5,7.342477130889975,47.81124854969003,-40.46877141880005,2020-01-30
BANKNIFTY30JAN2030700CE,CE,2020-01-30 13:15:00,2020-01-30 13:16:00,22.055,25.087124619483948,1,60.642492389678964,48.08421168239448,12.558280707284482,2020-01-30
BANKNIFTY30JAN2030700CE,CE,2020-01-30 13:17:00,2020-01-30 13:18:00,23.7091246175766,27.231749238967897,1,70.45249242782596,48.15692685638789,22.29556557143807,2020-01-30
BANKNIFTY30JAN2030700CE,CE,2020-01-30 13:19:00,2020-01-30 13:29:00,22.7567507648468,20.049750380516052,10,-54.14000768661495,47.970402877157674,-102.11041056377263,2020-01-30
BANKNIFTY30JAN2030700CE,CE,2020-01-30 13:30:00,2020-01-30 13:36:00,19.949749617576597,25.685625,6,114.7175076484681,48.07261457759892,66.64489307086919,2020-01-30
BANKNIFTY30JAN2030700CE,CE,2020-01-30 13:39:00,2020-01-30 13:49:00,26.6665003824234,16.309125380516054,10,-207.14750003814692,47.92799057625659,-255.07549061440352,2020-01-30
BANKNIFTY30JAN2030700CE,CE,2020-01-30 13:50:00,2020-01-30 13:58:00,15.538749999999999,19.201875,8,73.26250000000005,47.86010594125,25.402394058750048,2020-01-30
BANKNIFTY30JAN2030700CE,CE,2020-01-30 13:59:00,2020-01-30 14:09:00,15.8896253824234,6.9825,10,-178.142507648468,47.56724588690107,-225.7097535353691,2020-01-30
BANKNIFTY30JAN2030700CE,CE,2020-01-30 15:01:00,2020-01-30 15:02:00,6.0651251912117,12.718125,1,133.059996175766,47.584701274575536,85.47529490119047,2020-01-30
BANKNIFTY30JAN2030700PE,PE,2020-01-30 09:27:00,2020-01-30 09:29:00,79.39799694061279,81.34612804412842,2,38.962622070312705,50.16503963488557,-11.202417564572862,2020-01-30
BANKNIFTY30JAN2030700PE,PE,2020-01-30 09:45:00,2020-01-30 09:46:00,84.8616265296936,91.42087652206422,1,131.18499984741248,50.47797173552638,80.7070281118861,2020-01-30
BANKNIFTY30JAN2030700PE,PE,2020-01-30 09:52:00,2020-01-30 09:53:00,88.6210015296936,84.08925304412843,1,-90.63496971130348,50.34634522994847,-140.98131494125195,2020-01-30
BANKNIFTY30JAN2030700PE,PE,2020-01-30 09:55:00,2020-01-30 09:57:00,74.68625,73.76512195587159,2,-18.422560882568177,49.92210541590583,-68.34466629847401,2020-01-30
BANKNIFTY30JAN2030700PE,PE,2020-01-30 10:05:00,2020-01-30 10:07:00,88.2701280593872,106.83224847793579,2,371.24240837097176,50.895177642036515,320.34723072893524,2020-01-30
BANKNIFTY30JAN2030700PE,PE,2020-01-30 10:14:00,2020-01-30 10:20:00,107.76875,111.6701219558716,6,78.02743911743192,51.255095220905844,26.77234389652608,2020-01-30
BANKNIFTY30JAN2030700PE,PE,2020-01-30 10:21:00,2020-01-30 10:23:00,115.48799694061279,107.18137195587158,2,-166.1324996948241,51.24181349769723,-217.37431319252133,2020-01-30
BANKNIFTY30JAN2030700PE,PE,2020-01-30 10:26:00,2020-01-30 10:27:00,125.06187499999999,130.921875,1,117.20000000000027,51.93821002900001,65.26178997100027,2020-01-30
BANKNIFTY30JAN2030700PE,PE,2020-01-30 10:28:00,2020-01-30 10:30:00,126.1145030593872,130.52288108825684,2,88.16756057739269,51.94158249064692,36.22597808674577,2020-01-30
BANKNIFTY30JAN2030700PE,PE,2020-01-30 10:45:00,2020-01-30 10:46:00,139.29737194061278,143.19112804412842,1,77.87512207031284,52.41349855213556,25.461623518177284,2020-01-30
BANKNIFTY30JAN2030700PE,PE,2020-01-30 10:47:00,2020-01-30 10:49:00,134.2848719406128,135.26100608825683,2,19.522682952880928,52.158336142729716,-32.63565318984879,2020-01-30
BANKNIFTY30JAN2030700PE,PE,2020-01-30 10:51:00,2020-01-30 10:53:00,129.4227561187744,127.77975608825685,2,-32.86000061035111,51.91596022810553,-84.77596083845664,2020-01-30
BANKNIFTY30JAN2030700PE,PE,2020-01-30 10:55:00,2020-01-30 10:56:00,122.054375,127.48050304412843,1,108.52256088256865,51.81713949709417,56.70542138547449,2020-01-30
BANKNIFTY30JAN2030700PE,PE,2020-01-30 10:57:00,2020-01-30 10:58:00,121.7035015296936,126.23362804412842,1,90.60253028869653,51.78245189669847,38.82007839199806,2020-01-30
BANKNIFTY30JAN2030700PE,PE,2020-01-30 10:59:00,2020-01-30 11:00:00,123.3576280593872,130.57274391174317,1,144.30231704711957,51.90854502177028,92.39377202534929,2020-01-30
BANKNIFTY30JAN2030700PE,PE,2020-01-30 11:01:00,2020-01-30 11:05:00,130.2748719406128,154.8119969558716,4,490.7425003051759,52.58406798819724,438.15843231697863,2020-01-30
BANKNIFTY30JAN2030700PE,PE,2020-01-30 11:07:00,2020-01-30 11:13:00,159.4476280593872,144.48788108825684,6,-299.19493942260715,52.695378976396924,-351.89031839900406,2020-01-30
BANKNIFTY30JAN2030700PE,PE,2020-01-30 11:20:00,2020-01-30 11:29:00,137.593125,128.428125,9,-183.29999999999984,52.033236288999994,-235.33323628899984,2020-01-30
BANKNIFTY30JAN2030700PE,PE,2020-01-30 11:32:00,2020-01-30 11:33:00,112.8313780593872,121.39574695587159,1,171.28737792968764,51.55455349911444,119.7328244305732,2020-01-30
BANKNIFTY30JAN2030700PE,PE,2020-01-30 11:49:00,2020-01-30 11:51:00,92.12975152969359,99.79987804412842,2,153.40253028869654,50.77207549469846,102.63045479399807,2020-01-30
BANKNIFTY30JAN2030700PE,PE,2020-01-30 12:09:00,2020-01-30 12:10:00,131.3776280593872,125.08650152206421,1,-125.8225307464599,51.87473712838068,-177.69726787484058,2020-01-30
BANKNIFTY30JAN2030700PE,PE,2020-01-30 12:18:00,2020-01-30 12:19:00,138.0442469406128,138.40312500000002,1,7.177561187744459,52.2814687575414,-45.10390756979694,2020-01-30
BANKNIFTY30JAN2030700PE,PE,2020-01-30 12:27:00,2020-01-30 12:30:00,128.3701280593872,125.685,3,-53.70256118774421,51.8519307889586,-105.5544919767028,2020-01-30
BANKNIFTY30JAN2030700PE,PE,2020-01-30 12:33:00,2020-01-30 12:37:00,124.76112194061278,139.69987804412844,4,298.77512207031316,52.14798622813556,246.6271358421776,2020-01-30
BANKNIFTY30JAN2030700PE,PE,2020-01-30 12:38:00,2020-01-30 12:41:00,140.6507530593872,134.06399391174318,3,-131.73518295288034,52.208307658020274,-183.9434906109006,2020-01-30
BANKNIFTY30JAN2030700PE,PE,2020-01-30 13:12:00,2020-01-30 13:16:00,159.9488780593872,126.7822484779358,4,-663.332591629028,52.270941580536515,-715.6035332095645,2020-01-30
BANKNIFTY30JAN2030700PE,PE,2020-01-30 13:18:00,2020-01-30 13:19:00,123.00674694061279,132.3682469558716,1,187.23000030517625,51.94785891294724,135.282141392229,2020-01-30
BANKNIFTY30JAN2030700PE,PE,2020-01-30 13:36:00,2020-01-30 13:41:00,112.4303765296936,114.66262195587159,5,44.64490852355965,51.38579777726014,-6.740889253700487,2020-01-30
BANKNIFTY30JAN2030700PE,PE,2020-01-30 13:51:00,2020-01-30 13:57:00,136.34,129.17625,6,-143.27499999999986,52.03586505850001,-195.31086505849987,2020-01-30
BANKNIFTY30JAN2030700PE,PE,2020-01-30 13:58:00,2020-01-30 14:03:00,114.3852484703064,148.378125,5,679.8575305938723,52.2301667341457,627.6273638597266,2020-01-30
BANKNIFTY30JAN2030700PE,PE,2020-01-30 14:05:00,2020-01-30 14:13:00,144.5103688812256,169.52512195587158,8,500.2950614929199,53.11880027523863,447.17626121768126,2020-01-30
BANKNIFTY30JAN2030700PE,PE,2020-01-30 14:15:00,2020-01-30 14:25:00,183.4073719406128,166.43288108825683,10,-339.4898170471191,53.52682665247972,-393.01664369959883,2020-01-30
BANKNIFTY30JAN2030700PE,PE,2020-01-30 14:26:00,2020-01-30 14:27:00,156.2396311187744,162.39300304412842,1,123.06743850708017,53.09104113001137,69.97639737706879,2020-01-30
BANKNIFTY30JAN2030700PE,PE,2020-01-30 14:28:00,2020-01-30 14:31:00,158.39499999999998,162.24336891174318,3,76.96737823486387,53.11417893006167,23.853199304802203,2020-01-30
BANKNIFTY30JAN2030700PE,PE,2020-01-30 14:33:00,2020-01-30 14:34:00,153.33237194061277,163.14112804412844,1,196.17512207031325,53.073119598135555,143.1020024721777,2020-01-30
BANKNIFTY30JAN2030700PE,PE,2020-01-30 14:35:00,2020-01-30 14:45:00,134.33499999999998,104.0891234779358,10,-604.9175304412836,51.400746509827925,-656.3182769511116,2020-01-30
BANKNIFTY30JAN2030700PE,PE,2020-01-30 14:46:00,2020-01-30 14:56:00,103.2575,98.25375000000001,10,-100.07499999999965,50.8727147905,-150.94771479049965,2020-01-30
BANKNIFTY30JAN2030700PE,PE,2020-01-30 15:06:00,2020-01-30 15:07:00,10.8771253824234,17.45625,1,131.58249235153198,47.75973189740108,83.8227604541309,2020-01-30
BANKNIFTY30JAN2030700PE,PE,2020-01-30 15:14:00,2020-01-30 15:15:00,41.703998470306395,43.939874238967896,1,44.717515373230015,48.786889720434665,-4.069374347204651,2020-01-30
BANKNIFTY06FEB2030900CE,CE,2020-01-31 09:20:00,2020-01-31 09:30:00,500.3978688812256,543.5377743530273,10,862.7981094360348,66.63753837208608,796.1605710639487,2020-01-31
BANKNIFTY06FEB2030900CE,CE,2020-01-31 09:32:00,2020-01-31 09:35:00,551.2747744750976,544.7347256469727,3,-130.8009765624979,67.29872686091552,-198.09970342341342,2020-01-31
BANKNIFTY06FEB2030900CE,CE,2020-01-31 09:37:00,2020-01-31 09:45:00,532.9289755249023,503.9370121765137,8,-579.8392669677719,66.07845872970782,-645.9177256974797,2020-01-31
BANKNIFTY06FEB2030900CE,CE,2020-01-31 09:49:00,2020-01-31 09:59:00,491.87661888122557,502.3908689117432,10,210.28500061035288,65.53083290139448,144.7541677089584,2020-01-31
BANKNIFTY06FEB2030900CE,CE,2020-01-31 10:34:00,2020-01-31 10:41:00,495.986875,511.0192378234864,7,300.6472564697276,65.79177007337336,234.85548639635425,2020-01-31
BANKNIFTY06FEB2030900CE,CE,2020-01-31 11:10:00,2020-01-31 11:11:00,440.348125,443.88750000000005,1,70.78750000000127,63.46765096075001,7.319849039251267,2020-01-31
BANKNIFTY06FEB2030900CE,CE,2020-01-31 11:20:00,2020-01-31 11:22:00,445.3105122375488,450.8201371765137,2,110.19249877929838,63.69792836846105,46.494570410837326,2020-01-31
BANKNIFTY06FEB2030900CE,CE,2020-01-31 11:24:00,2020-01-31 11:25:00,430.0725,440.94486282348635,1,217.4472564697271,63.268415176373345,154.17884129335377,2020-01-31
BANKNIFTY06FEB2030900CE,CE,2020-01-31 11:49:00,2020-01-31 11:51:00,419.1452561187744,409.3739939117432,2,-195.42524414062427,62.36474228222889,-257.7899864228532,2020-01-31
BANKNIFTY06FEB2030900CE,CE,2020-01-31 11:53:00,2020-01-31 11:57:00,406.51374999999996,422.44125,4,318.5500000000013,62.525656213,256.0243437870013,2020-01-31
BANKNIFTY06FEB2030900CE,CE,2020-01-31 12:08:00,2020-01-31 12:10:00,431.5261372375488,431.21923782348637,2,-6.137988281249136,63.04991237170776,-69.1879006529569,2020-01-31
BANKNIFTY06FEB2030900CE,CE,2020-01-31 12:13:00,2020-01-31 12:14:00,423.95724388122557,422.690625,1,-25.332377624511082,62.7484329013328,-88.08081052584387,2020-01-31
BANKNIFTY06FEB2030900CE,CE,2020-01-31 12:18:00,2020-01-31 12:19:00,433.23036888122556,432.66562500000003,1,-11.294877624510491,63.1062664070828,-74.40114403159329,2020-01-31
BANKNIFTY06FEB2030900CE,CE,2020-01-31 12:20:00,2020-01-31 12:26:00,432.17775611877437,433.8127439117432,6,32.699755859376864,63.12109122872888,-30.421335369352015,2020-01-31
BANKNIFTY06FEB2030900CE,CE,2020-01-31 12:43:00,2020-01-31 12:44:00,466.16249999999997,468.17663108825684,1,40.28262176513749,64.37915753893833,-24.096535773800838,2020-01-31
BANKNIFTY06FEB2030900CE,CE,2020-01-31 12:45:00,2020-01-31 12:47:00,463.8567622375488,464.83500000000004,2,19.5647552490243,64.26923147733442,-44.704476228310114,2020-01-31
BANKNIFTY06FEB2030900CE,CE,2020-01-31 12:51:00,2020-01-31 12:56:00,469.5208811187744,458.101875,5,-228.3801223754881,64.17582638541721,-292.5559487609053,2020-01-31
BANKNIFTY06FEB2030900CE,CE,2020-01-31 12:57:00,2020-01-31 13:03:00,446.8142622375488,447.8775,6,21.264755249023892,63.64503482733441,-42.38027957831052,2020-01-31
BANKNIFTY06FEB2030900CE,CE,2020-01-31 13:04:00,2020-01-31 13:05:00,469.16999999999996,467.82750000000004,1,-26.849999999998317,64.408029391,-91.25802939099832,2020-01-31
BANKNIFTY06FEB2030900CE,CE,2020-01-31 13:22:00,2020-01-31 13:23:00,461.15,462.091875,1,18.837500000000773,64.16888107075,-45.33138107074923,2020-01-31
BANKNIFTY06FEB2030900CE,CE,2020-01-31 13:33:00,2020-01-31 13:37:00,474.5333811187744,461.2938871765137,4,-264.78987884521416,64.31574090779385,-329.105619753008,2020-01-31
BANKNIFTY06FEB2030900CE,CE,2020-01-31 13:53:00,2020-01-31 13:59:00,492.22749999999996,465.33375,6,-537.8749999999991,64.6338295705,-602.5088295704991,2020-01-31
BANKNIFTY06FEB2030900CE,CE,2020-01-31 14:45:00,2020-01-31 14:46:00,473.68125,478.35111282348635,1,93.39725646972738,64.72004750537334,28.677208964354037,2020-01-31
BANKNIFTY06FEB2030900CE,CE,2020-01-31 15:03:00,2020-01-31 15:04:00,463.155,468.12673782348634,1,99.43475646972729,64.34057997812334,35.094176491603946,2020-01-31
BANKNIFTY06FEB2030900PE,PE,2020-01-31 09:15:00,2020-01-31 09:20:00,480.49823776245114,491.4682621765137,5,219.400488281251,65.12379532854224,154.27669295270874,2020-01-31
BANKNIFTY06FEB2030900PE,PE,2020-01-31 10:54:00,2020-01-31 11:04:00,501.50062499999996,494.2113871765137,10,-145.78475646972493,65.45144326187665,-211.23619973160157,2020-01-31
BANKNIFTY06FEB2030900PE,PE,2020-01-31 11:05:00,2020-01-31 11:08:00,498.04198776245113,514.2611128234863,3,324.3825012207037,65.89615604303894,258.48634517766476,2020-01-31
BANKNIFTY06FEB2030900PE,PE,2020-01-31 11:47:00,2020-01-31 11:49:00,556.3874999999999,553.5127743530273,2,-57.49451293945185,67.57575906325329,-125.07027200270514,2020-01-31
BANKNIFTY06FEB2030900PE,PE,2020-01-31 11:57:00,2020-01-31 12:01:00,558.4927255249023,558.6,4,2.1454895019542164,67.72565318483119,-65.58016368287697,2020-01-31
BANKNIFTY06FEB2030900PE,PE,2020-01-31 12:15:00,2020-01-31 12:17:00,561.4,546.63,2,-295.39999999999964,67.470618508,-362.87061850799967,2020-01-31
BANKNIFTY06FEB2030900PE,PE,2020-01-31 12:34:00,2020-01-31 12:38:00,573.43,529.7722256469726,4,-873.1554870605464,67.2100326557467,-940.3655197162931,2020-01-31
BANKNIFTY06FEB2030900PE,PE,2020-01-31 12:39:00,2020-01-31 12:40:00,539.6958505249023,517.8022256469727,1,-437.87249755859193,66.49977958432788,-504.3722771429198,2020-01-31
BANKNIFTY06FEB2030900PE,PE,2020-01-31 12:42:00,2020-01-31 12:52:00,502.10213111877437,496.5554878234864,10,-110.93286590575985,65.51593309979056,-176.44879900555043,2020-01-31
BANKNIFTY06FEB2030900PE,PE,2020-01-31 13:05:00,2020-01-31 13:10:00,502.2023872375488,516.1563871765137,5,279.07999877929797,65.99394307721107,213.0860557020869,2020-01-31
BANKNIFTY06FEB2030900PE,PE,2020-01-31 13:16:00,2020-01-31 13:24:00,513.5807377624511,503.7375,8,-196.8647552490222,65.83323110866559,-262.6979863576878,2020-01-31
BANKNIFTY06FEB2030900PE,PE,2020-01-31 13:27:00,2020-01-31 13:35:00,496.0871311187744,476.7052439117432,8,-387.6377441406237,64.9583757529789,-452.5961198936026,2020-01-31
BANKNIFTY06FEB2030900PE,PE,2020-01-31 13:40:00,2020-01-31 13:50:00,467.16499999999996,438.99975608825685,10,-563.3048782348624,63.68192556118833,-626.9868037960507,2020-01-31
BANKNIFTY06FEB2030900PE,PE,2020-01-31 13:51:00,2020-01-31 13:53:00,433.330625,448.8251371765137,2,309.8902435302739,63.50056945937665,246.38967407089723,2020-01-31
BANKNIFTY06FEB2030900PE,PE,2020-01-31 14:05:00,2020-01-31 14:07:00,476.1875,451.31888717651367,2,-497.3722564697266,64.09366310912665,-561.4659195788532,2020-01-31
BANKNIFTY06FEB2030900PE,PE,2020-01-31 14:11:00,2020-01-31 14:13:00,462.65375,454.9098628234864,2,-154.87774353027248,64.01287066787336,-218.89061419814584,2020-01-31
BANKNIFTY06FEB2030900PE,PE,2020-01-31 14:14:00,2020-01-31 14:22:00,439.44588111877437,410.07225608825684,8,-587.4725006103506,62.63393337685553,-650.1064339872062,2020-01-31
BANKNIFTY06FEB2030900PE,PE,2020-01-31 14:33:00,2020-01-31 14:37:00,412.0275,436.90500000000003,4,497.5500000000011,62.945967307,434.6040326930011,2020-01-31
BANKNIFTY06FEB2030900PE,PE,2020-01-31 14:58:00,2020-01-31 15:02:00,435.23536888122555,455.35875000000004,4,402.4676223754898,63.683154220332796,338.784468155157,2020-01-31
BANKNIFTY06FEB2030900PE,PE,2020-01-31 15:18:00,2020-01-31 15:24:00,503.90661888122554,506.28111282348635,6,47.48987884521625,65.77491354620615,-18.285034700989897,2020-01-31
BANKNIFTY06FEB2030600CE,CE,2020-02-01 09:20:00,2020-02-01 09:23:00,518.9441494750977,556.0563871765137,3,742.2447540283201,67.17244767454547,675.0723063537747,2020-02-01
BANKNIFTY06FEB2030600CE,CE,2020-02-01 09:24:00,2020-02-01 09:29:00,548.2672744750977,549.1736128234863,5,18.126766967773165,67.36933260004217,-49.242565632269006,2020-02-01
BANKNIFTY06FEB2030600CE,CE,2020-02-01 09:36:00,2020-02-01 09:39:00,557.3398872375489,548.7247256469727,3,-172.30323181152244,67.47112855983112,-239.77436037135357,2020-02-01
BANKNIFTY06FEB2030600CE,CE,2020-02-01 09:54:00,2020-02-01 09:57:00,586.8635244750976,604.5348628234864,3,353.42676696777517,69.19542187204217,284.231345095733,2020-02-01
BANKNIFTY06FEB2030600CE,CE,2020-02-01 11:02:00,2020-02-01 11:04:00,577.94125,623.2379878234864,2,905.9347564697282,69.53950243412336,836.3952540356048,2020-02-01
BANKNIFTY06FEB2030600CE,CE,2020-02-01 11:10:00,2020-02-01 11:11:00,632.8782377624511,637.6020121765137,1,94.47548828125036,70.57140237804222,23.90408590320814,2020-02-01
BANKNIFTY06FEB2030600CE,CE,2020-02-01 11:27:00,2020-02-01 11:30:00,625.810625,626.2803506469727,3,9.394512939454671,70.20821361774671,-60.81370067829204,2020-02-01
BANKNIFTY06FEB2030600CE,CE,2020-02-01 11:45:00,2020-02-01 11:55:00,627.5649999999999,619.4475,10,-162.349999999999,70.063809745,-232.413809744999,2020-02-01
BANKNIFTY06FEB2030600CE,CE,2020-02-01 12:02:00,2020-02-01 12:03:00,601.5,598.5498628234864,1,-59.00274353027271,69.23168284337336,-128.23442637364607,2020-02-01
BANKNIFTY06FEB2030600CE,CE,2020-02-01 12:06:00,2020-02-01 12:15:00,568.5678994750976,539.5477743530274,9,-580.4025024414045,67.38740440017212,-647.7899068415767,2020-02-01
BANKNIFTY06FEB2030600CE,CE,2020-02-01 12:16:00,2020-02-01 12:18:00,542.0517622375488,543.4878506469727,2,28.7217681884772,67.15381535733111,-38.43204716885391,2020-02-01
BANKNIFTY06FEB2030600CE,CE,2020-02-01 12:19:00,2020-02-01 12:24:00,529.2197744750977,543.6375,5,288.3545104980476,66.99803588516882,221.3564746128788,2020-02-01
BANKNIFTY06FEB2030600CE,CE,2020-02-01 12:27:00,2020-02-01 12:28:00,529.8713627624511,533.0141006469727,1,62.8547576904316,66.74773164091229,-3.8929739504806946,2020-02-01
BANKNIFTY06FEB2030600CE,CE,2020-02-01 12:35:00,2020-02-01 12:36:00,557.2897744750976,556.10625,1,-23.670489501951124,67.65005122466883,-91.32054072661995,2020-02-01
BANKNIFTY06FEB2030600CE,CE,2020-02-01 12:37:00,2020-02-01 12:39:00,554.4326127624512,536.2559756469727,2,-363.53274230956913,67.1317248571623,-430.6644671667314,2020-02-01
BANKNIFTY06FEB2030600CE,CE,2020-02-01 12:40:00,2020-02-01 12:42:00,536.086875,558.3007621765137,2,444.27774353027417,67.44001331912665,376.8377302111475,2020-02-01
BANKNIFTY06FEB2030600CE,CE,2020-02-01 12:44:00,2020-02-01 12:47:00,537.4402255249023,554.5102743530274,3,341.4009765625019,67.36462849508447,274.0363480674174,2020-02-01
BANKNIFTY06FEB2030600CE,CE,2020-02-01 12:48:00,2020-02-01 12:58:00,544.2071005249023,473.8125,10,-1407.8920104980466,65.48583705908118,-1473.3778475571278,2020-02-01
BANKNIFTY06FEB2030600CE,CE,2020-02-01 12:59:00,2020-02-01 13:00:00,461.6011372375488,485.9321189117432,1,486.6196334838878,64.7543663761461,421.8652671077417,2020-02-01
BANKNIFTY06FEB2030600CE,CE,2020-02-01 13:02:00,2020-02-01 13:03:00,507.6158811187744,528.6750000000001,1,421.1823776245137,66.36569589066721,354.8166817338465,2020-02-01
BANKNIFTY06FEB2030600CE,CE,2020-02-01 13:06:00,2020-02-01 13:12:00,549.8211372375488,512.3658993530273,6,-749.1047576904293,66.49334107008771,-815.598098760517,2020-02-01
BANKNIFTY06FEB2030600CE,CE,2020-02-01 13:13:00,2020-02-01 13:23:00,496.48812499999997,332.0677439117432,10,-3288.4076217651354,61.44525284556168,-3349.852874610697,2020-02-01
BANKNIFTY06FEB2030600CE,CE,2020-02-01 13:25:00,2020-02-01 13:32:00,327.1658811187744,268.8761128234863,7,-1165.7953659057614,57.80461305854055,-1223.599978964302,2020-02-01
BANKNIFTY06FEB2030600CE,CE,2020-02-01 13:33:00,2020-02-01 13:34:00,259.8480122375488,262.34250000000003,1,49.889755249024574,56.809361797834406,-6.919606548809831,2020-02-01
BANKNIFTY06FEB2030600CE,CE,2020-02-01 13:37:00,2020-02-01 13:47:00,252.9808811187744,183.04125000000002,10,-1398.7926223754876,54.7951554231672,-1453.5877777986548,2020-02-01
BANKNIFTY06FEB2030600CE,CE,2020-02-01 13:48:00,2020-02-01 13:49:00,193.2820030593872,190.32300304412843,1,-59.18000030517533,54.23059889005277,-113.41059919522809,2020-02-01
BANKNIFTY06FEB2030600CE,CE,2020-02-01 13:59:00,2020-02-01 14:00:00,253.4821311187744,245.634375,1,-156.9551223754877,56.323872887917204,-213.2789952634049,2020-02-01
BANKNIFTY06FEB2030600CE,CE,2020-02-01 14:02:00,2020-02-01 14:05:00,247.0661219406128,279.99826217651366,3,658.6428047180175,57.08001640241805,601.5627883155994,2020-02-01
BANKNIFTY06FEB2030600CE,CE,2020-02-01 14:10:00,2020-02-01 14:20:00,247.6676280593872,228.77663108825683,10,-377.81993942260726,55.841594807896925,-433.6615342305042,2020-02-01
BANKNIFTY06FEB2030600CE,CE,2020-02-01 14:21:00,2020-02-01 14:24:00,227.46724388122558,225.08586891174318,3,-47.627499389648165,55.50086069214447,-103.12836008179264,2020-02-01
BANKNIFTY06FEB2030600CE,CE,2020-02-01 14:25:00,2020-02-01 14:35:00,227.9183811187744,197.15586891174317,10,-615.2502441406244,54.82710729272888,-670.0773514333533,2020-02-01
BANKNIFTY06FEB2030600CE,CE,2020-02-01 14:36:00,2020-02-01 14:46:00,190.475,159.94913108825685,10,-610.5173782348629,53.45692389493833,-663.9743021298012,2020-02-01
BANKNIFTY06FEB2030600CE,CE,2020-02-01 14:47:00,2020-02-01 14:57:00,164.6104969406128,133.76475608825683,10,-616.9148170471192,52.49869539097972,-669.4135124380989,2020-02-01
BANKNIFTY06FEB2030600CE,CE,2020-02-01 14:58:00,2020-02-01 15:04:00,122.054375,134.3632469558716,6,246.1774391174322,51.98455260690584,194.19288651052636,2020-02-01
BANKNIFTY06FEB2030600CE,CE,2020-02-01 15:08:00,2020-02-01 15:18:00,117.44287652969359,92.26875000000001,10,-503.4825305938716,50.9033714883543,-554.3859020822259,2020-02-01
BANKNIFTY06FEB2030600PE,PE,2020-02-01 09:15:00,2020-02-01 09:16:00,464.7590061187744,498.6003810882569,1,676.82749938965,65.10173621785553,611.7257631717945,2020-02-01
BANKNIFTY06FEB2030600PE,PE,2020-02-01 09:57:00,2020-02-01 09:58:00,429.72161888122554,436.3563871765137,1,132.69536590576308,63.152447723459446,69.54291818230364,2020-02-01
BANKNIFTY06FEB2030600PE,PE,2020-02-01 10:03:00,2020-02-01 10:13:00,420.8996311187744,423.18937500000004,10,45.79487762451322,62.7225777389172,-16.927700114403983,2020-02-01
BANKNIFTY06FEB2030600PE,PE,2020-02-01 10:14:00,2020-02-01 10:24:00,426.4133811187744,429.6232621765137,10,64.19762115478648,62.947573661543856,1.2500474932426187,2020-02-01
BANKNIFTY06FEB2030600PE,PE,2020-02-01 10:25:00,2020-02-01 10:35:00,429.2705122375488,415.3589939117432,10,-278.2303665161123,62.636111160146086,-340.8664776762584,2020-02-01
BANKNIFTY06FEB2030600PE,PE,2020-02-01 10:36:00,2020-02-01 10:41:00,418.1427561187744,433.8127439117432,5,313.3997558593762,62.94672600272888,250.45302985664733,2020-02-01
BANKNIFTY06FEB2030600PE,PE,2020-02-01 10:51:00,2020-02-01 11:01:00,418.794375,391.81798782348636,10,-539.5277435302728,61.93335780587336,-601.4611013361462,2020-02-01
BANKNIFTY06FEB2030600PE,PE,2020-02-01 11:03:00,2020-02-01 11:09:00,419.796875,399.0,6,-415.9375,62.120504856249994,-478.05800485625,2020-02-01
BANKNIFTY06FEB2030600PE,PE,2020-02-01 11:11:00,2020-02-01 11:21:00,390.2732377624512,390.02250000000004,10,-5.014755249022755,61.53534987766558,-66.55010512668834,2020-02-01
BANKNIFTY06FEB2030600PE,PE,2020-02-01 11:23:00,2020-02-01 11:26:00,395.78698776245113,408.1271189117432,3,246.80262298584125,62.04422001072727,184.758402975114,2020-02-01
BANKNIFTY06FEB2030600PE,PE,2020-02-01 11:34:00,2020-02-01 11:35:00,417.1402561187744,412.91513717651367,1,-84.50237884521471,62.42596631654385,-146.92834516175856,2020-02-01
BANKNIFTY06FEB2030600PE,PE,2020-02-01 11:49:00,2020-02-01 11:59:00,401.3508811187744,396.60600608825683,10,-94.89750061035124,61.833108656355535,-156.73060926670678,2020-02-01
BANKNIFTY06FEB2030600PE,PE,2020-02-01 12:00:00,2020-02-01 12:02:00,397.79198776245113,413.76298782348636,2,319.42000122070453,62.20621394978894,257.2137872709156,2020-02-01
BANKNIFTY06FEB2030600PE,PE,2020-02-01 12:17:00,2020-02-01 12:27:00,448.41823776245116,427.72798782348633,10,-413.8049987792965,63.17485330328894,-476.97985208258547,2020-02-01
BANKNIFTY06FEB2030600PE,PE,2020-02-01 12:28:00,2020-02-01 12:31:00,428.2680122375488,402.4413871765137,3,-516.5325012207029,62.30945380196107,-578.841955022664,2020-02-01
BANKNIFTY06FEB2030600PE,PE,2020-02-01 12:49:00,2020-02-01 12:51:00,404.8596311187744,412.1171189117432,2,145.14975585937577,62.253986066728885,82.89576979264689,2020-02-01
BANKNIFTY06FEB2030600PE,PE,2020-02-01 12:58:00,2020-02-01 12:59:00,456.3380122375488,464.93475608825685,1,171.93487701416075,64.17824796202274,107.75662905213801,2020-02-01
BANKNIFTY06FEB2030600PE,PE,2020-02-01 13:00:00,2020-02-01 13:02:00,431.62636276245115,413.51361282348637,2,-362.25499877929565,62.62049299328895,-424.8754917725846,2020-02-01
BANKNIFTY06FEB2030600PE,PE,2020-02-01 13:03:00,2020-02-01 13:06:00,397.6917622375488,376.90538108825683,3,-415.7276229858394,61.30845910477274,-477.0360820906121,2020-02-01
BANKNIFTY06FEB2030600PE,PE,2020-02-01 13:12:00,2020-02-01 13:17:00,389.72187499999995,475.9571189117432,5,1724.7048782348645,63.618739263811676,1661.0861389710528,2020-02-01
BANKNIFTY06FEB2030600PE,PE,2020-02-01 13:51:00,2020-02-01 13:53:00,663.7552255249024,643.3875,2,-407.35451049804624,71.09572961483117,-478.4502401128774,2020-02-01
BANKNIFTY06FEB2030600PE,PE,2020-02-01 13:59:00,2020-02-01 14:02:00,570.8736372375488,574.3106250000001,3,68.73975524902562,68.2616076378344,0.4781476111912184,2020-02-01
BANKNIFTY06FEB2030600PE,PE,2020-02-01 14:03:00,2020-02-01 14:04:00,556.3874999999999,530.2211128234864,1,-523.3277435302716,67.00922200487335,-590.3369655351449,2020-02-01
BANKNIFTY06FEB2030600PE,PE,2020-02-01 14:05:00,2020-02-01 14:10:00,498.6936372375488,527.5278506469726,5,576.6842681884771,66.2269466995811,510.45732148889596,2020-02-01
BANKNIFTY06FEB2030600PE,PE,2020-02-01 14:20:00,2020-02-01 14:21:00,528.1671005249024,527.6775,1,-9.792010498047148,66.59675322908117,-76.38876372712832,2020-02-01
BANKNIFTY06FEB2030600PE,PE,2020-02-01 14:24:00,2020-02-01 14:25:00,531.4753994750977,535.9567378234864,1,89.62676696777407,66.83923508104218,22.787531886731898,2020-02-01
BANKNIFTY06FEB2030600PE,PE,2020-02-01 14:30:00,2020-02-01 14:31:00,516.6885244750977,528.0765243530274,1,227.75999755859402,66.4638537004221,161.29614385817192,2020-02-01
BANKNIFTY06FEB2029900CE,CE,2020-02-03 09:15:00,2020-02-03 09:25:00,328.26863723754883,281.3947560882568,10,-937.4776229858401,58.12281173077273,-995.6004347166128,2020-02-03
BANKNIFTY06FEB2029900CE,CE,2020-02-03 09:26:00,2020-02-03 09:36:00,299.24625,177.90413108825683,10,-2426.8423782348627,55.244984634438325,-2482.087362869301,2020-02-03
BANKNIFTY06FEB2029900CE,CE,2020-02-03 09:37:00,2020-02-03 09:41:00,183.65799694061278,190.02375,4,127.31506118774462,54.10375517629139,73.21130601145322,2020-02-03
BANKNIFTY06FEB2029900CE,CE,2020-02-03 09:42:00,2020-02-03 09:49:00,203.65786888122557,273.315,7,1393.1426223754886,56.3781686338328,1336.7644537416559,2020-02-03
BANKNIFTY06FEB2029900CE,CE,2020-02-03 09:50:00,2020-02-03 09:59:00,247.01599388122557,229.77413108825684,9,-344.83725585937464,55.85776195652112,-400.69501781589577,2020-02-03
BANKNIFTY06FEB2029900CE,CE,2020-02-03 10:01:00,2020-02-03 10:04:00,245.61249999999998,251.41987804412844,3,116.14756088256911,56.36682800059416,59.78073288197495,2020-02-03
BANKNIFTY06FEB2029900CE,CE,2020-02-03 10:13:00,2020-02-03 10:14:00,276.33911888122555,282.541875,1,124.05512237548919,57.50556222808279,66.5495601474064,2020-02-03
BANKNIFTY06FEB2029900CE,CE,2020-02-03 10:28:00,2020-02-03 10:29:00,330.825,340.44673782348633,1,192.43475646972684,59.590927742123355,132.84382872760347,2020-02-03
BANKNIFTY06FEB2029900CE,CE,2020-02-03 10:31:00,2020-02-03 10:32:00,341.2008811187744,351.71850608825685,1,210.35249938964853,59.99400352135554,150.358495868293,2020-02-03
BANKNIFTY06FEB2029900CE,CE,2020-02-03 10:35:00,2020-02-03 10:41:00,345.7622438812256,301.09538108825683,6,-893.3372558593749,58.81933542452112,-952.156591283896,2020-02-03
BANKNIFTY06FEB2029900CE,CE,2020-02-03 10:42:00,2020-02-03 10:46:00,291.6773872375488,327.18,4,710.0522552490236,58.78187863608441,651.2703766129391,2020-02-03
BANKNIFTY06FEB2029900CE,CE,2020-02-03 10:49:00,2020-02-03 10:50:00,324.81,332.6163871765137,1,156.12774353027362,59.32573747112665,96.80200605914698,2020-02-03
BANKNIFTY06FEB2029900CE,CE,2020-02-03 11:15:00,2020-02-03 11:21:00,275.98823776245115,254.46225608825685,6,-430.51963348388597,56.81820560285391,-487.3378390867399,2020-02-03
BANKNIFTY06FEB2029900CE,CE,2020-02-03 11:30:00,2020-02-03 11:36:00,236.53987194061278,246.03336891174317,6,189.86993942260767,56.12309400510307,133.7468454175046,2020-02-03
BANKNIFTY06FEB2029900CE,CE,2020-02-03 11:43:00,2020-02-03 11:48:00,247.26661888122558,237.50475608825684,5,-195.23725585937484,56.04891225152112,-251.28616811089597,2020-02-03
BANKNIFTY06FEB2029900CE,CE,2020-02-03 11:49:00,2020-02-03 11:53:00,226.9158811187744,234.26288108825685,4,146.93999938964907,55.71722875510554,91.22277063454354,2020-02-03
BANKNIFTY06FEB2029900CE,CE,2020-02-03 11:58:00,2020-02-03 11:59:00,234.23411888122558,239.94862804412844,1,114.29018325805714,55.94644544842695,58.34373780963019,2020-02-03
BANKNIFTY06FEB2029900CE,CE,2020-02-03 12:04:00,2020-02-03 12:05:00,242.10375,245.88375000000002,1,75.60000000000059,56.188578129999996,19.411421870000595,2020-02-03
BANKNIFTY06FEB2029900CE,CE,2020-02-03 12:09:00,2020-02-03 12:13:00,237.341875,227.08086891174318,4,-205.22012176513613,55.67206474131169,-260.89218650644784,2020-02-03
BANKNIFTY06FEB2029900CE,CE,2020-02-03 12:15:00,2020-02-03 12:16:00,224.1088780593872,220.04850608825686,1,-81.20743942260674,55.33661090014692,-136.54405032275366,2020-02-03
BANKNIFTY06FEB2029900CE,CE,2020-02-03 12:17:00,2020-02-03 12:18:00,214.6352561187744,223.3901219558716,1,175.0973167419437,55.300194538323034,119.79712220362066,2020-02-03
BANKNIFTY06FEB2029900CE,CE,2020-02-03 13:11:00,2020-02-03 13:15:00,260.19886276245114,267.67913108825684,4,149.60536651611392,56.94352670435391,92.66183981176002,2020-02-03
BANKNIFTY06FEB2029900CE,CE,2020-02-03 13:25:00,2020-02-03 13:30:00,233.73286888122558,248.42737804412843,5,293.89018325805694,56.14645184242695,237.74373141562998,2020-02-03
BANKNIFTY06FEB2029900CE,CE,2020-02-03 13:35:00,2020-02-03 13:39:00,252.57987194061278,252.76649391174317,4,3.732439422607854,56.48614238835307,-52.75370296574522,2020-02-03
BANKNIFTY06FEB2029900CE,CE,2020-02-03 14:10:00,2020-02-03 14:16:00,246.4145030593872,232.26788108825684,6,-282.9324394226069,55.91094625264694,-338.8433856752538,2020-02-03
BANKNIFTY06FEB2029900CE,CE,2020-02-03 14:35:00,2020-02-03 14:38:00,252.12875,248.37750000000003,3,-75.02499999999941,56.37378169750001,-131.39878169749943,2020-02-03
BANKNIFTY06FEB2029900CE,CE,2020-02-03 14:50:00,2020-02-03 14:51:00,271.47698776245113,278.3025,1,136.51024475097756,57.342040194165584,79.16820455681199,2020-02-03
BANKNIFTY06FEB2029900CE,CE,2020-02-03 15:00:00,2020-02-03 15:10:00,302.9555122375488,268.82625,10,-682.585244750976,57.50262027633442,-740.0878650273104,2020-02-03
BANKNIFTY06FEB2029900PE,PE,2020-02-03 09:44:00,2020-02-03 09:52:00,431.4258811187744,367.4789939117432,8,-1278.9377441406236,61.49827463297887,-1340.4360187736024,2020-02-03
BANKNIFTY06FEB2029900PE,PE,2020-02-03 09:53:00,2020-02-03 09:54:00,356.58926223754884,375.65850608825684,1,381.3848770141601,60.76748959702273,320.61738741713737,2020-02-03
BANKNIFTY06FEB2029900PE,PE,2020-02-03 09:58:00,2020-02-03 10:03:00,380.49886276245115,344.7858689117432,5,-714.2598770141592,60.313599232477266,-774.5734762466365,2020-02-03
BANKNIFTY06FEB2029900PE,PE,2020-02-03 10:04:00,2020-02-03 10:08:00,336.84,320.99548782348637,4,-316.8902435302721,59.19253127162335,-376.0827748018954,2020-02-03
BANKNIFTY06FEB2029900PE,PE,2020-02-03 10:09:00,2020-02-03 10:10:00,311.52687499999996,321.44437500000004,1,198.3500000000015,58.888969684,139.46103031600148,2020-02-03
BANKNIFTY06FEB2029900PE,PE,2020-02-03 10:11:00,2020-02-03 10:13:00,312.27875,302.09288108825683,2,-203.71737823486342,58.427612680938324,-262.1449909158017,2020-02-03
BANKNIFTY06FEB2029900PE,PE,2020-02-03 10:14:00,2020-02-03 10:24:00,295.6873872375488,262.39236282348634,10,-665.9004882812496,57.25582870045776,-723.1563169817074,2020-02-03
BANKNIFTY06FEB2029900PE,PE,2020-02-03 10:25:00,2020-02-03 10:31:00,245.1613780593872,241.54461891174319,6,-72.33518295288036,56.12102158902029,-128.45620454190066,2020-02-03
BANKNIFTY06FEB2029900PE,PE,2020-02-03 10:32:00,2020-02-03 10:38:00,231.27674694061278,259.39986282348633,6,562.462317657471,56.38282829666475,506.07948936080624,2020-02-03
BANKNIFTY06FEB2029900PE,PE,2020-02-03 10:41:00,2020-02-03 10:42:00,271.2765061187744,279.3997560882569,1,162.46499938964917,57.36623870860553,105.09876068104364,2020-02-03
BANKNIFTY06FEB2029900PE,PE,2020-02-03 10:44:00,2020-02-03 10:45:00,263.45698776245115,266.0332621765137,1,51.52548828125077,56.94397088904225,-5.418482607791475,2020-02-03
BANKNIFTY06FEB2029900PE,PE,2020-02-03 10:46:00,2020-02-03 10:56:00,247.4671311187744,241.3451219558716,10,-122.44018325805598,56.14481485857304,-178.58499811662904,2020-02-03
BANKNIFTY06FEB2029900PE,PE,2020-02-03 10:57:00,2020-02-03 11:07:00,240.6,251.56949695587159,10,219.38993911743182,56.308193976155835,163.08174514127597,2020-02-03
BANKNIFTY06FEB2029900PE,PE,2020-02-03 11:08:00,2020-02-03 11:15:00,247.31674694061277,279.59923782348636,7,645.6498176574718,57.07342435841475,588.576393299057,2020-02-03
BANKNIFTY06FEB2029900PE,PE,2020-02-03 11:22:00,2020-02-03 11:26:00,285.76261276245117,299.25,4,269.7477447509766,58.02903769591559,211.71870705506103,2020-02-03
BANKNIFTY06FEB2029900PE,PE,2020-02-03 11:36:00,2020-02-03 11:41:00,303.8577561187744,302.1926371765137,5,-33.302378845213525,58.325420048543855,-91.62779889375739,2020-02-03
BANKNIFTY06FEB2029900PE,PE,2020-02-03 12:10:00,2020-02-03 12:12:00,311.9780122375488,308.12774391174315,2,-77.00536651611287,58.57066602464609,-135.57603254075894,2020-02-03
BANKNIFTY06FEB2029900PE,PE,2020-02-03 12:20:00,2020-02-03 12:21:00,321.8025,318.45187500000003,1,-67.01249999999959,58.94384156575,-125.9563415657496,2020-02-03
BANKNIFTY06FEB2029900PE,PE,2020-02-03 12:31:00,2020-02-03 12:33:00,300.75,297.1053810882569,2,-72.89237823486246,58.163070147438326,-131.0554483823008,2020-02-03
BANKNIFTY06FEB2029900PE,PE,2020-02-03 12:41:00,2020-02-03 12:42:00,293.5821311187744,286.2825,1,-145.99262237548714,57.81076798116721,-203.80339035665435,2020-02-03
BANKNIFTY06FEB2029900PE,PE,2020-02-03 12:43:00,2020-02-03 12:44:00,257.6425,269.72399391174315,1,241.62987823486333,56.961505901311675,184.66837233355164,2020-02-03
BANKNIFTY06FEB2029900PE,PE,2020-02-03 12:45:00,2020-02-03 12:46:00,255.7377561187744,265.33500000000004,1,191.94487762451274,56.83108599291721,135.11379163159552,2020-02-03
BANKNIFTY06FEB2029900PE,PE,2020-02-03 12:47:00,2020-02-03 12:57:00,262.7552561187744,253.91362804412844,10,-176.83256149291935,56.64045972301137,-233.47302121593071,2020-02-03
BANKNIFTY06FEB2029900PE,PE,2020-02-03 13:00:00,2020-02-03 13:02:00,258.9958811187744,245.78399391174318,2,-264.23774414062393,56.396012782978886,-320.63375692360285,2020-02-03
BANKNIFTY06FEB2029900PE,PE,2020-02-03 13:15:00,2020-02-03 13:23:00,252.1788780593872,253.71413108825686,8,30.70506057739351,56.50421054839693,-25.799149971003416,2020-02-03
BANKNIFTY06FEB2029900PE,PE,2020-02-03 13:30:00,2020-02-03 13:40:00,273.7827561187744,267.33000000000004,10,-129.05512237548692,57.10379543691721,-186.15891781240413,2020-02-03
BANKNIFTY06FEB2029900PE,PE,2020-02-03 13:47:00,2020-02-03 13:50:00,288.77011276245116,290.27250000000004,3,30.047744750977472,57.848036553915584,-27.800291802938112,2020-02-03
BANKNIFTY06FEB2029900PE,PE,2020-02-03 13:51:00,2020-02-03 13:56:00,293.5821311187744,292.8161128234863,5,-15.320365905761264,57.969688966040565,-73.29005487180183,2020-02-03
BANKNIFTY06FEB2029900PE,PE,2020-02-03 13:57:00,2020-02-03 14:07:00,263.406875,263.24024391174316,10,-3.3326217651369916,56.87541204906168,-60.20803381419867,2020-02-03
BANKNIFTY06FEB2029900PE,PE,2020-02-03 14:08:00,2020-02-03 14:17:00,264.8103688812256,277.80375000000004,9,259.86762237548874,57.2470853923328,202.62053698315594,2020-02-03
BANKNIFTY06FEB2029900PE,PE,2020-02-03 14:18:00,2020-02-03 14:28:00,273.6825,243.93862804412842,10,-594.8774391174317,56.533587520094166,-651.4110266375259,2020-02-03
BANKNIFTY06FEB2029900PE,PE,2020-02-03 14:29:00,2020-02-03 14:39:00,236.79049694061277,258.8013871765137,10,440.21780471801833,56.43677183891805,383.7810328791003,2020-02-03
BANKNIFTY06FEB2029900PE,PE,2020-02-03 14:43:00,2020-02-03 14:53:00,240.09875,213.96375,10,-522.6999999999998,55.3872595,-578.0872594999998,2020-02-03
BANKNIFTY06FEB2029900PE,PE,2020-02-03 14:54:00,2020-02-03 15:04:00,194.735625,214.16324695587159,10,388.55243911743173,54.82853866440583,333.7239004530259,2020-02-03
BANKNIFTY06FEB2029900PE,PE,2020-02-03 15:07:00,2020-02-03 15:17:00,223.75799694061277,213.61461891174318,10,-202.86756057739183,55.175756395353076,-258.0433169727449,2020-02-03
BANKNIFTY06FEB2029900PE,PE,2020-02-03 15:18:00,2020-02-03 15:22:00,213.98362194061278,211.32038108825685,4,-53.26481704711853,54.99851934697972,-108.26333639409825,2020-02-03
BANKNIFTY06FEB2030200CE,CE,2020-02-04 09:20:00,2020-02-04 09:30:00,210.42474388122557,234.41250000000002,10,479.7551223754891,55.51598873308279,424.23913364240633,2020-02-04
BANKNIFTY06FEB2030200CE,CE,2020-02-04 09:32:00,2020-02-04 09:42:00,239.4471311187744,220.29788108825684,10,-382.985000610351,55.53323291860553,-438.5182335289565,2020-02-04
BANKNIFTY06FEB2030200CE,CE,2020-02-04 09:58:00,2020-02-04 09:59:00,224.4096311187744,228.82649391174317,1,88.33725585937543,55.55385960047889,32.783396258896545,2020-02-04
BANKNIFTY06FEB2030200CE,CE,2020-02-04 10:44:00,2020-02-04 10:45:00,292.6798872375488,283.88850608825686,1,-175.8276229858393,57.74132831377274,-233.56895129961202,2020-02-04
BANKNIFTY06FEB2030200CE,CE,2020-02-04 10:46:00,2020-02-04 10:53:00,281.5521311187744,293.26500000000004,7,234.25737762451263,57.83115161016721,176.42622601434542,2020-02-04
BANKNIFTY06FEB2030200CE,CE,2020-02-04 11:29:00,2020-02-04 11:32:00,506.2625,497.9520121765137,3,-166.20975646972624,65.60158835837666,-231.8113448281029,2020-02-04
BANKNIFTY06FEB2030200CE,CE,2020-02-04 12:30:00,2020-02-04 12:34:00,491.97687499999995,489.77250000000004,4,-44.08749999999827,65.22515428525,-109.31265428524827,2020-02-04
BANKNIFTY06FEB2030200CE,CE,2020-02-04 12:41:00,2020-02-04 12:43:00,469.921875,475.8075,2,117.71250000000009,64.61147271325001,53.10102728675008,2020-02-04
BANKNIFTY06FEB2030200CE,CE,2020-02-04 12:48:00,2020-02-04 12:55:00,441.50099388122555,453.8625,7,247.23012237548915,63.7246016525828,183.50552072290634,2020-02-04
BANKNIFTY06FEB2030200CE,CE,2020-02-04 12:56:00,2020-02-04 12:57:00,454.4833811187744,461.64298782348635,1,143.19213409423924,64.07513911229056,79.11699498194868,2020-02-04
BANKNIFTY06FEB2030200PE,PE,2020-02-04 09:15:00,2020-02-04 09:16:00,240.49974388122558,220.1482469558716,1,-407.0299385070797,55.54267051773863,-462.57260902481835,2020-02-04
BANKNIFTY06FEB2030200PE,PE,2020-02-04 09:17:00,2020-02-04 09:21:00,219.04625,199.5,4,-390.9249999999997,54.7739011915,-445.6989011914997,2020-02-04
BANKNIFTY06FEB2030200PE,PE,2020-02-04 09:32:00,2020-02-04 09:34:00,157.4426280593872,162.34312500000001,2,98.00993881225622,53.1047734692086,44.90516534304762,2020-02-04
BANKNIFTY06FEB2030200PE,PE,2020-02-04 09:41:00,2020-02-04 09:51:00,172.8811219406128,155.61,10,-345.42243881225545,53.132801302541395,-398.55524011479685,2020-02-04
BANKNIFTY06FEB2030200PE,PE,2020-02-04 09:54:00,2020-02-04 10:00:00,159.39749999999998,157.10625000000002,6,-45.82499999999925,53.0016803635,-98.82668036349925,2020-02-04
BANKNIFTY06FEB2030200PE,PE,2020-02-04 10:01:00,2020-02-04 10:03:00,156.4401280593872,160.44788108825685,2,80.15506057739287,53.04621965539692,27.108840921995956,2020-02-04
BANKNIFTY06FEB2030200PE,PE,2020-02-04 10:07:00,2020-02-04 10:08:00,147.1670030593872,148.77711891174317,1,32.20231704711921,52.647139108770276,-20.444822061651067,2020-02-04
BANKNIFTY06FEB2030200PE,PE,2020-02-04 10:09:00,2020-02-04 10:19:00,150.375,124.936875,10,-508.7625,52.10711342275,-560.86961342275,2020-02-04
BANKNIFTY06FEB2030200PE,PE,2020-02-04 10:20:00,2020-02-04 10:30:00,121.80375,125.98425304412842,10,83.61006088256858,51.77763164584416,31.832429236724415,2020-02-04
BANKNIFTY06FEB2030200PE,PE,2020-02-04 10:31:00,2020-02-04 10:41:00,120.3,105.28612804412842,10,-300.2774391174316,51.255496744094174,-351.53293586152574,2020-02-04
BANKNIFTY06FEB2030200PE,PE,2020-02-04 10:50:00,2020-02-04 10:51:00,101.9041265296936,104.3384984779358,1,48.687438964844034,51.00390400793222,-2.3164650430881863,2020-02-04
BANKNIFTY06FEB2030200PE,PE,2020-02-04 10:53:00,2020-02-04 11:03:00,99.6485015296936,56.558250761032106,10,-861.8050153732299,49.81369339181534,-911.6187087650453,2020-02-04
BANKNIFTY06FEB2030200PE,PE,2020-02-04 11:04:00,2020-02-04 11:08:00,59.5986257648468,60.34875,4,15.002484703064027,49.40832834255215,-34.405843639488126,2020-02-04
BANKNIFTY06FEB2030200PE,PE,2020-02-04 11:09:00,2020-02-04 11:19:00,59.8492507648468,44.8875,10,-299.23501529693596,49.03536874680215,-348.2703840437381,2020-02-04
BANKNIFTY06FEB2030200PE,PE,2020-02-04 11:20:00,2020-02-04 11:22:00,44.861875,48.07950076103211,2,64.3525152206422,48.92681253496104,15.425702685681166,2020-02-04
BANKNIFTY06FEB2030200PE,PE,2020-02-04 11:24:00,2020-02-04 11:25:00,47.1676242351532,47.97974847793579,1,16.242484855651895,48.953031906525766,-32.71054705087387,2020-02-04
BANKNIFTY06FEB2030200PE,PE,2020-02-04 11:28:00,2020-02-04 11:29:00,49.47337347030639,50.174249238967896,1,14.017515373230083,49.03505577143466,-35.01754039820458,2020-02-04
BANKNIFTY06FEB2030200PE,PE,2020-02-04 11:31:00,2020-02-04 11:40:00,50.62625,40.099500761032104,9,-210.5349847793579,48.80432449621104,-259.33930927556895,2020-02-04
BANKNIFTY06FEB2030200PE,PE,2020-02-04 11:42:00,2020-02-04 11:48:00,39.69899847030639,41.895,6,43.92003059387221,48.712241699395705,-4.792211105523492,2020-02-04
BANKNIFTY06FEB2030200PE,PE,2020-02-04 11:51:00,2020-02-04 11:56:00,40.250376529693604,43.590750761032105,5,66.80748462677002,48.760338563065346,18.047146063704673,2020-02-04
BANKNIFTY06FEB2030200PE,PE,2020-02-04 12:03:00,2020-02-04 12:13:00,43.9596234703064,42.742873477935795,10,-24.334999847412035,48.78579733547362,-73.12079718288565,2020-02-04
BANKNIFTY06FEB2030200PE,PE,2020-02-04 12:19:00,2020-02-04 12:22:00,46.114999999999995,44.089500761032106,3,-40.50998477935778,48.84532969471104,-89.35531447406882,2020-02-04
BANKNIFTY06FEB2030200PE,PE,2020-02-04 12:24:00,2020-02-04 12:29:00,42.0548757648468,51.720373477935794,5,193.30995426177992,48.98049863088007,144.32945563089984,2020-02-04
BANKNIFTY06FEB2030200PE,PE,2020-02-04 12:36:00,2020-02-04 12:40:00,48.671374235153195,52.368750000000006,4,73.94751529693622,49.078470212447854,24.869045084488363,2020-02-04
BANKNIFTY06FEB2030200PE,PE,2020-02-04 12:45:00,2020-02-04 12:48:00,46.9169992351532,55.06200076103211,3,162.90003051757822,49.12218411340889,113.77784640416932,2020-02-04
BANKNIFTY06FEB2030200PE,PE,2020-02-04 12:55:00,2020-02-04 13:05:00,53.383125,46.8825,10,-130.0125,49.003561768750004,-179.01606176874998,2020-02-04
BANKNIFTY06FEB2030200PE,PE,2020-02-04 13:06:00,2020-02-04 13:16:00,44.4107492351532,47.88,10,69.3850152969361,48.916355352197854,20.46865994473825,2020-02-04
BANKNIFTY06FEB2030200PE,PE,2020-02-04 13:17:00,2020-02-04 13:24:00,46.365624999999994,46.234123477935796,7,-2.6300304412839637,48.900608304577915,-51.53063874586188,2020-02-04
BANKNIFTY06FEB2030200PE,PE,2020-02-04 13:28:00,2020-02-04 13:35:00,44.4107492351532,45.4361242389679,7,20.507500076294036,48.8569114957368,-28.349411419442767,2020-02-04
BANKNIFTY06FEB2030200PE,PE,2020-02-04 13:37:00,2020-02-04 13:47:00,42.95712347030639,40.099500761032104,10,-57.152454185485766,48.70904633585674,-105.8615005213425,2020-02-04
BANKNIFTY06FEB2030200PE,PE,2020-02-04 13:48:00,2020-02-04 13:58:00,35.0373757648468,39.7004992389679,10,93.262469482422,48.60094940484111,44.661520077580896,2020-02-04
BANKNIFTY06FEB2030200PE,PE,2020-02-04 14:01:00,2020-02-04 14:04:00,40.45087347030639,41.39625,3,18.907530593872224,48.709451298145694,-29.80192070427347,2020-02-04
BANKNIFTY06FEB2030200PE,PE,2020-02-04 14:05:00,2020-02-04 14:11:00,41.6538742351532,42.543376522064214,6,17.790045738220357,48.752299145119935,-30.962253406899578,2020-02-04
BANKNIFTY06FEB2030200PE,PE,2020-02-04 14:15:00,2020-02-04 14:25:00,40.8017507648468,38.9025,10,-37.985015296935956,48.65315347980216,-86.63816877673811,2020-02-04
BANKNIFTY06FEB2030200PE,PE,2020-02-04 14:26:00,2020-02-04 14:36:00,38.947123470306394,39.05212652206421,10,2.1000610351563864,48.633751787817786,-46.5336907526614,2020-02-04
BANKNIFTY06FEB2030200PE,PE,2020-02-04 14:37:00,2020-02-04 14:39:00,40.9019992351532,41.097000761032106,2,3.900030517578159,48.707777085408885,-44.807746567830726,2020-02-04
BANKNIFTY06FEB2030200PE,PE,2020-02-04 14:52:00,2020-02-04 15:02:00,43.6588742351532,42.992248477935796,10,-13.332515144348065,48.78812664502577,-62.120641789373835,2020-02-04
BANKNIFTY06FEB2030200PE,PE,2020-02-04 15:04:00,2020-02-04 15:12:00,42.3055007648468,39.8501257610321,8,-49.10750007629389,48.69488513826319,-97.80238521455708,2020-02-04
BANKNIFTY06FEB2030700CE,CE,2020-02-05 09:20:00,2020-02-05 09:27:00,191.42737194061277,207.62961891174317,7,324.04493942260785,54.628516896603074,269.4164225260048,2020-02-05
BANKNIFTY06FEB2030700CE,CE,2020-02-05 09:31:00,2020-02-05 09:38:00,229.07125,247.42987804412843,7,367.17256088256875,56.064274963094164,311.1082859194746,2020-02-05
BANKNIFTY06FEB2030700CE,CE,2020-02-05 09:39:00,2020-02-05 09:40:00,240.54987194061277,241.0957469558716,1,10.917500305176304,56.05281189969724,-45.135311594520935,2020-02-05
BANKNIFTY06FEB2030700CE,CE,2020-02-05 09:42:00,2020-02-05 09:49:00,239.5975,210.8714939117432,7,-574.5201217651362,55.30581737031167,-629.8259391354479,2020-02-05
BANKNIFTY06FEB2030700CE,CE,2020-02-05 09:52:00,2020-02-05 09:53:00,189.6729969406128,202.4925,1,256.3900611877443,54.4817680177914,201.9082931699529,2020-02-05
BANKNIFTY06FEB2030700CE,CE,2020-02-05 09:59:00,2020-02-05 10:01:00,229.77299694061279,221.195625,2,-171.54743881225556,55.434881709041406,-226.98232052129697,2020-02-05
BANKNIFTY06FEB2030700CE,CE,2020-02-05 10:02:00,2020-02-05 10:12:00,222.0036219406128,217.00612804412842,10,-99.94987792968743,55.23645445363557,-155.186332383323,2020-02-05
BANKNIFTY06FEB2030700CE,CE,2020-02-05 10:16:00,2020-02-05 10:21:00,206.5651280593872,219.45000000000002,5,257.6974388122562,55.10409654495861,202.5933422672976,2020-02-05
BANKNIFTY06FEB2030700CE,CE,2020-02-05 10:23:00,2020-02-05 10:31:00,257.14125,254.01336891174319,8,-62.55762176513656,56.57313961356168,-119.13076137869824,2020-02-05
BANKNIFTY06FEB2030700CE,CE,2020-02-05 10:33:00,2020-02-05 10:36:00,268.66999999999996,270.62173782348634,3,39.034756469727654,57.12034351412335,-18.085587044395695,2020-02-05
BANKNIFTY06FEB2030700CE,CE,2020-02-05 10:40:00,2020-02-05 10:41:00,267.06599388122555,265.18538108825686,1,-37.61225585937382,56.96818421702112,-94.58044007639494,2020-02-05
BANKNIFTY06FEB2030700CE,CE,2020-02-05 10:44:00,2020-02-05 10:54:00,262.70511276245117,248.128125,10,-291.5397552490231,56.49911250016559,-348.0388677491887,2020-02-05
BANKNIFTY06FEB2030700CE,CE,2020-02-05 10:55:00,2020-02-05 11:05:00,244.00849388122558,232.21800304412844,10,-235.80981674194277,55.879841743426965,-291.6896584853697,2020-02-05
BANKNIFTY06FEB2030700CE,CE,2020-02-05 11:07:00,2020-02-05 11:17:00,224.25924694061277,231.0708689117432,10,136.23243942260842,55.60658256735307,80.62585685525535,2020-02-05
BANKNIFTY06FEB2030700CE,CE,2020-02-05 11:18:00,2020-02-05 11:23:00,221.55249999999998,225.08586891174318,5,70.66737823486392,55.427378280061674,15.239999954802244,2020-02-05
BANKNIFTY06FEB2030700CE,CE,2020-02-05 11:27:00,2020-02-05 11:37:00,226.81562499999998,186.33300304412842,10,-809.6524391174313,54.55015603159416,-864.2025951490255,2020-02-05
BANKNIFTY06FEB2030700CE,CE,2020-02-05 11:38:00,2020-02-05 11:41:00,190.52512805938719,183.39038108825685,3,-142.6949394226068,54.02772225439692,-196.7226616770037,2020-02-05
BANKNIFTY06FEB2030700CE,CE,2020-02-05 11:42:00,2020-02-05 11:47:00,171.3773719406128,178.5525,5,143.5025611877444,53.67216350704139,89.830397680703,2020-02-05
BANKNIFTY06FEB2030700CE,CE,2020-02-05 11:52:00,2020-02-05 12:02:00,173.53275611877442,132.916875,10,-812.3176223754882,52.588918449667204,-864.9065408251554,2020-02-05
BANKNIFTY06FEB2030700CE,CE,2020-02-05 12:03:00,2020-02-05 12:13:00,137.49286888122558,127.08150152206422,10,-208.2273471832272,51.99923601625487,-260.2265831994821,2020-02-05
BANKNIFTY06FEB2030700CE,CE,2020-02-05 12:16:00,2020-02-05 12:26:00,133.23224388122557,143.04149391174317,10,196.18500061035206,52.334508186394466,143.8504924239576,2020-02-05
BANKNIFTY06FEB2030700CE,CE,2020-02-05 12:27:00,2020-02-05 12:30:00,139.09687499999998,143.59012195587158,3,89.86493911743196,52.42071262665584,37.44422649077612,2020-02-05
BANKNIFTY06FEB2030700CE,CE,2020-02-05 12:39:00,2020-02-05 12:49:00,169.62299694061278,176.05875,10,128.71506118774448,53.58971087629139,75.12535031145309,2020-02-05
BANKNIFTY06FEB2030700CE,CE,2020-02-05 12:50:00,2020-02-05 13:00:00,175.4375,156.10875000000001,10,-386.5749999999997,53.17669211650001,-439.7516921164997,2020-02-05
BANKNIFTY06FEB2030700CE,CE,2020-02-05 13:02:00,2020-02-05 13:07:00,152.9815061187744,174.5625,5,431.6198776245119,53.34656946441721,378.2733081600947,2020-02-05
BANKNIFTY06FEB2030700CE,CE,2020-02-05 13:11:00,2020-02-05 13:16:00,166.06411888122557,177.10612804412844,5,220.84018325805744,53.570972803426955,167.26921045463047,2020-02-05
BANKNIFTY06FEB2030700CE,CE,2020-02-05 13:21:00,2020-02-05 13:31:00,189.12161888122557,164.5875,10,-490.68237762451133,53.55293185933279,-544.2353094838442,2020-02-05
BANKNIFTY06FEB2030700CE,CE,2020-02-05 13:32:00,2020-02-05 13:38:00,168.31974388122558,195.65961891174317,6,546.7975006103518,54.05028347664446,492.74721713370735,2020-02-05
BANKNIFTY06FEB2030700CE,CE,2020-02-05 13:49:00,2020-02-05 13:53:00,184.61036888122558,194.96137195587158,4,207.02006149292004,54.23568780573863,152.78437368718141,2020-02-05
BANKNIFTY06FEB2030700CE,CE,2020-02-05 14:11:00,2020-02-05 14:15:00,270.47448776245113,290.42211891174315,4,398.95262298584043,57.62437829772726,341.32824468811316,2020-02-05
BANKNIFTY06FEB2030700CE,CE,2020-02-05 14:23:00,2020-02-05 14:24:00,284.50948776245116,280.89600608825685,1,-72.26963348388608,57.56703416585391,-129.83666764973998,2020-02-05
BANKNIFTY06FEB2030700PE,PE,2020-02-05 09:15:00,2020-02-05 09:17:00,197.3421311187744,162.44288108825685,2,-697.985000610351,53.60289536260552,-751.5878959729565,2020-02-05
BANKNIFTY06FEB2030700PE,PE,2020-02-05 09:18:00,2020-02-05 09:20:00,155.5378688812256,144.28836891174316,2,-224.98999938964857,52.641952837894465,-277.631952227543,2020-02-05
BANKNIFTY06FEB2030700PE,PE,2020-02-05 09:34:00,2020-02-05 09:36:00,91.6285015296936,98.8522484779358,2,144.47493896484417,50.74279840268222,93.73214056216196,2020-02-05
BANKNIFTY06FEB2030700PE,PE,2020-02-05 10:21:00,2020-02-05 10:23:00,90.3753765296936,70.22400152206421,2,-403.02750015258766,50.03088805127639,-453.05838820386407,2020-02-05
BANKNIFTY06FEB2030700PE,PE,2020-02-05 11:10:00,2020-02-05 11:14:00,79.29774847030639,79.8997484779358,4,12.040000152588277,50.128613029973614,-38.08861287738534,2020-02-05
BANKNIFTY06FEB2030700PE,PE,2020-02-05 11:17:00,2020-02-05 11:18:00,77.8441265296936,85.78500000000001,1,158.81746940612828,50.2537043163543,108.56376508977398,2020-02-05
BANKNIFTY06FEB2030700PE,PE,2020-02-05 11:23:00,2020-02-05 11:27:00,81.70375,82.3934984779358,4,13.794969558715877,50.21916120807792,-36.424191649362044,2020-02-05
BANKNIFTY06FEB2030700PE,PE,2020-02-05 11:47:00,2020-02-05 11:50:00,111.0770030593872,112.61775152206421,3,30.814969253540312,51.31924539613068,-20.50427614259037,2020-02-05
BANKNIFTY06FEB2030700PE,PE,2020-02-05 12:32:00,2020-02-05 12:38:00,115.38774847030639,104.0891234779358,6,-225.97249984741183,51.165353435723624,-277.1378532831354,2020-02-05
BANKNIFTY06FEB2030700PE,PE,2020-02-05 13:05:00,2020-02-05 13:11:00,106.8664984703064,109.02675304412843,6,43.2050914764406,51.179589760739866,-7.9744982842992655,2020-02-05
BANKNIFTY06FEB2030700PE,PE,2020-02-05 13:16:00,2020-02-05 13:26:00,98.39537652969359,94.36349847793579,10,-80.63756103515601,50.71768479143222,-131.35524582658823,2020-02-05
BANKNIFTY06FEB2030700PE,PE,2020-02-05 13:35:00,2020-02-05 13:41:00,96.6410015296936,86.1341234779358,6,-210.1375610351559,50.49572111243222,-260.63328214758815,2020-02-05
BANKNIFTY06FEB2030700PE,PE,2020-02-05 13:44:00,2020-02-05 13:47:00,86.8666265296936,87.43087652206421,3,11.28499984741211,50.40582988952639,-39.12083004211428,2020-02-05
BANKNIFTY06FEB2030700PE,PE,2020-02-05 13:50:00,2020-02-05 14:00:00,87.3678765296936,64.48837652206421,10,-457.5900001525878,49.85401302602638,-507.44401317861417,2020-02-05
BANKNIFTY06FEB2030700PE,PE,2020-02-05 14:02:00,2020-02-05 14:11:00,64.8116265296936,51.22162347793579,9,-271.8000610351561,49.25108800418222,-321.0511490393383,2020-02-05
BANKNIFTY06FEB2030700PE,PE,2020-02-05 14:15:00,2020-02-05 14:20:00,43.257876529693604,44.53837652206421,5,25.609999847412155,48.82075221002638,-23.210752362614222,2020-02-05
BANKNIFTY06FEB2030700PE,PE,2020-02-05 14:26:00,2020-02-05 14:31:00,40.9019992351532,34.613250761032106,5,-125.77496948242185,48.55006894390889,-174.32503842633074,2020-02-05
BANKNIFTY06FEB2030700PE,PE,2020-02-05 14:33:00,2020-02-05 14:43:00,31.7291246175766,35.81025152206421,10,81.6225380897523,48.465224186521006,33.15731390323129,2020-02-05
BANKNIFTY06FEB2030700PE,PE,2020-02-05 14:46:00,2020-02-05 14:56:00,35.0875,33.11700076103211,10,-39.409984779357785,48.44143774471104,-87.85142252406882,2020-02-05
BANKNIFTY06FEB2030700PE,PE,2020-02-05 15:00:00,2020-02-05 15:02:00,30.075,32.2192492389679,2,42.884984779357964,48.35732790078895,-5.472343121430988,2020-02-05
BANKNIFTY06FEB2030700PE,PE,2020-02-05 15:03:00,2020-02-05 15:05:00,31.7792507648468,31.321499619483948,2,-9.155022907257049,48.35666432794663,-57.51168723520368,2020-02-05
BANKNIFTY06FEB2030700PE,PE,2020-02-05 15:11:00,2020-02-05 15:18:00,29.724124617576596,29.176875000000003,7,-10.944992351531866,48.278967271348925,-59.22395962288079,2020-02-05
BANKNIFTY06FEB2030700PE,PE,2020-02-05 15:19:00,2020-02-05 15:21:00,28.621374235153198,30.274125380516054,2,33.055022907257126,48.29195622105337,-15.236933313796243,2020-02-05
BANKNIFTY06FEB2031100CE,CE,2020-02-06 09:30:00,2020-02-06 09:32:00,91.1272515296936,91.1216234779358,2,-0.11256103515592031,50.54853444293222,-50.66109547808814,2020-02-06
BANKNIFTY06FEB2031100CE,CE,2020-02-06 09:33:00,2020-02-06 09:34:00,86.41549694061278,91.77000000000001,1,107.09006118774454,50.505768339791395,56.584292847953144,2020-02-06
BANKNIFTY06FEB2031100CE,CE,2020-02-06 09:40:00,2020-02-06 09:41:00,117.29249999999999,118.35337652206421,1,21.217530441284396,51.53597529217208,-30.318444850887687,2020-02-06
BANKNIFTY06FEB2031100CE,CE,2020-02-06 09:54:00,2020-02-06 09:55:00,110.27499999999999,113.5653734779358,1,65.80746955871604,51.332331208327915,14.475138350388121,2020-02-06
BANKNIFTY06FEB2031100CE,CE,2020-02-06 10:02:00,2020-02-06 10:03:00,94.6861219406128,97.90462652206422,1,64.37009162902854,50.757735478213476,13.61235615081506,2020-02-06
BANKNIFTY06FEB2031100CE,CE,2020-02-06 10:04:00,2020-02-06 10:05:00,90.32524847030639,104.13900152206422,1,276.27506103515657,50.85520017431779,225.41986086083878,2020-02-06
BANKNIFTY06FEB2031100CE,CE,2020-02-06 10:45:00,2020-02-06 10:48:00,81.1022515296936,86.7825,3,113.6049694061279,50.3184447491043,63.286524657023605,2020-02-06
BANKNIFTY06FEB2031100CE,CE,2020-02-06 10:59:00,2020-02-06 11:00:00,67.01712347030639,70.62300304412842,1,72.11759147644074,49.750399611989856,22.36719186445088,2020-02-06
BANKNIFTY06FEB2031100CE,CE,2020-02-06 11:14:00,2020-02-06 11:15:00,63.1575,71.62050304412843,1,169.26006088256855,49.726711984844165,119.53334889772438,2020-02-06
BANKNIFTY06FEB2031100CE,CE,2020-02-06 11:43:00,2020-02-06 11:44:00,75.0872515296936,78.00449695587159,1,58.344908523559695,50.03020416026013,8.314704363299562,2020-02-06
BANKNIFTY06FEB2031100CE,CE,2020-02-06 12:05:00,2020-02-06 12:07:00,152.02911888122557,142.24350608825685,2,-195.7122558593744,52.54862310602111,-248.26087896539553,2020-02-06
BANKNIFTY06FEB2031100CE,CE,2020-02-06 12:13:00,2020-02-06 12:16:00,142.355,149.12625,3,135.42500000000018,52.5958488325,82.82915116750019,2020-02-06
BANKNIFTY06FEB2031100CE,CE,2020-02-06 12:22:00,2020-02-06 12:23:00,150.52536888122557,152.0688719558716,1,30.870061492920513,52.768929386738634,-21.89886789381812,2020-02-06
BANKNIFTY06FEB2031100CE,CE,2020-02-06 12:26:00,2020-02-06 12:27:00,142.00411888122557,152.96663108825683,1,219.25024414062534,52.684901519271115,166.56534262135423,2020-02-06
BANKNIFTY06FEB2031100CE,CE,2020-02-06 12:46:00,2020-02-06 12:48:00,195.3371311187744,204.88649391174317,2,190.9872558593753,54.61036750547888,136.37688835389642,2020-02-06
BANKNIFTY06FEB2031100CE,CE,2020-02-06 13:09:00,2020-02-06 13:12:00,201.6027561187744,218.1532469558716,3,331.0098167419437,55.01090431857304,275.9989124233707,2020-02-06
BANKNIFTY06FEB2031100CE,CE,2020-02-06 13:29:00,2020-02-06 13:33:00,301.1008811187744,292.018125,4,-181.65512237548796,58.043688971917206,-239.69881134740518,2020-02-06
BANKNIFTY06FEB2031100CE,CE,2020-02-06 13:46:00,2020-02-06 13:48:00,349.72213111877437,342.0926371765137,2,-152.5898788452139,59.865732337793844,-212.45561118300773,2020-02-06
BANKNIFTY06FEB2031100CE,CE,2020-02-06 13:53:00,2020-02-06 13:54:00,291.52698776245114,283.4895121765137,1,-160.74951171874886,57.717300183542235,-218.4668119022911,2020-02-06
BANKNIFTY06FEB2031100CE,CE,2020-02-06 13:56:00,2020-02-06 13:57:00,239.54737194061278,262.14298782348635,1,451.9123176574715,56.55230190866475,395.36001574880675,2020-02-06
BANKNIFTY06FEB2031100CE,CE,2020-02-06 13:58:00,2020-02-06 14:00:00,256.389375,252.3675,2,-80.43749999999932,56.52376516225,-136.96126516224933,2020-02-06
BANKNIFTY06FEB2031100CE,CE,2020-02-06 14:02:00,2020-02-06 14:03:00,255.53724388122558,230.87137195587158,1,-493.31743850707994,55.99031540598863,-549.3077539130686,2020-02-06
BANKNIFTY06FEB2031100CE,CE,2020-02-06 14:04:00,2020-02-06 14:14:00,219.9986219406128,218.95125000000002,10,-20.94743881225554,55.258857504041394,-76.20629631629694,2020-02-06
BANKNIFTY06FEB2031100CE,CE,2020-02-06 14:16:00,2020-02-06 14:21:00,215.28687499999998,266.0332621765137,5,1014.9277435302741,56.345524676126644,958.5822188541475,2020-02-06
BANKNIFTY06FEB2031100CE,CE,2020-02-06 14:27:00,2020-02-06 14:28:00,247.61749999999998,255.95850608825685,1,166.82012176513751,56.502133091688314,110.31798867344921,2020-02-06
BANKNIFTY06FEB2031100CE,CE,2020-02-06 14:33:00,2020-02-06 14:36:00,227.9183811187744,197.30550304412841,3,-612.2575614929195,54.830746933511364,-667.0883084264309,2020-02-06
BANKNIFTY06FEB2031100CE,CE,2020-02-06 14:37:00,2020-02-06 14:40:00,206.21424694061278,207.08100608825686,3,17.335182952881496,54.79887887797972,-37.46369592509822,2020-02-06
BANKNIFTY06FEB2031100CE,CE,2020-02-06 14:47:00,2020-02-06 14:48:00,218.19411888122556,225.435,1,144.81762237548878,55.3941472213328,89.42347515415598,2020-02-06
BANKNIFTY06FEB2031100CE,CE,2020-02-06 14:49:00,2020-02-06 14:59:00,216.28937499999998,196.55737804412843,10,-394.639939117431,54.66807571984417,-449.3080148372752,2020-02-06
BANKNIFTY06FEB2031100CE,CE,2020-02-06 15:05:00,2020-02-06 15:07:00,211.47737194061278,221.34524391174318,2,197.35743942260797,55.211223452853076,142.1462159697549,2020-02-06
BANKNIFTY06FEB2031100CE,CE,2020-02-06 15:11:00,2020-02-06 15:13:00,208.92099388122557,207.13086891174316,2,-35.80249938964812,54.83371926264447,-90.6362186522926,2020-02-06
BANKNIFTY06FEB2031100CE,CE,2020-02-06 15:15:00,2020-02-06 15:19:00,204.45987194061277,206.63211891174316,4,43.44493942260783,54.76616467260307,-11.321225249995237,2020-02-06
BANKNIFTY06FEB2031100CE,CE,2020-02-06 15:20:00,2020-02-06 15:24:00,208.01874999999998,203.1907469558716,4,-96.56006088256788,54.72667219515585,-151.28673307772374,2020-02-06
BANKNIFTY06FEB2031100PE,PE,2020-02-06 09:38:00,2020-02-06 09:39:00,113.0820030593872,123.93937500000001,1,217.14743881225615,51.6195373549586,165.52790145729756,2020-02-06
BANKNIFTY06FEB2031100PE,PE,2020-02-06 09:41:00,2020-02-06 09:43:00,122.90649847030639,117.50550304412842,2,-108.01990852355942,51.585098028239855,-159.60500655179928,2020-02-06
BANKNIFTY06FEB2031100PE,PE,2020-02-06 10:15:00,2020-02-06 10:16:00,131.52799694061278,147.97913108825685,1,329.0226829528814,52.433436415729716,276.58924653715167,2020-02-06
BANKNIFTY06FEB2031100PE,PE,2020-02-06 10:34:00,2020-02-06 10:35:00,145.3123719406128,156.00899391174318,1,213.93243942260767,52.80000314835307,161.1324362742546,2020-02-06
BANKNIFTY06FEB2031100PE,PE,2020-02-06 11:00:00,2020-02-06 11:06:00,199.5476280593872,191.02125,6,-170.5275611877437,54.3254243884586,-224.8529855762023,2020-02-06
BANKNIFTY06FEB2031100PE,PE,2020-02-06 11:28:00,2020-02-06 11:33:00,153.78349388122558,167.62987804412842,5,276.92768325805673,53.187906716176954,223.7397765418798,2020-02-06
BANKNIFTY06FEB2031100PE,PE,2020-02-06 11:45:00,2020-02-06 11:55:00,146.7158811187744,44.58825076103211,10,-2042.552607154846,50.10728619687824,-2092.6598933517243,2020-02-06
BANKNIFTY06FEB2031100PE,PE,2020-02-06 11:56:00,2020-02-06 12:05:00,41.7541265296936,33.3663757610321,9,-167.75501537322995,48.530326943815346,-216.2853423170453,2020-02-06
BANKNIFTY06FEB2031100PE,PE,2020-02-06 12:07:00,2020-02-06 12:13:00,36.089999999999996,34.114500761032104,6,-39.509984779357836,48.47815519471104,-87.98813997406887,2020-02-06
BANKNIFTY06FEB2031100PE,PE,2020-02-06 12:16:00,2020-02-06 12:22:00,30.6765003824234,29.974874238967896,6,-14.032522869110053,48.31020942119004,-62.34273229030009,2020-02-06
BANKNIFTY06FEB2031100PE,PE,2020-02-06 12:23:00,2020-02-06 12:26:00,29.7742507648468,31.371375761032105,3,31.94249992370608,48.33296817726319,-16.39046825355711,2020-02-06
BANKNIFTY06FEB2031100PE,PE,2020-02-06 12:27:00,2020-02-06 12:37:00,25.9146253824234,14.812875380516052,10,-222.03500003814693,47.8822553955066,-269.9172554336535,2020-02-06
BANKNIFTY06FEB2031100PE,PE,2020-02-06 12:38:00,2020-02-06 12:46:00,14.9873748087883,11.471250000000001,8,-70.32249617576596,47.66521924617446,-117.98771542194042,2020-02-06
BANKNIFTY06FEB2031100PE,PE,2020-02-06 12:53:00,2020-02-06 13:03:00,7.719249808788299,6.034875190258027,10,-33.68749237060545,47.442690762102224,-81.13018313270767,2020-02-06
BANKNIFTY06FEB2031100PE,PE,2020-02-06 13:05:00,2020-02-06 13:08:00,5.41350009560585,6.832874904870987,3,28.38749618530274,47.43345527582388,-19.04595909052114,2020-02-06
BANKNIFTY13FEB2031200CE,CE,2020-02-07 09:15:00,2020-02-07 09:20:00,266.16375,249.7739939117432,5,-327.79512176513606,56.58211468281168,-384.3772364479477,2020-02-07
BANKNIFTY13FEB2031200CE,CE,2020-02-07 09:26:00,2020-02-07 09:35:00,247.7177561187744,245.43487804412842,9,-45.657561492919285,56.247406114511364,-101.90496760743065,2020-02-07
BANKNIFTY13FEB2031200CE,CE,2020-02-07 09:46:00,2020-02-07 09:51:00,272.6298872375488,276.0082621765137,5,67.56749877929792,57.30055923296106,10.266939546336864,2020-02-07
BANKNIFTY13FEB2031200CE,CE,2020-02-07 09:56:00,2020-02-07 09:59:00,265.66249999999997,250.87125,3,-295.82499999999925,56.602576571499995,-352.42757657149923,2020-02-07
BANKNIFTY13FEB2031200CE,CE,2020-02-07 10:01:00,2020-02-07 10:04:00,237.74286888122558,243.68925304412844,3,118.92768325805719,56.08102222117696,62.84666103688023,2020-02-07
BANKNIFTY13FEB2031200CE,CE,2020-02-07 10:15:00,2020-02-07 10:20:00,221.85325305938719,221.99362804412843,5,2.8074996948248554,55.35590028580276,-52.548400590977906,2020-02-07
BANKNIFTY13FEB2031200CE,CE,2020-02-07 10:24:00,2020-02-07 10:34:00,224.25924694061277,225.73425304412842,10,29.50012207031307,55.47677685763556,-25.976654787322495,2020-02-07
BANKNIFTY13FEB2031200CE,CE,2020-02-07 10:41:00,2020-02-07 10:43:00,250.57487194061278,246.38250000000002,2,-83.84743881225518,56.305951356041405,-140.1533901682966,2020-02-07
BANKNIFTY13FEB2031200CE,CE,2020-02-07 11:04:00,2020-02-07 11:07:00,236.18900611877442,240.3975,3,84.16987762451186,55.98165036741722,28.18822725709464,2020-02-07
BANKNIFTY13FEB2031200CE,CE,2020-02-07 11:39:00,2020-02-07 11:41:00,235.1363780593872,236.4075,2,25.42243881225602,55.8715217734586,-30.449082961202585,2020-02-07
BANKNIFTY13FEB2031200CE,CE,2020-02-07 11:46:00,2020-02-07 11:48:00,237.341875,244.38750000000002,2,140.9125000000006,56.093024313250005,84.8194756867506,2020-02-07
BANKNIFTY13FEB2031200CE,CE,2020-02-07 11:56:00,2020-02-07 12:02:00,252.63,254.01336891174319,6,27.667378234863804,56.517093648061675,-28.84971541319787,2020-02-07
BANKNIFTY13FEB2031200CE,CE,2020-02-07 12:08:00,2020-02-07 12:18:00,242.75536888122556,239.4,10,-67.10737762451117,56.0389654408328,-123.14634306534397,2020-02-07
BANKNIFTY13FEB2031200CE,CE,2020-02-07 12:30:00,2020-02-07 12:31:00,268.06849388122555,282.541875,1,289.4676223754891,57.402811291332796,232.0648110841563,2020-02-07
BANKNIFTY13FEB2031200CE,CE,2020-02-07 12:52:00,2020-02-07 13:02:00,305.56198776245117,277.055625,10,-570.1272552490229,57.735170111415584,-627.8624253604385,2020-02-07
BANKNIFTY13FEB2031200CE,CE,2020-02-07 13:03:00,2020-02-07 13:04:00,276.74011276245113,284.78625,1,160.92274475097724,57.5651352954156,103.35760945556164,2020-02-07
BANKNIFTY13FEB2031200CE,CE,2020-02-07 13:10:00,2020-02-07 13:13:00,282.955625,281.7438871765137,3,-24.234756469726335,57.56835311687665,-81.80310958660299,2020-02-07
BANKNIFTY13FEB2031200CE,CE,2020-02-07 13:19:00,2020-02-07 13:26:00,268.2188627624512,249.42487804412843,7,-375.87969436645494,56.59915482700975,-432.47884919346467,2020-02-07
BANKNIFTY13FEB2031200CE,CE,2020-02-07 13:32:00,2020-02-07 13:35:00,247.6676280593872,247.87875000000003,3,4.2224388122565415,56.306227107458604,-52.08378829520206,2020-02-07
BANKNIFTY13FEB2031200CE,CE,2020-02-07 14:16:00,2020-02-07 14:17:00,246.61499999999998,249.375,1,55.20000000000039,56.329543864,-1.129543863999615,2020-02-07
BANKNIFTY13FEB2031200CE,CE,2020-02-07 14:23:00,2020-02-07 14:24:00,238.595,241.89375,1,65.97500000000025,56.0479356595,9.927064340500252,2020-02-07
BANKNIFTY13FEB2031200CE,CE,2020-02-07 14:38:00,2020-02-07 14:46:00,270.17375,269.82375,8,-6.999999999999318,57.11961556599999,-64.11961556599931,2020-02-07
BANKNIFTY13FEB2031200CE,CE,2020-02-07 14:48:00,2020-02-07 14:53:00,257.9933811187744,256.4572560882568,5,-30.722500610351062,56.643170283855525,-87.36567089420659,2020-02-07
BANKNIFTY13FEB2031200CE,CE,2020-02-07 14:56:00,2020-02-07 14:57:00,264.9607377624512,264.33750000000003,1,-12.4647552490228,56.92140583666559,-69.3861610856884,2020-02-07
BANKNIFTY13FEB2031200CE,CE,2020-02-07 15:01:00,2020-02-07 15:04:00,256.8405122375488,254.3625,3,-49.560244750975926,56.57789549283441,-106.13814024381034,2020-02-07
BANKNIFTY13FEB2031200CE,CE,2020-02-07 15:13:00,2020-02-07 15:18:00,257.34176223754883,249.47475608825684,5,-157.3401229858399,56.46523529452274,-213.80535828036267,2020-02-07
BANKNIFTY13FEB2031200PE,PE,2020-02-07 09:15:00,2020-02-07 09:20:00,305.31136276245115,326.03288108825683,5,414.4303665161135,58.923359632853916,355.5070068832596,2020-02-07
BANKNIFTY13FEB2031200PE,PE,2020-02-07 09:21:00,2020-02-07 09:23:00,326.0130122375488,322.1925,2,-76.41024475097652,59.08713675183441,-135.49738150281092,2020-02-07
BANKNIFTY13FEB2031200PE,PE,2020-02-07 09:28:00,2020-02-07 09:34:00,314.28375,331.5689939117432,6,345.7048782348636,59.16948717681167,286.5353910580519,2020-02-07
BANKNIFTY13FEB2031200PE,PE,2020-02-07 09:36:00,2020-02-07 09:41:00,325.66213111877437,279.050625,5,-932.2301223754869,58.03341183441721,-990.263534209904,2020-02-07
BANKNIFTY13FEB2031200PE,PE,2020-02-07 09:43:00,2020-02-07 09:53:00,300.3490061187744,280.59673782348636,10,-395.04536590576095,57.756538724540555,-452.8019046303015,2020-02-07
BANKNIFTY13FEB2031200PE,PE,2020-02-07 09:56:00,2020-02-07 09:58:00,295.3365061187744,302.4420121765137,2,142.11012115478525,58.225621144793855,83.8845000099914,2020-02-07
BANKNIFTY13FEB2031200PE,PE,2020-02-07 10:03:00,2020-02-07 10:13:00,319.79749999999996,307.6788871765137,10,-242.37225646972547,58.65689440112665,-301.0291508708521,2020-02-07
BANKNIFTY13FEB2031200PE,PE,2020-02-07 10:14:00,2020-02-07 10:15:00,318.59448776245114,329.3246189117432,1,214.60262298584098,59.16845077872726,155.4341722071137,2020-02-07
BANKNIFTY13FEB2031200PE,PE,2020-02-07 10:29:00,2020-02-07 10:37:00,323.10573776245116,285.534375,8,-751.4272552490229,58.15936036741559,-809.5866156164385,2020-02-07
BANKNIFTY13FEB2031200PE,PE,2020-02-07 10:38:00,2020-02-07 10:48:00,294.8853688812256,299.25,10,87.29262237548824,58.1423751688328,29.150247206655436,2020-02-07
BANKNIFTY13FEB2031200PE,PE,2020-02-07 10:49:00,2020-02-07 10:52:00,303.7073872375488,298.2525,3,-109.09774475097606,58.2277136050844,-167.32545835606047,2020-02-07
BANKNIFTY13FEB2031200PE,PE,2020-02-07 10:59:00,2020-02-07 11:03:00,292.3290061187744,311.31975608825684,4,379.8149993896493,58.40419585960552,321.4108035300438,2020-02-07
BANKNIFTY13FEB2031200PE,PE,2020-02-07 11:04:00,2020-02-07 11:05:00,309.32136276245114,314.11274391174317,1,95.82762298584043,58.68323762022725,37.14438536561318,2020-02-07
BANKNIFTY13FEB2031200PE,PE,2020-02-07 11:10:00,2020-02-07 11:17:00,309.27125,311.22,7,38.975000000000364,58.6122530935,-19.637253093499638,2020-02-07
BANKNIFTY13FEB2031200PE,PE,2020-02-07 11:18:00,2020-02-07 11:25:00,304.30886276245116,313.6139939117432,7,186.10262298584075,58.60883292972727,127.49379005611348,2020-02-07
BANKNIFTY13FEB2031200PE,PE,2020-02-07 11:34:00,2020-02-07 11:37:00,311.6772438812256,318.6513871765137,3,139.4828659057623,58.822902288209434,80.65996361755288,2020-02-07
BANKNIFTY13FEB2031200PE,PE,2020-02-07 12:18:00,2020-02-07 12:28:00,305.7625,296.9058689117432,10,-177.1326217651358,58.220490588061686,-235.3531123531975,2020-02-07
BANKNIFTY13FEB2031200PE,PE,2020-02-07 12:30:00,2020-02-07 12:32:00,261.3517622375488,245.73413108825685,2,-312.3526229858396,56.424068464272736,-368.77669145011237,2020-02-07
BANKNIFTY13FEB2031200PE,PE,2020-02-07 12:34:00,2020-02-07 12:35:00,257.6926127624512,251.41987804412844,1,-125.45469436645476,56.51690648950975,-181.9716008559645,2020-02-07
BANKNIFTY13FEB2031200PE,PE,2020-02-07 12:39:00,2020-02-07 12:40:00,257.2415061187744,254.01336891174319,1,-64.5627441406242,56.57438515547888,-121.13712929610308,2020-02-07
BANKNIFTY13FEB2031200PE,PE,2020-02-07 12:45:00,2020-02-07 12:55:00,235.98849388122557,234.1132469558716,10,-37.50493850707926,55.826303626238634,-93.33124213331789,2020-02-07
BANKNIFTY13FEB2031200PE,PE,2020-02-07 13:04:00,2020-02-07 13:10:00,241.50224388122558,243.78899391174318,6,45.735000610351904,56.13015324939448,-10.395152639042578,2020-02-07
BANKNIFTY13FEB2031200PE,PE,2020-02-07 13:15:00,2020-02-07 13:19:00,243.2065061187744,252.21788108825686,4,180.2274993896492,56.35634720185554,123.87115218779367,2020-02-07
BANKNIFTY13FEB2031200PE,PE,2020-02-07 13:27:00,2020-02-07 13:31:00,261.8530122375488,270.82125,4,179.36475524902448,57.04050483933442,122.32425040969007,2020-02-07
BANKNIFTY13FEB2031200PE,PE,2020-02-07 13:35:00,2020-02-07 13:41:00,272.6298872375488,268.42725608825685,6,-84.0526229858392,57.11616187327273,-141.16878485911195,2020-02-07
BANKNIFTY13FEB2031200PE,PE,2020-02-07 13:49:00,2020-02-07 13:59:00,262.3542622375488,281.89350608825686,10,390.78487701416066,57.31604929702274,333.4688277171379,2020-02-07
BANKNIFTY13FEB2031200PE,PE,2020-02-07 14:00:00,2020-02-07 14:04:00,284.71,264.23774391174317,4,-409.44512176513626,57.16433634381167,-466.60945810894793,2020-02-07
BANKNIFTY13FEB2031200PE,PE,2020-02-07 14:08:00,2020-02-07 14:09:00,263.3567622375488,262.14298782348635,1,-24.27548828124941,56.84810024995776,-81.12358853120716,2020-02-07
BANKNIFTY13FEB2031200PE,PE,2020-02-07 14:17:00,2020-02-07 14:18:00,265.06099388122556,267.13048782348636,1,41.38987884521612,56.99058689720615,-15.600708051990033,2020-02-07
BANKNIFTY13FEB2031200PE,PE,2020-02-07 14:20:00,2020-02-07 14:30:00,268.87051223754884,255.40986282348635,10,-269.21298828124975,56.752827035207766,-325.9658153164575,2020-02-07
BANKNIFTY13FEB2031200PE,PE,2020-02-07 14:33:00,2020-02-07 14:42:00,247.61749999999998,247.42987804412843,9,-3.7524391174309812,56.29468615459416,-60.04712527202514,2020-02-07
BANKNIFTY13FEB2031200PE,PE,2020-02-07 14:45:00,2020-02-07 14:47:00,240.65012805938719,246.88125000000002,2,124.62243881225675,56.1947817034586,68.42765710879814,2020-02-07
BANKNIFTY13FEB2031200PE,PE,2020-02-07 14:57:00,2020-02-07 14:59:00,247.5673719406128,257.7539939117432,2,203.73243942260785,56.54518304835308,147.1872563742548,2020-02-07
BANKNIFTY13FEB2031200PE,PE,2020-02-07 15:05:00,2020-02-07 15:11:00,253.13125,248.87625000000003,6,-85.09999999999934,56.398367752000006,-141.49836775199935,2020-02-07
BANKNIFTY13FEB2031200PE,PE,2020-02-07 15:13:00,2020-02-07 15:15:00,254.4345030593872,257.15548782348634,2,54.419695281982854,56.615939715831956,-2.1962444338491025,2020-02-07
BANKNIFTY13FEB2031100CE,CE,2020-02-10 09:15:00,2020-02-10 09:25:00,236.74036888122558,199.35038108825685,10,-747.7997558593745,54.99008657627112,-802.7898424356456,2020-02-10
BANKNIFTY13FEB2031100CE,CE,2020-02-10 09:27:00,2020-02-10 09:36:00,204.1090061187744,228.17812500000002,9,481.3823776245124,55.28588208966721,426.0964955348452,2020-02-10
BANKNIFTY13FEB2031100CE,CE,2020-02-10 09:45:00,2020-02-10 09:55:00,212.53,187.18086891174318,10,-506.9826217651365,54.39330029106168,-561.3759220561982,2020-02-10
BANKNIFTY13FEB2031100CE,CE,2020-02-10 09:56:00,2020-02-10 10:06:00,184.9111219406128,193.7144969558716,10,176.06750030517617,54.20909575269723,121.85840455247893,2020-02-10
BANKNIFTY13FEB2031100CE,CE,2020-02-10 10:07:00,2020-02-10 10:08:00,189.42237194061278,197.80425304412842,1,167.63762207031277,54.36461930938556,113.27300276092721,2020-02-10
BANKNIFTY13FEB2031100CE,CE,2020-02-10 10:09:00,2020-02-10 10:16:00,189.7732530593872,194.46262195587158,7,93.78737792968764,54.28769801811444,39.499679911573196,2020-02-10
BANKNIFTY13FEB2031100CE,CE,2020-02-10 10:21:00,2020-02-10 10:31:00,193.38224388122558,183.9888719558716,10,-187.86743850707978,54.07777537098863,-241.94521387806842,2020-02-10
BANKNIFTY13FEB2031100CE,CE,2020-02-10 10:32:00,2020-02-10 10:38:00,182.6053688812256,171.57000000000002,6,-220.7073776245113,53.64181611283279,-274.3491937373441,2020-02-10
BANKNIFTY13FEB2031100CE,CE,2020-02-10 10:40:00,2020-02-10 10:42:00,169.5728688812256,176.70711891174318,2,142.68500061035184,53.604858771394476,89.08014183895736,2020-02-10
BANKNIFTY13FEB2031100CE,CE,2020-02-10 10:47:00,2020-02-10 10:57:00,185.46249999999998,192.86663108825684,10,148.08262176513722,54.19532270293832,93.8872990621989,2020-02-10
BANKNIFTY13FEB2031100CE,CE,2020-02-10 11:00:00,2020-02-10 11:07:00,189.5727561187744,198.80175304412842,7,184.57993850708021,54.390750413261365,130.18918809381884,2020-02-10
BANKNIFTY13FEB2031100CE,CE,2020-02-10 11:10:00,2020-02-10 11:20:00,198.5451280593872,191.27062500000002,10,-145.49006118774344,54.3190354272086,-199.80909661495204,2020-02-10
BANKNIFTY13FEB2031100CE,CE,2020-02-10 11:21:00,2020-02-10 11:31:00,193.18174694061278,186.4826219558716,10,-133.9824996948238,54.13594145469723,-188.118441149521,2020-02-10
BANKNIFTY13FEB2031100CE,CE,2020-02-10 11:32:00,2020-02-10 11:41:00,187.4675,188.12850608825684,9,13.22012176513681,54.104983763688324,-40.884861998551514,2020-02-10
BANKNIFTY13FEB2031100CE,CE,2020-02-10 11:47:00,2020-02-10 11:57:00,205.8633811187744,197.35538108825685,10,-170.1600006103513,54.55795764910552,-224.7179582594568,2020-02-10
BANKNIFTY13FEB2031100CE,CE,2020-02-10 11:58:00,2020-02-10 12:03:00,201.0513780593872,192.766875,5,-165.69006118774382,54.38656626120859,-220.07662744895242,2020-02-10
BANKNIFTY13FEB2031100CE,CE,2020-02-10 12:04:00,2020-02-10 12:14:00,197.89349388122557,204.78675304412843,10,137.8651832580573,54.63970067692696,83.22548258113034,2020-02-10
BANKNIFTY13FEB2031100CE,CE,2020-02-10 12:15:00,2020-02-10 12:25:00,204.96112194061277,214.36274391174317,10,188.03243942260792,54.96042863235307,133.07201079025486,2020-02-10
BANKNIFTY13FEB2031100CE,CE,2020-02-10 12:26:00,2020-02-10 12:36:00,211.8783811187744,196.80675304412844,10,-301.43256149291915,54.61934099401137,-356.05190248693054,2020-02-10
BANKNIFTY13FEB2031100CE,CE,2020-02-10 12:37:00,2020-02-10 12:47:00,198.0438780593872,195.90899391174318,10,-42.697682952880314,54.42562992777028,-97.12331288065059,2020-02-10
BANKNIFTY13FEB2031100CE,CE,2020-02-10 12:48:00,2020-02-10 12:58:00,194.68549694061278,199.74937500000001,10,101.27756118774471,54.4773186375414,46.80024255020331,2020-02-10
BANKNIFTY13FEB2031100CE,CE,2020-02-10 12:59:00,2020-02-10 13:09:00,206.3145030593872,209.9238719558716,10,72.18737792968795,54.86927315211444,17.318104777573517,2020-02-10
BANKNIFTY13FEB2031100CE,CE,2020-02-10 13:10:00,2020-02-10 13:20:00,207.91849388122557,196.756875,10,-223.2323776245113,54.568931725332796,-277.8013093498441,2020-02-10
BANKNIFTY13FEB2031100CE,CE,2020-02-10 13:25:00,2020-02-10 13:35:00,199.2970030593872,189.82425304412843,10,-189.45500030517564,54.293195448552765,-243.7481957537284,2020-02-10
BANKNIFTY13FEB2031100CE,CE,2020-02-10 13:37:00,2020-02-10 13:47:00,193.63286888122556,186.4826219558716,10,-143.00493850707937,54.141546013238624,-197.14648452031798,2020-02-10
BANKNIFTY13FEB2031100CE,CE,2020-02-10 13:48:00,2020-02-10 13:58:00,187.216875,180.5475,10,-133.38749999999948,53.91747273925,-187.30497273924948,2020-02-10
BANKNIFTY13FEB2031100CE,CE,2020-02-10 13:59:00,2020-02-10 14:09:00,180.60036888122556,187.23074695587158,10,132.60756149292035,53.99783253948864,78.60972895343171,2020-02-10
BANKNIFTY13FEB2031100CE,CE,2020-02-10 14:10:00,2020-02-10 14:20:00,186.11411888122558,174.46274391174316,10,-233.02749938964837,53.75576936514447,-286.78326875479286,2020-02-10
BANKNIFTY13FEB2031100CE,CE,2020-02-10 14:24:00,2020-02-10 14:31:00,178.445,169.2757469558716,7,-183.38506088256793,53.534324860655836,-236.91938574322376,2020-02-10
BANKNIFTY13FEB2031100CE,CE,2020-02-10 14:32:00,2020-02-10 14:33:00,166.36487194061277,166.43288108825683,1,1.360182952881246,53.31509744947973,-51.954914496598484,2020-02-10
BANKNIFTY13FEB2031100CE,CE,2020-02-10 14:37:00,2020-02-10 14:38:00,171.42749999999998,173.565,1,42.75000000000034,53.551472323000006,-10.801472322999665,2020-02-10
BANKNIFTY13FEB2031100CE,CE,2020-02-10 14:42:00,2020-02-10 14:52:00,174.93625,174.5625,10,-7.475000000000023,53.61932642050001,-61.09432642050003,2020-02-10
BANKNIFTY13FEB2031100CE,CE,2020-02-10 14:53:00,2020-02-10 14:55:00,171.42749999999998,174.96149391174316,2,70.67987823486362,53.58544008231167,17.09443815255195,2020-02-10
BANKNIFTY13FEB2031100CE,CE,2020-02-10 14:57:00,2020-02-10 15:01:00,175.4375,182.89163108825684,4,149.08262176513688,53.82814820293832,95.25447356219856,2020-02-10
BANKNIFTY13FEB2031100CE,CE,2020-02-10 15:03:00,2020-02-10 15:04:00,183.45749999999998,186.58237804412843,1,62.49756088256902,54.017557727594166,8.480003154974852,2020-02-10
BANKNIFTY13FEB2031100CE,CE,2020-02-10 15:07:00,2020-02-10 15:08:00,187.5176280593872,191.769375,1,85.03493881225609,54.19416557370861,30.840773238547477,2020-02-10
BANKNIFTY13FEB2031100CE,CE,2020-02-10 15:10:00,2020-02-10 15:17:00,188.8208811187744,195.55987804412842,7,134.7799385070806,54.30255534826137,80.47738315881924,2020-02-10
BANKNIFTY13FEB2031100PE,PE,2020-02-10 09:29:00,2020-02-10 09:30:00,262.655,266.581875,1,78.53750000000105,56.94735155274999,21.590148447251053,2020-02-10
BANKNIFTY13FEB2031100PE,PE,2020-02-10 09:35:00,2020-02-10 09:37:00,248.369375,241.0957469558716,2,-145.47256088256802,56.149958277905846,-201.62251916047387,2020-02-10
BANKNIFTY13FEB2031100PE,PE,2020-02-10 09:52:00,2020-02-10 09:53:00,254.38437499999998,266.33250000000004,1,238.96250000000123,56.838534918250005,182.12396508175124,2020-02-10
BANKNIFTY13FEB2031100PE,PE,2020-02-10 10:05:00,2020-02-10 10:11:00,257.8430122375488,263.589375,6,114.92725524902426,56.814780968584415,58.11247428043984,2020-02-10
BANKNIFTY13FEB2031100PE,PE,2020-02-10 10:14:00,2020-02-10 10:22:00,252.63,259.6991310882569,8,141.38262176513763,56.65539185293833,84.7272299121993,2020-02-10
BANKNIFTY13FEB2031100PE,PE,2020-02-10 10:42:00,2020-02-10 10:44:00,274.33411888122555,272.56687500000004,2,-35.34487762451022,57.23802500008279,-92.582902624593,2020-02-10
BANKNIFTY13FEB2031100PE,PE,2020-02-10 10:55:00,2020-02-10 11:00:00,253.6325,259.15048782348634,5,110.35975646972702,56.65450153262336,53.70525493710366,2020-02-10
BANKNIFTY13FEB2031100PE,PE,2020-02-10 11:05:00,2020-02-10 11:15:00,255.03599388122558,247.87875000000003,10,-143.14487762451108,56.39776873708279,-199.54264636159388,2020-02-10
BANKNIFTY13FEB2031100PE,PE,2020-02-10 11:17:00,2020-02-10 11:26:00,251.9783811187744,249.375,9,-52.06762237548787,56.3961763656672,-108.46379874115507,2020-02-10
BANKNIFTY13FEB2031100PE,PE,2020-02-10 11:32:00,2020-02-10 11:36:00,258.7452561187744,256.15798782348634,4,-51.74536590576167,56.64523199654056,-108.39059790230223,2020-02-10
BANKNIFTY13FEB2031100PE,PE,2020-02-10 11:39:00,2020-02-10 11:49:00,262.0033811187744,233.01600608825686,10,-579.7475006103514,56.12281333135553,-635.8703139417069,2020-02-10
BANKNIFTY13FEB2031100PE,PE,2020-02-10 11:51:00,2020-02-10 12:01:00,235.4371311187744,237.10574695587158,10,33.372316741943564,55.892242088823046,-22.519925346879482,2020-02-10
BANKNIFTY13FEB2031100PE,PE,2020-02-10 12:02:00,2020-02-10 12:12:00,243.9082530593872,228.97612804412844,10,-298.64250030517496,55.79974232080276,-354.4422426259777,2020-02-10
BANKNIFTY13FEB2031100PE,PE,2020-02-10 12:13:00,2020-02-10 12:23:00,227.46724388122558,218.1033689117432,10,-187.27749938964791,55.33102115514448,-242.60852054479238,2020-02-10
BANKNIFTY13FEB2031100PE,PE,2020-02-10 12:27:00,2020-02-10 12:32:00,221.803125,238.4025,5,331.9875000000002,55.754400352750004,276.2330996472502,2020-02-10
BANKNIFTY13FEB2031100PE,PE,2020-02-10 12:34:00,2020-02-10 12:36:00,236.1388780593872,234.91125000000002,2,-24.552561187743436,55.847582245958606,-80.40014343370204,2020-02-10
BANKNIFTY13FEB2031100PE,PE,2020-02-10 12:43:00,2020-02-10 12:47:00,240.9007530593872,236.6069969558716,4,-85.87512207031182,55.94798854686444,-141.82311061717627,2020-02-10
BANKNIFTY13FEB2031100PE,PE,2020-02-10 12:48:00,2020-02-10 12:51:00,239.5975,229.425,3,-203.4499999999997,55.757105431,-259.2071054309997,2020-02-10
BANKNIFTY13FEB2031100PE,PE,2020-02-10 12:52:00,2020-02-10 13:00:00,228.06875,230.77163108825684,8,54.0576217651369,55.646631768438326,-1.589010003301425,2020-02-10
BANKNIFTY13FEB2031100PE,PE,2020-02-10 13:01:00,2020-02-10 13:05:00,229.47224388122558,236.3576219558716,4,137.70756149292026,55.79993962248864,81.90762187043163,2020-02-10
BANKNIFTY13FEB2031100PE,PE,2020-02-10 13:09:00,2020-02-10 13:14:00,219.19661888122556,233.71425304412844,5,290.3526832580576,55.60798311967696,234.74470013838064,2020-02-10
BANKNIFTY13FEB2031100PE,PE,2020-02-10 13:19:00,2020-02-10 13:25:00,227.96849388122558,230.32274391174317,6,47.08500061035181,55.63446767439447,-8.549467064042659,2020-02-10
BANKNIFTY13FEB2031100PE,PE,2020-02-10 13:36:00,2020-02-10 13:44:00,233.58249999999998,236.45737804412843,8,57.49756088256902,55.85343022759416,1.6441306549748589,2020-02-10
BANKNIFTY13FEB2031100PE,PE,2020-02-10 13:49:00,2020-02-10 13:51:00,248.51974388122557,245.38500000000002,2,-62.69487762451092,56.25615647608279,-118.95103410059372,2020-02-10
BANKNIFTY13FEB2031100PE,PE,2020-02-10 14:13:00,2020-02-10 14:15:00,243.55737194061277,251.61937500000002,2,161.24006118774503,56.3461483957914,104.89391279195362,2020-02-10
BANKNIFTY13FEB2031100PE,PE,2020-02-10 14:18:00,2020-02-10 14:26:00,249.27161888122558,254.76149391174317,8,109.7975006103519,56.49356755764447,53.303933052707436,2020-02-10
BANKNIFTY13FEB2031100PE,PE,2020-02-10 14:29:00,2020-02-10 14:39:00,261.80286888122555,244.98600608825686,10,-336.33725585937384,56.41147573952112,-392.74873159889495,2020-02-10
BANKNIFTY13FEB2031100PE,PE,2020-02-10 14:40:00,2020-02-10 14:50:00,244.7102561187744,251.17050304412842,10,129.20493850708056,56.34955318576136,72.8553853213192,2020-02-10
BANKNIFTY13FEB2031100PE,PE,2020-02-10 14:51:00,2020-02-10 14:56:00,248.61999999999998,250.3725,5,35.05000000000052,56.378715973,-21.328715972999476,2020-02-10
BANKNIFTY13FEB2031100PE,PE,2020-02-10 14:57:00,2020-02-10 15:07:00,247.1663780593872,230.4225,10,-334.8775611877437,55.87540093545861,-390.75296212320234,2020-02-10
BANKNIFTY13FEB2031100PE,PE,2020-02-10 15:08:00,2020-02-10 15:17:00,227.9183811187744,227.3801219558716,9,-10.7651832580558,55.56226993407304,-66.32745319212884,2020-02-10
BANKNIFTY13FEB2031100PE,PE,2020-02-10 15:22:00,2020-02-10 15:24:00,218.3946311187744,211.220625,2,-143.480122375488,55.05089353341722,-198.53101590890523,2020-02-10
BANKNIFTY13FEB2031300CE,CE,2020-02-11 09:15:00,2020-02-11 09:21:00,172.7307530593872,203.4401219558716,6,614.1873779296878,54.294333934114434,559.8930439955734,2020-02-11
BANKNIFTY13FEB2031300CE,CE,2020-02-11 09:22:00,2020-02-11 09:31:00,211.17661888122558,239.99850608825685,9,576.4377441406253,55.66120150502111,520.7765426356042,2020-02-11
BANKNIFTY13FEB2031300CE,CE,2020-02-11 09:55:00,2020-02-11 10:02:00,264.05849388122556,272.9658689117432,7,178.14750061035284,57.120069713644476,121.02743089670835,2020-02-11
BANKNIFTY13FEB2031300CE,CE,2020-02-11 10:04:00,2020-02-11 10:14:00,262.80536888122555,254.3625,10,-168.85737762451072,56.65200048583279,-225.5093781103435,2020-02-11
BANKNIFTY13FEB2031300CE,CE,2020-02-11 10:15:00,2020-02-11 10:20:00,251.1763780593872,253.16550304412843,5,39.782499694824764,56.478411280302765,-16.695911585478,2020-02-11
BANKNIFTY13FEB2031300CE,CE,2020-02-11 10:27:00,2020-02-11 10:29:00,255.4370030593872,256.3575,2,18.409938812256428,56.60898443820861,-38.19904562595218,2020-02-11
BANKNIFTY13FEB2031300CE,CE,2020-02-11 10:30:00,2020-02-11 10:40:00,253.6325,246.68175304412844,10,-139.01493911743103,56.35121701534417,-195.3661561327752,2020-02-11
BANKNIFTY13FEB2031300CE,CE,2020-02-11 10:41:00,2020-02-11 10:51:00,244.359375,246.631875,10,45.45000000000016,56.234798206,-10.784798205999842,2020-02-11
BANKNIFTY13FEB2031300CE,CE,2020-02-11 10:52:00,2020-02-11 10:56:00,245.0611219406128,228.67687500000002,4,-327.6849388122554,55.806786191291394,-383.4917250035468,2020-02-11
BANKNIFTY13FEB2031300CE,CE,2020-02-11 11:06:00,2020-02-11 11:08:00,247.366875,242.641875,2,-94.49999999999989,56.175111019,-150.67511101899987,2020-02-11
BANKNIFTY13FEB2031300CE,CE,2020-02-11 11:09:00,2020-02-11 11:11:00,238.7954969406128,236.05836891174317,2,-54.742560577392396,55.908489077853076,-110.65104965524547,2020-02-11
BANKNIFTY13FEB2031300CE,CE,2020-02-11 11:25:00,2020-02-11 11:26:00,221.5023719406128,226.68187500000002,1,103.5900611877446,55.4655761227914,48.1244850649532,2020-02-11
BANKNIFTY13FEB2031300CE,CE,2020-02-11 11:34:00,2020-02-11 11:35:00,234.58499999999998,233.8638719558716,1,-14.422560882567836,55.80280148190583,-70.22536236447367,2020-02-11
BANKNIFTY13FEB2031300CE,CE,2020-02-11 11:56:00,2020-02-11 12:01:00,221.301875,220.54725608825686,5,-15.092378234862736,55.31386921243832,-70.40624744730106,2020-02-11
BANKNIFTY13FEB2031300CE,CE,2020-02-11 12:03:00,2020-02-11 12:10:00,216.18911888122557,203.24062500000002,7,-258.9698776245109,54.8293908035828,-313.7992684280937,2020-02-11
BANKNIFTY13FEB2031300CE,CE,2020-02-11 12:18:00,2020-02-11 12:20:00,198.69549694061277,207.97875000000002,2,185.66506118774498,54.72730529929139,130.93775588845358,2020-02-11
BANKNIFTY13FEB2031300CE,CE,2020-02-11 12:34:00,2020-02-11 12:35:00,219.54749999999999,226.58211891174318,1,140.6923782348639,55.43886314856168,85.25351508630222,2020-02-11
BANKNIFTY13FEB2031300CE,CE,2020-02-11 12:48:00,2020-02-11 12:53:00,211.5776280593872,208.07850608825686,5,-69.98243942260672,54.88977417064693,-124.87221359325365,2020-02-11
BANKNIFTY13FEB2031300CE,CE,2020-02-11 13:08:00,2020-02-11 13:12:00,210.5751280593872,217.55475608825685,4,139.5925605773931,55.107816026146935,84.48474455124617,2020-02-11
BANKNIFTY13FEB2031300CE,CE,2020-02-11 13:18:00,2020-02-11 13:23:00,213.5325,212.26800304412842,5,-25.289939117431572,55.015964365844155,-80.30590348327573,2020-02-11
BANKNIFTY13FEB2031300CE,CE,2020-02-11 13:24:00,2020-02-11 13:25:00,212.17911888122558,210.12336891174317,1,-41.11499938964812,54.94698527739447,-96.0619846670426,2020-02-11
BANKNIFTY13FEB2031300CE,CE,2020-02-11 13:30:00,2020-02-11 13:36:00,203.00625,211.47,6,169.2750000000001,54.865780139499996,114.40921986050009,2020-02-11
BANKNIFTY13FEB2031300CE,CE,2020-02-11 13:39:00,2020-02-11 13:42:00,229.52237194061277,219.6494969558716,3,-197.45749969482347,55.39416064419724,-252.85166033902073,2020-02-11
BANKNIFTY13FEB2031300CE,CE,2020-02-11 13:43:00,2020-02-11 13:50:00,220.24924694061278,219.35024391174318,7,-17.98006057739201,55.27167613710308,-73.25173671449508,2020-02-11
BANKNIFTY13FEB2031300CE,CE,2020-02-11 13:51:00,2020-02-11 14:01:00,226.06375,222.1432469558716,10,-78.4100608825679,55.41184908615583,-133.82190996872373,2020-02-11
BANKNIFTY13FEB2031300CE,CE,2020-02-11 14:02:00,2020-02-11 14:12:00,222.55499999999998,212.71687500000002,10,-196.76249999999925,55.138974478749994,-251.90147447874924,2020-02-11
BANKNIFTY13FEB2031300CE,CE,2020-02-11 14:13:00,2020-02-11 14:23:00,202.90599388122558,183.63975608825686,10,-385.3247558593745,54.18760287677112,-439.5123587361456,2020-02-11
BANKNIFTY13FEB2031300CE,CE,2020-02-11 14:24:00,2020-02-11 14:34:00,180.7507530593872,182.84175304412844,10,41.8199996948249,53.89294472005277,-12.072945025227867,2020-02-11
BANKNIFTY13FEB2031300CE,CE,2020-02-11 14:35:00,2020-02-11 14:45:00,181.0515061187744,175.06125,10,-119.80512237548794,53.707431311917205,-173.51255368740516,2020-02-11
BANKNIFTY13FEB2031300CE,CE,2020-02-11 14:46:00,2020-02-11 14:47:00,175.93875,183.39038108825685,1,149.03262176513692,53.84650692793832,95.1861148371986,2020-02-11
BANKNIFTY13FEB2031300CE,CE,2020-02-11 14:50:00,2020-02-11 15:00:00,182.7557530593872,166.0338719558716,10,-334.4376220703117,53.50902586161445,-387.9466479319261,2020-02-11
BANKNIFTY13FEB2031300CE,CE,2020-02-11 15:01:00,2020-02-11 15:11:00,171.57786888122558,172.86675304412842,10,25.77768325805664,53.53635656617695,-27.758673308120308,2020-02-11
BANKNIFTY13FEB2031300CE,CE,2020-02-11 15:15:00,2020-02-11 15:16:00,182.35474388122557,180.7469969558716,1,-32.15493850707958,53.861920051238634,-86.0168585583182,2020-02-11
BANKNIFTY13FEB2031300CE,CE,2020-02-11 15:19:00,2020-02-11 15:20:00,175.7883811187744,177.2557469558716,1,29.347316741943814,53.695422418323034,-24.34810567637922,2020-02-11
BANKNIFTY13FEB2031300CE,CE,2020-02-11 15:23:00,2020-02-11 15:24:00,169.42249999999999,168.67725608825685,1,-14.904878234862622,53.40767547718832,-68.31255371205094,2020-02-11
BANKNIFTY13FEB2031300PE,PE,2020-02-11 09:17:00,2020-02-11 09:27:00,181.65299694061278,160.69725608825684,10,-419.1148170471189,53.365519950979724,-472.4803369980986,2020-02-11
BANKNIFTY13FEB2031300PE,PE,2020-02-11 09:28:00,2020-02-11 09:38:00,159.49775611877442,131.47050304412844,10,-560.5450614929197,52.379372250761364,-612.924433743681,2020-02-11
BANKNIFTY13FEB2031300PE,PE,2020-02-11 09:39:00,2020-02-11 09:44:00,131.6282530593872,128.8769969558716,5,-55.02512207031202,51.97004928786444,-106.99517135817646,2020-02-11
BANKNIFTY13FEB2031300PE,PE,2020-02-11 09:45:00,2020-02-11 09:51:00,122.4553765296936,127.48050304412843,6,100.50253028869662,51.82212137969846,48.68040890899816,2020-02-11
BANKNIFTY13FEB2031300PE,PE,2020-02-11 10:00:00,2020-02-11 10:03:00,117.29249999999999,120.946875,3,73.08750000000032,51.59905851175,21.488441488250317,2020-02-11
BANKNIFTY13FEB2031300PE,PE,2020-02-11 10:22:00,2020-02-11 10:25:00,121.4528765296936,122.49300304412843,3,20.80253028869663,51.688352765698454,-30.885822477001824,2020-02-11
BANKNIFTY13FEB2031300PE,PE,2020-02-11 10:41:00,2020-02-11 10:44:00,129.82375,126.13387195587158,3,-73.79756088256812,51.88090818840583,-125.67846907097396,2020-02-11
BANKNIFTY13FEB2031300PE,PE,2020-02-11 11:02:00,2020-02-11 11:12:00,128.8713780593872,124.6875,10,-83.67756118774423,51.8338953274586,-135.51145651520284,2020-02-11
BANKNIFTY13FEB2031300PE,PE,2020-02-11 11:13:00,2020-02-11 11:23:00,126.4653765296936,126.88199695587159,10,8.332408523559707,51.857382193010146,-43.52497366945044,2020-02-11
BANKNIFTY13FEB2031300PE,PE,2020-02-11 11:25:00,2020-02-11 11:27:00,133.98411888122558,132.46800304412844,2,-30.322316741942927,52.086663818176945,-82.40898056011987,2020-02-11
BANKNIFTY13FEB2031300PE,PE,2020-02-11 11:28:00,2020-02-11 11:30:00,133.73349388122557,128.926875,2,-96.13237762451149,51.9974171713328,-148.1297947958443,2020-02-11
BANKNIFTY13FEB2031300PE,PE,2020-02-11 11:36:00,2020-02-11 11:37:00,126.4653765296936,128.2286280441284,1,35.265030288696266,51.890137108948466,-16.6251068202522,2020-02-11
BANKNIFTY13FEB2031300PE,PE,2020-02-11 11:40:00,2020-02-11 11:41:00,130.575625,129.22612804412842,1,-26.98993911743173,51.965463982844156,-78.95540310027589,2020-02-11
BANKNIFTY13FEB2031300PE,PE,2020-02-11 11:46:00,2020-02-11 11:53:00,127.568125,129.924375,7,47.12500000000006,51.9450838855,-4.82008388549994,2020-02-11
BANKNIFTY13FEB2031300PE,PE,2020-02-11 11:58:00,2020-02-11 12:08:00,134.8863780593872,140.49788108825683,10,112.23006057739269,52.29318866689693,59.93687191049576,2020-02-11
BANKNIFTY13FEB2031300PE,PE,2020-02-11 12:09:00,2020-02-11 12:12:00,145.56299694061278,141.3457469558716,3,-84.34499969482374,52.44645385944723,-136.79145355427096,2020-02-11
BANKNIFTY13FEB2031300PE,PE,2020-02-11 12:18:00,2020-02-11 12:24:00,146.9163780593872,133.71487804412843,6,-264.03000030517546,52.27765752205276,-316.30765782722824,2020-02-11
BANKNIFTY13FEB2031300PE,PE,2020-02-11 12:25:00,2020-02-11 12:33:00,138.59562499999998,136.70737804412843,8,-37.76493911743103,52.24707218734416,-90.01201130477519,2020-02-11
BANKNIFTY13FEB2031300PE,PE,2020-02-11 12:35:00,2020-02-11 12:45:00,123.75862194061278,131.420625,10,153.24006118774435,51.93415032979141,101.30591085795294,2020-02-11
BANKNIFTY13FEB2031300PE,PE,2020-02-11 12:48:00,2020-02-11 12:52:00,134.084375,136.70737804412843,4,52.46006088256877,52.19102622184416,0.269034660724607,2020-02-11
BANKNIFTY13FEB2031300PE,PE,2020-02-11 12:53:00,2020-02-11 13:03:00,137.3425,129.17625,10,-163.32499999999982,52.0483197175,-215.3733197174998,2020-02-11
BANKNIFTY13FEB2031300PE,PE,2020-02-11 13:06:00,2020-02-11 13:08:00,133.1821311187744,134.4630030441284,2,25.617438507080124,52.12522582501136,-26.50778731793124,2020-02-11
BANKNIFTY13FEB2031300PE,PE,2020-02-11 13:12:00,2020-02-11 13:22:00,128.26987194061277,130.52288108825684,10,45.06018295288129,51.968359931479725,-6.9081769785984335,2020-02-11
BANKNIFTY13FEB2031300PE,PE,2020-02-11 13:23:00,2020-02-11 13:33:00,131.578125,134.81211891174317,10,64.6798782348634,52.113790049311675,12.56608818555172,2020-02-11
BANKNIFTY13FEB2031300PE,PE,2020-02-11 13:35:00,2020-02-11 13:42:00,132.580625,122.69250000000001,7,-197.76249999999976,51.83145194575,-249.59395194574975,2020-02-11
BANKNIFTY13FEB2031300PE,PE,2020-02-11 13:50:00,2020-02-11 13:58:00,120.8513780593872,118.10400152206421,8,-54.94753074645985,51.574123671880685,-106.52165441834053,2020-02-11
BANKNIFTY13FEB2031300PE,PE,2020-02-11 14:51:00,2020-02-11 14:52:00,142.355,142.14375,1,-4.224999999999568,52.42600929550001,-56.65100929549958,2020-02-11
BANKNIFTY13FEB2031300PE,PE,2020-02-11 15:04:00,2020-02-11 15:07:00,142.25474388122558,141.645,3,-12.194877624511378,52.41263235808279,-64.60750998259417,2020-02-11
BANKNIFTY13FEB2031300PE,PE,2020-02-11 15:11:00,2020-02-11 15:17:00,135.48786888122558,130.82211891174316,6,-93.31499938964839,52.06531197939447,-145.38031136904286,2020-02-11
BANKNIFTY13FEB2031400CE,CE,2020-02-12 09:15:00,2020-02-12 09:20:00,177.4425,203.04112804412844,5,511.9725608825689,54.34316582509416,457.62939505747477,2020-02-12
BANKNIFTY13FEB2031400CE,CE,2020-02-12 09:22:00,2020-02-12 09:23:00,208.0688780593872,213.76425304412842,1,113.90749969482442,54.98448069880277,58.92301899602165,2020-02-12
BANKNIFTY13FEB2031400CE,CE,2020-02-12 09:24:00,2020-02-12 09:34:00,216.54,196.85663108825685,10,-393.6673782348629,54.67846829593832,-448.3458465308012,2020-02-12
BANKNIFTY13FEB2031400CE,CE,2020-02-12 09:37:00,2020-02-12 09:40:00,185.0113780593872,184.63725608825683,3,-7.4824394226072855,53.98955011864693,-61.47198954125422,2020-02-12
BANKNIFTY13FEB2031400CE,CE,2020-02-12 09:41:00,2020-02-12 09:42:00,188.47,192.81675304412843,1,86.93506088256868,54.231473466344156,32.70358741622452,2020-02-12
BANKNIFTY13FEB2031400CE,CE,2020-02-12 09:48:00,2020-02-12 09:49:00,176.7908811187744,179.64975608825685,1,57.17749938964914,53.766107997855535,3.4113913917936074,2020-02-12
BANKNIFTY13FEB2031400CE,CE,2020-02-12 10:20:00,2020-02-12 10:23:00,201.00125,201.34538108825686,3,6.8826217651371735,54.594603640938324,-47.71198187580115,2020-02-12
BANKNIFTY13FEB2031400CE,CE,2020-02-12 10:39:00,2020-02-12 10:41:00,202.40474388122558,200.64711891174318,2,-35.15249938964814,54.595055837644466,-89.74755522729261,2020-02-12
BANKNIFTY13FEB2031400CE,CE,2020-02-12 10:47:00,2020-02-12 10:49:00,191.62786888122557,196.50750000000002,2,97.5926223754891,54.36047781883279,43.23214455665631,2020-02-12
BANKNIFTY13FEB2031400CE,CE,2020-02-12 11:00:00,2020-02-12 11:02:00,183.0565061187744,189.4751219558716,2,128.37231674194413,54.08293788582304,74.28937885612109,2020-02-12
BANKNIFTY13FEB2031400CE,CE,2020-02-12 11:18:00,2020-02-12 11:26:00,184.9111219406128,180.69711891174316,8,-84.28006057739253,53.89246625610308,-138.17252683349562,2020-02-12
BANKNIFTY13FEB2031400CE,CE,2020-02-12 11:33:00,2020-02-12 11:40:00,192.48,186.93149391174316,7,-110.97012176513658,54.13814141331168,-165.10826317844825,2020-02-12
BANKNIFTY13FEB2031400CE,CE,2020-02-12 11:51:00,2020-02-12 12:00:00,191.5777561187744,171.96899391174318,9,-392.1752441406244,53.762990431228886,-445.9382345718533,2020-02-12
BANKNIFTY13FEB2031400CE,CE,2020-02-12 12:04:00,2020-02-12 12:05:00,166.415,169.62487804412842,1,64.19756088256861,53.39336107759416,10.804199804974452,2020-02-12
BANKNIFTY13FEB2031400CE,CE,2020-02-12 12:10:00,2020-02-12 12:11:00,169.62299694061278,174.313125,1,93.80256118774469,53.5472509920414,40.25531019570329,2020-02-12
BANKNIFTY13FEB2031400CE,CE,2020-02-12 12:16:00,2020-02-12 12:26:00,171.92874999999998,169.47524391174318,10,-49.07012176513604,53.45822206131167,-102.52834382644771,2020-02-12
BANKNIFTY13FEB2031400CE,CE,2020-02-12 13:04:00,2020-02-12 13:05:00,179.2470030593872,178.15350608825685,1,-21.86993942260699,53.76022768789693,-75.63016711050392,2020-02-12
BANKNIFTY13FEB2031400CE,CE,2020-02-12 13:37:00,2020-02-12 13:40:00,180.199375,172.5675,3,-152.63750000000016,53.63618779825,-206.27368779825017,2020-02-12
BANKNIFTY13FEB2031400CE,CE,2020-02-12 13:46:00,2020-02-12 13:47:00,158.29474388122557,164.0388719558716,1,114.88256149292056,53.15660648598863,61.725955006931926,2020-02-12
BANKNIFTY13FEB2031400CE,CE,2020-02-12 14:03:00,2020-02-12 14:11:00,212.8808811187744,210.47250000000003,8,-48.16762237548744,54.96419581566721,-103.13181819115465,2020-02-12
BANKNIFTY13FEB2031400CE,CE,2020-02-12 14:16:00,2020-02-12 14:19:00,202.5551280593872,201.495,3,-21.20256118774364,54.61754767095861,-75.82010885870224,2020-02-12
BANKNIFTY13FEB2031400CE,CE,2020-02-12 14:27:00,2020-02-12 14:29:00,195.2870030593872,198.05362804412843,2,55.33249969482483,54.443544838302756,0.8889548565220764,2020-02-12
BANKNIFTY13FEB2031400CE,CE,2020-02-12 14:46:00,2020-02-12 14:47:00,192.48,196.65711891174317,1,83.54237823486358,54.37470362556167,29.167674609301905,2020-02-12
BANKNIFTY13FEB2031400CE,CE,2020-02-12 14:48:00,2020-02-12 14:55:00,196.18924694061278,191.4701219558716,7,-94.38249969482342,54.294619386697235,-148.67711908152066,2020-02-12
BANKNIFTY13FEB2031400CE,CE,2020-02-12 15:08:00,2020-02-12 15:10:00,186.5151280593872,186.63225608825684,2,2.3425605773928737,54.05675768914693,-51.71419711175405,2020-02-12
BANKNIFTY13FEB2031400CE,CE,2020-02-12 15:11:00,2020-02-12 15:15:00,186.96625,182.14350608825686,4,-96.45487823486292,53.95317968818832,-150.40805792305125,2020-02-12
BANKNIFTY13FEB2031400PE,PE,2020-02-12 09:15:00,2020-02-12 09:22:00,102.85649847030639,82.69275152206421,7,-403.27493896484356,50.48923340531778,-453.76417237016136,2020-02-12
BANKNIFTY13FEB2031400PE,PE,2020-02-12 09:23:00,2020-02-12 09:24:00,77.54337347030639,76.25887195587158,1,-25.690030288696164,50.01825815255154,-75.7082884412477,2020-02-12
BANKNIFTY13FEB2031400PE,PE,2020-02-12 09:41:00,2020-02-12 09:46:00,81.453125,82.44337652206421,5,19.80503044128426,50.21726075692209,-30.412230315637828,2020-02-12
BANKNIFTY13FEB2031400PE,PE,2020-02-12 09:53:00,2020-02-12 10:03:00,80.19999999999999,72.1691234779358,10,-160.6175304412838,49.951785611827916,-210.56931605311172,2020-02-12
BANKNIFTY13FEB2031400PE,PE,2020-02-12 10:04:00,2020-02-12 10:05:00,71.428125,73.4658765220642,1,40.75503044128425,49.87434904792208,-9.119318606637833,2020-02-12
BANKNIFTY13FEB2031400PE,PE,2020-02-12 10:08:00,2020-02-12 10:09:00,70.2752484703064,71.96962652206422,1,33.887561035156466,49.82363198456778,-15.936070949411317,2020-02-12
BANKNIFTY13FEB2031400PE,PE,2020-02-12 10:10:00,2020-02-12 10:20:00,72.78149847030639,65.4359984779358,10,-146.90999984741183,49.695847276973616,-196.60584712438543,2020-02-12
BANKNIFTY13FEB2031400PE,PE,2020-02-12 10:23:00,2020-02-12 10:33:00,64.86174694061279,56.35875,10,-170.05993881225578,49.376664090791394,-219.43660290304717,2020-02-12
BANKNIFTY13FEB2031400PE,PE,2020-02-12 10:34:00,2020-02-12 10:38:00,56.891875,60.598125,4,74.12500000000009,49.3807664515,24.744233548500084,2020-02-12
BANKNIFTY13FEB2031400PE,PE,2020-02-12 10:49:00,2020-02-12 10:54:00,64.66125,68.8275,5,83.3250000000001,49.6774580845,33.6475419155001,2020-02-12
BANKNIFTY13FEB2031400PE,PE,2020-02-12 10:56:00,2020-02-12 10:59:00,66.71637805938721,71.62050304412843,3,98.08249969482432,49.77092606230276,48.31157363252156,2020-02-12
BANKNIFTY13FEB2031400PE,PE,2020-02-12 11:02:00,2020-02-12 11:12:00,68.17,69.42599847793579,10,25.11996955871581,49.735607028577924,-24.615637469862115,2020-02-12
BANKNIFTY13FEB2031400PE,PE,2020-02-12 11:13:00,2020-02-12 11:18:00,68.5710015296936,70.52324695587158,5,39.04490852355963,49.767277944260144,-10.722369420700517,2020-02-12
BANKNIFTY13FEB2031400PE,PE,2020-02-12 11:19:00,2020-02-12 11:20:00,71.1775,71.62050304412843,1,8.860060882568632,49.82634925684417,-40.966288374275535,2020-02-12
BANKNIFTY13FEB2031400PE,PE,2020-02-12 11:21:00,2020-02-12 11:31:00,70.8266265296936,66.88237804412842,10,-78.88496971130365,49.70674188794847,-128.5917115992521,2020-02-12
BANKNIFTY13FEB2031400PE,PE,2020-02-12 11:32:00,2020-02-12 11:37:00,65.66375,67.48087652206421,5,36.34253044128428,49.65715801267208,-13.314627571387796,2020-02-12
BANKNIFTY13FEB2031400PE,PE,2020-02-12 11:45:00,2020-02-12 11:46:00,62.50587347030639,65.73525152206422,1,64.58756103515654,49.57546593356778,15.012095101588763,2020-02-12
BANKNIFTY13FEB2031400PE,PE,2020-02-12 11:47:00,2020-02-12 11:49:00,64.410625,63.98962652206421,2,-8.41996955871565,49.55666992042208,-57.97663947913773,2020-02-12
BANKNIFTY13FEB2031400PE,PE,2020-02-12 12:22:00,2020-02-12 12:24:00,73.18249999999999,72.6678734779358,2,-10.292530441283816,49.87673439432791,-60.16926483561173,2020-02-12
BANKNIFTY13FEB2031400PE,PE,2020-02-12 12:37:00,2020-02-12 12:44:00,71.7288780593872,69.17662347793579,7,-51.04509162902815,49.77375540828651,-100.81884703731467,2020-02-12
BANKNIFTY13FEB2031400PE,PE,2020-02-12 12:45:00,2020-02-12 12:55:00,68.1198719406128,64.8375,10,-65.64743881225581,49.623375456041394,-115.27081426829722,2020-02-12
BANKNIFTY13FEB2031400PE,PE,2020-02-12 12:57:00,2020-02-12 12:58:00,66.76649847030639,67.63050304412842,1,17.28009147644059,49.674497574239865,-32.394406097799276,2020-02-12
BANKNIFTY13FEB2031400PE,PE,2020-02-12 13:02:00,2020-02-12 13:03:00,67.61862194061278,69.37612804412842,1,35.15012207031276,49.72754389963555,-14.577421829322788,2020-02-12
BANKNIFTY13FEB2031400PE,PE,2020-02-12 13:04:00,2020-02-12 13:14:00,70.175,69.32625,10,-16.97499999999991,49.7580901045,-66.73309010449991,2020-02-12
BANKNIFTY13FEB2031400PE,PE,2020-02-12 13:18:00,2020-02-12 13:28:00,70.67625,69.12675304412842,10,-30.989939117431504,49.75946494984416,-80.74940406727566,2020-02-12
BANKNIFTY13FEB2031400PE,PE,2020-02-12 13:29:00,2020-02-12 13:39:00,67.0672515296936,76.6578734779358,10,191.81243896484375,49.89781215743222,141.91462680741154,2020-02-12
BANKNIFTY13FEB2031400PE,PE,2020-02-12 13:40:00,2020-02-12 13:41:00,73.38299694061278,76.059375,1,53.52756118774437,49.9617188145414,3.565842373202969,2020-02-12
BANKNIFTY13FEB2031400PE,PE,2020-02-12 13:53:00,2020-02-12 13:58:00,76.8416265296936,68.32875,5,-170.257530593872,49.8166508148543,-220.0741814087263,2020-02-12
BANKNIFTY13FEB2031400PE,PE,2020-02-12 14:03:00,2020-02-12 14:04:00,49.122499999999995,49.376250000000006,1,5.075000000000216,49.01128644550001,-43.936286445499796,2020-02-12
BANKNIFTY13FEB2031400PE,PE,2020-02-12 14:06:00,2020-02-12 14:07:00,50.5260015296936,51.27150152206421,1,14.909999847412223,49.07482232702638,-34.16482247961416,2020-02-12
BANKNIFTY13FEB2031400PE,PE,2020-02-12 14:08:00,2020-02-12 14:18:00,51.0773757648468,51.02212652206421,10,-1.104984855651736,49.07560668222424,-50.180591537875976,2020-02-12
BANKNIFTY13FEB2031400PE,PE,2020-02-12 14:19:00,2020-02-12 14:27:00,51.929499235153195,51.770251522064214,8,-3.184954261779609,49.104390216619926,-52.289344478399535,2020-02-12
BANKNIFTY13FEB2031400PE,PE,2020-02-12 14:29:00,2020-02-12 14:34:00,50.375625,54.4136242389679,5,80.75998477935798,49.149381845288964,31.610602934069014,2020-02-12
BANKNIFTY13FEB2031400PE,PE,2020-02-12 14:37:00,2020-02-12 14:46:00,49.7741265296936,52.6679992389679,9,57.87745418548596,49.099449184643255,8.778005000842704,2020-02-12
BANKNIFTY13FEB2031400PE,PE,2020-02-12 14:47:00,2020-02-12 14:48:00,50.8267507648468,51.6704992389679,1,16.87496948242199,49.088263776091104,-32.213294293669115,2020-02-12
BANKNIFTY13FEB2031400PE,PE,2020-02-12 14:55:00,2020-02-12 15:05:00,51.8292507648468,52.76775152206421,10,18.770015144348235,49.12740756072424,-30.357392416376,2020-02-12
BANKNIFTY13FEB2031500CE,CE,2020-02-13 09:16:00,2020-02-13 09:20:00,66.96700305938721,55.9098742389679,4,-221.14257640838616,49.39190067624755,-270.5344770846337,2020-02-13
BANKNIFTY13FEB2031500CE,CE,2020-02-13 09:34:00,2020-02-13 09:44:00,46.16512423515319,33.715499238967894,10,-248.992499923706,48.59361935473681,-297.5861192784428,2020-02-13
BANKNIFTY13FEB2031500CE,CE,2020-02-13 09:46:00,2020-02-13 09:49:00,30.977249617576597,32.917500000000004,3,38.80500764846815,48.38552106134892,-9.58051341288077,2020-02-13
BANKNIFTY13FEB2031500CE,CE,2020-02-13 09:50:00,2020-02-13 10:00:00,28.120124235153195,15.161999809741975,10,-259.16248850822444,47.918147594020084,-307.0806361022445,2020-02-13
BANKNIFTY13FEB2031500CE,CE,2020-02-13 10:09:00,2020-02-13 10:11:00,17.4434996175766,19.650750761032107,2,44.145022869110164,47.894688063059974,-3.7496651939498093,2020-02-13
BANKNIFTY13FEB2031500CE,CE,2020-02-13 10:15:00,2020-02-13 10:25:00,16.340749235153197,15.561000380516052,10,-15.594977092742894,47.78151048105337,-63.37648757379626,2020-02-13
BANKNIFTY13FEB2031500CE,CE,2020-02-13 10:29:00,2020-02-13 10:34:00,13.984874808788298,13.516125190258027,5,-9.374992370605426,47.70250331335224,-57.077495683957665,2020-02-13
BANKNIFTY13FEB2031500CE,CE,2020-02-13 10:43:00,2020-02-13 10:53:00,14.536249999999999,16.35899961948395,10,36.454992389679006,47.77850231864448,-11.323509928965471,2020-02-13
BANKNIFTY13FEB2031500CE,CE,2020-02-13 10:54:00,2020-02-13 11:04:00,15.3382501912117,14.164499809741974,10,-23.475007629394504,47.73508791264778,-71.21009554204228,2020-02-13
BANKNIFTY13FEB2031500CE,CE,2020-02-13 11:05:00,2020-02-13 11:06:00,15.438499617576598,16.10962461948395,1,13.422500038147014,47.78364580924341,-34.361145771096396,2020-02-13
BANKNIFTY13FEB2031500CE,CE,2020-02-13 11:12:00,2020-02-13 11:18:00,15.488624808788298,15.161999809741975,6,-6.532499980926474,47.7612188977467,-54.293718878673175,2020-02-13
BANKNIFTY13FEB2031500CE,CE,2020-02-13 11:20:00,2020-02-13 11:22:00,14.686624617576598,15.012375190258027,2,6.515011453628574,47.747615758776675,-41.2326043051481,2020-02-13
BANKNIFTY13FEB2031500CE,CE,2020-02-13 11:31:00,2020-02-13 11:35:00,14.6365003824234,11.571000380516052,4,-61.310000038146946,47.663286411006595,-108.97328644915353,2020-02-13
BANKNIFTY13FEB2031500CE,CE,2020-02-13 11:36:00,2020-02-13 11:44:00,12.0801251912117,7.830374904870987,8,-84.99500572681426,47.54054155036165,-132.5355472771759,2020-02-13
BANKNIFTY13FEB2031500CE,CE,2020-02-13 11:45:00,2020-02-13 11:48:00,6.91725009560585,5.48625,3,-28.62000191211699,47.41938249878777,-76.03938441090476,2020-02-13
BANKNIFTY13FEB2031500CE,CE,2020-02-13 11:49:00,2020-02-13 11:51:00,5.6139999043941495,6.134625095129014,2,10.412503814697285,47.41896225617611,-37.00645844147883,2020-02-13
BANKNIFTY13FEB2031500CE,CE,2020-02-13 11:54:00,2020-02-13 12:02:00,6.766875,5.6358750951290135,8,-22.619998097419725,47.421153719713885,-70.04115181713361,2020-02-13
BANKNIFTY13FEB2031500PE,PE,2020-02-13 09:17:00,2020-02-13 09:27:00,131.8788780593872,132.11887195587158,10,4.799877929687568,52.05201702336444,-47.252139093676874,2020-02-13
BANKNIFTY13FEB2031500PE,PE,2020-02-13 09:32:00,2020-02-13 09:35:00,124.05937499999999,135.95925304412842,3,237.99756088256856,52.048282538594165,185.9492783439744,2020-02-13
BANKNIFTY13FEB2031500PE,PE,2020-02-13 09:37:00,2020-02-13 09:46:00,138.49536888122557,145.18612804412842,9,133.815183258057,52.45206036892695,81.36312288913005,2020-02-13
BANKNIFTY13FEB2031500PE,PE,2020-02-13 09:49:00,2020-02-13 09:52:00,140.29987194061277,164.28824695587159,3,479.7675003051762,52.93911109269723,426.828389212479,2020-02-13
BANKNIFTY13FEB2031500PE,PE,2020-02-13 09:56:00,2020-02-13 09:58:00,171.176875,192.06862804412842,2,417.8350608825684,53.99843350534416,363.83662737722426,2020-02-13
BANKNIFTY13FEB2031500PE,PE,2020-02-13 10:26:00,2020-02-13 10:31:00,204.96112194061277,210.97125,5,120.20256118774455,54.877935291041396,65.32462589670315,2020-02-13
BANKNIFTY13FEB2031500PE,PE,2020-02-13 10:35:00,2020-02-13 10:45:00,208.92099388122557,206.78175304412844,10,-42.78481674194268,54.82522750792696,-97.61004424986965,2020-02-13
BANKNIFTY13FEB2031500PE,PE,2020-02-13 10:46:00,2020-02-13 10:53:00,203.2067469406128,192.31800304412843,7,-217.77487792968714,54.40242552013555,-272.1773034498227,2020-02-13
BANKNIFTY13FEB2031500PE,PE,2020-02-13 11:00:00,2020-02-13 11:01:00,199.89849388122556,199.5,1,-7.969877624511241,54.53601712858279,-62.50589475309403,2020-02-13
BANKNIFTY13FEB2031500PE,PE,2020-02-13 11:02:00,2020-02-13 11:03:00,201.5025,200.19824695587158,1,-26.085060882568314,54.57292853865584,-80.65798942122416,2020-02-13
BANKNIFTY13FEB2031500PE,PE,2020-02-13 11:04:00,2020-02-13 11:14:00,200.3997438812256,180.94649391174318,10,-389.0649993896483,54.09095639739447,-443.1559557870427,2020-02-13
BANKNIFTY13FEB2031500PE,PE,2020-02-13 11:16:00,2020-02-13 11:21:00,184.25950305938719,186.03375,5,35.484938812256246,54.0141768837086,-18.529238071452355,2020-02-13
BANKNIFTY13FEB2031500PE,PE,2020-02-13 11:29:00,2020-02-13 11:31:00,184.25950305938719,182.293125,2,-39.32756118774364,53.9231914174586,-93.25075260520224,2020-02-13
BANKNIFTY13FEB2031500PE,PE,2020-02-13 11:32:00,2020-02-13 11:37:00,184.45999999999998,201.89399391174317,5,348.67987823486374,54.40244600631168,294.2774322285521,2020-02-13
BANKNIFTY13FEB2031500PE,PE,2020-02-13 12:27:00,2020-02-13 12:28:00,268.5697438812256,271.41975608825686,1,57.00024414062568,57.13850864927112,-0.1382645086454346,2020-02-13
BANKNIFTY13FEB2031500PE,PE,2020-02-13 12:29:00,2020-02-13 12:32:00,267.5171311187744,264.33750000000003,3,-63.59262237548705,56.953165445167215,-120.54578782065427,2020-02-13
BANKNIFTY13FEB2031500PE,PE,2020-02-13 12:45:00,2020-02-13 12:48:00,268.920625,257.05576217651367,3,-237.2972564697261,56.79348381362665,-294.0907402833528,2020-02-13
BANKNIFTY13FEB2031500PE,PE,2020-02-13 12:49:00,2020-02-13 12:50:00,251.7277561187744,259.84875,1,162.41987762451174,56.6478220064172,105.77205561809454,2020-02-13
BANKNIFTY13FEB2031500PE,PE,2020-02-13 13:05:00,2020-02-13 13:10:00,240.9508811187744,240.19800304412843,5,-15.057561492919262,56.03595751351137,-71.09351900643063,2020-02-13
BANKNIFTY13FEB2031500PE,PE,2020-02-13 13:17:00,2020-02-13 13:19:00,253.78286888122557,282.59173782348637,2,576.177378845216,57.226545243956146,518.9508336012599,2020-02-13
BANKNIFTY13FEB2031500PE,PE,2020-02-13 13:52:00,2020-02-13 13:53:00,279.6975,285.38475608825684,1,113.7451217651369,57.61643451418833,56.12868725094857,2020-02-13
BANKNIFTY13FEB2031500PE,PE,2020-02-13 14:08:00,2020-02-13 14:12:00,292.0783811187744,299.69888717651367,4,152.41012115478497,58.118420827793855,94.29170032699112,2020-02-13
BANKNIFTY13FEB2031500PE,PE,2020-02-13 14:14:00,2020-02-13 14:15:00,290.0733811187744,289.9233689117432,1,-3.0002441406247726,57.85573571372888,-60.855979854353656,2020-02-13
BANKNIFTY13FEB2031500PE,PE,2020-02-13 14:17:00,2020-02-13 14:19:00,284.50948776245116,279.2002439117432,2,-106.18487701415916,57.52578712497727,-163.71066413913644,2020-02-13
BANKNIFTY13FEB2031500PE,PE,2020-02-13 14:21:00,2020-02-13 14:23:00,268.419375,266.8811128234863,2,-30.765243530273665,57.02624438312335,-87.79148791339702,2020-02-13
BANKNIFTY13FEB2031500PE,PE,2020-02-13 14:52:00,2020-02-13 14:54:00,266.96573776245117,286.18274391174316,2,384.3401229858398,57.477670129477275,326.86245285636255,2020-02-13
BANKNIFTY13FEB2031500PE,PE,2020-02-13 15:00:00,2020-02-13 15:01:00,275.98823776245115,269.325,1,-133.2647552490232,57.17972104066559,-190.4444762896888,2020-02-13
BANKNIFTY20FEB2031400CE,CE,2020-02-14 09:16:00,2020-02-14 09:26:00,229.12137805938718,240.5969969558716,10,229.5123779296881,55.89869746761444,173.61368046207366,2020-02-14
BANKNIFTY20FEB2031400CE,CE,2020-02-14 09:27:00,2020-02-14 09:30:00,235.58749999999998,247.72913108825685,3,242.83262176513745,56.15250915793831,186.68011260719913,2020-02-14
BANKNIFTY20FEB2031400CE,CE,2020-02-14 09:34:00,2020-02-14 09:44:00,246.61499999999998,231.32024391174318,10,-305.8951217651361,55.89038719881168,-361.7855089639478,2020-02-14
BANKNIFTY20FEB2031400CE,CE,2020-02-14 09:45:00,2020-02-14 09:55:00,230.97599388122558,218.60211891174316,10,-247.4774993896483,55.38674385714448,-302.8642432467928,2020-02-14
BANKNIFTY20FEB2031400CE,CE,2020-02-14 09:56:00,2020-02-14 10:06:00,215.3871311187744,207.92887195587159,10,-149.16518325805612,54.93346227207305,-204.09864553012918,2020-02-14
BANKNIFTY20FEB2031400CE,CE,2020-02-14 10:08:00,2020-02-14 10:18:00,211.52749999999997,202.4426219558716,10,-181.69756088256747,54.75206640840584,-236.4496272909733,2020-02-14
BANKNIFTY20FEB2031400CE,CE,2020-02-14 10:19:00,2020-02-14 10:29:00,202.15411888122557,195.36038108825684,10,-135.87475585937455,54.463349676771124,-190.33810553614566,2020-02-14
BANKNIFTY20FEB2031400CE,CE,2020-02-14 10:30:00,2020-02-14 10:40:00,198.64536888122558,197.2057469558716,10,-28.79243850707951,54.464644311488634,-83.25708281856814,2020-02-14
BANKNIFTY20FEB2031400CE,CE,2020-02-14 10:41:00,2020-02-14 10:47:00,195.8383811187744,180.64725608825685,6,-303.8225006103511,54.02700930985553,-357.84950992020663,2020-02-14
BANKNIFTY20FEB2031400CE,CE,2020-02-14 10:48:00,2020-02-14 10:58:00,176.18937499999998,85.78500000000001,10,-1808.0874999999994,51.47550634525,-1859.5630063452495,2020-02-14
BANKNIFTY20FEB2031400CE,CE,2020-02-14 10:59:00,2020-02-14 11:00:00,94.3853765296936,87.82987804412842,1,-131.10996971130362,50.50894498544847,-181.61891469675209,2020-02-14
BANKNIFTY20FEB2031400CE,CE,2020-02-14 11:01:00,2020-02-14 11:02:00,88.971875,86.98199695587158,1,-39.79756088256835,50.42106628740584,-90.21862716997418,2020-02-14
BANKNIFTY20FEB2031400CE,CE,2020-02-14 11:06:00,2020-02-14 11:07:00,84.8616265296936,85.6353734779358,1,15.474938964844114,50.33724747368222,-34.862308508838105,2020-02-14
BANKNIFTY20FEB2031400CE,CE,2020-02-14 11:08:00,2020-02-14 11:18:00,71.3278765296936,85.68525152206422,10,287.14749984741246,50.17032279077638,236.9771770566361,2020-02-14
BANKNIFTY20FEB2031400CE,CE,2020-02-14 11:20:00,2020-02-14 11:27:00,83.0070030593872,92.66775152206421,7,193.21496925354012,50.48525912413069,142.72971012940943,2020-02-14
BANKNIFTY20FEB2031400CE,CE,2020-02-14 11:36:00,2020-02-14 11:41:00,120.550625,144.18862804412842,5,472.7600608825685,52.20485925784417,420.5552016247243,2020-02-14
BANKNIFTY20FEB2031400CE,CE,2020-02-14 11:43:00,2020-02-14 11:51:00,128.77112194061277,124.8869969558716,8,-77.68249969482355,51.83750226969725,-129.5200019645208,2020-02-14
BANKNIFTY20FEB2031400CE,CE,2020-02-14 11:52:00,2020-02-14 12:02:00,116.4403765296936,109.42574695587159,10,-140.29259147644012,51.30823676051014,-191.60082823695026,2020-02-14
BANKNIFTY20FEB2031400CE,CE,2020-02-14 12:10:00,2020-02-14 12:20:00,111.52812499999999,113.715,10,43.737500000000296,51.35153898775,-7.6140389877497014,2020-02-14
BANKNIFTY20FEB2031400CE,CE,2020-02-14 12:21:00,2020-02-14 12:31:00,110.62587347030639,101.495625,10,-182.60496940612768,51.043110585895704,-233.64807999202338,2020-02-14
BANKNIFTY20FEB2031400CE,CE,2020-02-14 12:32:00,2020-02-14 12:42:00,106.9166265296936,103.54050304412843,10,-67.52246971130347,51.04676718119846,-118.56923689250193,2020-02-14
BANKNIFTY20FEB2031400CE,CE,2020-02-14 12:43:00,2020-02-14 12:45:00,102.85649847030639,106.13400152206421,2,65.55006103515638,51.059408993817776,14.490652041338599,2020-02-14
BANKNIFTY20FEB2031400CE,CE,2020-02-14 12:46:00,2020-02-14 12:55:00,105.56325305938721,106.483125,9,18.39743881225587,51.1015285699586,-32.70408975770273,2020-02-14
BANKNIFTY20FEB2031400CE,CE,2020-02-14 12:57:00,2020-02-14 13:07:00,105.21237194061278,103.74000000000001,10,-29.447438812255484,51.0304466880414,-80.47788550029688,2020-02-14
BANKNIFTY20FEB2031400CE,CE,2020-02-14 13:10:00,2020-02-14 13:20:00,105.56325305938721,104.03925304412843,10,-30.480000305175565,51.04208480605277,-81.52208511122834,2020-02-14
BANKNIFTY20FEB2031400CE,CE,2020-02-14 13:21:00,2020-02-14 13:31:00,103.006875,94.21387195587158,10,-175.86006088256823,50.771336748155846,-226.63139763072408,2020-02-14
BANKNIFTY20FEB2031400CE,CE,2020-02-14 13:32:00,2020-02-14 13:41:00,95.6385015296936,88.6278734779358,9,-140.2125610351561,50.54392343093222,-190.75648446608832,2020-02-14
BANKNIFTY20FEB2031400CE,CE,2020-02-14 13:42:00,2020-02-14 13:47:00,88.8214984703064,95.011875,5,123.80753059387217,50.6145136111457,73.19301698272648,2020-02-14
BANKNIFTY20FEB2031400CE,CE,2020-02-14 13:52:00,2020-02-14 14:02:00,92.68112194061278,97.6053734779358,10,98.48503074646032,50.72554724886932,47.759483497591006,2020-02-14
BANKNIFTY20FEB2031400CE,CE,2020-02-14 14:05:00,2020-02-14 14:15:00,100.3502484703064,91.47074695587159,10,-177.59003028869614,50.671609207551526,-228.26163949624765,2020-02-14
BANKNIFTY20FEB2031400CE,CE,2020-02-14 14:16:00,2020-02-14 14:26:00,92.98187499999999,87.530625,10,-109.02499999999975,50.484229532499995,-159.50922953249975,2020-02-14
BANKNIFTY20FEB2031400CE,CE,2020-02-14 14:27:00,2020-02-14 14:37:00,89.67362194061279,79.80000000000001,10,-197.47243881225558,50.2550924895414,-247.72753130179697,2020-02-14
BANKNIFTY20FEB2031400CE,CE,2020-02-14 14:38:00,2020-02-14 14:48:00,79.0972515296936,75.21150152206421,10,-77.71500015258766,50.01208709252638,-127.72708724511403,2020-02-14
BANKNIFTY20FEB2031400CE,CE,2020-02-14 14:50:00,2020-02-14 15:00:00,74.8867469406128,78.50324695587159,10,72.33000030517587,50.03984456694724,22.290155738228634,2020-02-14
BANKNIFTY20FEB2031400CE,CE,2020-02-14 15:01:00,2020-02-14 15:11:00,78.44562499999999,77.30625,10,-22.78749999999974,50.05494336925,-72.84244336924974,2020-02-14
BANKNIFTY20FEB2031400CE,CE,2020-02-14 15:12:00,2020-02-14 15:22:00,78.44562499999999,77.20650152206422,10,-24.782469558715547,50.05251712717209,-74.83498668588763,2020-02-14
BANKNIFTY20FEB2031400PE,PE,2020-02-14 09:15:00,2020-02-14 09:16:00,280.0984938812256,258.95100608825686,1,-422.94975585937436,56.97845234027112,-479.9282081996455,2020-02-14
BANKNIFTY20FEB2031400PE,PE,2020-02-14 09:20:00,2020-02-14 09:22:00,227.6176280593872,236.20800304412842,2,171.80749969482463,55.77325934680277,116.03424034802185,2020-02-14
BANKNIFTY20FEB2031400PE,PE,2020-02-14 09:25:00,2020-02-14 09:35:00,235.5373719406128,212.96625,10,-451.4224388122557,55.306327972541396,-506.7287667847971,2020-02-14
BANKNIFTY20FEB2031400PE,PE,2020-02-14 09:36:00,2020-02-14 09:39:00,215.98862194061277,221.74425304412844,3,115.11262207031336,55.276974756885565,59.8356473134278,2020-02-14
BANKNIFTY20FEB2031400PE,PE,2020-02-14 09:40:00,2020-02-14 09:41:00,221.85325305938719,225.13574695587158,1,65.64987792968793,55.43232792936444,10.217550000323492,2020-02-14
BANKNIFTY20FEB2031400PE,PE,2020-02-14 09:43:00,2020-02-14 09:47:00,226.3645030593872,233.26538108825685,4,138.01756057739283,55.686115863646926,82.3314447137459,2020-02-14
BANKNIFTY20FEB2031400PE,PE,2020-02-14 09:50:00,2020-02-14 09:53:00,237.6426280593872,235.659375,3,-39.66506118774362,55.8844613277086,-95.54952251545222,2020-02-14
BANKNIFTY20FEB2031400PE,PE,2020-02-14 09:55:00,2020-02-14 09:56:00,239.4471311187744,241.74413108825684,1,45.93999938964885,56.054882925105524,-10.114883535456677,2020-02-14
BANKNIFTY20FEB2031400PE,PE,2020-02-14 09:58:00,2020-02-14 10:04:00,242.605,249.5744969558716,6,139.3899391174324,56.284577712155844,83.10536140527654,2020-02-14
BANKNIFTY20FEB2031400PE,PE,2020-02-14 10:06:00,2020-02-14 10:09:00,245.361875,248.8263719558716,3,69.28993911743191,56.30063093115584,12.989308186276077,2020-02-14
BANKNIFTY20FEB2031400PE,PE,2020-02-14 10:12:00,2020-02-14 10:13:00,252.07862194061278,258.4023628234863,1,126.47481765747102,56.61699967991475,69.85781797755627,2020-02-14
BANKNIFTY20FEB2031400PE,PE,2020-02-14 10:15:00,2020-02-14 10:17:00,248.7202561187744,255.75899391174318,2,140.77475585937577,56.51098043822888,84.2637754211469,2020-02-14
BANKNIFTY20FEB2031400PE,PE,2020-02-14 10:21:00,2020-02-14 10:29:00,254.2340061187744,258.601875,8,87.35737762451208,56.648630165167205,30.708747459344877,2020-02-14
BANKNIFTY20FEB2031400PE,PE,2020-02-14 10:32:00,2020-02-14 10:33:00,251.2265061187744,251.51961891174318,1,5.862255859375409,56.43900022397888,-50.57674436460347,2020-02-14
BANKNIFTY20FEB2031400PE,PE,2020-02-14 10:37:00,2020-02-14 10:41:00,251.37687499999998,257.95350608825686,4,131.5326217651375,56.59736364493832,74.93525812019917,2020-02-14
BANKNIFTY20FEB2031400PE,PE,2020-02-14 10:47:00,2020-02-14 10:48:00,279.7476127624512,286.9807621765137,1,144.6629882812499,57.65587770879223,87.00711057245768,2020-02-14
BANKNIFTY20FEB2031400PE,PE,2020-02-14 11:00:00,2020-02-14 11:08:00,571.425,641.4922256469727,8,1401.344512939454,69.9025559297467,1331.4419570097073,2020-02-14
BANKNIFTY20FEB2031400PE,PE,2020-02-14 11:12:00,2020-02-14 11:22:00,587.214375,589.8716006469726,10,53.1445129394524,68.8431173747467,-15.6986044352943,2020-02-14
BANKNIFTY20FEB2031400PE,PE,2020-02-14 11:24:00,2020-02-14 11:34:00,583.4549999999999,461.39361282348636,10,-2441.2277435302713,65.67136521887336,-2506.8991087491445,2020-02-14
BANKNIFTY20FEB2031400PE,PE,2020-02-14 11:39:00,2020-02-14 11:43:00,460.1976127624512,467.4783689117432,4,145.61512298584034,64.28806791597727,81.32705506986308,2020-02-14
BANKNIFTY20FEB2031400PE,PE,2020-02-14 11:51:00,2020-02-14 11:52:00,465.2602561187744,487.67774391174316,1,448.34975585937514,64.84228568972888,383.50747016964624,2020-02-14
BANKNIFTY20FEB2031400PE,PE,2020-02-14 12:06:00,2020-02-14 12:09:00,467.46573776245117,478.4508689117432,3,219.7026229858409,64.64525489472726,155.05736809111363,2020-02-14
BANKNIFTY20FEB2031400PE,PE,2020-02-14 13:04:00,2020-02-14 13:06:00,497.23999999999995,496.00687500000004,2,-24.662499999998317,65.44218368875,-90.10468368874832,2020-02-14
BANKNIFTY20FEB2031400PE,PE,2020-02-14 13:41:00,2020-02-14 13:51:00,565.41,542.7896493530274,10,-452.4070129394522,67.4270259910033,-519.8340389304556,2020-02-14
BANKNIFTY20FEB2031400PE,PE,2020-02-14 13:55:00,2020-02-14 13:57:00,511.9266188812256,519.5977743530274,2,153.42310943603593,66.19845996658609,87.22464946944984,2020-02-14
BANKNIFTY20FEB2031400PE,PE,2020-02-14 14:00:00,2020-02-14 14:01:00,500.6986372375488,499.498125,1,-24.01024475097529,65.57007218283441,-89.5803169338097,2020-02-14
BANKNIFTY20FEB2031400PE,PE,2020-02-14 14:34:00,2020-02-14 14:37:00,553.38,574.2108993530273,3,416.61798706054697,68.04184799950329,348.5761390610437,2020-02-14
BANKNIFTY20FEB2031400PE,PE,2020-02-14 14:47:00,2020-02-14 14:57:00,595.485,575.5076371765138,10,-399.5472564697252,68.59648500962665,-468.14374147935183,2020-02-14
BANKNIFTY20FEB2031400PE,PE,2020-02-14 14:59:00,2020-02-14 15:09:00,571.7758505249024,574.5600000000001,10,55.682989501954125,68.27888207258118,-12.595892570627058,2020-02-14
BANKNIFTY20FEB2031400PE,PE,2020-02-14 15:17:00,2020-02-14 15:18:00,579.94625,587.0786128234863,1,142.64725646972693,68.68488557837335,73.96237089135357,2020-02-14
BANKNIFTY20FEB2030900CE,CE,2020-02-17 09:15:00,2020-02-17 09:20:00,239.6476280593872,266.38236282348635,5,534.6946952819832,56.65666431233197,478.03803096965123,2020-02-17
BANKNIFTY20FEB2030900CE,CE,2020-02-17 09:21:00,2020-02-17 09:23:00,221.55249999999998,167.48024391174317,2,-1081.4451217651363,54.02620209981167,-1135.4713238649479,2020-02-17
BANKNIFTY20FEB2030900CE,CE,2020-02-17 09:24:00,2020-02-17 09:27:00,164.05911888122557,161.44538108825685,3,-52.27475585937441,53.165137740771115,-105.43989360014552,2020-02-17
BANKNIFTY20FEB2030900CE,CE,2020-02-17 09:28:00,2020-02-17 09:38:00,161.00150611877442,218.45250000000001,10,1149.019877624512,54.51376954041721,1094.5061080840949,2020-02-17
BANKNIFTY20FEB2030900CE,CE,2020-02-17 09:40:00,2020-02-17 09:44:00,230.07375,220.04850608825686,4,-200.50487823486264,55.41071608318832,-255.91559431805098,2020-02-17
BANKNIFTY20FEB2030900CE,CE,2020-02-17 09:47:00,2020-02-17 09:57:00,209.1215061187744,199.40024391174316,10,-194.4252441406246,54.648173716228875,-249.0734178568535,2020-02-17
BANKNIFTY20FEB2030900CE,CE,2020-02-17 09:59:00,2020-02-17 10:03:00,216.43974388122558,204.736875,4,-234.05737762451167,54.86889865483279,-288.92627627934445,2020-02-17
BANKNIFTY20FEB2030900CE,CE,2020-02-17 10:04:00,2020-02-17 10:09:00,186.06400611877442,191.81925304412843,5,115.1049385070803,54.177319569761366,60.92761893731894,2020-02-17
BANKNIFTY20FEB2030900CE,CE,2020-02-17 10:10:00,2020-02-17 10:20:00,182.9061219406128,173.11612804412843,10,-195.79987792968723,53.683159948635556,-249.4830378783228,2020-02-17
BANKNIFTY20FEB2030900CE,CE,2020-02-17 10:24:00,2020-02-17 10:25:00,175.08661888122558,177.7544969558716,1,53.35756149292024,53.69883540048863,-0.34127390756839304,2020-02-17
BANKNIFTY20FEB2030900CE,CE,2020-02-17 10:30:00,2020-02-17 10:31:00,179.94875,182.04375000000002,1,41.900000000000546,53.863570648,-11.963570647999454,2020-02-17
BANKNIFTY20FEB2030900CE,CE,2020-02-17 10:41:00,2020-02-17 10:43:00,181.6028688812256,185.13600608825683,2,70.66274414062491,53.959335559521115,16.703408581103794,2020-02-17
BANKNIFTY20FEB2030900CE,CE,2020-02-17 10:44:00,2020-02-17 10:50:00,189.6729969406128,198.00375,6,166.61506118774412,54.3725854582914,112.24247572945272,2020-02-17
BANKNIFTY20FEB2030900CE,CE,2020-02-17 11:04:00,2020-02-17 11:09:00,179.89862194061277,185.38538108825685,5,109.73518295288159,53.944228374979716,55.79095457790187,2020-02-17
BANKNIFTY20FEB2030900CE,CE,2020-02-17 11:10:00,2020-02-17 11:12:00,181.95374999999999,179.7494969558716,2,-44.08506088256786,53.832675472655836,-97.9177363552237,2020-02-17
BANKNIFTY20FEB2030900CE,CE,2020-02-17 11:14:00,2020-02-17 11:15:00,183.1066188812256,189.525,1,128.3676223754884,54.08477368033279,74.28284869515561,2020-02-17
BANKNIFTY20FEB2030900CE,CE,2020-02-17 11:32:00,2020-02-17 11:34:00,192.730625,193.81425304412844,2,21.672560882568632,54.30866855809417,-32.63610767552554,2020-02-17
BANKNIFTY20FEB2030900CE,CE,2020-02-17 11:56:00,2020-02-17 11:58:00,186.41487194061278,194.46262195587158,2,160.955000305176,54.24597483444723,106.70902547072876,2020-02-17
BANKNIFTY20FEB2030900CE,CE,2020-02-17 12:12:00,2020-02-17 12:22:00,175.186875,163.93913108825686,10,-224.95487823486258,53.364041509188326,-278.3189197440509,2020-02-17
BANKNIFTY20FEB2030900CE,CE,2020-02-17 12:23:00,2020-02-17 12:33:00,162.85612194061278,160.2982469558716,10,-51.157499694823514,53.12228975619723,-104.27978945102075,2020-02-17
BANKNIFTY20FEB2030900CE,CE,2020-02-17 12:41:00,2020-02-17 12:49:00,164.56036888122557,164.68725608825685,8,2.5377441406254775,53.25021914102112,-50.71247500039564,2020-02-17
BANKNIFTY20FEB2030900CE,CE,2020-02-17 12:51:00,2020-02-17 12:59:00,158.39499999999998,159.15112804412843,8,15.122560882568905,53.03896450009416,-37.916403617525255,2020-02-17
BANKNIFTY20FEB2030900CE,CE,2020-02-17 13:00:00,2020-02-17 13:06:00,153.83362194061277,152.11875,6,-34.297438812255336,52.811243013041405,-87.10868182529674,2020-02-17
BANKNIFTY20FEB2030900CE,CE,2020-02-17 13:09:00,2020-02-17 13:11:00,154.78599388122558,152.6175,2,-43.369877624511446,52.83520629658279,-96.20508392109423,2020-02-17
BANKNIFTY20FEB2030900CE,CE,2020-02-17 13:12:00,2020-02-17 13:14:00,151.52786888122557,156.55762195587158,2,100.5950614929202,52.89056660523863,47.70449488768156,2020-02-17
BANKNIFTY20FEB2030900CE,CE,2020-02-17 13:20:00,2020-02-17 13:21:00,146.46525611877442,149.52524391174316,1,61.19975585937482,52.65661797872889,8.54313788064593,2020-02-17
BANKNIFTY20FEB2030900CE,CE,2020-02-17 13:31:00,2020-02-17 13:36:00,140.50036888122557,146.0838719558716,5,111.67006149292035,52.49880605073864,59.17125544218172,2020-02-17
BANKNIFTY20FEB2030900CE,CE,2020-02-17 13:52:00,2020-02-17 13:59:00,153.0817469406128,148.77711891174317,7,-86.0925605773923,52.72062152085308,-138.8131820982454,2020-02-17
BANKNIFTY20FEB2030900CE,CE,2020-02-17 14:21:00,2020-02-17 14:22:00,150.124375,149.5751219558716,1,-10.985060882567836,52.70329062165583,-63.68835150422367,2020-02-17
BANKNIFTY20FEB2030900CE,CE,2020-02-17 14:23:00,2020-02-17 14:32:00,145.7133811187744,139.94925304412843,9,-115.28256149291963,52.41435441301137,-167.696915905931,2020-02-17
BANKNIFTY20FEB2030900CE,CE,2020-02-17 14:35:00,2020-02-17 14:37:00,133.6833811187744,134.3632469558716,2,13.597316741943928,52.129026727323044,-38.531709985379116,2020-02-17
BANKNIFTY20FEB2030900CE,CE,2020-02-17 14:43:00,2020-02-17 14:45:00,140.75099388122558,143.44050304412843,2,53.79018325805703,52.43762346742695,1.3525597906300746,2020-02-17
BANKNIFTY20FEB2030900CE,CE,2020-02-17 14:46:00,2020-02-17 14:48:00,139.29737194061278,142.6425,2,66.90256118774471,52.4001539430414,14.502407244703306,2020-02-17
BANKNIFTY20FEB2030900CE,CE,2020-02-17 14:50:00,2020-02-17 14:56:00,147.96900611877442,157.10625000000002,6,182.74487762451201,52.8596973269172,129.88518029759481,2020-02-17
BANKNIFTY20FEB2030900CE,CE,2020-02-17 14:57:00,2020-02-17 14:58:00,155.1870030593872,158.353125,1,63.32243881225622,52.97969932245861,10.342739489797616,2020-02-17
BANKNIFTY20FEB2030900CE,CE,2020-02-17 14:59:00,2020-02-17 15:08:00,158.9463780593872,149.97413108825685,9,-179.44493942260692,52.82259699739693,-232.26753642000386,2020-02-17
BANKNIFTY20FEB2030900PE,PE,2020-02-17 09:21:00,2020-02-17 09:22:00,254.08362194061277,334.66125,1,1611.5525611877445,58.496799666041404,1553.055761521703,2020-02-17
BANKNIFTY20FEB2030900PE,PE,2020-02-17 09:27:00,2020-02-17 09:29:00,356.639375,362.89048782348635,2,125.02225646972761,60.45754800887335,64.56470846085426,2020-02-17
BANKNIFTY20FEB2030900PE,PE,2020-02-17 09:38:00,2020-02-17 09:42:00,266.66499999999996,281.3448628234863,4,293.5972564697272,57.356259199373355,236.24099727035383,2020-02-17
BANKNIFTY20FEB2030900PE,PE,2020-02-17 09:44:00,2020-02-17 09:47:00,257.2916188812256,269.9733689117432,3,253.6350006103521,56.963212392394475,196.67178821795764,2020-02-17
BANKNIFTY20FEB2030900PE,PE,2020-02-17 10:33:00,2020-02-17 10:43:00,303.25624999999997,297.40461891174317,10,-117.0326217651359,58.201485336061666,-175.23410710119757,2020-02-17
BANKNIFTY20FEB2030900PE,PE,2020-02-17 10:52:00,2020-02-17 11:02:00,288.26886276245114,292.26750000000004,10,79.97274475097811,57.890334806415574,22.082409944562535,2020-02-17
BANKNIFTY20FEB2030900PE,PE,2020-02-17 11:07:00,2020-02-17 11:17:00,291.8778688812256,279.3,10,-251.55737762451167,57.619755371832795,-309.1771329963445,2020-02-17
BANKNIFTY20FEB2030900PE,PE,2020-02-17 11:19:00,2020-02-17 11:29:00,284.6598872375488,258.45225608825683,10,-524.1526229858391,57.02298987127273,-581.1756128571119,2020-02-17
BANKNIFTY20FEB2030900PE,PE,2020-02-17 11:30:00,2020-02-17 11:32:00,250.4746311187744,266.63173782348633,2,323.1421340942387,56.79724036529056,266.34489372894814,2020-02-17
BANKNIFTY20FEB2030900PE,PE,2020-02-17 11:34:00,2020-02-17 11:35:00,264.65999999999997,259.35,1,-106.19999999999891,56.796355636,-162.9963556359989,2020-02-17
BANKNIFTY20FEB2030900PE,PE,2020-02-17 11:48:00,2020-02-17 11:58:00,260.65,260.3475,10,-6.049999999999045,56.770799791,-62.82079979099905,2020-02-17
BANKNIFTY20FEB2030900PE,PE,2020-02-17 12:09:00,2020-02-17 12:11:00,272.3792622375488,284.4371189117432,2,241.15713348388795,57.50246570789609,183.65466777599187,2020-02-17
BANKNIFTY20FEB2030900PE,PE,2020-02-17 12:35:00,2020-02-17 12:40:00,292.479375,289.27500000000003,5,-64.08749999999941,57.86985615325,-121.9573561532494,2020-02-17
BANKNIFTY20FEB2030900PE,PE,2020-02-17 12:49:00,2020-02-17 12:51:00,296.4392622375488,309.6738871765137,2,264.6924987792977,58.41522658046105,206.27727219883664,2020-02-17
BANKNIFTY20FEB2030900PE,PE,2020-02-17 13:07:00,2020-02-17 13:09:00,314.28375,312.5167378234863,2,-35.34024353027348,58.706067720623345,-94.04631125089682,2020-02-17
BANKNIFTY20FEB2030900PE,PE,2020-02-17 13:11:00,2020-02-17 13:12:00,319.9478688812256,320.8957621765137,1,18.95786590576222,58.98024450470944,-40.02237859894722,2020-02-17
BANKNIFTY20FEB2030900PE,PE,2020-02-17 13:15:00,2020-02-17 13:19:00,299.6973872375488,325.185,4,509.75225524902385,58.83299032608441,450.9192649229394,2020-02-17
BANKNIFTY20FEB2030900PE,PE,2020-02-17 13:25:00,2020-02-17 13:28:00,322.05312499999997,330.3221189117432,3,165.37987823486446,59.235682295311676,106.14419593955279,2020-02-17
BANKNIFTY20FEB2030900PE,PE,2020-02-17 13:30:00,2020-02-17 13:31:00,322.85511276245114,334.26225608825683,1,228.14286651611383,59.34148419110391,168.8013823250099,2020-02-17
BANKNIFTY20FEB2030900PE,PE,2020-02-17 13:33:00,2020-02-17 13:40:00,330.8751127624512,336.10763717651366,7,104.65048828124964,59.48600777454224,45.1644805067074,2020-02-17
BANKNIFTY20FEB2030900PE,PE,2020-02-17 13:43:00,2020-02-17 13:48:00,332.83,292.41711891174316,5,-808.2576217651365,58.44758382156167,-866.7052055866982,2020-02-17
BANKNIFTY20FEB2030900PE,PE,2020-02-17 14:03:00,2020-02-17 14:11:00,315.9880122375488,318.20250000000004,8,44.28975524902512,58.865538997834406,-14.575783748809286,2020-02-17
BANKNIFTY20FEB2030900PE,PE,2020-02-17 14:12:00,2020-02-17 14:21:00,317.4917622375488,303.09038108825683,9,-288.02762298583957,58.51663985077274,-346.5442628366123,2020-02-17
BANKNIFTY20FEB2030900PE,PE,2020-02-17 14:27:00,2020-02-17 14:28:00,307.7675,307.23,1,-10.749999999999318,58.496519940999995,-69.24651994099932,2020-02-17
BANKNIFTY20FEB2030900PE,PE,2020-02-17 14:32:00,2020-02-17 14:35:00,323.10573776245116,329.1251371765137,3,120.38798828125095,59.219644630292244,61.16834365095871,2020-02-17
BANKNIFTY20FEB2030900PE,PE,2020-02-17 14:37:00,2020-02-17 14:43:00,328.2184938812256,318.45187500000003,6,-195.33237762451108,59.023551307332795,-254.3559289318439,2020-02-17
BANKNIFTY20FEB2030900PE,PE,2020-02-17 14:45:00,2020-02-17 14:50:00,318.19349388122555,304.1876371765137,5,-280.1171340942369,58.552047102209436,-338.66918119644635,2020-02-17
BANKNIFTY20FEB2030900PE,PE,2020-02-17 14:55:00,2020-02-17 14:57:00,303.1559938812256,296.50687500000004,2,-132.98237762451095,58.17840343033279,-191.16078105484374,2020-02-17
BANKNIFTY20FEB2030900PE,PE,2020-02-17 14:58:00,2020-02-17 15:01:00,288.21875,301.245,3,260.5250000000001,58.108077344499996,202.4169226555001,2020-02-17
BANKNIFTY20FEB2030900PE,PE,2020-02-17 15:05:00,2020-02-17 15:06:00,300.75,305.3846189117432,1,92.69237823486378,58.364451016561674,34.32792721830211,2020-02-17
BANKNIFTY20FEB2030900PE,PE,2020-02-17 15:08:00,2020-02-17 15:18:00,305.1108811187744,290.62163108825683,10,-289.78500061035106,58.059539848605525,-347.8445404589566,2020-02-17
BANKNIFTY20FEB2030900PE,PE,2020-02-17 15:22:00,2020-02-17 15:23:00,294.38411888122556,294.2625,1,-2.432377624511446,58.014833884332795,-60.44721150884424,2020-02-17
BANKNIFTY20FEB2030600CE,CE,2020-02-18 09:15:00,2020-02-18 09:23:00,212.22924694061277,164.83687500000002,8,-947.847438812255,53.8460774850414,-1001.6935162972964,2020-02-18
BANKNIFTY20FEB2030600CE,CE,2020-02-18 09:27:00,2020-02-18 09:32:00,159.6982530593872,144.73725608825686,5,-299.2199394226071,52.70455833889692,-351.924497761504,2020-02-18
BANKNIFTY20FEB2030600CE,CE,2020-02-18 09:35:00,2020-02-18 09:41:00,149.7734938812256,143.49038108825684,6,-125.66225585937502,52.55092861202112,-178.21318447139615,2020-02-18
BANKNIFTY20FEB2030600CE,CE,2020-02-18 10:03:00,2020-02-18 10:04:00,142.355,141.94425304412843,1,-8.214939117431186,52.42115681134417,-60.636095928775354,2020-02-18
BANKNIFTY20FEB2030600CE,CE,2020-02-18 10:06:00,2020-02-18 10:13:00,142.85625,148.92675304412842,7,121.41006088256859,52.597223677844156,68.81283720472443,2020-02-18
BANKNIFTY20FEB2030600CE,CE,2020-02-18 10:15:00,2020-02-18 10:24:00,140.9013780593872,119.25112804412842,9,-433.0050003051758,51.851119098552765,-484.8561194037286,2020-02-18
BANKNIFTY20FEB2030600CE,CE,2020-02-18 10:31:00,2020-02-18 10:32:00,119.4979969406128,120.448125,1,19.00256118774422,51.61432732804139,-32.61176614029717,2020-02-18
BANKNIFTY20FEB2030600CE,CE,2020-02-18 10:38:00,2020-02-18 10:46:00,117.24237194061278,100.89712652206421,8,-326.90490837097144,51.11075367871348,-378.0156620496849,2020-02-18
BANKNIFTY20FEB2030600CE,CE,2020-02-18 10:49:00,2020-02-18 10:52:00,102.0545030593872,100.44824695587158,3,-32.125122070312386,50.911147303864446,-83.03626937417684,2020-02-18
BANKNIFTY20FEB2030600CE,CE,2020-02-18 10:53:00,2020-02-18 10:56:00,102.255,105.18637195587159,3,58.62743911743195,51.02888645490583,7.598552662526117,2020-02-18
BANKNIFTY20FEB2030600CE,CE,2020-02-18 11:02:00,2020-02-18 11:12:00,103.10712347030639,99.84974847793579,10,-65.147499847412,50.90966700122361,-116.05716684863562,2020-02-18
BANKNIFTY20FEB2030600CE,CE,2020-02-18 11:13:00,2020-02-18 11:16:00,98.5457530593872,102.64275152206422,3,81.93996925354043,50.92093424863069,31.01903500490974,2020-02-18
BANKNIFTY20FEB2030600CE,CE,2020-02-18 11:17:00,2020-02-18 11:18:00,100.8514984703064,103.19137195587159,1,46.79746971130385,50.96292433130153,-4.165454619997682,2020-02-18
BANKNIFTY20FEB2030600CE,CE,2020-02-18 11:19:00,2020-02-18 11:22:00,101.001875,98.45324695587159,3,-50.97256088256813,50.849544291905836,-101.82210517447396,2020-02-18
BANKNIFTY20FEB2030600CE,CE,2020-02-18 11:24:00,2020-02-18 11:27:00,93.483125,94.36349847793579,3,17.60746955871582,50.65665694332792,-33.0491873846121,2020-02-18
BANKNIFTY20FEB2030600CE,CE,2020-02-18 11:29:00,2020-02-18 11:30:00,93.483125,96.75750000000001,1,65.48750000000013,50.714887678749996,14.77261232125013,2020-02-18
BANKNIFTY20FEB2030600CE,CE,2020-02-18 11:40:00,2020-02-18 11:45:00,99.74875,102.29362804412843,5,50.897560882568484,50.92738786159416,-0.029826979025678213,2020-02-18
BANKNIFTY20FEB2030600CE,CE,2020-02-18 11:46:00,2020-02-18 11:54:00,100.3502484703064,96.65775152206422,8,-73.8499389648436,50.79777583181778,-124.64771479666138,2020-02-18
BANKNIFTY20FEB2030600CE,CE,2020-02-18 12:01:00,2020-02-18 12:02:00,93.3828765296936,94.7625,1,27.592469406127975,50.665116649854305,-23.07264724372633,2020-02-18
BANKNIFTY20FEB2030600CE,CE,2020-02-18 12:08:00,2020-02-18 12:09:00,85.6135015296936,84.93712652206422,1,-13.527500152587493,50.329604588276375,-63.85710474086387,2020-02-18
BANKNIFTY20FEB2030600CE,CE,2020-02-18 12:10:00,2020-02-18 12:11:00,83.2075,84.6378734779358,1,28.607469558716048,50.29243447632793,-21.68496491761188,2020-02-18
BANKNIFTY20FEB2030600CE,CE,2020-02-18 12:12:00,2020-02-18 12:16:00,84.15987194061279,83.79,4,-7.397438812255643,50.28364302904139,-57.681081841297036,2020-02-18
BANKNIFTY20FEB2030600CE,CE,2020-02-18 12:19:00,2020-02-18 12:28:00,79.04712347030639,75.95962652206421,9,-61.74993896484352,50.02966141481778,-111.7796003796613,2020-02-18
BANKNIFTY20FEB2030600CE,CE,2020-02-18 12:29:00,2020-02-18 12:38:00,75.7889984703064,73.51574695587159,9,-45.465030288696084,49.92973982405153,-95.39477011274761,2020-02-18
BANKNIFTY20FEB2030600CE,CE,2020-02-18 12:41:00,2020-02-18 12:42:00,75.5885015296936,77.00699695587159,1,28.369908523559673,50.01216869876014,-21.64226017520047,2020-02-18
BANKNIFTY20FEB2030600CE,CE,2020-02-18 12:45:00,2020-02-18 12:46:00,74.936875,76.8075,1,37.41250000000008,49.99922066724999,-12.586720667249914,2020-02-18
BANKNIFTY20FEB2030600CE,CE,2020-02-18 12:52:00,2020-02-18 12:53:00,78.54587347030639,80.59800304412842,1,41.04259147644058,50.13625610048985,-9.093664624049275,2020-02-18
BANKNIFTY20FEB2030600CE,CE,2020-02-18 12:54:00,2020-02-18 12:57:00,79.79899847030639,80.34862804412842,3,10.992591476440623,50.14575872648986,-39.153167250049236,2020-02-18
BANKNIFTY20FEB2030600CE,CE,2020-02-18 12:59:00,2020-02-18 13:00:00,81.3528765296936,80.34862804412842,1,-20.0849697113037,50.165063485948465,-70.25003319725216,2020-02-18
BANKNIFTY20FEB2030600CE,CE,2020-02-18 13:01:00,2020-02-18 13:10:00,76.7413780593872,71.52074695587159,9,-104.4126220703123,49.89304622511444,-154.30566829542673,2020-02-18
BANKNIFTY20FEB2030600CE,CE,2020-02-18 13:13:00,2020-02-18 13:14:00,74.435625,74.41349847793579,1,-0.4425304412842479,49.93476260232792,-50.37729304361217,2020-02-18
BANKNIFTY20FEB2030600CE,CE,2020-02-18 13:15:00,2020-02-18 13:25:00,73.18249999999999,65.23650152206422,10,-158.91996955871548,49.695976675422074,-208.61594623413754,2020-02-18
BANKNIFTY20FEB2030600CE,CE,2020-02-18 13:26:00,2020-02-18 13:30:00,64.86174694061279,64.1891234779358,4,-13.452469253539903,49.567126963119314,-63.01959621665922,2020-02-18
BANKNIFTY20FEB2030600CE,CE,2020-02-18 13:31:00,2020-02-18 13:36:00,61.202624235153195,67.33125,5,122.57251529693605,49.59809531494785,72.9744199819882,2020-02-18
BANKNIFTY20FEB2030600CE,CE,2020-02-18 13:44:00,2020-02-18 13:45:00,70.2752484703064,73.96462652206421,1,73.78756103515627,49.87215756656778,23.915403468588494,2020-02-18
BANKNIFTY20FEB2030600CE,CE,2020-02-18 13:46:00,2020-02-18 13:53:00,72.02962347030639,73.815,7,35.70753059387215,49.8903137641457,-14.182783170273552,2020-02-18
BANKNIFTY20FEB2030600CE,CE,2020-02-18 13:54:00,2020-02-18 13:55:00,72.7313780593872,73.4159984779358,1,13.692408370972089,49.88932692903652,-36.19691855806443,2020-02-18
BANKNIFTY20FEB2030600CE,CE,2020-02-18 14:33:00,2020-02-18 14:37:00,85.46312499999999,84.8872484779358,4,-11.517530441283839,50.326523156827925,-61.84405359811176,2020-02-18
BANKNIFTY20FEB2030600CE,CE,2020-02-18 14:45:00,2020-02-18 14:55:00,80.55087347030639,82.99199695587158,10,48.822469711303995,50.219395968801535,-1.3969262574975403,2020-02-18
BANKNIFTY20FEB2030600CE,CE,2020-02-18 15:16:00,2020-02-18 15:17:00,154.6857530593872,162.69225608825684,1,160.1300605773929,53.07901528189692,107.05104529549598,2020-02-18
BANKNIFTY20FEB2030600CE,CE,2020-02-18 15:20:00,2020-02-18 15:21:00,163.35737194061278,166.68225608825685,1,66.4976829528814,53.28379917022972,13.213883782651685,2020-02-18
BANKNIFTY20FEB2030600PE,PE,2020-02-18 09:27:00,2020-02-18 09:30:00,233.58249999999998,255.5595121765137,3,439.5402435302742,56.31806289737665,383.22218063289756,2020-02-18
BANKNIFTY20FEB2030600PE,PE,2020-02-18 09:41:00,2020-02-18 09:44:00,253.6325,245.18550304412844,3,-168.9399391174311,56.314822828844164,-225.25476194627527,2020-02-18
BANKNIFTY20FEB2030600PE,PE,2020-02-18 09:47:00,2020-02-18 09:48:00,243.35687499999997,239.54961891174318,1,-76.14512176513585,56.050077582811674,-132.19519934794752,2020-02-18
BANKNIFTY20FEB2030600PE,PE,2020-02-18 09:50:00,2020-02-18 09:52:00,226.8657530593872,234.26288108825685,2,147.9425605773929,55.71660598414693,92.22595459324597,2020-02-18
BANKNIFTY20FEB2030600PE,PE,2020-02-18 09:53:00,2020-02-18 10:03:00,231.47724388122558,239.5994969558716,10,162.44506149292022,55.90370301123863,106.54135848168158,2020-02-18
BANKNIFTY20FEB2030600PE,PE,2020-02-18 10:04:00,2020-02-18 10:06:00,239.1965061187744,236.70675304412842,2,-49.795061492919785,55.92924209176137,-105.72430358468115,2020-02-18
BANKNIFTY20FEB2030600PE,PE,2020-02-18 10:10:00,2020-02-18 10:18:00,233.98349388122557,239.05086891174318,8,101.3475006103522,55.92149504964447,45.42600556070773,2020-02-18
BANKNIFTY20FEB2030600PE,PE,2020-02-18 10:35:00,2020-02-18 10:37:00,257.6425,257.7041310882569,2,1.2326217651377647,56.66913956593833,-55.436517800800566,2020-02-18
BANKNIFTY20FEB2030600PE,PE,2020-02-18 10:44:00,2020-02-18 10:49:00,310.775,293.26500000000004,5,-350.1999999999987,58.194204844,-408.3942048439987,2020-02-18
BANKNIFTY20FEB2030600PE,PE,2020-02-18 10:52:00,2020-02-18 10:55:00,305.1108811187744,296.05798782348637,3,-181.0578659057603,58.191771615290556,-239.24963752105086,2020-02-18
BANKNIFTY20FEB2030600PE,PE,2020-02-18 10:56:00,2020-02-18 11:01:00,289.973125,292.56673782348633,5,51.87225646972706,57.918786419873356,-6.046529950146294,2020-02-18
BANKNIFTY20FEB2030600PE,PE,2020-02-18 11:16:00,2020-02-18 11:21:00,295.3365061187744,301.0454878234863,5,114.17963409423805,58.19165264504056,55.98798144919749,2020-02-18
BANKNIFTY20FEB2030600PE,PE,2020-02-18 11:30:00,2020-02-18 11:32:00,304.8101127624512,304.6364939117432,2,-3.4723770141602017,58.396695140227266,-61.86907215438747,2020-02-18
BANKNIFTY20FEB2030600PE,PE,2020-02-18 11:37:00,2020-02-18 11:42:00,298.745,297.255,5,-29.800000000000182,58.141800100000005,-87.9418001000002,2020-02-18
BANKNIFTY20FEB2030600PE,PE,2020-02-18 11:45:00,2020-02-18 11:46:00,292.72999999999996,295.55923782348634,1,56.58475646972761,58.02582510512335,-1.4410686353957445,2020-02-18
BANKNIFTY20FEB2030600PE,PE,2020-02-18 12:31:00,2020-02-18 12:32:00,341.9527561187744,339.8482621765137,1,-42.08987884521434,59.71461745079387,-101.80449629600821,2020-02-18
BANKNIFTY20FEB2030600PE,PE,2020-02-18 12:42:00,2020-02-18 12:44:00,335.98786888122555,335.95798782348635,2,-0.5976211547840649,59.54588660045615,-60.143507755240215,2020-02-18
BANKNIFTY20FEB2030600PE,PE,2020-02-18 12:49:00,2020-02-18 12:51:00,326.71474388122556,330.47173782348636,2,75.13987884521612,59.29723565420615,15.84264319100997,2020-02-18
BANKNIFTY20FEB2030600PE,PE,2020-02-18 12:53:00,2020-02-18 12:54:00,328.7698872375488,328.82586891174316,1,1.119633483887128,59.28273447614608,-58.163100992258954,2020-02-18
BANKNIFTY20FEB2030600PE,PE,2020-02-18 12:57:00,2020-02-18 12:59:00,327.8175,321.1451371765137,2,-133.4472564697262,59.08407935162665,-192.53133582135285,2020-02-18
BANKNIFTY20FEB2030600PE,PE,2020-02-18 13:00:00,2020-02-18 13:01:00,321.9027561187744,332.1675,1,205.29487762451254,59.278700483917206,146.01617714059535,2020-02-18
BANKNIFTY20FEB2030600PE,PE,2020-02-18 13:14:00,2020-02-18 13:15:00,339.99786888122554,342.5913871765137,1,51.870365905763265,59.75705338895945,-7.886687483196184,2020-02-18
BANKNIFTY20FEB2030600PE,PE,2020-02-18 13:36:00,2020-02-18 13:39:00,350.5742622375488,354.860625,3,85.72725524902467,60.18688230258441,25.540372946440257,2020-02-18
BANKNIFTY20FEB2030600PE,PE,2020-02-18 13:40:00,2020-02-18 13:46:00,351.2258811187744,340.5963871765137,6,-212.5898788452139,59.848020139793846,-272.43789898500773,2020-02-18
BANKNIFTY20FEB2030600PE,PE,2020-02-18 13:52:00,2020-02-18 13:54:00,344.05801223754884,340.5464939117432,2,-70.23036651611278,59.7577558201461,-129.98812233625887,2020-02-18
BANKNIFTY20FEB2030600PE,PE,2020-02-18 13:55:00,2020-02-18 13:58:00,338.0430122375488,339.15000000000003,3,22.1397552490248,59.64906010683441,-37.50930485780961,2020-02-18
BANKNIFTY20FEB2030600PE,PE,2020-02-18 14:08:00,2020-02-18 14:14:00,336.23849388122557,330.72111282348635,6,-110.34762115478429,59.42162061245615,-169.76924176724043,2020-02-18
BANKNIFTY20FEB2030600PE,PE,2020-02-18 14:19:00,2020-02-18 14:20:00,331.8275,330.1725,1,-33.099999999999454,59.35347595,-92.45347594999946,2020-02-18
BANKNIFTY20FEB2030600PE,PE,2020-02-18 14:23:00,2020-02-18 14:33:00,304.3590061187744,297.85350608825684,10,-130.11000061035134,58.226104089105526,-188.33610469945685,2020-02-18
BANKNIFTY20FEB2030600PE,PE,2020-02-18 14:37:00,2020-02-18 14:41:00,300.75,309.3746189117432,4,172.49237823486396,58.46150218056168,114.03087605430228,2020-02-18
BANKNIFTY20FEB2030600PE,PE,2020-02-18 14:42:00,2020-02-18 14:45:00,302.755,308.6763871765137,3,118.4277435302738,58.46942798912665,59.95831554114715,2020-02-18
BANKNIFTY20FEB2030600PE,PE,2020-02-18 14:49:00,2020-02-18 14:52:00,306.1634938812256,301.993125,3,-83.40737762451113,58.34921275783279,-141.75659038234392,2020-02-18
BANKNIFTY20FEB2030600PE,PE,2020-02-18 14:55:00,2020-02-18 15:05:00,302.40411888122554,222.59211891174317,10,-1596.2399993896474,56.37118947489448,-1652.6111888645419,2020-02-18
BANKNIFTY20FEB2030600PE,PE,2020-02-18 15:06:00,2020-02-18 15:16:00,231.6777561187744,171.819375,10,-1197.1676223754878,54.25753752066721,-1251.425159896155,2020-02-18
BANKNIFTY20FEB2030600PE,PE,2020-02-18 15:18:00,2020-02-18 15:19:00,166.26463111877442,162.64237804412844,1,-72.44506149291965,53.221653417761374,-125.66671491068102,2020-02-18
BANKNIFTY20FEB2030600PE,PE,2020-02-18 15:22:00,2020-02-18 15:24:00,162.9563780593872,153.0663719558716,2,-197.80012207031177,52.94763006336444,-250.74775213367622,2020-02-18
BANKNIFTY20FEB2030900CE,CE,2020-02-19 09:22:00,2020-02-19 09:23:00,132.9315061187744,132.96675304412844,1,0.7049385070808967,52.08571797376136,-51.380779466680465,2020-02-19
BANKNIFTY20FEB2030900CE,CE,2020-02-19 09:32:00,2020-02-19 09:38:00,127.1170030593872,90.97199695587159,6,-722.9001220703122,50.992017264364435,-773.8921393346767,2020-02-19
BANKNIFTY20FEB2030900CE,CE,2020-02-19 09:43:00,2020-02-19 09:44:00,96.18987194061279,92.7675,1,-68.44743881225583,50.6514640560414,-119.09890286829722,2020-02-19
BANKNIFTY20FEB2030900CE,CE,2020-02-19 09:47:00,2020-02-19 09:57:00,81.1022515296936,77.555625,10,-70.93253059387195,50.0940139323543,-121.02654452622625,2020-02-19
BANKNIFTY20FEB2030900CE,CE,2020-02-19 10:03:00,2020-02-19 10:05:00,72.28024847030639,70.52324695587158,2,-35.140030288696096,49.813360144551545,-84.95339043324765,2020-02-19
BANKNIFTY20FEB2030900CE,CE,2020-02-19 10:06:00,2020-02-19 10:11:00,63.708874235153196,65.03699695587159,5,26.562454414367807,49.57342746910369,-23.010973054735885,2020-02-19
BANKNIFTY20FEB2030900CE,CE,2020-02-19 10:18:00,2020-02-19 10:22:00,69.5233734703064,67.92974847793579,4,-31.872499847412143,49.71602661272362,-81.58852646013577,2020-02-19
BANKNIFTY20FEB2030900CE,CE,2020-02-19 10:23:00,2020-02-19 10:29:00,66.8166265296936,60.79762576103211,6,-120.3800153732297,49.508920171315346,-169.88893554454503,2020-02-19
BANKNIFTY20FEB2030900CE,CE,2020-02-19 10:31:00,2020-02-19 10:32:00,56.0397515296936,56.9073742389679,1,17.35245418548587,49.280407665143265,-31.927953479657397,2020-02-19
BANKNIFTY20FEB2030900CE,CE,2020-02-19 10:39:00,2020-02-19 10:43:00,59.44824923515319,59.85,4,8.035015296936194,49.39432872919785,-41.35931343226166,2020-02-19
BANKNIFTY20FEB2030900CE,CE,2020-02-19 11:06:00,2020-02-19 11:07:00,60.701374235153196,60.997126522064214,1,5.915045738220357,49.43779929961994,-43.52275356139958,2020-02-19
BANKNIFTY20FEB2030900CE,CE,2020-02-19 11:16:00,2020-02-19 11:18:00,60.6011257648468,61.096875000000004,2,9.914984703064107,49.43898009480215,-39.52399539173804,2020-02-19
BANKNIFTY20FEB2030900CE,CE,2020-02-19 11:19:00,2020-02-19 11:20:00,60.400625,62.543250761032105,1,42.85251522064215,49.471670218961044,-6.619154998318898,2020-02-19
BANKNIFTY20FEB2030900CE,CE,2020-02-19 11:38:00,2020-02-19 11:39:00,61.202624235153195,61.346250000000005,1,2.8725152969362,49.45251856894785,-46.58000327201165,2020-02-19
BANKNIFTY20FEB2030900CE,CE,2020-02-19 11:41:00,2020-02-19 11:43:00,61.453249235153194,61.445998477935795,2,-0.14501514434797969,49.45805847577577,-49.60307362012375,2020-02-19
BANKNIFTY20FEB2030900CE,CE,2020-02-19 11:45:00,2020-02-19 11:46:00,61.50337347030639,62.4434984779358,1,18.802500152588095,49.48294399022362,-30.680443837635522,2020-02-19
BANKNIFTY20FEB2030900CE,CE,2020-02-19 12:19:00,2020-02-19 12:20:00,69.5735015296936,73.565625,1,79.84246940612792,49.8537341898543,29.988735216273618,2020-02-19
BANKNIFTY20FEB2030900CE,CE,2020-02-19 12:32:00,2020-02-19 12:36:00,82.7563780593872,87.48074695587158,4,94.48737792968757,50.35597883511444,44.131399094573126,2020-02-19
BANKNIFTY20FEB2030900CE,CE,2020-02-19 13:08:00,2020-02-19 13:09:00,97.99437499999999,100.24875,1,45.087500000000205,50.855853412749994,-5.768353412749789,2020-02-19
BANKNIFTY20FEB2030900CE,CE,2020-02-19 13:16:00,2020-02-19 13:19:00,97.24249999999999,93.2163719558716,3,-80.52256088256797,50.67545966790584,-131.1980205504738,2020-02-19
BANKNIFTY20FEB2030900CE,CE,2020-02-19 13:27:00,2020-02-19 13:32:00,84.31024847030639,85.8847484779358,5,31.49000015258821,50.33646307097362,-18.846462918385413,2020-02-19
BANKNIFTY20FEB2030900CE,CE,2020-02-19 13:34:00,2020-02-19 13:39:00,82.5057530593872,75.31125,5,-143.89006118774404,50.056859194208606,-193.94692038195265,2020-02-19
BANKNIFTY20FEB2030900CE,CE,2020-02-19 13:46:00,2020-02-19 13:50:00,66.8166265296936,71.37112804412843,4,91.09003028869665,49.76610581144846,41.32392447724819,2020-02-19
BANKNIFTY20FEB2030900CE,CE,2020-02-19 13:53:00,2020-02-19 14:00:00,77.5935015296936,74.96212652206421,7,-52.62750015258774,49.98733940627638,-102.61483955886412,2020-02-19
BANKNIFTY20FEB2030900CE,CE,2020-02-19 14:02:00,2020-02-19 14:03:00,77.8441265296936,79.25137195587159,1,28.144908523559877,50.094782961260144,-21.949874437700267,2020-02-19
BANKNIFTY20FEB2030900CE,CE,2020-02-19 14:15:00,2020-02-19 14:16:00,80.50075305938721,82.543125,1,40.847438812255916,50.207855110958604,-9.360416298702688,2020-02-19
BANKNIFTY20FEB2030900CE,CE,2020-02-19 14:40:00,2020-02-19 14:44:00,80.0997515296936,84.18900152206422,4,81.78499984741222,50.24290687052638,31.54209297688584,2020-02-19
BANKNIFTY20FEB2030900CE,CE,2020-02-19 14:50:00,2020-02-19 15:00:00,116.9416265296936,98.15400152206422,10,-375.75250015258746,51.040294662776375,-426.79279481536383,2020-02-19
BANKNIFTY20FEB2030900CE,CE,2020-02-19 15:06:00,2020-02-19 15:09:00,88.5207530593872,92.26875000000001,3,74.95993881225615,50.5440545952086,24.415884217047555,2020-02-19
BANKNIFTY20FEB2030900CE,CE,2020-02-19 15:14:00,2020-02-19 15:17:00,92.2801280593872,97.45574695587159,3,103.51237792968789,50.71692600561445,52.79545192407344,2020-02-19
BANKNIFTY20FEB2030900CE,CE,2020-02-19 15:18:00,2020-02-19 15:24:00,95.7888780593872,99.25125,6,69.24743881225595,50.80419040995861,18.443248402297343,2020-02-19
BANKNIFTY20FEB2030900PE,PE,2020-02-19 09:16:00,2020-02-19 09:22:00,173.4325,149.77461891174318,6,-473.1576217651366,52.997713927561676,-526.1553356926983,2020-02-19
BANKNIFTY20FEB2030900PE,PE,2020-02-19 09:23:00,2020-02-19 09:32:00,148.77099388122556,149.87437500000001,9,22.06762237548901,52.693755667332795,-30.626133291843786,2020-02-19
BANKNIFTY20FEB2030900PE,PE,2020-02-19 09:43:00,2020-02-19 09:47:00,194.9361219406128,234.41250000000002,4,789.5275611877446,55.3235642895414,734.2039968982032,2020-02-19
BANKNIFTY20FEB2030900PE,PE,2020-02-19 10:12:00,2020-02-19 10:17:00,249.873125,246.93112804412843,5,-58.839939117431186,56.31057774184416,-115.15051685927534,2020-02-19
BANKNIFTY20FEB2030900PE,PE,2020-02-19 10:33:00,2020-02-19 10:43:00,269.5221311187744,266.13298782348636,10,-67.78286590576045,57.02174749079056,-124.804613396551,2020-02-19
BANKNIFTY20FEB2030900PE,PE,2020-02-19 10:45:00,2020-02-19 10:55:00,252.0284938812256,239.89875,10,-242.59487762451158,56.166302432082794,-298.76118005659436,2020-02-19
BANKNIFTY20FEB2030900PE,PE,2020-02-19 10:56:00,2020-02-19 11:06:00,242.55487194061277,248.37750000000003,10,116.45256118774512,56.254839666041406,60.19772152170371,2020-02-19
BANKNIFTY20FEB2030900PE,PE,2020-02-19 11:09:00,2020-02-19 11:15:00,241.3017469406128,249.47475608825684,6,163.46018295288104,56.26596056047972,107.19422239240131,2020-02-19
BANKNIFTY20FEB2030900PE,PE,2020-02-19 11:18:00,2020-02-19 11:28:00,248.61999999999998,254.96100608825685,10,126.82012176513751,56.49032495968832,70.32979680544919,2020-02-19
BANKNIFTY20FEB2030900PE,PE,2020-02-19 11:29:00,2020-02-19 11:39:00,253.03099388122558,247.38000000000002,10,-113.0198776245112,56.3607280235828,-169.380605648094,2020-02-19
BANKNIFTY20FEB2030900PE,PE,2020-02-19 11:40:00,2020-02-19 11:46:00,243.4070030593872,242.19300304412843,6,-24.280000305175236,56.114996972052765,-80.394997277228,2020-02-19
BANKNIFTY20FEB2030900PE,PE,2020-02-19 11:47:00,2020-02-19 11:57:00,231.47724388122558,240.64687500000002,10,183.39262237548894,55.92917901583279,127.46344335965615,2020-02-19
BANKNIFTY20FEB2030900PE,PE,2020-02-19 11:58:00,2020-02-19 12:08:00,235.78799694061277,236.05836891174317,10,5.407439422608036,55.87112510085307,-50.463685678245035,2020-02-19
BANKNIFTY20FEB2030900PE,PE,2020-02-19 12:09:00,2020-02-19 12:19:00,236.99099388122556,216.4575,10,-410.66987762451106,55.409306958582796,-466.0791845830939,2020-02-19
BANKNIFTY20FEB2030900PE,PE,2020-02-19 12:20:00,2020-02-19 12:23:00,206.0638780593872,214.76175304412843,3,173.95749969482438,54.98383417180276,118.97366552302162,2020-02-19
BANKNIFTY20FEB2030900PE,PE,2020-02-19 12:26:00,2020-02-19 12:34:00,186.41487194061278,193.764375,8,146.99006118774435,54.2289909547914,92.76107023295295,2020-02-19
BANKNIFTY20FEB2030900PE,PE,2020-02-19 12:35:00,2020-02-19 12:38:00,189.6729969406128,190.67211891174318,3,19.982439422607854,54.19425379635308,-34.21181437374523,2020-02-19
BANKNIFTY20FEB2030900PE,PE,2020-02-19 12:39:00,2020-02-19 12:49:00,182.45499999999998,153.91425304412843,10,-570.8149391174311,53.210496663344166,-624.0254357807753,2020-02-19
BANKNIFTY20FEB2030900PE,PE,2020-02-19 12:51:00,2020-02-19 13:01:00,164.41,162.74211891174318,10,-33.3576217651364,53.20103827956167,-86.55866004469807,2020-02-19
BANKNIFTY20FEB2030900PE,PE,2020-02-19 13:02:00,2020-02-19 13:12:00,162.8059938812256,163.88925304412842,10,21.665183258056686,53.20901318092696,-31.543829922870273,2020-02-19
BANKNIFTY20FEB2030900PE,PE,2020-02-19 13:13:00,2020-02-19 13:16:00,166.16437499999998,167.58,3,28.312500000000682,53.340508617249995,-25.028008617249313,2020-02-19
BANKNIFTY20FEB2030900PE,PE,2020-02-19 13:17:00,2020-02-19 13:21:00,176.1392469406128,172.5675,4,-71.43493881225595,53.5857463912914,-125.02068520354734,2020-02-19
BANKNIFTY20FEB2030900PE,PE,2020-02-19 13:22:00,2020-02-19 13:26:00,176.89112194061278,188.17836891174318,4,225.744939422608,53.974799916603075,171.77013950600494,2020-02-19
BANKNIFTY20FEB2030900PE,PE,2020-02-19 13:30:00,2020-02-19 13:34:00,191.02637805938718,189.12600608825684,4,-38.00743942260681,54.17346063214693,-92.18090005475374,2020-02-19
BANKNIFTY20FEB2030900PE,PE,2020-02-19 13:36:00,2020-02-19 13:37:00,210.274375,212.81663108825686,1,50.845121765137264,54.98883133318832,-4.143709568051058,2020-02-19
BANKNIFTY20FEB2030900PE,PE,2020-02-19 13:40:00,2020-02-19 13:45:00,200.44987194061278,206.58225608825686,5,122.6476829528815,54.71513319322971,67.93254975965178,2020-02-19
BANKNIFTY20FEB2030900PE,PE,2020-02-19 13:48:00,2020-02-19 13:49:00,211.276875,213.86399391174317,1,51.74237823486351,55.02676162656169,-3.284383391698178,2020-02-19
BANKNIFTY20FEB2030900PE,PE,2020-02-19 13:51:00,2020-02-19 13:54:00,199.7982530593872,207.03112804412842,3,144.6574996948243,54.71795592280276,89.93954377202155,2020-02-19
BANKNIFTY20FEB2030900PE,PE,2020-02-19 14:03:00,2020-02-19 14:05:00,194.0840061187744,192.56737804412842,2,-30.33256149291958,54.29515393501137,-84.62771542793095,2020-02-19
BANKNIFTY20FEB2030900PE,PE,2020-02-19 14:08:00,2020-02-19 14:15:00,182.6053688812256,186.03375,7,68.56762237548821,53.993626582332794,14.573995793155419,2020-02-19
BANKNIFTY20FEB2030900PE,PE,2020-02-19 14:22:00,2020-02-19 14:23:00,197.8433811187744,193.51500000000001,1,-86.56762237548776,54.36490848366719,-140.93253085915495,2020-02-19
BANKNIFTY20FEB2030900PE,PE,2020-02-19 14:24:00,2020-02-19 14:29:00,175.8384938812256,187.53,5,233.83012237548826,53.94595182058279,179.88417055490547,2020-02-19
BANKNIFTY20FEB2030900PE,PE,2020-02-19 14:30:00,2020-02-19 14:40:00,182.5552561187744,183.34050304412844,10,15.704938507080897,53.92749453976137,-38.22255603268047,2020-02-19
BANKNIFTY20FEB2030900PE,PE,2020-02-19 14:43:00,2020-02-19 14:53:00,176.6404969406128,144.23850608825686,10,-648.0398170471187,52.902910604479715,-700.9427276515985,2020-02-19
BANKNIFTY20FEB2030900PE,PE,2020-02-19 14:54:00,2020-02-19 14:57:00,148.31987194061279,142.19362804412842,3,-122.52487792968736,52.501327692135554,-175.02620562182292,2020-02-19
BANKNIFTY20FEB2030900PE,PE,2020-02-19 15:15:00,2020-02-19 15:18:00,148.7208811187744,152.51774391174317,3,75.93725585937534,52.757429334478886,23.179826524896455,2020-02-19
BANKNIFTY20FEB2030700CE,CE,2020-02-20 09:23:00,2020-02-20 09:28:00,147.36749999999998,225.78413108825686,5,1568.3326217651374,54.52271776393832,1513.8099040011991,2020-02-20
BANKNIFTY20FEB2030700CE,CE,2020-02-20 09:48:00,2020-02-20 09:49:00,209.22174694061277,212.31788108825685,1,61.92268295288159,54.96362250772972,6.95906044515187,2020-02-20
BANKNIFTY20FEB2030700CE,CE,2020-02-20 10:39:00,2020-02-20 10:40:00,232.9308811187744,231.91875000000002,1,-20.242622375487827,55.7349390021672,-75.97756137765504,2020-02-20
BANKNIFTY20FEB2030700CE,CE,2020-02-20 11:33:00,2020-02-20 11:36:00,323.10573776245116,328.2273628234864,3,102.43250122070435,59.19780752603894,43.23469369466541,2020-02-20
BANKNIFTY20FEB2030700CE,CE,2020-02-20 11:42:00,2020-02-20 11:44:00,336.1883811187744,331.46923782348637,2,-94.38286590576013,59.43919512479056,-153.82206103055069,2020-02-20
BANKNIFTY20FEB2030700CE,CE,2020-02-20 11:45:00,2020-02-20 11:55:00,325.2109938812256,346.5813871765137,10,427.4078659057625,59.67039833270944,367.73746757305304,2020-02-20
BANKNIFTY20FEB2030700CE,CE,2020-02-20 11:56:00,2020-02-20 11:58:00,358.2934938812256,344.93548782348637,2,-267.16012115478406,60.041367882206146,-327.2014890369902,2020-02-20
BANKNIFTY20FEB2030700CE,CE,2020-02-20 12:01:00,2020-02-20 12:04:00,354.03286888122557,338.4517378234863,3,-311.62262115478484,59.83072743995615,-371.453348594741,2020-02-20
BANKNIFTY20FEB2030700CE,CE,2020-02-20 12:10:00,2020-02-20 12:12:00,339.6971311187744,337.15500000000003,2,-50.84262237548728,59.621084636167204,-110.46370701165449,2020-02-20
BANKNIFTY20FEB2030700CE,CE,2020-02-20 12:13:00,2020-02-20 12:16:00,339.1457377624512,349.125,3,199.58524475097647,59.905387837665586,139.67985691331089,2020-02-20
BANKNIFTY20FEB2030700CE,CE,2020-02-20 12:27:00,2020-02-20 12:28:00,358.79474388122554,357.2546189117432,1,-30.802499389646982,60.347240828644466,-91.14974021829144,2020-02-20
BANKNIFTY20FEB2030700CE,CE,2020-02-20 12:38:00,2020-02-20 12:41:00,351.9777561187744,343.23975608825685,3,-174.76000061035052,59.92165738210553,-234.68165799245605,2020-02-20
BANKNIFTY20FEB2030700CE,CE,2020-02-20 12:42:00,2020-02-20 12:44:00,342.0530122375488,332.66625,2,-187.73524475097588,59.5411706013344,-247.27641535231027,2020-02-20
BANKNIFTY20FEB2030700CE,CE,2020-02-20 12:45:00,2020-02-20 12:49:00,321.5017622375488,329.424375,4,158.4522552490239,59.206996021084414,99.24525922793947,2020-02-20
BANKNIFTY20FEB2030700CE,CE,2020-02-20 13:18:00,2020-02-20 13:20:00,280.449375,302.89086891174315,2,448.8298782348636,58.05158719431167,390.77829104055195,2020-02-20
BANKNIFTY20FEB2030700CE,CE,2020-02-20 14:36:00,2020-02-20 14:38:00,302.20363723754883,295.26,2,-138.87274475097684,58.1362432435844,-197.00898799456124,2020-02-20
BANKNIFTY20FEB2030700CE,CE,2020-02-20 14:42:00,2020-02-20 14:43:00,300.75,293.36475608825685,1,-147.70487823486292,58.07208468118833,-205.77696291605125,2020-02-20
BANKNIFTY20FEB2030700CE,CE,2020-02-20 14:51:00,2020-02-20 15:00:00,297.8928688812256,242.5919969558716,9,-1106.0174385070798,56.801612542988636,-1162.8190510500683,2020-02-20
BANKNIFTY20FEB2030700CE,CE,2020-02-20 15:01:00,2020-02-20 15:04:00,237.9433811187744,238.65187500000002,3,14.169877624512424,55.960986136417205,-41.79110851190478,2020-02-20
BANKNIFTY20FEB2030700CE,CE,2020-02-20 15:05:00,2020-02-20 15:08:00,232.3795030593872,247.03086891174317,3,293.0273170471196,56.095670037270274,236.9316470098493,2020-02-20
BANKNIFTY20FEB2030700CE,CE,2020-02-20 15:21:00,2020-02-20 15:24:00,250.374375,244.73663108825684,3,-112.75487823486287,56.263427005188326,-169.0183052400512,2020-02-20
BANKNIFTY20FEB2030700PE,PE,2020-02-20 09:16:00,2020-02-20 09:18:00,80.19999999999999,73.76512195587159,2,-128.69756088256793,49.99060604040584,-178.68816692297378,2020-02-20
BANKNIFTY20FEB2030700PE,PE,2020-02-20 09:19:00,2020-02-20 09:29:00,65.91437499999999,26.034750380516055,10,-797.5924923896787,48.65215268360552,-846.2446450732842,2020-02-20
BANKNIFTY20FEB2030700PE,PE,2020-02-20 09:33:00,2020-02-20 09:34:00,23.9597496175766,23.989874238967897,1,0.6024924278259647,48.08118645038789,-47.478694022561925,2020-02-20
BANKNIFTY20FEB2030700PE,PE,2020-02-20 09:35:00,2020-02-20 09:44:00,24.861999235153196,25.735499238967897,9,17.470000076294028,48.134855522986804,-30.664855446692776,2020-02-20
BANKNIFTY20FEB2030700PE,PE,2020-02-20 09:46:00,2020-02-20 09:56:00,23.157750382423398,28.82774961948395,10,113.39998474121103,48.18889727829554,65.21108746291549,2020-02-20
BANKNIFTY20FEB2030700PE,PE,2020-02-20 09:57:00,2020-02-20 09:58:00,25.9146253824234,26.134500761032108,1,4.397507572174177,48.15763808261212,-43.76013051043794,2020-02-20
BANKNIFTY20FEB2030700PE,PE,2020-02-20 10:02:00,2020-02-20 10:07:00,29.623874235153195,29.775375380516053,5,3.0300229072571483,48.29227948455337,-45.26225657729622,2020-02-20
BANKNIFTY20FEB2030700PE,PE,2020-02-20 10:08:00,2020-02-20 10:18:00,28.4208753824234,17.007374238967895,10,-228.2700228691101,47.96677015544003,-276.23679302455014,2020-02-20
BANKNIFTY20FEB2030700PE,PE,2020-02-20 10:19:00,2020-02-20 10:29:00,16.791874999999997,12.219375000000001,10,-91.44999999999993,47.705834728,-139.15583472799995,2020-02-20
BANKNIFTY20FEB2030700PE,PE,2020-02-20 10:30:00,2020-02-20 10:34:00,11.9798748087883,13.865249619483949,4,37.707496213913,47.68608595831894,-9.978589744405944,2020-02-20
BANKNIFTY20FEB2030700PE,PE,2020-02-20 10:36:00,2020-02-20 10:39:00,13.53375,13.46625,3,-1.34999999999998,47.695685575000006,-49.045685574999986,2020-02-20
BANKNIFTY20FEB2030700PE,PE,2020-02-20 10:47:00,2020-02-20 10:54:00,10.5763751912117,7.880250095129013,7,-53.92250192165372,47.523072706039414,-101.44557462769313,2020-02-20
BANKNIFTY20FEB2030700PE,PE,2020-02-20 10:55:00,2020-02-20 10:57:00,7.41850009560585,8.029875190258027,2,12.22750189304353,47.48747994996553,-35.259978056922,2020-02-20
BANKNIFTY20FEB2030700PE,PE,2020-02-20 11:03:00,2020-02-20 11:04:00,7.969874808788299,7.730625000000001,1,-4.784996175765972,47.48705116692446,-52.27204734269043,2020-02-20
BANKNIFTY20FEB2030700PE,PE,2020-02-20 11:05:00,2020-02-20 11:07:00,7.2681249999999995,7.082249904870987,2,-3.717501902580249,47.46256209153612,-51.18006399411637,2020-02-20
BANKNIFTY27FEB2030500CE,CE,2020-02-24 09:26:00,2020-02-24 09:27:00,216.3896311187744,219.94875000000002,1,71.18237762451258,55.238283636667205,15.944093987845378,2020-02-24
BANKNIFTY27FEB2030500CE,CE,2020-02-24 09:29:00,2020-02-24 09:30:00,237.1915061187744,245.18550304412844,1,159.8799385070805,56.11056649726137,103.76937200981914,2020-02-24
BANKNIFTY27FEB2030500CE,CE,2020-02-24 09:31:00,2020-02-24 09:32:00,236.03862194061279,244.43737804412842,1,167.97512207031275,56.07804643213555,111.8970756381772,2020-02-24
BANKNIFTY27FEB2030500CE,CE,2020-02-24 10:16:00,2020-02-24 10:17:00,239.6977561187744,243.5894969558716,1,77.83481674194377,56.10288253107304,21.731934210870726,2020-02-24
BANKNIFTY27FEB2030500CE,CE,2020-02-24 10:32:00,2020-02-24 10:42:00,237.49224388122556,230.4225,10,-141.39487762451097,55.7552133620828,-197.15009098659377,2020-02-24
BANKNIFTY27FEB2030500CE,CE,2020-02-24 10:44:00,2020-02-24 10:49:00,234.58499999999998,257.5046189117432,5,458.3923782348643,56.37782955456167,402.0145486803026,2020-02-24
BANKNIFTY27FEB2030500CE,CE,2020-02-24 12:14:00,2020-02-24 12:15:00,278.74511276245113,279.2501371765137,1,10.1004882812515,57.455386419542236,-47.354898138290736,2020-02-24
BANKNIFTY27FEB2030500CE,CE,2020-02-24 12:16:00,2020-02-24 12:20:00,280.7,286.4321189117432,4,114.64237823486428,57.65436480756167,56.98801342730261,2020-02-24
BANKNIFTY27FEB2030500CE,CE,2020-02-24 12:39:00,2020-02-24 12:40:00,272.68,279.3,1,132.4000000000001,57.381248727999996,75.01875127200009,2020-02-24
BANKNIFTY27FEB2030500CE,CE,2020-02-24 12:41:00,2020-02-24 12:42:00,280.7,282.2925,1,31.85000000000059,57.55367437299999,-25.7036743729994,2020-02-24
BANKNIFTY27FEB2030500CE,CE,2020-02-24 12:45:00,2020-02-24 12:46:00,263.8580122375488,271.71899391174315,1,157.21963348388726,57.087250521146075,100.13238296274119,2020-02-24
BANKNIFTY27FEB2030500CE,CE,2020-02-24 12:48:00,2020-02-24 12:49:00,268.97073776245117,270.47211891174317,1,30.027622985840026,57.12044048922726,-27.092817503387238,2020-02-24
BANKNIFTY27FEB2030500CE,CE,2020-02-24 12:57:00,2020-02-24 12:59:00,273.6825,266.23274391174317,2,-148.99512176513667,57.07586067681167,-206.07098244194833,2020-02-24
BANKNIFTY27FEB2030500CE,CE,2020-02-24 13:03:00,2020-02-24 13:04:00,264.65999999999997,268.7264939117432,1,81.32987823486474,57.02442572331168,24.305452511553057,2020-02-24
BANKNIFTY27FEB2030500CE,CE,2020-02-24 13:05:00,2020-02-24 13:07:00,266.0133811187744,266.8811128234863,2,17.35463409423801,56.99635327754055,-39.64171918330254,2020-02-24
BANKNIFTY27FEB2030500CE,CE,2020-02-24 13:42:00,2020-02-24 13:43:00,239.84812499999998,243.39000000000001,1,70.83750000000066,56.09989816975,14.73760183025066,2020-02-24
BANKNIFTY27FEB2030500CE,CE,2020-02-24 13:57:00,2020-02-24 14:01:00,246.4646311187744,243.24038108825684,4,-64.48500061035134,56.17845972460553,-120.66346033495687,2020-02-24
BANKNIFTY27FEB2030500CE,CE,2020-02-24 14:12:00,2020-02-24 14:18:00,248.2190061187744,247.18050304412844,6,-20.7700614929189,56.296093328261364,-77.06615482118026,2020-02-24
BANKNIFTY27FEB2030500CE,CE,2020-02-24 14:26:00,2020-02-24 14:30:00,228.97099388122558,233.41500000000002,4,88.88012237548878,55.722137133582805,33.157985241905976,2020-02-24
BANKNIFTY27FEB2030500CE,CE,2020-02-24 14:34:00,2020-02-24 14:41:00,220.4998719406128,213.76425304412842,7,-134.71237792968736,55.13891839438556,-189.85129632407293,2020-02-24
BANKNIFTY27FEB2030500CE,CE,2020-02-24 14:42:00,2020-02-24 14:52:00,221.20161888122558,213.51487804412844,10,-153.73481674194295,55.141570919926956,-208.8763876618699,2020-02-24
BANKNIFTY27FEB2030500CE,CE,2020-02-24 14:53:00,2020-02-24 15:03:00,217.99362194061277,211.719375,10,-125.48493881225511,55.0580429512914,-180.5429817635465,2020-02-24
BANKNIFTY27FEB2030500CE,CE,2020-02-24 15:05:00,2020-02-24 15:15:00,210.92599388122557,213.06600608825684,10,42.80024414062552,55.00299248327112,-12.202748342645599,2020-02-24
BANKNIFTY27FEB2030500CE,CE,2020-02-24 15:16:00,2020-02-24 15:24:00,211.3771311187744,209.47500000000002,8,-38.042622375487554,54.921251036167206,-92.96387341165476,2020-02-24
BANKNIFTY27FEB2030500PE,PE,2020-02-24 09:16:00,2020-02-24 09:22:00,250.27411888122558,242.3925,6,-157.63237762451126,56.205163756332794,-213.83754138084407,2020-02-24
BANKNIFTY27FEB2030500PE,PE,2020-02-24 09:25:00,2020-02-24 09:35:00,251.3267469406128,220.8963719558716,10,-608.6074996948241,55.69537796619723,-664.3028776610214,2020-02-24
BANKNIFTY27FEB2030500PE,PE,2020-02-24 09:36:00,2020-02-24 09:46:00,225.46224388122556,213.465,10,-239.94487762451115,55.19329000708279,-295.13816763159394,2020-02-24
BANKNIFTY27FEB2030500PE,PE,2020-02-24 09:47:00,2020-02-24 09:57:00,218.8958811187744,212.4675,10,-128.5676223754882,55.0874493516672,-183.65507172715542,2020-02-24
BANKNIFTY27FEB2030500PE,PE,2020-02-24 09:58:00,2020-02-24 10:08:00,214.8357530593872,213.86399391174317,10,-19.435182952880723,55.070975704020285,-74.50615865690101,2020-02-24
BANKNIFTY27FEB2030500PE,PE,2020-02-24 10:10:00,2020-02-24 10:15:00,209.92349388122557,213.71437500000002,5,75.81762237548901,55.0063084903328,20.81131388515621,2020-02-24
BANKNIFTY27FEB2030500PE,PE,2020-02-24 10:17:00,2020-02-24 10:18:00,214.2342469406128,215.60961891174318,1,27.50743942260783,55.10596271685307,-27.59852329424524,2020-02-24
BANKNIFTY27FEB2030500PE,PE,2020-02-24 10:22:00,2020-02-24 10:32:00,221.3520030593872,220.44750000000002,10,-18.090061187743345,55.3120655562086,-73.40212674395195,2020-02-24
BANKNIFTY27FEB2030500PE,PE,2020-02-24 10:36:00,2020-02-24 10:42:00,219.8983811187744,225.48487804412844,6,111.72993850708053,55.41653350726137,56.31340499981916,2020-02-24
BANKNIFTY27FEB2030500PE,PE,2020-02-24 10:45:00,2020-02-24 10:55:00,219.24674694061278,192.1683689117432,10,-541.5675605773919,54.598060423353076,-596.165621000745,2020-02-24
BANKNIFTY27FEB2030500PE,PE,2020-02-24 10:56:00,2020-02-24 11:06:00,194.48499999999999,184.03875000000002,10,-208.92499999999927,54.09268878550001,-263.0176887854993,2020-02-24
BANKNIFTY27FEB2030500PE,PE,2020-02-24 11:07:00,2020-02-24 11:17:00,188.7707530593872,204.4875,10,314.33493881225615,54.51908448270861,259.81585432954756,2020-02-24
BANKNIFTY27FEB2030500PE,PE,2020-02-24 11:18:00,2020-02-24 11:21:00,204.35963111877442,205.88399391174318,3,30.487255859375182,54.74672222747889,-24.25946636810371,2020-02-24
BANKNIFTY27FEB2030500PE,PE,2020-02-24 11:22:00,2020-02-24 11:32:00,203.65786888122557,195.51000000000002,10,-162.95737762451097,54.48567093583279,-217.44304856034375,2020-02-24
BANKNIFTY27FEB2030500PE,PE,2020-02-24 11:33:00,2020-02-24 11:43:00,196.3396311187744,196.50750000000002,10,3.35737762451231,54.41901486816721,-51.0616372436549,2020-02-24
BANKNIFTY27FEB2030500PE,PE,2020-02-24 11:44:00,2020-02-24 11:54:00,193.13161888122556,177.555,10,-311.5323776245111,53.91816677833279,-365.4505444028439,2020-02-24
BANKNIFTY27FEB2030500PE,PE,2020-02-24 11:55:00,2020-02-24 12:05:00,175.58786888122557,176.5575,10,19.3926223754886,53.675947454832794,-34.283325079344195,2020-02-24
BANKNIFTY27FEB2030500PE,PE,2020-02-24 12:06:00,2020-02-24 12:16:00,177.34224388122558,180.19836891174316,10,57.122500610351494,53.78630214714447,3.336198463207026,2020-02-24
BANKNIFTY27FEB2030500PE,PE,2020-02-24 12:17:00,2020-02-24 12:27:00,177.89362194061277,160.39800304412842,10,-349.9123779296872,53.31153606838556,-403.22391399807276,2020-02-24
BANKNIFTY27FEB2030500PE,PE,2020-02-24 12:28:00,2020-02-24 12:38:00,158.1945030593872,170.92163108825685,10,254.54256057739315,53.32277461414692,201.21978596324624,2020-02-24
BANKNIFTY27FEB2030500PE,PE,2020-02-24 12:41:00,2020-02-24 12:45:00,174.435,186.9813719558716,4,250.92743911743185,53.91517076490584,197.012268352526,2020-02-24
BANKNIFTY27FEB2030500PE,PE,2020-02-24 12:46:00,2020-02-24 12:48:00,181.3021311187744,184.9863719558716,2,73.68481674194356,53.95195967307304,19.732857068870523,2020-02-24
BANKNIFTY27FEB2030500PE,PE,2020-02-24 12:49:00,2020-02-24 12:59:00,182.45499999999998,183.58987804412843,10,22.697560882568837,53.93231469559416,-31.23475381302532,2020-02-24
BANKNIFTY27FEB2030500PE,PE,2020-02-24 13:01:00,2020-02-24 13:03:00,181.5026280593872,187.23074695587158,2,114.5623779296875,54.00904184661445,60.55333608307305,2020-02-24
BANKNIFTY27FEB2030500PE,PE,2020-02-24 13:04:00,2020-02-24 13:05:00,183.8083811187744,186.18336891174317,1,47.49975585937534,54.01221159572888,-6.512455736353537,2020-02-24
BANKNIFTY27FEB2030500PE,PE,2020-02-24 13:07:00,2020-02-24 13:17:00,181.5527561187744,180.69711891174316,10,-17.112744140624727,53.850743262478886,-70.96348740310361,2020-02-24
BANKNIFTY27FEB2030500PE,PE,2020-02-24 13:18:00,2020-02-24 13:23:00,179.4475,185.13600608825683,5,113.77012176513688,53.93255811868833,59.83756364644855,2020-02-24
BANKNIFTY27FEB2030500PE,PE,2020-02-24 13:24:00,2020-02-24 13:29:00,184.710625,189.7244969558716,5,100.27743911743187,54.10955369490584,46.16788542252603,2020-02-24
BANKNIFTY27FEB2030500PE,PE,2020-02-24 13:40:00,2020-02-24 13:41:00,199.4975,202.79175304412843,1,65.8850608825685,54.61110262534415,11.273958257224344,2020-02-24
BANKNIFTY27FEB2030500PE,PE,2020-02-24 13:43:00,2020-02-24 13:51:00,209.17161888122558,205.485,8,-73.7323776245114,54.79679947033279,-128.5291770948442,2020-02-24
BANKNIFTY27FEB2030500PE,PE,2020-02-24 14:03:00,2020-02-24 14:13:00,207.6177561187744,205.734375,10,-37.667622375487895,54.78356059866721,-92.4511829741551,2020-02-24
BANKNIFTY27FEB2030500PE,PE,2020-02-24 14:15:00,2020-02-24 14:16:00,203.90849388122558,206.731875,1,56.46762237548842,54.761740999332794,1.7058813761556237,2020-02-24
BANKNIFTY27FEB2030500PE,PE,2020-02-24 14:18:00,2020-02-24 14:26:00,205.0613780593872,222.34274391174318,8,345.6273170471195,55.15577650227028,290.47154054484923,2020-02-24
BANKNIFTY27FEB2030500PE,PE,2020-02-24 14:30:00,2020-02-24 14:31:00,222.55499999999998,238.60199695587158,1,320.9399391174321,55.76859383115583,265.1713452862763,2020-02-24
BANKNIFTY27FEB2030500PE,PE,2020-02-24 14:42:00,2020-02-24 14:43:00,258.19386276245115,264.6367378234863,1,128.85750122070363,56.84461542953893,72.01288579116469,2020-02-24
BANKNIFTY27FEB2030500PE,PE,2020-02-24 14:45:00,2020-02-24 14:46:00,275.2865061187744,272.46711891174317,1,-56.38774414062482,57.24743065097888,-113.6351747916037,2020-02-24
BANKNIFTY27FEB2030500PE,PE,2020-02-24 14:58:00,2020-02-24 14:59:00,268.920625,275.80875000000003,1,137.76250000000118,57.24962398824999,80.51287601175119,2020-02-24
BANKNIFTY27FEB2030400CE,CE,2020-02-25 09:31:00,2020-02-25 09:33:00,247.5673719406128,248.92612804412843,2,27.17512207031291,56.330457570135565,-29.155335499822655,2020-02-25
BANKNIFTY27FEB2030400CE,CE,2020-02-25 09:37:00,2020-02-25 09:38:00,236.23911888122558,244.38750000000002,1,162.96762237548876,56.0793241123328,106.88829826315596,2020-02-25
BANKNIFTY27FEB2030400CE,CE,2020-02-25 10:10:00,2020-02-25 10:12:00,292.37911888122557,291.27000000000004,2,-22.182377624510536,57.917136193332794,-80.09951381784333,2020-02-25
BANKNIFTY27FEB2030400CE,CE,2020-02-25 10:24:00,2020-02-25 10:26:00,277.24136276245116,268.82625,2,-168.3022552490229,57.18315796891559,-225.4854132179385,2020-02-25
BANKNIFTY27FEB2030400CE,CE,2020-02-25 10:36:00,2020-02-25 10:38:00,267.5672438812256,268.62673782348634,2,21.189878845215162,57.058117731206146,-35.86823888599098,2020-02-25
BANKNIFTY27FEB2030400CE,CE,2020-02-25 10:39:00,2020-02-25 10:44:00,263.5071311187744,262.84125,5,-13.317622375487872,56.866952622667206,-70.18457499815509,2020-02-25
BANKNIFTY27FEB2030400CE,CE,2020-02-25 11:02:00,2020-02-25 11:04:00,274.434375,274.91100608825684,2,9.532621765137037,57.296288248938325,-47.76366648380129,2020-02-25
BANKNIFTY27FEB2030400CE,CE,2020-02-25 11:21:00,2020-02-25 11:22:00,294.1836372375488,291.6689939117432,1,-50.29286651611187,57.94925977589609,-108.24212629200795,2020-02-25
BANKNIFTY27FEB2030400CE,CE,2020-02-25 11:42:00,2020-02-25 11:43:00,285.0608811187744,288.37725608825684,1,66.32749938964935,57.75585538885553,8.571644000793817,2020-02-25
BANKNIFTY27FEB2030400CE,CE,2020-02-25 11:59:00,2020-02-25 12:01:00,304.76,303.83850608825685,2,-18.429878234862827,58.37666262268833,-76.80654085755116,2020-02-25
BANKNIFTY27FEB2030400CE,CE,2020-02-25 12:22:00,2020-02-25 12:24:00,314.18349388122556,320.99548782348637,2,136.23987884521625,58.911055902206144,77.32882294301011,2020-02-25
BANKNIFTY27FEB2030400CE,CE,2020-02-25 12:30:00,2020-02-25 12:32:00,316.539375,319.29975608825686,2,55.20762176513699,58.89907812643832,-3.691456361301327,2020-02-25
BANKNIFTY27FEB2030400CE,CE,2020-02-25 12:34:00,2020-02-25 12:43:00,316.33886276245113,297.9033689117432,9,-368.70987701415856,58.37614987947727,-427.08602689363585,2020-02-25
BANKNIFTY27FEB2030400CE,CE,2020-02-25 12:44:00,2020-02-25 12:54:00,286.715,283.14038108825685,10,-71.4923782348626,57.649025847438324,-129.14140408230094,2020-02-25
BANKNIFTY27FEB2030400CE,CE,2020-02-25 12:55:00,2020-02-25 13:01:00,276.13863723754883,271.32,6,-96.37274475097684,57.23011512558441,-153.60285987656124,2020-02-25
BANKNIFTY27FEB2030400CE,CE,2020-02-25 13:05:00,2020-02-25 13:06:00,265.61238723754883,269.92350608825683,1,86.22237701415997,57.06537344677273,29.157003567387243,2020-02-25
BANKNIFTY27FEB2030400CE,CE,2020-02-25 13:07:00,2020-02-25 13:10:00,254.4846311187744,262.34250000000003,3,157.15737762451283,56.742729296167205,100.41464832834563,2020-02-25
BANKNIFTY27FEB2030400CE,CE,2020-02-25 13:11:00,2020-02-25 13:12:00,261.70261276245117,262.34250000000003,1,12.797744750977245,56.83240261291558,-44.034657861938335,2020-02-25
BANKNIFTY27FEB2030400CE,CE,2020-02-25 13:15:00,2020-02-25 13:17:00,252.63,259.10062500000004,2,129.41250000000082,56.64083403025,72.77166596975081,2020-02-25
BANKNIFTY27FEB2030400CE,CE,2020-02-25 13:38:00,2020-02-25 13:40:00,254.2340061187744,260.0482621765137,2,116.28512115478543,56.68381150829386,59.60130964649157,2020-02-25
BANKNIFTY27FEB2030400CE,CE,2020-02-25 13:42:00,2020-02-25 13:43:00,260.4996311187744,258.8013871765137,1,-33.96487884521434,56.731324638293856,-90.6962034835082,2020-02-25
BANKNIFTY27FEB2030400CE,CE,2020-02-25 13:55:00,2020-02-25 14:05:00,261.903125,233.06586891174317,10,-576.7451217651364,56.12278063281168,-632.8679023979481,2020-02-25
BANKNIFTY27FEB2030400CE,CE,2020-02-25 14:08:00,2020-02-25 14:18:00,220.1490061187744,196.15836891174317,10,-479.81274414062455,54.70632089447888,-534.5190650351034,2020-02-25
BANKNIFTY27FEB2030400CE,CE,2020-02-25 14:19:00,2020-02-25 14:23:00,188.8709938812256,210.6719969558716,4,436.0200614929204,54.67075906473863,381.3493024281818,2020-02-25
BANKNIFTY27FEB2030400CE,CE,2020-02-25 14:37:00,2020-02-25 14:38:00,251.57737194061278,248.626875,1,-59.009938812255314,56.3729972947914,-115.38293610704672,2020-02-25
BANKNIFTY27FEB2030400CE,CE,2020-02-25 14:41:00,2020-02-25 14:42:00,234.835625,243.43987804412842,1,172.08506088256854,56.038838088344164,116.04622279422438,2020-02-25
BANKNIFTY27FEB2030400CE,CE,2020-02-25 14:43:00,2020-02-25 14:44:00,235.58749999999998,239.8488719558716,1,85.22743911743248,55.960832886905834,29.266606230526648,2020-02-25
BANKNIFTY27FEB2030400CE,CE,2020-02-25 14:51:00,2020-02-25 14:52:00,235.78799694061277,238.8513719558716,1,61.267500305176554,55.93906098969723,5.328439315479322,2020-02-25
BANKNIFTY27FEB2030400CE,CE,2020-02-25 15:00:00,2020-02-25 15:02:00,220.3495030593872,223.1407469558716,2,55.82487792968834,55.365120358864445,0.45975757082389634,2020-02-25
BANKNIFTY27FEB2030400CE,CE,2020-02-25 15:05:00,2020-02-25 15:12:00,219.19661888122556,226.8813719558716,7,153.6950614929208,55.441782853238635,98.25327863968215,2020-02-25
BANKNIFTY27FEB2030400CE,CE,2020-02-25 15:18:00,2020-02-25 15:23:00,242.85562499999997,247.5794969558716,5,94.4774391174326,56.23916579490583,38.238273322526766,2020-02-25
BANKNIFTY27FEB2030400PE,PE,2020-02-25 09:58:00,2020-02-25 10:08:00,192.93112194061277,159.3007469558716,10,-672.6074996948233,53.47166673519723,-726.0791664300206,2020-02-25
BANKNIFTY27FEB2030400PE,PE,2020-02-25 10:09:00,2020-02-25 10:10:00,154.385,158.5526219558716,1,83.35243911743191,52.97458804140583,30.377851076026083,2020-02-25
BANKNIFTY27FEB2030400PE,PE,2020-02-25 10:12:00,2020-02-25 10:22:00,157.39249999999998,158.3032469558716,10,18.214939117432323,53.00588632065585,-34.790947203223524,2020-02-25
BANKNIFTY27FEB2030400PE,PE,2020-02-25 10:30:00,2020-02-25 10:37:00,164.81099388122558,172.2682469558716,7,149.14506149292038,53.43772979523863,95.70733169768175,2020-02-25
BANKNIFTY27FEB2030400PE,PE,2020-02-25 10:50:00,2020-02-25 11:00:00,168.82099388122558,168.17850608825685,10,-12.849755859374454,53.388071210271114,-66.23782706964556,2020-02-25
BANKNIFTY27FEB2030400PE,PE,2020-02-25 11:01:00,2020-02-25 11:02:00,164.41,167.67975608825685,1,65.3951217651371,53.32113939118833,12.073982373948773,2020-02-25
BANKNIFTY27FEB2030400PE,PE,2020-02-25 11:04:00,2020-02-25 11:14:00,166.26463111877442,146.63250000000002,10,-392.6426223754879,52.83223554816721,-445.4748579236551,2020-02-25
BANKNIFTY27FEB2030400PE,PE,2020-02-25 11:15:00,2020-02-25 11:19:00,138.29487194061278,151.0713719558716,4,255.53000030517637,52.59271979394723,202.93728051122915,2020-02-25
BANKNIFTY27FEB2030400PE,PE,2020-02-25 11:24:00,2020-02-25 11:33:00,150.62562499999999,150.77211891174318,9,2.9298782348638497,52.73863322631168,-49.80875499144783,2020-02-25
BANKNIFTY27FEB2030400PE,PE,2020-02-25 11:35:00,2020-02-25 11:37:00,147.9188780593872,146.4330030441284,2,-29.71750030517569,52.59946276630276,-82.31696307147845,2020-02-25
BANKNIFTY27FEB2030400PE,PE,2020-02-25 11:44:00,2020-02-25 11:54:00,147.9188780593872,129.27600608825685,10,-372.85743942260694,52.18214283514693,-425.03958225775386,2020-02-25
BANKNIFTY27FEB2030400PE,PE,2020-02-25 11:55:00,2020-02-25 12:00:00,133.33249999999998,136.1088719558716,5,55.52743911743221,52.16712740490584,3.360311712526368,2020-02-25
BANKNIFTY27FEB2030400PE,PE,2020-02-25 12:01:00,2020-02-25 12:11:00,134.73599388122557,121.69500000000001,10,-260.8198776245112,51.8339665955828,-312.653844220094,2020-02-25
BANKNIFTY27FEB2030400PE,PE,2020-02-25 12:12:00,2020-02-25 12:17:00,118.09450305938721,119.60025152206421,5,30.114969253540096,51.57626754613069,-21.46129829259059,2020-02-25
BANKNIFTY27FEB2030400PE,PE,2020-02-25 12:25:00,2020-02-25 12:31:00,122.90649847030639,126.18375,6,65.5450305938723,51.796184235895694,13.748846357976603,2020-02-25
BANKNIFTY27FEB2030400PE,PE,2020-02-25 12:32:00,2020-02-25 12:37:00,125.76362194061278,138.20362804412844,5,248.80012207031314,52.12404670063557,196.67607536967756,2020-02-25
BANKNIFTY27FEB2030400PE,PE,2020-02-25 13:02:00,2020-02-25 13:05:00,154.23463111877442,165.7844969558716,3,230.99731674194345,53.148625153323046,177.8486915886204,2020-02-25
BANKNIFTY27FEB2030400PE,PE,2020-02-25 13:06:00,2020-02-25 13:07:00,162.7558811187744,174.5126219558716,1,235.13481674194395,53.46678917607305,181.6680275658709,2020-02-25
BANKNIFTY27FEB2030400PE,PE,2020-02-25 13:10:00,2020-02-25 13:11:00,168.169375,170.323125,1,43.075000000000045,53.4321406105,-10.357140610499954,2020-02-25
BANKNIFTY27FEB2030400PE,PE,2020-02-25 13:12:00,2020-02-25 13:14:00,169.2721311187744,177.05625,2,155.6823776245119,53.6096146506672,102.0727629738447,2020-02-25
BANKNIFTY27FEB2030400PE,PE,2020-02-25 13:18:00,2020-02-25 13:28:00,160.149375,151.81949695587159,10,-166.59756088256813,52.88242849140583,-219.47998937397398,2020-02-25
BANKNIFTY27FEB2030400PE,PE,2020-02-25 13:31:00,2020-02-25 13:37:00,151.62812499999998,155.21100608825685,6,71.65762176513738,52.85905760143833,18.798564163699048,2020-02-25
BANKNIFTY27FEB2030400PE,PE,2020-02-25 13:41:00,2020-02-25 13:42:00,162.8059938812256,167.2807469558716,1,89.49506149292006,53.29150652223863,36.20355497068143,2020-02-25
BANKNIFTY27FEB2030400PE,PE,2020-02-25 13:43:00,2020-02-25 13:49:00,167.36737194061277,162.74211891174318,6,-92.50506057739187,53.23777948560307,-145.74284006299496,2020-02-25
BANKNIFTY27FEB2030400PE,PE,2020-02-25 13:50:00,2020-02-25 13:55:00,156.79099388122557,160.69725608825684,5,78.12524414062523,53.05664436977113,25.0685997708541,2020-02-25
BANKNIFTY27FEB2030400PE,PE,2020-02-25 14:03:00,2020-02-25 14:04:00,181.703125,182.44274391174318,1,14.792378234863577,53.89507126956168,-39.102693034698106,2020-02-25
BANKNIFTY27FEB2030400PE,PE,2020-02-25 14:06:00,2020-02-25 14:07:00,184.0088780593872,186.781875,1,55.45993881225627,54.0292603122086,1.4306785000476694,2020-02-25
BANKNIFTY27FEB2030400PE,PE,2020-02-25 14:23:00,2020-02-25 14:29:00,193.2820030593872,189.92399391174317,6,-67.16018295288052,54.22089355152028,-121.3810765044008,2020-02-25
BANKNIFTY27FEB2030400PE,PE,2020-02-25 14:30:00,2020-02-25 14:37:00,165.4125,153.864375,7,-230.96249999999998,52.99755424675,-283.96005424674996,2020-02-25
BANKNIFTY27FEB2030400PE,PE,2020-02-25 14:39:00,2020-02-25 14:40:00,154.0842469406128,162.19350608825684,1,162.18518295288106,53.05941101497971,109.12577193790136,2020-02-25
BANKNIFTY27FEB2030400PE,PE,2020-02-25 14:42:00,2020-02-25 14:43:00,165.4125,167.829375,1,48.33750000000009,53.337233320749995,-4.999733320749904,2020-02-25
BANKNIFTY27FEB2030400PE,PE,2020-02-25 14:44:00,2020-02-25 14:50:00,165.7132530593872,164.88675304412843,6,-16.530000305175463,53.26939459705276,-69.79939490222822,2020-02-25
BANKNIFTY27FEB2030400PE,PE,2020-02-25 14:52:00,2020-02-25 14:58:00,164.1092469406128,164.7869969558716,6,13.555000305175895,53.24704063944724,-39.69204033427135,2020-02-25
BANKNIFTY27FEB2030400PE,PE,2020-02-25 15:06:00,2020-02-25 15:08:00,192.0790061187744,190.42274391174317,2,-33.12524414062466,54.21807939422887,-87.34332353485354,2020-02-25
BANKNIFTY27FEB2030400PE,PE,2020-02-25 15:13:00,2020-02-25 15:19:00,173.7833811187744,168.2782469558716,6,-110.10268325805612,53.45214798132304,-163.55483123937915,2020-02-25
BANKNIFTY27FEB2030300CE,CE,2020-02-26 09:15:00,2020-02-26 09:24:00,180.85099388122558,177.30562500000002,9,-70.90737762451113,53.7595315078328,-124.66690913234393,2020-02-26
BANKNIFTY27FEB2030300CE,CE,2020-02-26 09:26:00,2020-02-26 09:27:00,197.0915061187744,189.62475608825685,1,-149.3350006103509,54.26094275260553,-203.59594336295643,2020-02-26
BANKNIFTY27FEB2030300CE,CE,2020-02-26 09:30:00,2020-02-26 09:32:00,166.76588111877442,160.74711891174317,2,-120.37524414062489,53.181781222228885,-173.55702536285378,2020-02-26
BANKNIFTY27FEB2030300CE,CE,2020-02-26 10:01:00,2020-02-26 10:07:00,155.3875,157.854375,6,49.33750000000032,52.97005882075,-3.6325588207496793,2020-02-26
BANKNIFTY27FEB2030300CE,CE,2020-02-26 10:34:00,2020-02-26 10:37:00,155.08674694061278,160.49774391174319,3,108.21993942260804,53.030618633103074,55.18932078950496,2020-02-26
BANKNIFTY27FEB2030300CE,CE,2020-02-26 10:41:00,2020-02-26 10:49:00,169.12174694061278,143.54024391174318,8,-511.6300605773921,52.792516412103076,-564.4225769894952,2020-02-26
BANKNIFTY27FEB2030300CE,CE,2020-02-26 10:51:00,2020-02-26 10:53:00,139.79862194061278,138.20362804412844,2,-31.899877929686795,52.298411926635566,-84.19828985632236,2020-02-26
BANKNIFTY27FEB2030300CE,CE,2020-02-26 11:06:00,2020-02-26 11:10:00,126.6658734703064,126.931875,4,5.320030593872218,51.861086300395705,-46.54105570652349,2020-02-26
BANKNIFTY27FEB2030300CE,CE,2020-02-26 11:28:00,2020-02-26 11:34:00,142.20463111877442,141.14625,6,-21.167622375488122,52.3998783816672,-73.56750075715533,2020-02-26
BANKNIFTY27FEB2030300CE,CE,2020-02-26 11:39:00,2020-02-26 11:49:00,141.80362194061277,136.6076219558716,10,-103.91999969482356,52.28450063094722,-156.20450032577077,2020-02-26
BANKNIFTY27FEB2030300CE,CE,2020-02-26 11:51:00,2020-02-26 12:01:00,131.8788780593872,133.8644969558716,10,39.71237792968793,52.094476907614435,-12.382098977926503,2020-02-26
BANKNIFTY27FEB2030300CE,CE,2020-02-26 12:02:00,2020-02-26 12:12:00,134.83625,131.67000000000002,10,-63.32499999999982,52.077840047500004,-115.40284004749982,2020-02-26
BANKNIFTY27FEB2030300CE,CE,2020-02-26 12:13:00,2020-02-26 12:23:00,132.9315061187744,138.85199695587158,10,118.40981674194381,52.22886829257304,66.18094844937077,2020-02-26
BANKNIFTY27FEB2030300CE,CE,2020-02-26 12:24:00,2020-02-26 12:34:00,139.8988780593872,135.70987804412843,10,-83.78000030517512,52.239000491052764,-136.01900079622789,2020-02-26
BANKNIFTY27FEB2030300CE,CE,2020-02-26 12:35:00,2020-02-26 12:45:00,137.3926280593872,134.71237804412843,10,-53.60500030517528,52.18360105255277,-105.78860135772806,2020-02-26
BANKNIFTY27FEB2030300CE,CE,2020-02-26 12:46:00,2020-02-26 12:47:00,139.3976280593872,149.32574695587158,1,198.56237792968784,52.56396011061444,145.9984178190734,2020-02-26
BANKNIFTY27FEB2030300CE,CE,2020-02-26 12:48:00,2020-02-26 12:58:00,147.96900611877442,145.43550304412844,10,-50.67006149291956,52.575822746261366,-103.24588423918092,2020-02-26
BANKNIFTY27FEB2030300CE,CE,2020-02-26 13:00:00,2020-02-26 13:06:00,147.01661888122558,142.6425,6,-87.4823776245114,52.496054779332795,-139.97843240384418,2020-02-26
BANKNIFTY27FEB2030300CE,CE,2020-02-26 13:14:00,2020-02-26 13:19:00,143.7083811187744,178.05375,5,686.9073776245119,53.3162836371672,633.5910939873447,2020-02-26
BANKNIFTY27FEB2030300CE,CE,2020-02-26 13:33:00,2020-02-26 13:35:00,171.9788780593872,178.35300304412843,2,127.48249969482458,53.67478389430276,73.80771580052182,2020-02-26
BANKNIFTY27FEB2030300CE,CE,2020-02-26 13:49:00,2020-02-26 13:54:00,229.02112194061277,231.22050304412844,5,43.98762207031325,55.66938183838557,-11.681759768072318,2020-02-26
BANKNIFTY27FEB2030300CE,CE,2020-02-26 14:01:00,2020-02-26 14:06:00,208.72049694061278,196.4576219558716,5,-245.25749969482376,54.57161657919725,-299.82911627402103,2020-02-26
BANKNIFTY27FEB2030300CE,CE,2020-02-26 14:14:00,2020-02-26 14:15:00,158.8461219406128,158.95163108825685,1,2.1101829528811322,53.03971657447972,-50.92953362159859,2020-02-26
BANKNIFTY27FEB2030300CE,CE,2020-02-26 14:17:00,2020-02-26 14:27:00,155.1870030593872,140.6475,10,-290.79006118774373,52.5490347822086,-343.3390959699523,2020-02-26
BANKNIFTY27FEB2030300CE,CE,2020-02-26 14:28:00,2020-02-26 14:38:00,126.81625,104.73750000000001,10,-441.5749999999997,51.323107418499994,-492.8981074184997,2020-02-26
BANKNIFTY27FEB2030300CE,CE,2020-02-26 14:39:00,2020-02-26 14:49:00,95.0871234703064,109.62525152206422,10,290.76256103515647,51.04780515506778,239.7147558800887,2020-02-26
BANKNIFTY27FEB2030300CE,CE,2020-02-26 14:50:00,2020-02-26 14:56:00,104.71112194061278,109.42574695587159,6,94.29250030517608,51.16251719319723,43.129983111978845,2020-02-26
BANKNIFTY27FEB2030300CE,CE,2020-02-26 15:01:00,2020-02-26 15:04:00,105.6635015296936,112.468125,3,136.09246940612792,51.248350762854294,84.84411864327362,2020-02-26
BANKNIFTY27FEB2030300PE,PE,2020-02-26 09:28:00,2020-02-26 09:33:00,167.4175,180.2482469558716,5,256.6149391174321,53.66421431265584,202.95072480477623,2020-02-26
BANKNIFTY27FEB2030300PE,PE,2020-02-26 09:34:00,2020-02-26 09:44:00,187.3171311187744,181.44524391174318,10,-117.43774414062443,53.94055464497889,-171.3782987856033,2020-02-26
BANKNIFTY27FEB2030300PE,PE,2020-02-26 09:46:00,2020-02-26 09:52:00,182.45499999999998,169.92413108825684,6,-250.61737823486283,53.59991453293833,-304.21729276780115,2020-02-26
BANKNIFTY27FEB2030300PE,PE,2020-02-26 09:55:00,2020-02-26 09:56:00,178.29463111877442,176.35800304412842,1,-38.7325614929199,53.70472270201137,-92.43728419493127,2020-02-26
BANKNIFTY27FEB2030300PE,PE,2020-02-26 10:07:00,2020-02-26 10:17:00,170.82599388122557,166.23336891174318,10,-91.85249938964773,53.36566778964447,-145.2181671792922,2020-02-26
BANKNIFTY27FEB2030300PE,PE,2020-02-26 10:20:00,2020-02-26 10:23:00,169.62299694061278,171.96899391174318,3,46.91993942260808,53.49023328510307,-6.570293862494992,2020-02-26
BANKNIFTY27FEB2030300PE,PE,2020-02-26 10:25:00,2020-02-26 10:26:00,171.42749999999998,172.21836891174317,1,15.817378234863781,53.51871740706167,-37.70133917219789,2020-02-26
BANKNIFTY27FEB2030300PE,PE,2020-02-26 10:29:00,2020-02-26 10:34:00,170.7257530593872,174.06375,5,66.75993881225622,53.5548854952086,13.205053317047621,2020-02-26
BANKNIFTY27FEB2030300PE,PE,2020-02-26 10:38:00,2020-02-26 10:44:00,161.35237194061278,166.08375,6,94.6275611877445,53.24433202954141,41.38322915820309,2020-02-26
BANKNIFTY27FEB2030300PE,PE,2020-02-26 10:57:00,2020-02-26 11:01:00,183.85849388122557,191.86913108825684,4,160.21274414062532,54.151132381521116,106.06161175910421,2020-02-26
BANKNIFTY27FEB2030300PE,PE,2020-02-26 11:15:00,2020-02-26 11:20:00,192.12911888122557,187.92899391174316,5,-84.00249938964805,54.15804499764448,-138.16054438729253,2020-02-26
BANKNIFTY27FEB2030300PE,PE,2020-02-26 11:35:00,2020-02-26 11:37:00,173.2821311187744,177.555,2,85.4573776245121,53.6715646821672,31.785812942344904,2020-02-26
BANKNIFTY27FEB2030300PE,PE,2020-02-26 11:53:00,2020-02-26 11:56:00,191.6779969406128,187.77937500000002,3,-77.9724388122554,54.148801168541404,-132.12123998079682,2020-02-26
BANKNIFTY27FEB2030300PE,PE,2020-02-26 12:06:00,2020-02-26 12:15:00,180.0490061187744,178.20336891174318,9,-36.91274414062434,53.77140429647889,-90.68414843710323,2020-02-26
BANKNIFTY27FEB2030300PE,PE,2020-02-26 12:17:00,2020-02-26 12:18:00,174.2345030593872,174.5625,1,6.559938812255837,53.610608197208606,-47.05066938495277,2020-02-26
BANKNIFTY27FEB2030300PE,PE,2020-02-26 12:21:00,2020-02-26 12:22:00,177.1417469406128,178.45274391174317,1,26.21993942260758,53.74135136910307,-27.52141194649549,2020-02-26
BANKNIFTY27FEB2030300PE,PE,2020-02-26 12:24:00,2020-02-26 12:25:00,176.5402561187744,180.5475,1,80.1448776245121,53.78483069691721,26.360046927594894,2020-02-26
BANKNIFTY27FEB2030300PE,PE,2020-02-26 12:32:00,2020-02-26 12:42:00,182.3046311187744,177.2557469558716,10,-100.97768325805646,53.776377701823044,-154.7540609598795,2020-02-26
BANKNIFTY27FEB2030300PE,PE,2020-02-26 12:53:00,2020-02-26 13:01:00,166.36487194061277,169.12612804412842,8,55.22512207031298,53.38060691113556,1.8445151591774192,2020-02-26
BANKNIFTY27FEB2030300PE,PE,2020-02-26 13:06:00,2020-02-26 13:16:00,169.42249999999999,156.3082469558716,10,-262.2850608825678,53.10681664665583,-315.3918775292236,2020-02-26
BANKNIFTY27FEB2030300PE,PE,2020-02-26 13:17:00,2020-02-26 13:27:00,140.50036888122557,113.715,10,-535.7073776245113,51.71147855683279,-587.4188561813442,2020-02-26
BANKNIFTY27FEB2030300PE,PE,2020-02-26 13:28:00,2020-02-26 13:38:00,119.79875,120.59775152206421,10,15.980030441284327,51.62170321942208,-35.64167277813775,2020-02-26
BANKNIFTY27FEB2030300PE,PE,2020-02-26 13:39:00,2020-02-26 13:49:00,122.6057530593872,100.996875,10,-432.1775611877439,51.1798124224586,-483.3573736102025,2020-02-26
BANKNIFTY27FEB2030300PE,PE,2020-02-26 13:54:00,2020-02-26 13:59:00,93.2325,105.485625,5,245.06249999999994,50.92407343525,194.13842656474995,2020-02-26
BANKNIFTY27FEB2030300PE,PE,2020-02-26 14:03:00,2020-02-26 14:04:00,106.6660015296936,109.47562500000001,1,56.19246940612811,51.1880170488543,5.004452357273813,2020-02-26
BANKNIFTY27FEB2030300PE,PE,2020-02-26 14:08:00,2020-02-26 14:14:00,111.37774847030639,133.66500000000002,6,445.7450305938727,51.83492658989569,393.910104003977,2020-02-26
BANKNIFTY27FEB2030300PE,PE,2020-02-26 14:15:00,2020-02-26 14:17:00,132.53049694061278,140.6973780441284,2,163.3376220703127,52.268772626385555,111.06884944392715,2020-02-26
BANKNIFTY27FEB2030300PE,PE,2020-02-26 14:20:00,2020-02-26 14:21:00,153.28224388122558,156.20850608825685,1,58.52524414062543,52.90387050377112,5.621373636854315,2020-02-26
BANKNIFTY27FEB2030300PE,PE,2020-02-26 14:22:00,2020-02-26 14:25:00,155.08674694061278,156.05887195587158,3,19.44250030517594,52.92264928719724,-33.4801489820213,2020-02-26
BANKNIFTY27FEB2030300PE,PE,2020-02-26 14:27:00,2020-02-26 14:28:00,151.9288780593872,164.68725608825685,1,255.16756057739315,53.09329055164693,202.07427002574622,2020-02-26
BANKNIFTY27FEB2030300PE,PE,2020-02-26 14:29:00,2020-02-26 14:31:00,162.7558811187744,184.88663108825685,2,442.61499938964903,53.71912242460553,388.8958769650435,2020-02-26
BANKNIFTY27FEB2030300PE,PE,2020-02-26 14:57:00,2020-02-26 14:59:00,188.0690061187744,169.72461891174316,2,-366.88774414062493,53.66480784497888,-420.5525519856038,2020-02-26
BANKNIFTY27FEB2030300PE,PE,2020-02-26 15:17:00,2020-02-26 15:18:00,119.9491265296936,118.0541234779358,1,-37.90006103515594,51.56170124618223,-89.46176228133817,2020-02-26
BANKNIFTY27FEB2030200CE,CE,2020-02-27 09:15:00,2020-02-27 09:19:00,127.76862194061279,114.76237804412843,4,-260.1248779296873,51.57878043013556,-311.70365835982284,2020-02-27
BANKNIFTY27FEB2030200CE,CE,2020-02-27 09:25:00,2020-02-27 09:30:00,87.2175,79.80000000000001,5,-148.3499999999998,50.224578613,-198.5745786129998,2020-02-27
BANKNIFTY27FEB2030200CE,CE,2020-02-27 09:31:00,2020-02-27 09:32:00,62.154999999999994,63.49087652206421,1,26.717530441284367,49.51651554217208,-22.798985100887712,2020-02-27
BANKNIFTY27FEB2030200CE,CE,2020-02-27 09:33:00,2020-02-27 09:36:00,53.7841265296936,58.30387576103211,3,90.39498462677017,49.286352626815344,41.108631999954824,2020-02-27
BANKNIFTY27FEB2030200CE,CE,2020-02-27 09:39:00,2020-02-27 09:40:00,45.96462347030639,52.019626522064215,1,121.10006103515644,49.03635068381778,72.06371035133867,2020-02-27
BANKNIFTY27FEB2030200CE,CE,2020-02-27 10:03:00,2020-02-27 10:04:00,34.3857492351532,34.712999238967896,1,6.545000076293945,48.47153990248681,-41.926539826192865,2020-02-27
BANKNIFTY27FEB2030200CE,CE,2020-02-27 10:28:00,2020-02-27 10:29:00,23.6590003824234,25.536000380516054,1,37.53999996185307,48.11505741600659,-10.575057454153523,2020-02-27
BANKNIFTY27FEB2030200CE,CE,2020-02-27 11:43:00,2020-02-27 11:44:00,25.313125,25.635750761032106,1,6.452515220642141,48.13803388696105,-41.685518666318906,2020-02-27
BANKNIFTY27FEB2030200CE,CE,2020-02-27 11:57:00,2020-02-27 11:58:00,14.686624617576598,15.361499619483949,1,13.497500038147017,47.756107721743405,-34.25860768359639,2020-02-27
BANKNIFTY27FEB2030200CE,CE,2020-02-27 12:01:00,2020-02-27 12:02:00,16.1402503824234,17.755499238967897,1,32.30497713088994,47.83239767594004,-15.527420545050099,2020-02-27
BANKNIFTY27FEB2030200CE,CE,2020-02-27 12:08:00,2020-02-27 12:12:00,15.3382501912117,15.161999809741975,4,-3.5250076293944943,47.759350703647776,-51.28435833304227,2020-02-27
BANKNIFTY27FEB2030200CE,CE,2020-02-27 12:32:00,2020-02-27 12:39:00,16.04,15.61087461948395,7,-8.582507610320995,47.77898721389448,-56.36149482421548,2020-02-27
BANKNIFTY27FEB2030200CE,CE,2020-02-27 12:59:00,2020-02-27 13:01:00,17.54375,19.45125,2,38.15000000000005,47.891080957,-9.741080956999951,2020-02-27
BANKNIFTY27FEB2030200CE,CE,2020-02-27 13:02:00,2020-02-27 13:03:00,18.9973757648468,23.291625380516052,1,85.88499231338503,48.00255197665767,37.882440336727356,2020-02-27
BANKNIFTY27FEB2030200CE,CE,2020-02-27 13:24:00,2020-02-27 13:31:00,23.5086257648468,11.421374809741975,7,-241.74501910209653,47.76987071537439,-289.51488981747093,2020-02-27
BANKNIFTY27FEB2030200CE,CE,2020-02-27 13:39:00,2020-02-27 13:46:00,6.41600009560585,6.1844998097419746,7,-4.6300057172775055,47.43013911836001,-52.060144835637516,2020-02-27
BANKNIFTY27FEB2030200CE,CE,2020-02-27 13:53:00,2020-02-27 14:51:00,5.86462490439415,5.536125190258026,6,-6.569994282722469,47.40751824863999,-53.97751253136246,2020-02-27
BANKNIFTY27FEB2030200CE,CE,2020-02-27 14:55:00,2020-02-27 14:57:00,7.2681249999999995,6.034875190258027,1,-24.664996194839457,47.43708616792776,-72.10208236276722,2020-02-27
BANKNIFTY27FEB2030200CE,CE,2020-02-27 14:58:00,2020-02-27 15:01:00,7.2681249999999995,7.331624904870988,3,1.2699980974197622,47.468627789286124,-46.19862969186636,2020-02-27
BANKNIFTY27FEB2030200PE,PE,2020-02-27 10:15:00,2020-02-27 10:20:00,208.67036888122558,208.62711891174317,5,-0.8649993896483466,54.86699978439447,-55.73199917404282,2020-02-27
BANKNIFTY27FEB2030200PE,PE,2020-02-27 10:33:00,2020-02-27 10:43:00,229.3720030593872,215.46,10,-278.2400611877438,55.2903888732086,-333.5304500609524,2020-02-27
BANKNIFTY27FEB2030200PE,PE,2020-02-27 10:49:00,2020-02-27 10:50:00,216.99112194061277,220.99612804412843,1,80.10012207031309,55.27123232263556,24.82888974767753,2020-02-27
BANKNIFTY27FEB2030200PE,PE,2020-02-27 10:57:00,2020-02-27 11:00:00,183.4073719406128,195.36038108825684,3,239.06018295288106,54.23044759147972,184.82973536140133,2020-02-27
BANKNIFTY27FEB2030200PE,PE,2020-02-27 11:09:00,2020-02-27 11:10:00,200.7004969406128,204.4875,1,75.74006118774435,54.6672948487914,21.072766338952945,2020-02-27
BANKNIFTY27FEB2030200PE,PE,2020-02-27 11:23:00,2020-02-27 11:28:00,185.7632530593872,183.44024391174318,5,-46.46018295288059,53.96977546752028,-100.42995842040087,2020-02-27
BANKNIFTY27FEB2030200PE,PE,2020-02-27 11:36:00,2020-02-27 11:43:00,200.5,210.07350608825683,7,191.4701217651367,54.80067573268832,136.66944603244838,2020-02-27
BANKNIFTY27FEB2030200PE,PE,2020-02-27 12:12:00,2020-02-27 12:19:00,231.5775,226.4325,7,-102.89999999999964,55.584679786,-158.48467978599965,2020-02-27
BANKNIFTY27FEB2030200PE,PE,2020-02-27 12:24:00,2020-02-27 12:32:00,208.8207530593872,213.01612804412844,8,83.90749969482499,54.975624599802764,28.931875095022228,2020-02-27
BANKNIFTY27FEB2030200PE,PE,2020-02-27 12:36:00,2020-02-27 12:46:00,220.3996311187744,206.731875,10,-273.3551223754881,54.9666202919172,-328.3217426674053,2020-02-27
BANKNIFTY27FEB2030200PE,PE,2020-02-27 12:51:00,2020-02-27 12:59:00,191.82838111877442,181.84425304412844,8,-199.6825614929196,54.00630594901137,-253.68886744193097,2020-02-27
BANKNIFTY27FEB2030200PE,PE,2020-02-27 13:03:00,2020-02-27 13:13:00,156.9915061187744,156.95663108825684,10,-0.697500610351085,52.96814998735553,-53.665650597706616,2020-02-27
BANKNIFTY27FEB2030200PE,PE,2020-02-27 13:16:00,2020-02-27 13:25:00,151.62812499999998,152.21850608825685,9,11.807621765137242,52.78626922843833,-40.97864746330109,2020-02-27
BANKNIFTY27FEB2030200PE,PE,2020-02-27 13:33:00,2020-02-27 13:37:00,164.2095030593872,192.7169969558716,4,570.1498779296878,53.92764432936444,516.2222336003234,2020-02-27
BANKNIFTY27FEB2030200PE,PE,2020-02-27 13:44:00,2020-02-27 13:53:00,228.4196311187744,201.9438719558716,9,-529.5151832580558,54.949796093073054,-584.4649793511288,2020-02-27
BANKNIFTY27FEB2030200PE,PE,2020-02-27 13:58:00,2020-02-27 13:59:00,202.75562499999998,210.1732469558716,1,148.35243911743248,54.831124772405836,93.52131434502664,2020-02-27
BANKNIFTY27FEB2030200PE,PE,2020-02-27 14:00:00,2020-02-27 14:03:00,209.32200305938719,217.50487804412842,3,163.65749969482465,55.09103448880277,108.56646520602189,2020-02-27
BANKNIFTY27FEB2030200PE,PE,2020-02-27 14:06:00,2020-02-27 14:16:00,217.49237194061277,207.43012195587158,10,-201.24499969482372,54.94748554644723,-256.19248524127096,2020-02-27
BANKNIFTY27FEB2030200PE,PE,2020-02-27 14:22:00,2020-02-27 14:32:00,198.7957530593872,143.78961891174316,10,-1100.122682952881,53.16724009227028,-1153.2899230451512,2020-02-27
BANKNIFTY27FEB2030200PE,PE,2020-02-27 14:33:00,2020-02-27 14:40:00,146.36499999999998,147.67987804412843,7,26.297560882568973,52.61048649559417,-26.312925613025193,2020-02-27
BANKNIFTY27FEB2030200PE,PE,2020-02-27 14:42:00,2020-02-27 14:50:00,116.99174694061279,114.76237804412843,8,-44.58737792968719,51.444892845885555,-96.03227077557275,2020-02-27
BANKNIFTY27FEB2030200PE,PE,2020-02-27 14:51:00,2020-02-27 15:01:00,98.99687499999999,56.9073742389679,10,-841.7900152206419,49.81408978428896,-891.6041050049308,2020-02-27
BANKNIFTY27FEB2030200PE,PE,2020-02-27 15:02:00,2020-02-27 15:12:00,34.1351242351532,6.683249809741974,10,-549.0374885082246,47.7866418245201,-596.8241303327446,2020-02-27
BANKNIFTY27FEB2030200PE,PE,2020-02-27 15:14:00,2020-02-27 15:16:00,6.91725009560585,19.800375380516055,2,257.6625056982041,47.76755355889329,209.8949521393108,2020-02-27
BANKNIFTY27FEB2030200PE,PE,2020-02-27 15:21:00,2020-02-27 15:24:00,13.734249808788299,9.376499619483948,3,-87.15500378608702,47.598699052068945,-134.75370283815596,2020-02-27
BANKNIFTY05MAR2029500CE,CE,2020-02-28 09:15:00,2020-02-28 09:18:00,472.0271311187744,470.96961891174317,3,-21.15024414062418,64.51995288872888,-85.67019702935306,2020-02-28
BANKNIFTY05MAR2029500CE,CE,2020-02-28 09:36:00,2020-02-28 09:41:00,402.1528688812256,404.8852439117432,5,54.64750061035261,62.04445310064447,-7.396952490291859,2020-02-28
BANKNIFTY05MAR2029500CE,CE,2020-02-28 09:46:00,2020-02-28 09:56:00,380.95,307.97812500000003,10,-1459.437499999999,59.423907141250005,-1518.8614071412492,2020-02-28
BANKNIFTY05MAR2029500CE,CE,2020-02-28 09:58:00,2020-02-28 10:06:00,315.4867622375488,339.8482621765137,8,487.2299987792974,59.38581452921106,427.8441842500863,2020-02-28
BANKNIFTY05MAR2029500CE,CE,2020-02-28 10:09:00,2020-02-28 10:16:00,345.86249999999995,336.3071189117432,7,-191.10762176513504,59.677057192561676,-250.7846789576967,2020-02-28
BANKNIFTY05MAR2029500CE,CE,2020-02-28 10:55:00,2020-02-28 11:00:00,335.8375,342.0926371765137,5,125.10274353027398,59.69323523462664,65.40950829564734,2020-02-28
BANKNIFTY05MAR2029500CE,CE,2020-02-28 11:10:00,2020-02-28 11:16:00,333.8325,336.70611282348636,6,57.472256469727654,59.53730625287336,-2.065049783145703,2020-02-28
BANKNIFTY05MAR2029500CE,CE,2020-02-28 11:25:00,2020-02-28 11:30:00,330.0230122375488,342.34201217651366,5,246.379998779297,59.62706406221106,186.75293471708596,2020-02-28
BANKNIFTY05MAR2029500CE,CE,2020-02-28 11:56:00,2020-02-28 12:01:00,297.9430122375488,317.30475608825685,5,387.2348770141605,58.61951877202274,328.61535824213775,2020-02-28
BANKNIFTY05MAR2029500CE,CE,2020-02-28 12:05:00,2020-02-28 12:13:00,309.07073776245113,302.0429878234863,8,-140.55499877929606,58.38654403628894,-198.941542815585,2020-02-28
BANKNIFTY05MAR2029500CE,CE,2020-02-28 12:15:00,2020-02-28 12:21:00,290.0232377624512,291.6689939117432,6,32.915122985840526,57.89757263697726,-24.982449651136733,2020-02-28
BANKNIFTY05MAR2029500CE,CE,2020-02-28 12:37:00,2020-02-28 12:39:00,314.78499999999997,318.20250000000004,2,68.3500000000015,58.85059325499999,9.499406745001508,2020-02-28
BANKNIFTY05MAR2029500CE,CE,2020-02-28 12:40:00,2020-02-28 12:47:00,314.9855122375488,319.1002439117432,7,82.29463348388776,58.87492070264608,23.419712781241685,2020-02-28
BANKNIFTY05MAR2029500CE,CE,2020-02-28 12:56:00,2020-02-28 12:57:00,334.4340061187744,334.71111282348636,1,5.542134094239373,59.49625354229056,-53.95411944805119,2020-02-28
BANKNIFTY05MAR2029500CE,CE,2020-02-28 13:05:00,2020-02-28 13:14:00,343.45650611877437,323.19,9,-405.33012237548746,59.32811053341721,-464.65823290890467,2020-02-28
BANKNIFTY05MAR2029500CE,CE,2020-02-28 13:16:00,2020-02-28 13:17:00,337.7422438812256,340.14750000000004,1,48.10512237548892,59.669586272082796,-11.564463896593878,2020-02-28
BANKNIFTY05MAR2029500CE,CE,2020-02-28 13:22:00,2020-02-28 13:25:00,329.2209938812256,327.3296189117432,3,-37.82749938964798,59.251944658144474,-97.07944404779246,2020-02-28
BANKNIFTY05MAR2029500CE,CE,2020-02-28 13:30:00,2020-02-28 13:31:00,319.19599388122555,319.39951217651367,1,4.070365905762401,58.93450932395944,-54.86414341819704,2020-02-28
BANKNIFTY05MAR2029500CE,CE,2020-02-28 14:00:00,2020-02-28 14:06:00,327.26613723754883,328.1775,6,18.22725524902353,59.24828182158441,-41.021026572560885,2020-02-28
BANKNIFTY05MAR2029500CE,CE,2020-02-28 14:10:00,2020-02-28 14:12:00,313.58198776245115,319.29975608825686,2,114.35536651611415,58.86233673035391,55.493029785760235,2020-02-28
BANKNIFTY05MAR2029500CE,CE,2020-02-28 14:14:00,2020-02-28 14:24:00,312.6296311187744,296.05798782348637,10,-331.43286590576054,58.28518155779056,-389.7180474635511,2020-02-28
BANKNIFTY05MAR2029500CE,CE,2020-02-28 14:26:00,2020-02-28 14:33:00,307.26624999999996,313.963125,7,133.93750000000068,58.65406645075,75.28343354925067,2020-02-28
BANKNIFTY05MAR2029500CE,CE,2020-02-28 14:36:00,2020-02-28 14:46:00,312.028125,291.8186128234863,10,-404.1902435302734,58.17459182462335,-462.36483535489674,2020-02-28
BANKNIFTY05MAR2029500CE,CE,2020-02-28 14:47:00,2020-02-28 14:57:00,305.56198776245117,270.3225,10,-704.7897552490235,57.571396272165586,-762.3611515211891,2020-02-28
BANKNIFTY05MAR2029500CE,CE,2020-02-28 14:58:00,2020-02-28 15:03:00,266.414375,251.71913108825686,5,-293.90487823486296,56.632541086188326,-350.5374193210513,2020-02-28
BANKNIFTY05MAR2029500CE,CE,2020-02-28 15:05:00,2020-02-28 15:11:00,247.91825305938718,241.99350608825685,6,-118.49493942260665,56.16619045339693,-174.66112987600357,2020-02-28
BANKNIFTY05MAR2029500CE,CE,2020-02-28 15:13:00,2020-02-28 15:18:00,255.53724388122558,259.7489939117432,5,84.23500061035213,56.692723131394466,27.542277478957665,2020-02-28
BANKNIFTY05MAR2029500CE,CE,2020-02-28 15:20:00,2020-02-28 15:21:00,263.20636276245114,258.20288108825685,1,-100.06963348388581,56.750394166853916,-156.82002765073972,2020-02-28
BANKNIFTY05MAR2029500PE,PE,2020-02-28 09:27:00,2020-02-28 09:28:00,418.34323776245117,410.6208689117432,1,-154.44737701415988,62.38510681572727,-216.83248382988717,2020-02-28
BANKNIFTY05MAR2029500PE,PE,2020-02-28 09:30:00,2020-02-28 09:32:00,399.64661888122555,420.14701217651367,2,410.0078659057624,62.38453759970944,347.62332830605294,2020-02-28
BANKNIFTY05MAR2029500PE,PE,2020-02-28 09:34:00,2020-02-28 09:44:00,418.09261276245115,420.19687500000003,10,42.08524475097761,62.61491609266558,-20.529671341687973,2020-02-28
BANKNIFTY05MAR2029500PE,PE,2020-02-28 09:45:00,2020-02-28 09:46:00,423.0048872375488,428.8252439117432,1,116.40713348388772,62.8858172198961,53.52131626399162,2020-02-28
BANKNIFTY05MAR2029500PE,PE,2020-02-28 09:54:00,2020-02-28 09:55:00,439.44588111877437,445.5333689117432,1,121.74975585937659,63.49647530072889,58.2532805586477,2020-02-28
BANKNIFTY05MAR2029500PE,PE,2020-02-28 10:09:00,2020-02-28 10:10:00,425.06,434.8102439117432,1,195.00487823486424,63.056925864811674,131.94795237005258,2020-02-28
BANKNIFTY05MAR2029500PE,PE,2020-02-28 10:32:00,2020-02-28 10:42:00,418.8946311187744,420.14701217651367,10,25.047621154785702,62.62366720454385,-37.57604604975815,2020-02-28
BANKNIFTY05MAR2029500PE,PE,2020-02-28 10:43:00,2020-02-28 10:53:00,418.54375,429.6232621765137,10,221.59024353027462,62.84980451237664,158.74043901789798,2020-02-28
BANKNIFTY05MAR2029500PE,PE,2020-02-28 10:58:00,2020-02-28 11:08:00,445.2603688812256,437.70298782348635,10,-151.1476211547847,63.378249113456135,-214.52587026824085,2020-02-28
BANKNIFTY05MAR2029500PE,PE,2020-02-28 11:35:00,2020-02-28 11:36:00,443.9571311187744,446.3313871765137,1,47.48512115478661,63.57193194329385,-16.086810788507236,2020-02-28
BANKNIFTY05MAR2029500PE,PE,2020-02-28 12:30:00,2020-02-28 12:31:00,542.8036372375489,541.1437500000001,1,-33.197744750975744,67.10613938508442,-100.30388413606016,2020-02-28
BANKNIFTY05MAR2029500PE,PE,2020-02-28 12:36:00,2020-02-28 12:37:00,526.4628994750976,526.3308993530273,1,-2.6400024414056134,66.54282674142212,-69.18282918282773,2020-02-28
BANKNIFTY05MAR2029500PE,PE,2020-02-28 12:49:00,2020-02-28 12:56:00,487.9167622375488,488.82486282348634,7,18.162011718750364,65.15166312070777,-46.9896514019574,2020-02-28
BANKNIFTY05MAR2029500PE,PE,2020-02-28 13:00:00,2020-02-28 13:05:00,450.97463111877437,470.91975608825686,5,398.90249938964985,64.25719220635553,334.64530718329434,2020-02-28
BANKNIFTY05MAR2029500PE,PE,2020-02-28 13:16:00,2020-02-28 13:22:00,477.2902561187744,483.58798782348634,6,125.95463409423928,64.89226400654056,61.062370087698724,2020-02-28
BANKNIFTY05MAR2029500PE,PE,2020-02-28 13:29:00,2020-02-28 13:30:00,485.4105122375488,515.8571493530274,1,608.932742309571,65.7780489978377,543.1546933117334,2020-02-28
BANKNIFTY05MAR2029500PE,PE,2020-02-28 13:32:00,2020-02-28 13:38:00,493.28011276245115,492.1664939117432,6,-22.27237701415902,65.29957574022727,-87.57195275438629,2020-02-28
BANKNIFTY05MAR2029500PE,PE,2020-02-28 13:39:00,2020-02-28 13:41:00,489.77136276245113,486.78000000000003,2,-59.82725524902207,65.12496551041559,-124.95222075943767,2020-02-28
BANKNIFTY05MAR2029500PE,PE,2020-02-28 13:42:00,2020-02-28 13:52:00,482.75386276245115,484.43586891174317,10,33.640122985840435,64.98076519047726,-31.340642204636822,2020-02-28
BANKNIFTY05MAR2029500PE,PE,2020-02-28 13:53:00,2020-02-28 13:59:00,491.02448776245114,486.4807621765137,6,-90.87451171874932,65.13325529304223,-156.00776701179154,2020-02-28
BANKNIFTY05MAR2029500PE,PE,2020-02-28 14:15:00,2020-02-28 14:16:00,536.9389755249023,545.6325,1,173.8704895019555,67.14246173333119,106.7280277686243,2020-02-28
BANKNIFTY05MAR2029500PE,PE,2020-02-28 14:24:00,2020-02-28 14:27:00,581.4499999999999,570.57,3,-217.59999999999764,68.302018672,-285.90201867199767,2020-02-28
BANKNIFTY05MAR2029500PE,PE,2020-02-28 14:31:00,2020-02-28 14:36:00,518.5932377624512,523.6875,5,101.88524475097665,66.38076022366559,35.504484527311064,2020-02-28
BANKNIFTY05MAR2029500PE,PE,2020-02-28 15:03:00,2020-02-28 15:04:00,610.3721005249023,610.3702743530274,1,-0.036523437497635314,69.62942123333448,-69.66594467083212,2020-02-28
BANKNIFTY05MAR2029500PE,PE,2020-02-28 15:14:00,2020-02-28 15:17:00,601.750625,582.6896493530273,3,-381.2195129394536,68.8490190197533,-450.0685319592069,2020-02-28
BANKNIFTY05MAR2029500PE,PE,2020-02-28 15:18:00,2020-02-28 15:20:00,578.5427255249023,568.824375,2,-194.3670104980447,68.22343997258118,-262.59045047062585,2020-02-28
BANKNIFTY05MAR2029700CE,CE,2020-03-02 09:18:00,2020-03-02 09:20:00,230.47474388122558,231.02100608825685,2,10.925244140625523,55.68258857177112,-44.7573444311456,2020-03-02
BANKNIFTY05MAR2029700CE,CE,2020-03-02 09:25:00,2020-03-02 09:26:00,247.5673719406128,233.91375000000002,1,-273.0724388122553,55.96530249154141,-329.03774130379674,2020-03-02
BANKNIFTY05MAR2029700CE,CE,2020-03-02 09:27:00,2020-03-02 09:28:00,209.9736219406128,220.6469969558716,1,213.46750030517626,55.17555758469723,158.29194272047903,2020-03-02
BANKNIFTY05MAR2029700CE,CE,2020-03-02 10:05:00,2020-03-02 10:06:00,223.95849388122556,225.33524391174316,1,27.53500061035197,55.46333508339446,-27.92833447304249,2020-03-02
BANKNIFTY05MAR2029700CE,CE,2020-03-02 10:07:00,2020-03-02 10:09:00,220.7003688812256,220.84649391174318,2,2.9225006103519036,55.31367488214447,-52.391174271792565,2020-03-02
BANKNIFTY05MAR2029700CE,CE,2020-03-02 10:14:00,2020-03-02 10:16:00,211.92849388122556,214.16324695587159,2,44.695061492920445,55.042135990238634,-10.34707449731819,2020-03-02
BANKNIFTY05MAR2029700CE,CE,2020-03-02 10:30:00,2020-03-02 10:31:00,215.68786888122557,220.39762195587159,1,94.19506149292033,55.24048340523863,38.9545780876817,2020-03-02
BANKNIFTY05MAR2029700CE,CE,2020-03-02 10:42:00,2020-03-02 10:43:00,220.1991188812256,223.1407469558716,1,58.83256149292038,55.36325204598863,3.469309446931746,2020-03-02
BANKNIFTY05MAR2029700CE,CE,2020-03-02 10:52:00,2020-03-02 10:53:00,221.25174694061278,224.23800304412842,1,59.725122070312864,55.40301869413556,4.322103376177303,2020-03-02
BANKNIFTY05MAR2029700CE,CE,2020-03-02 11:15:00,2020-03-02 11:16:00,224.6101280593872,226.68187500000002,1,41.43493881225652,55.5041856417086,-14.069246829452084,2020-03-02
BANKNIFTY05MAR2029700CE,CE,2020-03-02 11:34:00,2020-03-02 11:35:00,217.19161888122557,219.45000000000002,1,45.16762237548903,55.2361158163328,-10.068493440843767,2020-03-02
BANKNIFTY05MAR2029700CE,CE,2020-03-02 11:36:00,2020-03-02 11:37:00,215.5375,220.6469969558716,1,102.18993911743212,55.244680980155835,46.945258137276284,2020-03-02
BANKNIFTY05MAR2029700CE,CE,2020-03-02 11:43:00,2020-03-02 11:44:00,214.535,217.50487804412842,1,59.39756088256843,55.15579867759416,4.241762204974265,2020-03-02
BANKNIFTY05MAR2029700CE,CE,2020-03-02 11:46:00,2020-03-02 11:47:00,214.2342469406128,212.36774391174316,1,-37.3300605773926,55.02710864610307,-92.35716922349567,2020-03-02
BANKNIFTY05MAR2029700CE,CE,2020-03-02 12:23:00,2020-03-02 12:28:00,219.798125,200.29800304412842,5,-390.00243911743155,54.80265249259416,-444.8050916100257,2020-03-02
BANKNIFTY05MAR2029700CE,CE,2020-03-02 12:45:00,2020-03-02 12:47:00,206.0638780593872,203.29050304412843,2,-55.46750030517558,54.704812075302755,-110.17231238047833,2020-03-02
BANKNIFTY05MAR2029700CE,CE,2020-03-02 12:56:00,2020-03-02 12:57:00,191.22687499999998,193.81425304412844,1,51.74756088256913,54.28998656959417,-2.5424256870250375,2020-03-02
BANKNIFTY05MAR2029700CE,CE,2020-03-02 13:03:00,2020-03-02 13:04:00,193.4825,195.51000000000002,1,40.55000000000064,54.359256222999996,-13.809256222999359,2020-03-02
BANKNIFTY05MAR2029700CE,CE,2020-03-02 13:30:00,2020-03-02 13:32:00,227.5675,233.06586891174317,2,109.96737823486342,55.696208562061685,54.27116967280173,2020-03-02
BANKNIFTY05MAR2029700CE,CE,2020-03-02 13:47:00,2020-03-02 13:49:00,231.5775,229.425,2,-43.0499999999995,55.657468159000004,-98.7074681589995,2020-03-02
BANKNIFTY05MAR2029700CE,CE,2020-03-02 14:13:00,2020-03-02 14:14:00,232.8807530593872,230.92125000000001,1,-39.19006118774348,55.7100534402086,-94.90011462795208,2020-03-02
BANKNIFTY05MAR2029700CE,CE,2020-03-02 14:23:00,2020-03-02 14:25:00,213.68286888122557,202.04362804412844,2,-232.78481674194268,54.76913888092696,-287.55395562286964,2020-03-02
BANKNIFTY05MAR2029700CE,CE,2020-03-02 14:41:00,2020-03-02 14:46:00,188.7707530593872,148.52774391174316,5,-804.8601829528809,53.15794175952028,-858.0181247124012,2020-03-02
BANKNIFTY05MAR2029700CE,CE,2020-03-02 14:47:00,2020-03-02 14:48:00,146.7158811187744,151.12125,1,88.10737762451197,52.6985522571672,35.40882536734477,2020-03-02
BANKNIFTY05MAR2029700CE,CE,2020-03-02 14:55:00,2020-03-02 15:05:00,148.1695030593872,87.18150152206421,10,-1219.76003074646,51.161366608630686,-1270.9213973550907,2020-03-02
BANKNIFTY05MAR2029700CE,CE,2020-03-02 15:07:00,2020-03-02 15:15:00,91.82899847030639,58.603125000000006,8,-664.5174694061277,49.7662857166457,-714.2837551227734,2020-03-02
BANKNIFTY05MAR2029700PE,PE,2020-03-02 09:22:00,2020-03-02 09:27:00,483.0546311187744,549.5726371765137,5,1330.3601211547857,66.56886251279384,1263.7912586419918,2020-03-02
BANKNIFTY05MAR2029700PE,PE,2020-03-02 09:39:00,2020-03-02 09:40:00,479.74636276245116,464.1367378234863,1,-312.19249877929656,64.44965326853892,-376.64215204783545,2020-03-02
BANKNIFTY05MAR2029700PE,PE,2020-03-02 09:43:00,2020-03-02 09:53:00,466.0121311187744,415.5086128234864,10,-1010.0703659057604,63.09621360704056,-1073.1665795128008,2020-03-02
BANKNIFTY05MAR2029700PE,PE,2020-03-02 09:54:00,2020-03-02 09:59:00,406.4134938812256,451.618125,5,904.0926223754889,63.23409730783279,840.858525067656,2020-03-02
BANKNIFTY05MAR2029700PE,PE,2020-03-02 10:00:00,2020-03-02 10:05:00,452.1275,472.36611282348633,5,404.7722564697267,64.30669559087335,340.46556087885335,2020-03-02
BANKNIFTY05MAR2029700PE,PE,2020-03-02 10:10:00,2020-03-02 10:11:00,470.0221311187744,470.82000000000005,1,15.957377624513356,64.4914043001672,-48.53402667565385,2020-03-02
BANKNIFTY05MAR2029700PE,PE,2020-03-02 10:13:00,2020-03-02 10:14:00,468.6186372375488,477.8025,1,183.67725524902426,64.64380739058441,119.03344785843984,2020-03-02
BANKNIFTY05MAR2029700PE,PE,2020-03-02 10:16:00,2020-03-02 10:17:00,469.2702561187744,477.5032621765137,1,164.66012115478634,64.64462430179385,100.01549685299248,2020-03-02
BANKNIFTY05MAR2029700PE,PE,2020-03-02 10:18:00,2020-03-02 10:28:00,460.9996311187744,438.90000000000003,10,-441.9926223754874,63.602903057167204,-505.5955254326546,2020-03-02
BANKNIFTY05MAR2029700PE,PE,2020-03-02 10:29:00,2020-03-02 10:30:00,446.11249999999995,463.58812500000005,1,349.51250000000186,64.01845537225,285.49404462775186,2020-03-02
BANKNIFTY05MAR2029700PE,PE,2020-03-02 10:34:00,2020-03-02 10:42:00,454.0823872375488,450.0221189117432,8,-81.20536651611246,63.78749595764609,-144.99286247375855,2020-03-02
BANKNIFTY05MAR2029700PE,PE,2020-03-02 10:44:00,2020-03-02 10:46:00,445.10999999999996,446.88,2,35.40000000000077,63.599598963999995,-28.19959896399922,2020-03-02
BANKNIFTY05MAR2029700PE,PE,2020-03-02 10:53:00,2020-03-02 11:02:00,434.88448776245116,412.6158689117432,9,-445.3723770141596,62.639134271227256,-508.01151128538686,2020-03-02
BANKNIFTY05MAR2029700PE,PE,2020-03-02 11:03:00,2020-03-02 11:06:00,410.1227561187744,412.06725608825684,3,38.88999938964844,62.31816018310553,-23.428160793457096,2020-03-02
BANKNIFTY05MAR2029700PE,PE,2020-03-02 11:08:00,2020-03-02 11:15:00,426.2128688812256,432.0671189117432,7,117.08500061035238,63.004525971394465,54.08047463895792,2020-03-02
BANKNIFTY05MAR2029700PE,PE,2020-03-02 11:16:00,2020-03-02 11:26:00,425.2103688812256,414.6108689117432,10,-211.9899993896479,62.567472469894476,-274.5574718595424,2020-03-02
BANKNIFTY05MAR2029700PE,PE,2020-03-02 11:27:00,2020-03-02 11:31:00,419.69661888122556,424.7853810882569,4,101.77524414062646,62.74645260977111,39.028791530855344,2020-03-02
BANKNIFTY05MAR2029700PE,PE,2020-03-02 11:41:00,2020-03-02 11:43:00,439.14511276245116,452.41611282348634,2,265.4200012207036,63.66015178478894,201.7598494359147,2020-03-02
BANKNIFTY05MAR2029700PE,PE,2020-03-02 11:48:00,2020-03-02 11:51:00,442.15261276245116,436.0571189117432,3,-121.90987701415906,63.29960613747727,-185.20948315163633,2020-03-02
BANKNIFTY05MAR2029700PE,PE,2020-03-02 11:52:00,2020-03-02 11:55:00,434.98474388122554,426.43125000000003,3,-171.06987762451013,62.976419616582795,-234.04629724109293,2020-03-02
BANKNIFTY05MAR2029700PE,PE,2020-03-02 11:59:00,2020-03-02 12:00:00,418.04249999999996,423.688125,1,112.91250000000105,62.69921328024999,50.21328671975105,2020-03-02
BANKNIFTY05MAR2029700PE,PE,2020-03-02 12:03:00,2020-03-02 12:05:00,411.2255122375488,413.3141310882569,2,41.77237701416175,62.362188872772734,-20.589811858610986,2020-03-02
BANKNIFTY05MAR2029700PE,PE,2020-03-02 12:15:00,2020-03-02 12:16:00,430.2730122375488,430.0721189117432,1,-4.017866516112463,63.0064419863961,-67.02430850250856,2020-03-02
BANKNIFTY05MAR2029700PE,PE,2020-03-02 12:23:00,2020-03-02 12:25:00,430.9246311187744,468.87486282348635,2,759.0046340942388,63.95835986054057,695.0462742336982,2020-03-02
BANKNIFTY05MAR2029700PE,PE,2020-03-02 12:28:00,2020-03-02 12:38:00,464.20761276245116,438.90000000000003,10,-506.1522552490226,63.64275773791559,-569.7950129869382,2020-03-02
BANKNIFTY05MAR2029700PE,PE,2020-03-02 12:39:00,2020-03-02 12:48:00,434.1326127624512,459.8475,9,514.297744750977,63.77863657891559,450.5191081720614,2020-03-02
BANKNIFTY05MAR2029700PE,PE,2020-03-02 12:51:00,2020-03-02 12:52:00,465.71136276245113,473.36361282348633,1,153.04500122070408,64.49971885928895,88.54528236141513,2020-03-02
BANKNIFTY05MAR2029700PE,PE,2020-03-02 12:53:00,2020-03-02 13:03:00,480.1975,464.83500000000004,10,-307.2499999999991,64.472242267,-371.7222422669991,2020-03-02
BANKNIFTY05MAR2029700PE,PE,2020-03-02 13:08:00,2020-03-02 13:10:00,464.15749999999997,470.82000000000005,2,133.2500000000016,64.418544469,68.8314555310016,2020-03-02
BANKNIFTY05MAR2029700PE,PE,2020-03-02 13:12:00,2020-03-02 13:22:00,466.71386276245113,392.9651371765137,10,-1474.974511718749,62.55659315604224,-1537.5311048747913,2020-03-02
BANKNIFTY05MAR2029700PE,PE,2020-03-02 13:23:00,2020-03-02 13:33:00,395.3358811187744,399.0,10,73.28237762451181,61.816611252667194,11.465766371844616,2020-03-02
BANKNIFTY05MAR2029700PE,PE,2020-03-02 13:34:00,2020-03-02 13:44:00,389.5715061187744,360.94538108825685,10,-572.5225006103506,60.819371634855536,-633.3418722452061,2020-03-02
BANKNIFTY05MAR2029700PE,PE,2020-03-02 13:45:00,2020-03-02 13:48:00,368.0678688812256,384.88538108825685,3,336.35024414062514,61.13452603127112,275.21571810935404,2020-03-02
BANKNIFTY05MAR2029700PE,PE,2020-03-02 13:49:00,2020-03-02 13:59:00,380.95,397.25437500000004,10,326.087500000001,61.59542693575,264.49207306425103,2020-03-02
BANKNIFTY05MAR2029700PE,PE,2020-03-02 14:00:00,2020-03-02 14:10:00,383.8071311187744,368.07750000000004,10,-314.5926223754873,60.92123615316721,-375.5138585286545,2020-03-02
BANKNIFTY05MAR2029700PE,PE,2020-03-02 14:11:00,2020-03-02 14:21:00,365.66187499999995,381.4439939117432,10,315.6423782348645,61.020928000561675,254.62145023430284,2020-03-02
BANKNIFTY05MAR2029700PE,PE,2020-03-02 14:22:00,2020-03-02 14:32:00,398.744375,456.9048628234863,10,1163.2097564697267,63.26741173862335,1099.9423447311033,2020-03-02
BANKNIFTY05MAR2029700PE,PE,2020-03-02 14:33:00,2020-03-02 14:42:00,468.1173872375488,497.75250000000005,9,592.7022552490246,65.12283588108441,527.5794193679402,2020-03-02
BANKNIFTY05MAR2029700PE,PE,2020-03-02 15:20:00,2020-03-02 15:24:00,845.5085244750976,893.3111128234864,4,956.0517669677756,79.43280188854217,876.6189650792335,2020-03-02
BANKNIFTY05MAR2029100CE,CE,2020-03-03 09:33:00,2020-03-03 09:35:00,341.00036888122554,345.5838871765137,2,91.67036590576345,59.84229642095944,31.828069484804004,2020-03-03
BANKNIFTY05MAR2029100CE,CE,2020-03-03 09:38:00,2020-03-03 09:39:00,366.96511276245116,346.28211891174317,1,-413.65987701415975,60.181855522477264,-473.841732536637,2020-03-03
BANKNIFTY05MAR2029100CE,CE,2020-03-03 09:41:00,2020-03-03 09:44:00,374.5340061187744,373.7632621765137,3,-15.414878845214162,60.94432876229386,-76.35920760750801,2020-03-03
BANKNIFTY05MAR2029100CE,CE,2020-03-03 09:45:00,2020-03-03 09:46:00,382.5540061187744,371.5188871765137,1,-220.70237884521362,60.98937475454385,-281.6917535997575,2020-03-03
BANKNIFTY05MAR2029100CE,CE,2020-03-03 09:56:00,2020-03-03 09:57:00,333.33124999999995,337.75350608825687,1,88.44512176513831,59.55655529818833,28.88856646694998,2020-03-03
BANKNIFTY05MAR2029100CE,CE,2020-03-03 09:59:00,2020-03-03 10:02:00,327.566875,321.69375,3,-117.46249999999918,59.09430992575,-176.55680992574918,2020-03-03
BANKNIFTY05MAR2029100CE,CE,2020-03-03 10:10:00,2020-03-03 10:11:00,353.53161888122554,345.135,1,-167.932377624511,59.987061106332796,-227.91943873084378,2020-03-03
BANKNIFTY05MAR2029100CE,CE,2020-03-03 10:28:00,2020-03-03 10:34:00,286.66488723754884,268.3275,6,-366.74774475097706,57.28810067208441,-424.03584542306146,2020-03-03
BANKNIFTY05MAR2029100CE,CE,2020-03-03 10:35:00,2020-03-03 10:42:00,241.25161888122557,253.5644969558716,7,246.25756149292044,56.364815010488634,189.89274648243182,2020-03-03
BANKNIFTY05MAR2029100CE,CE,2020-03-03 10:44:00,2020-03-03 10:54:00,244.60999999999999,231.1207469558716,10,-269.7850608825678,55.86062539665584,-325.64568627922364,2020-03-03
BANKNIFTY05MAR2029100CE,CE,2020-03-03 10:55:00,2020-03-03 10:56:00,257.39187499999997,264.33750000000003,1,138.91250000000127,56.82737331325001,82.08512668675127,2020-03-03
BANKNIFTY05MAR2029100CE,CE,2020-03-03 11:00:00,2020-03-03 11:02:00,262.1036372375488,289.025625,2,538.4397552490236,57.486414439834405,480.9533408091892,2020-03-03
BANKNIFTY05MAR2029100CE,CE,2020-03-03 11:04:00,2020-03-03 11:05:00,272.68,278.551875,1,117.43749999999977,57.36305163475,60.07444836524977,2020-03-03
BANKNIFTY05MAR2029100CE,CE,2020-03-03 11:07:00,2020-03-03 11:10:00,270.7752561187744,265.48461891174315,3,-105.81274414062477,57.02154514847888,-162.83428928910365,2020-03-03
BANKNIFTY05MAR2029100CE,CE,2020-03-03 11:13:00,2020-03-03 11:16:00,248.61999999999998,253.3151219558716,3,93.90243911743255,56.45029113240584,37.45214798502671,2020-03-03
BANKNIFTY05MAR2029100CE,CE,2020-03-03 11:18:00,2020-03-03 11:25:00,266.5647438812256,250.72163108825686,7,-316.8622558593745,56.610146418021124,-373.47240227739564,2020-03-03
BANKNIFTY05MAR2029100CE,CE,2020-03-03 11:26:00,2020-03-03 11:31:00,241.65262805938718,231.170625,5,-209.64006118774364,55.82509740420859,-265.4651585919522,2020-03-03
BANKNIFTY05MAR2029100CE,CE,2020-03-03 11:35:00,2020-03-03 11:37:00,240.3995030593872,229.425,2,-219.49006118774378,55.767069196208595,-275.25713038395236,2020-03-03
BANKNIFTY05MAR2029100CE,CE,2020-03-03 11:39:00,2020-03-03 11:40:00,198.64536888122558,205.6844969558716,1,140.7825614929203,54.67087803498863,86.11168345793168,2020-03-03
BANKNIFTY05MAR2029100CE,CE,2020-03-03 11:56:00,2020-03-03 11:57:00,215.68786888122557,221.44500000000002,1,115.14262237548905,55.26595940983279,59.876662965656266,2020-03-03
BANKNIFTY05MAR2029100CE,CE,2020-03-03 12:06:00,2020-03-03 12:07:00,238.49474388122556,247.3301219558716,1,176.7075614929206,56.17892225448864,120.52863923843196,2020-03-03
BANKNIFTY05MAR2029100CE,CE,2020-03-03 12:08:00,2020-03-03 12:09:00,260.3492622375488,258.15298782348634,1,-43.92548828124973,56.71368510895776,-100.63917339020749,2020-03-03
BANKNIFTY05MAR2029100CE,CE,2020-03-03 12:15:00,2020-03-03 12:17:00,261.903125,267.52951217651366,2,112.52774353027348,56.96106050612664,55.56668302414684,2020-03-03
BANKNIFTY05MAR2029100CE,CE,2020-03-03 12:24:00,2020-03-03 12:25:00,262.80536888122555,281.3947560882568,1,371.7877441406256,57.30952227002112,314.47822187060444,2020-03-03
BANKNIFTY05MAR2029100CE,CE,2020-03-03 12:36:00,2020-03-03 12:38:00,267.7677561187744,262.34250000000003,2,-108.50512237548742,56.90775352791721,-165.41287590340463,2020-03-03
BANKNIFTY05MAR2029100CE,CE,2020-03-03 12:51:00,2020-03-03 12:52:00,307.2161372375488,307.72875,1,10.252255249023392,58.501801426084405,-48.24954617706101,2020-03-03
BANKNIFTY05MAR2029100CE,CE,2020-03-03 12:55:00,2020-03-03 12:58:00,299.19613723754884,304.73625000000004,3,110.80225524902403,58.329375781084416,52.47287946793961,2020-03-03
BANKNIFTY05MAR2029100CE,CE,2020-03-03 13:00:00,2020-03-03 13:03:00,265.7627561187744,269.325,3,71.24487762451167,57.05268374691721,14.192193877594462,2020-03-03
BANKNIFTY05MAR2029100CE,CE,2020-03-03 13:04:00,2020-03-03 13:05:00,240.49974388122558,243.39000000000001,1,57.80512237548862,56.10799362208279,1.6971287534058348,2020-03-03
BANKNIFTY05MAR2029100CE,CE,2020-03-03 13:06:00,2020-03-03 13:08:00,242.05362194061277,235.95862804412843,2,-121.8998779296868,55.946540662635556,-177.84641859232235,2020-03-03
BANKNIFTY05MAR2029100CE,CE,2020-03-03 13:09:00,2020-03-03 13:10:00,227.5675,246.38250000000002,1,376.3000000000005,56.020116970000004,320.2798830300005,2020-03-03
BANKNIFTY05MAR2029100CE,CE,2020-03-03 13:40:00,2020-03-03 13:41:00,268.87051223754884,298.55173782348635,1,593.6245117187502,57.80219274595777,535.8223189727925,2020-03-03
BANKNIFTY05MAR2029100CE,CE,2020-03-03 13:48:00,2020-03-03 13:49:00,347.26599388122554,351.2696189117432,1,80.07250061035279,60.058435504144484,20.014065106208307,2020-03-03
BANKNIFTY05MAR2029100CE,CE,2020-03-03 13:58:00,2020-03-03 13:59:00,297.54198776245113,314.21250000000003,1,333.4102447509781,58.53932180416558,274.8709229468125,2020-03-03
BANKNIFTY05MAR2029100CE,CE,2020-03-03 14:02:00,2020-03-03 14:03:00,338.2936372375488,337.15500000000003,1,-22.772744750975562,59.60364818958442,-82.37639294055998,2020-03-03
BANKNIFTY05MAR2029100CE,CE,2020-03-03 14:16:00,2020-03-03 14:17:00,269.92312499999997,268.17788108825687,1,-34.90487823486205,57.07646844418833,-91.98134667905038,2020-03-03
BANKNIFTY05MAR2029100CE,CE,2020-03-03 14:20:00,2020-03-03 14:24:00,269.32161888122556,268.3275,4,-19.88237762451149,57.07263484333279,-76.95501246784428,2020-03-03
BANKNIFTY05MAR2029100CE,CE,2020-03-03 14:25:00,2020-03-03 14:31:00,292.8302561187744,310.8708689117432,6,360.81225585937545,58.39950463697888,302.4127512223966,2020-03-03
BANKNIFTY05MAR2029100CE,CE,2020-03-03 14:39:00,2020-03-03 14:40:00,338.24349388122556,342.0926371765137,1,76.98286590576231,59.72312634020945,17.259739565552863,2020-03-03
BANKNIFTY05MAR2029100CE,CE,2020-03-03 14:54:00,2020-03-03 14:56:00,314.33386276245113,312.6663871765137,2,-33.34951171874877,58.710330312542226,-92.059842031291,2020-03-03
BANKNIFTY05MAR2029100CE,CE,2020-03-03 15:07:00,2020-03-03 15:09:00,318.2436372375488,305.98312500000003,2,-245.21024475097533,58.59634279083441,-303.80658754180973,2020-03-03
BANKNIFTY05MAR2029100PE,PE,2020-03-03 09:16:00,2020-03-03 09:19:00,247.81799694061277,248.42737804412843,3,12.187622070313182,56.321439839385555,-44.13381776907237,2020-03-03
BANKNIFTY05MAR2029100PE,PE,2020-03-03 09:25:00,2020-03-03 09:26:00,228.21911888122557,238.80149391174317,1,211.64750061035193,55.843815062644474,155.80368554770746,2020-03-03
BANKNIFTY05MAR2029100PE,PE,2020-03-03 09:27:00,2020-03-03 09:33:00,241.4020030593872,271.070625,6,593.3724388122562,56.7924953794586,536.5799434327976,2020-03-03
BANKNIFTY05MAR2029100PE,PE,2020-03-03 09:40:00,2020-03-03 09:41:00,252.12875,237.95362804412844,1,-283.5024391174312,56.12023560559416,-339.6226747230254,2020-03-03
BANKNIFTY05MAR2029100PE,PE,2020-03-03 10:09:00,2020-03-03 10:10:00,272.68,255.85875000000001,1,-336.42499999999984,56.811073139499996,-393.2360731394998,2020-03-03
BANKNIFTY05MAR2029100PE,PE,2020-03-03 11:40:00,2020-03-03 11:41:00,512.8790061187744,494.1614939117432,1,-374.3502441406247,65.59159013372889,-439.9418342743536,2020-03-03
BANKNIFTY05MAR2029100PE,PE,2020-03-03 11:42:00,2020-03-03 11:43:00,491.22499999999997,491.6677439117432,1,8.854878234864145,65.26191244581167,-56.40703421094753,2020-03-03
BANKNIFTY05MAR2029100PE,PE,2020-03-03 12:17:00,2020-03-03 12:20:00,416.68911888122557,385.63350608825687,3,-621.112255859374,61.75677408602111,-682.8690299453951,2020-03-03
BANKNIFTY05MAR2029100PE,PE,2020-03-03 12:26:00,2020-03-03 12:32:00,390.92488723754883,383.2395121765137,6,-153.70750122070262,61.378459027461055,-215.08596024816367,2020-03-03
BANKNIFTY05MAR2029100PE,PE,2020-03-03 12:34:00,2020-03-03 12:35:00,386.51386276245114,390.2220121765137,1,74.1629882812515,61.493497760792245,12.669490520459256,2020-03-03
BANKNIFTY05MAR2029100PE,PE,2020-03-03 12:38:00,2020-03-03 12:48:00,418.64400611877437,346.7808689117432,10,-1437.2627441406235,60.83602481747889,-1498.0987689581023,2020-03-03
BANKNIFTY05MAR2029100PE,PE,2020-03-03 12:49:00,2020-03-03 12:55:00,343.7572438812256,353.863125,6,202.11762237548896,60.07792760233279,142.03969477315616,2020-03-03
BANKNIFTY05MAR2029100PE,PE,2020-03-03 12:58:00,2020-03-03 12:59:00,345.7622438812256,347.42923782348635,1,33.33987884521548,59.94634162220615,-26.606462776990668,2020-03-03
BANKNIFTY05MAR2029100PE,PE,2020-03-03 13:16:00,2020-03-03 13:18:00,459.145,447.2789939117432,2,-237.32012176513535,63.78366915831168,-301.10379092344704,2020-03-03
BANKNIFTY05MAR2029100PE,PE,2020-03-03 13:28:00,2020-03-03 13:30:00,405.1102561187744,432.0172560882569,2,538.1399993896503,62.741142708105535,475.3988566815447,2020-03-03
BANKNIFTY05MAR2029100PE,PE,2020-03-03 13:31:00,2020-03-03 13:32:00,412.6290061187744,429.42375000000004,1,335.89487762451313,62.77146924591722,273.1234083785959,2020-03-03
BANKNIFTY05MAR2029100PE,PE,2020-03-03 13:42:00,2020-03-03 13:47:00,374.3836372375488,339.15000000000003,5,-704.672744750975,60.100541495584416,-764.7732862465593,2020-03-03
BANKNIFTY05MAR2029100PE,PE,2020-03-03 13:49:00,2020-03-03 13:54:00,296.74,313.21500000000003,5,329.50000000000045,58.505095438,270.99490456200044,2020-03-03
BANKNIFTY05MAR2029100PE,PE,2020-03-03 13:59:00,2020-03-03 14:09:00,331.8275,297.255,10,-691.4499999999998,58.55280384700001,-750.0028038469998,2020-03-03
BANKNIFTY05MAR2029100PE,PE,2020-03-03 14:10:00,2020-03-03 14:18:00,316.7398872375488,370.6211128234863,8,1077.62451171875,60.149889362957765,1017.4746223557922,2020-03-03
BANKNIFTY05MAR2029100PE,PE,2020-03-03 14:23:00,2020-03-03 14:25:00,370.92499999999995,331.6188871765137,2,-786.1222564697255,59.87438899412665,-845.9966454638521,2020-03-03
BANKNIFTY05MAR2029100PE,PE,2020-03-03 14:26:00,2020-03-03 14:28:00,320.7498872375488,328.1775,2,148.5522552490238,59.1673265380844,89.38492871093939,2020-03-03
BANKNIFTY05MAR2029100PE,PE,2020-03-03 14:29:00,2020-03-03 14:30:00,322.7548872375488,304.486875,1,-365.36024475097634,58.61599456983441,-423.97623932081075,2020-03-03
BANKNIFTY05MAR2029100PE,PE,2020-03-03 14:34:00,2020-03-03 14:39:00,345.9627561187744,290.57173782348633,5,-1107.8203659057613,58.56585361904055,-1166.3862195248018,2020-03-03
BANKNIFTY05MAR2029100PE,PE,2020-03-03 14:41:00,2020-03-03 14:46:00,265.8128688812256,278.4521189117432,5,252.78500061035174,57.275310717394476,195.50968989295728,2020-03-03
BANKNIFTY05MAR2029100PE,PE,2020-03-03 14:49:00,2020-03-03 14:52:00,303.20613723754883,307.6289939117432,3,88.45713348388699,58.44955636289608,30.00757712099091,2020-03-03
BANKNIFTY05MAR2029100PE,PE,2020-03-03 14:56:00,2020-03-03 14:58:00,302.4542622375488,291.12038108825686,2,-226.67762298583852,58.03866647377274,-284.7162894596113,2020-03-03
BANKNIFTY05MAR2029100PE,PE,2020-03-03 14:59:00,2020-03-03 15:05:00,282.705,297.9532621765137,6,304.9652435302744,57.95950980587666,247.00573372439774,2020-03-03
BANKNIFTY05MAR2029100PE,PE,2020-03-03 15:06:00,2020-03-03 15:09:00,315.78749999999997,301.3946189117432,3,-287.8576217651357,58.45421973756167,-346.3118415026974,2020-03-03
BANKNIFTY05MAR2029100PE,PE,2020-03-03 15:10:00,2020-03-03 15:12:00,293.983125,278.053125,2,-318.599999999999,57.615581743,-376.215581742999,2020-03-03
BANKNIFTY05MAR2029100PE,PE,2020-03-03 15:13:00,2020-03-03 15:22:00,273.13113723754884,225.435,9,-953.9227447509768,56.07666276258441,-1009.9994075135612,2020-03-03
BANKNIFTY05MAR2029100CE,CE,2020-03-04 09:15:00,2020-03-04 09:20:00,280.1486372375488,250.52211891174318,5,-592.530366516113,56.774054421146076,-649.304420937259,2020-03-04
BANKNIFTY05MAR2029100CE,CE,2020-03-04 09:22:00,2020-03-04 09:23:00,229.6727561187744,228.67687500000002,1,-19.917622375487554,55.6156072896672,-75.53322966515475,2020-03-04
BANKNIFTY05MAR2029100CE,CE,2020-03-04 09:31:00,2020-03-04 09:36:00,212.42974388122556,208.12836891174317,5,-86.02749938964791,54.90157336014447,-140.9290727497924,2020-03-04
BANKNIFTY05MAR2029100CE,CE,2020-03-04 10:07:00,2020-03-04 10:09:00,211.0763780593872,206.1832469558716,2,-97.862622070312,54.83744731611444,-152.70006938642643,2020-03-04
BANKNIFTY05MAR2029100CE,CE,2020-03-04 10:10:00,2020-03-04 10:20:00,198.49499999999998,154.11375,10,-887.6249999999993,53.4146236915,-941.0396236914993,2020-03-04
BANKNIFTY05MAR2029100CE,CE,2020-03-04 10:27:00,2020-03-04 10:30:00,148.37,162.44288108825685,3,281.457621765137,52.994485194438326,228.46313657069868,2020-03-04
BANKNIFTY05MAR2029100CE,CE,2020-03-04 10:39:00,2020-03-04 10:49:00,156.3398719406128,137.20612804412843,10,-382.6748779296872,52.47965100913555,-435.15452893882275,2020-03-04
BANKNIFTY05MAR2029100CE,CE,2020-03-04 10:50:00,2020-03-04 11:00:00,139.3976280593872,121.24612804412843,10,-363.03000030517524,51.88096269205276,-414.910962997228,2020-03-04
BANKNIFTY05MAR2029100CE,CE,2020-03-04 11:02:00,2020-03-04 11:12:00,125.4628765296936,127.23112804412843,10,35.36503028869646,51.85341965894846,-16.488389370252,2020-03-04
BANKNIFTY05MAR2029100CE,CE,2020-03-04 11:24:00,2020-03-04 11:28:00,126.315,129.52538108825684,4,64.20762176513676,51.91981059343833,12.287811171698436,2020-03-04
BANKNIFTY05MAR2029100CE,CE,2020-03-04 11:29:00,2020-03-04 11:30:00,128.3701280593872,129.675,1,26.097438812255973,51.9489819529586,-25.851543140702624,2020-03-04
BANKNIFTY05MAR2029100CE,CE,2020-03-04 11:33:00,2020-03-04 11:43:00,127.8688780593872,120.14887195587158,10,-154.4001220703123,51.71104489536444,-206.11116696567674,2020-03-04
BANKNIFTY05MAR2029100CE,CE,2020-03-04 11:44:00,2020-03-04 11:48:00,119.046875,124.5378734779358,4,109.81996955871608,51.70820017557792,58.11176938313816,2020-03-04
BANKNIFTY05MAR2029100CE,CE,2020-03-04 11:50:00,2020-03-04 12:00:00,109.47299694061279,106.93199695587158,10,-50.819999694824105,51.16101984594724,-101.98101954077134,2020-03-04
BANKNIFTY05MAR2029100CE,CE,2020-03-04 12:01:00,2020-03-04 12:11:00,109.2725,106.7325,10,-50.79999999999984,51.153676468,-101.95367646799984,2020-03-04
BANKNIFTY05MAR2029100CE,CE,2020-03-04 12:16:00,2020-03-04 12:26:00,110.5757530593872,118.951875,10,167.5224388122561,51.46708675245861,116.05535205979749,2020-03-04
BANKNIFTY05MAR2029100CE,CE,2020-03-04 12:28:00,2020-03-04 12:38:00,116.5907530593872,113.01675304412842,10,-71.48000030517551,51.39745117405277,-122.87745147922828,2020-03-04
BANKNIFTY05MAR2029100CE,CE,2020-03-04 12:39:00,2020-03-04 12:49:00,112.02937499999999,111.37087652206421,10,-13.169969558715593,51.30074879542208,-64.47071835413767,2020-03-04
BANKNIFTY05MAR2029100CE,CE,2020-03-04 12:50:00,2020-03-04 13:00:00,107.96924694061279,65.33625,10,-852.6599388122556,50.1305795467914,-902.790518359047,2020-03-04
BANKNIFTY05MAR2029100CE,CE,2020-03-04 13:01:00,2020-03-04 13:11:00,67.16749999999999,44.4386242389679,10,-454.5775152206419,49.115369473538955,-503.69288469418086,2020-03-04
BANKNIFTY05MAR2029100CE,CE,2020-03-04 13:12:00,2020-03-04 13:22:00,45.613749999999996,45.08700076103211,10,-10.534984779357757,48.863365156211046,-59.3983499355688,2020-03-04
BANKNIFTY05MAR2029100CE,CE,2020-03-04 13:23:00,2020-03-04 13:33:00,46.66637423515319,33.067126522064214,10,-271.98495426177954,48.58407592561993,-320.56903018739945,2020-03-04
BANKNIFTY05MAR2029100CE,CE,2020-03-04 13:34:00,2020-03-04 13:44:00,31.2780007648468,23.989874238967897,10,-145.7625305175781,48.172105475341105,-193.93463599291923,2020-03-04
BANKNIFTY05MAR2029100CE,CE,2020-03-04 13:53:00,2020-03-04 14:02:00,38.7466265296936,35.06212652206421,9,-73.69000015258777,48.53420973002638,-122.22420988261416,2020-03-04
BANKNIFTY05MAR2029100CE,CE,2020-03-04 14:03:00,2020-03-04 14:13:00,33.483501529693605,30.224249238967897,10,-65.18504581451417,48.35114817839326,-113.53619399290743,2020-03-04
BANKNIFTY05MAR2029100CE,CE,2020-03-04 14:15:00,2020-03-04 14:20:00,28.621374235153198,38.50349847793579,5,197.6424848556519,48.49212420052576,149.15036065512615,2020-03-04
BANKNIFTY05MAR2029100CE,CE,2020-03-04 14:23:00,2020-03-04 14:28:00,37.2428765296936,33.865125761032104,5,-67.55501537322999,48.486412373815334,-116.04142774704533,2020-03-04
BANKNIFTY05MAR2029100CE,CE,2020-03-04 14:32:00,2020-03-04 14:42:00,30.7767507648468,41.24662347793579,10,209.39745426177984,48.58562441163006,160.8118298501498,2020-03-04
BANKNIFTY05MAR2029100CE,CE,2020-03-04 14:47:00,2020-03-04 14:51:00,40.4007492351532,41.6954992389679,4,25.895000076293968,48.71610739348681,-22.82110731719284,2020-03-04
BANKNIFTY05MAR2029100CE,CE,2020-03-04 14:55:00,2020-03-04 14:56:00,45.162624235153196,43.54087652206421,1,-32.43495426177972,48.82015324261994,-81.25510750439966,2020-03-04
BANKNIFTY05MAR2029100CE,CE,2020-03-04 15:08:00,2020-03-04 15:11:00,62.8066265296936,87.43087652206421,3,492.48499984741215,50.10691807352639,442.37808177388575,2020-03-04
BANKNIFTY05MAR2029100CE,CE,2020-03-04 15:15:00,2020-03-04 15:24:00,85.6135015296936,63.49087652206421,9,-442.4525001525876,49.807954581776386,-492.260454734364,2020-03-04
BANKNIFTY05MAR2029100PE,PE,2020-03-04 09:29:00,2020-03-04 09:31:00,301.7525,332.86576217651367,2,622.2652435302734,59.04534601187665,563.2198975183968,2020-03-04
BANKNIFTY05MAR2029100PE,PE,2020-03-04 09:36:00,2020-03-04 09:46:00,316.9905122375488,308.77611282348636,10,-164.28798828124854,58.64870998570777,-222.9366982669563,2020-03-04
BANKNIFTY05MAR2029100PE,PE,2020-03-04 09:48:00,2020-03-04 09:58:00,303.005625,300.0479878234863,10,-59.15274353027371,58.26266791937336,-117.41541144964707,2020-03-04
BANKNIFTY05MAR2029100PE,PE,2020-03-04 09:59:00,2020-03-04 10:06:00,302.20363723754883,288.526875,7,-273.5352447509763,57.972469404334404,-331.5077141553107,2020-03-04
BANKNIFTY05MAR2029100PE,PE,2020-03-04 10:30:00,2020-03-04 10:39:00,348.11812499999996,353.91298782348633,9,115.89725646972738,60.13331828837336,55.76393818135402,2020-03-04
BANKNIFTY05MAR2029100PE,PE,2020-03-04 14:43:00,2020-03-04 14:44:00,598.8433505249023,617.1532621765137,1,366.198233032228,69.65117933745782,296.54705369477017,2020-03-04
BANKNIFTY05MAR2029100PE,PE,2020-03-04 14:45:00,2020-03-04 14:48:00,632.5775,658.35,2,515.4500000000007,71.072331889,444.37766811100073,2020-03-04
BANKNIFTY05MAR2029100PE,PE,2020-03-04 15:01:00,2020-03-04 15:02:00,482.00198776245117,512.6152743530274,1,612.265731811525,65.65684878241889,546.6088830291061,2020-03-04
BANKNIFTY05MAR2029100PE,PE,2020-03-04 15:03:00,2020-03-04 15:05:00,531.3249999999999,517.5029878234864,2,-276.44024353027135,66.38850494462335,-342.8287484748947,2020-03-04
BANKNIFTY05MAR2029100PE,PE,2020-03-04 15:09:00,2020-03-04 15:10:00,463.65625,452.46600608825685,1,-223.80487823486305,63.965881933188335,-287.77076016805137,2020-03-04
BANKNIFTY05MAR2029100PE,PE,2020-03-04 15:12:00,2020-03-04 15:15:00,390.2732377624512,389.1746189117432,3,-21.972377014159292,61.514726357227254,-83.48710337138655,2020-03-04
BANKNIFTY05MAR2029100PE,PE,2020-03-04 15:17:00,2020-03-04 15:18:00,403.005,420.29663108825685,1,345.832621765137,62.42990005393832,283.4027217111987,2020-03-04
BANKNIFTY05MAR2028900CE,CE,2020-03-05 09:24:00,2020-03-05 09:25:00,64.36049694061279,66.03449695587159,1,33.48000030517596,49.60578575994724,-16.125785454771275,2020-03-05
BANKNIFTY05MAR2028900CE,CE,2020-03-05 09:26:00,2020-03-05 09:27:00,52.48087347030639,60.49837652206421,1,160.35006103515641,49.32353969081778,111.02652134433863,2020-03-05
BANKNIFTY05MAR2028900CE,CE,2020-03-05 09:30:00,2020-03-05 09:31:00,48.8217507648468,58.852500000000006,1,200.61498470306418,49.23804657180215,151.37693813126202,2020-03-05
BANKNIFTY05MAR2028900CE,CE,2020-03-05 09:38:00,2020-03-05 09:41:00,80.04962347030639,58.702873477935796,3,-426.9349998474118,49.62236971547362,-476.5573695628854,2020-03-05
BANKNIFTY05MAR2028900CE,CE,2020-03-05 09:56:00,2020-03-05 09:57:00,26.7667507648468,28.179375,1,28.252484703063985,48.21796325055216,-19.965478547488175,2020-03-05
BANKNIFTY05MAR2028900CE,CE,2020-03-05 10:12:00,2020-03-05 10:21:00,32.7817507648468,25.685625,9,-141.92251529693593,48.23203422705215,-190.15454952398807,2020-03-05
BANKNIFTY05MAR2028900CE,CE,2020-03-05 10:32:00,2020-03-05 10:34:00,29.2730007648468,35.31150152206421,2,120.77001514434826,48.42257889072423,72.34743625362404,2020-03-05
BANKNIFTY05MAR2028900CE,CE,2020-03-05 10:40:00,2020-03-05 10:41:00,34.4358734703064,37.456124238967895,1,60.40501537322996,48.53888530118466,11.866130072045294,2020-03-05
BANKNIFTY05MAR2028900CE,CE,2020-03-05 11:19:00,2020-03-05 11:21:00,102.60587347030639,113.31599847793579,2,214.20250015258802,51.23098735022363,162.97151280236437,2020-03-05
BANKNIFTY05MAR2028900CE,CE,2020-03-05 11:35:00,2020-03-05 11:36:00,165.4125,168.87675304412844,1,69.28506088256881,53.362709325344156,15.922351557224658,2020-03-05
BANKNIFTY05MAR2028900CE,CE,2020-03-05 11:42:00,2020-03-05 11:43:00,171.32724388122557,165.585,1,-114.84487762451124,53.35612445308279,-168.20100207759404,2020-03-05
BANKNIFTY05MAR2028900CE,CE,2020-03-05 11:45:00,2020-03-05 11:46:00,159.6982530593872,164.33812500000002,1,92.79743881225613,53.18132203395861,39.616116778297524,2020-03-05
BANKNIFTY05MAR2028900CE,CE,2020-03-05 11:48:00,2020-03-05 11:56:00,153.73338111877442,134.01413108825685,8,-394.3850006103514,52.36962815260553,-446.75462876295694,2020-03-05
BANKNIFTY05MAR2028900CE,CE,2020-03-05 12:29:00,2020-03-05 12:31:00,159.09674694061277,174.16350608825684,2,301.33518295288127,53.41283780197972,247.92234515090155,2020-03-05
BANKNIFTY05MAR2028900CE,CE,2020-03-05 12:39:00,2020-03-05 12:40:00,130.22474388122558,114.961875,1,-305.25737762451143,51.6141467908328,-356.87152441534425,2020-03-05
BANKNIFTY05MAR2028900CE,CE,2020-03-05 13:50:00,2020-03-05 13:53:00,27.6690003824234,41.9448742389679,3,285.51747713089003,48.56399893619004,236.95347819469998,2020-03-05
BANKNIFTY05MAR2028900CE,CE,2020-03-05 13:59:00,2020-03-05 14:02:00,45.162624235153196,41.39625,3,-75.32748470306387,48.767988204947855,-124.09547290801173,2020-03-05
BANKNIFTY05MAR2028900CE,CE,2020-03-05 14:25:00,2020-03-05 14:26:00,46.9169992351532,37.007248477935796,1,-198.19501514434805,48.68302754077577,-246.87804268512383,2020-03-05
BANKNIFTY05MAR2028900CE,CE,2020-03-05 14:29:00,2020-03-05 14:31:00,23.057499999999997,16.408875761032107,2,-132.9724847793578,47.885580087461044,-180.85806486681886,2020-03-05
BANKNIFTY05MAR2028900CE,CE,2020-03-05 14:40:00,2020-03-05 14:42:00,5.51375,8.977500000000001,2,69.27500000000002,47.4868657435,21.788134256500022,2020-03-05
BANKNIFTY05MAR2028900CE,CE,2020-03-05 14:43:00,2020-03-05 14:44:00,7.66912509560585,14.9625,1,145.867498087883,47.65922000753777,98.20827808034524,2020-03-05
BANKNIFTY05MAR2028900CE,CE,2020-03-05 14:55:00,2020-03-05 14:56:00,9.8746253824234,10.573500380516053,1,13.977499961853077,47.579863989756596,-33.60236402790352,2020-03-05
BANKNIFTY05MAR2028900PE,PE,2020-03-05 09:34:00,2020-03-05 09:37:00,235.38700305938718,244.138125,3,175.02243881225638,56.06267206845861,118.95976674379777,2020-03-05
BANKNIFTY05MAR2028900PE,PE,2020-03-05 09:46:00,2020-03-05 09:51:00,255.9883811187744,276.35736282348637,5,407.3796340942391,57.10230320204057,350.27733089219856,2020-03-05
BANKNIFTY05MAR2028900PE,PE,2020-03-05 10:15:00,2020-03-05 10:17:00,360.04786888122555,386.6808689117432,2,532.6600006103524,61.07856148689447,471.5814391234579,2020-03-05
BANKNIFTY05MAR2028900PE,PE,2020-03-05 10:25:00,2020-03-05 10:31:00,295.93801223754883,321.0952439117432,6,503.144633483887,58.68680776364609,444.4578257202409,2020-03-05
BANKNIFTY05MAR2028900PE,PE,2020-03-05 10:35:00,2020-03-05 10:44:00,290.37411888122557,190.62225608825685,9,-1995.0372558593745,55.444111411521106,-2050.4813672708956,2020-03-05
BANKNIFTY05MAR2028900PE,PE,2020-03-05 10:45:00,2020-03-05 10:55:00,162.1042469406128,105.735,10,-1127.384938812256,51.7857741682914,-1179.1707129805475,2020-03-05
BANKNIFTY05MAR2028900PE,PE,2020-03-05 10:58:00,2020-03-05 11:08:00,116.8413780593872,83.3909984779358,10,-669.007591629028,50.67995983503652,-719.6875514640644,2020-03-05
BANKNIFTY05MAR2028900PE,PE,2020-03-05 11:09:00,2020-03-05 11:19:00,79.2476280593872,105.28612804412842,10,520.7699996948245,50.74547849605277,470.0245211987717,2020-03-05
BANKNIFTY05MAR2028900PE,PE,2020-03-05 11:21:00,2020-03-05 11:31:00,99.04700305938721,44.9373742389679,10,-1082.1925764083862,49.52355906324756,-1131.7161354716338,2020-03-05
BANKNIFTY05MAR2028900PE,PE,2020-03-05 11:32:00,2020-03-05 11:35:00,46.9671234703064,55.710373477935796,3,174.86500015258798,49.13857759547362,125.72642255711436,2020-03-05
BANKNIFTY05MAR2028900PE,PE,2020-03-05 11:37:00,2020-03-05 11:42:00,47.1175,51.969748477935795,5,97.0449695587159,49.04946034707791,47.995509211637994,2020-03-05
BANKNIFTY05MAR2028900PE,PE,2020-03-05 11:44:00,2020-03-05 11:45:00,51.3280007648468,56.408624238967896,1,101.61246948242194,49.209739362841106,52.40273011958084,2020-03-05
BANKNIFTY05MAR2028900PE,PE,2020-03-05 11:46:00,2020-03-05 11:51:00,52.68137423515319,76.25887195587158,5,471.5499544143678,49.709382618853695,421.8405717955141,2020-03-05
BANKNIFTY05MAR2028900PE,PE,2020-03-05 11:53:00,2020-03-05 12:03:00,66.8166265296936,40.8975,10,-518.3825305938718,49.024877472354305,-567.4074080662261,2020-03-05
BANKNIFTY05MAR2028900PE,PE,2020-03-05 12:04:00,2020-03-05 12:14:00,40.9019992351532,41.895,10,19.860015296936098,48.727187299697846,-28.867172002761748,2020-03-05
BANKNIFTY05MAR2028900PE,PE,2020-03-05 12:15:00,2020-03-05 12:25:00,34.9872515296936,35.41125,10,8.47996940612802,48.4959966986043,-40.01602729247628,2020-03-05
BANKNIFTY05MAR2028900PE,PE,2020-03-05 12:27:00,2020-03-05 12:36:00,35.638874235153196,50.02462652206421,9,287.7150457382203,48.85954212361993,238.85550361460037,2020-03-05
BANKNIFTY05MAR2028900PE,PE,2020-03-05 12:37:00,2020-03-05 12:40:00,53.6838742351532,57.35625,3,73.4475152969361,49.26205746244784,24.18545783448826,2020-03-05
BANKNIFTY05MAR2028900PE,PE,2020-03-05 12:41:00,2020-03-05 12:51:00,53.6838742351532,42.244123477935794,10,-228.79501514434807,48.89447614177577,-277.6894912861238,2020-03-05
BANKNIFTY05MAR2028900PE,PE,2020-03-05 12:52:00,2020-03-05 13:02:00,45.0623757648468,46.8825,10,36.40248470306403,48.90018810855215,-12.497703405488117,2020-03-05
BANKNIFTY05MAR2028900PE,PE,2020-03-05 13:03:00,2020-03-05 13:13:00,40.4007492351532,33.017248477935794,10,-147.6700151443481,48.505021093275765,-196.17503623762386,2020-03-05
BANKNIFTY05MAR2028900PE,PE,2020-03-05 13:14:00,2020-03-05 13:24:00,35.9897515296936,38.35387576103211,10,47.282484626770156,48.58002660956534,-1.297541982795181,2020-03-05
BANKNIFTY05MAR2028900PE,PE,2020-03-05 13:25:00,2020-03-05 13:34:00,38.947123470306394,59.101875,9,403.09503059387214,49.121433849895695,353.97359674397643,2020-03-05
BANKNIFTY05MAR2028900PE,PE,2020-03-05 13:37:00,2020-03-05 13:42:00,45.663874235153195,65.53574695587159,5,397.43745441436783,49.36137500260368,348.07607941176417,2020-03-05
BANKNIFTY05MAR2028900PE,PE,2020-03-05 13:53:00,2020-03-05 14:00:00,76.8416265296936,81.74512195587158,7,98.06990852355966,50.14298527976014,47.92692324379952,2020-03-05
BANKNIFTY05MAR2028900PE,PE,2020-03-05 14:03:00,2020-03-05 14:07:00,77.5935015296936,77.555625,4,-0.7575305938718202,50.0504226258543,-50.80795321972612,2020-03-05
BANKNIFTY05MAR2028900PE,PE,2020-03-05 14:11:00,2020-03-05 14:15:00,70.175,61.6454992389679,4,-170.59001522064193,49.57126659528896,-220.1612818159309,2020-03-05
BANKNIFTY05MAR2028900PE,PE,2020-03-05 14:17:00,2020-03-05 14:18:00,39.89949923515319,46.633125,1,134.67251529693613,48.82998089794784,85.84253439898828,2020-03-05
BANKNIFTY05MAR2028900PE,PE,2020-03-05 14:26:00,2020-03-05 14:27:00,60.0998757648468,62.49337652206421,1,47.8700151443482,49.46672070972422,-1.5967055653760198,2020-03-05
BANKNIFTY05MAR2028900PE,PE,2020-03-05 15:15:00,2020-03-05 15:18:00,72.28024847030639,72.9172484779358,3,12.740000152588209,49.871590879973624,-37.131590727385415,2020-03-05
BANKNIFTY05MAR2028900PE,PE,2020-03-05 15:20:00,2020-03-05 15:22:00,77.9945030593872,81.89474847793579,2,78.00490837097186,50.16094761228653,27.843960758685334,2020-03-05
BANKNIFTY12MAR2027300CE,CE,2020-03-06 10:39:00,2020-03-06 10:44:00,681.6999999999999,696.8036128234863,1,302.072256469728,72.61794047687334,229.45431599285467,2020-03-06
BANKNIFTY12MAR2027300CE,CE,2020-03-06 11:11:00,2020-03-06 11:15:00,684.5069877624511,685.78125,1,25.485244750977927,72.3847098256656,-46.89946507468767,2020-03-06
BANKNIFTY12MAR2027300CE,CE,2020-03-06 12:25:00,2020-03-06 12:30:00,700.2462499999999,738.1500000000001,1,758.0750000000035,73.8540446515,684.2209553485035,2020-03-06
BANKNIFTY12MAR2027300CE,CE,2020-03-06 14:18:00,2020-03-06 14:22:00,716.6371005249023,756.7034756469727,1,801.3275024414088,74.50896534232788,726.8185370990809,2020-03-06
BANKNIFTY12MAR2027300CE,CE,2020-03-06 15:08:00,2020-03-06 15:10:00,742.8525,772.065,2,584.2500000000018,75.208302553,509.0416974470018,2020-03-06
BANKNIFTY12MAR2027300CE,CE,2020-03-06 15:11:00,2020-03-06 15:22:00,753.6794877624511,740.0452743530274,5,-272.684268188475,74.56397771941889,-347.2482459078939,2020-03-06
BANKNIFTY12MAR2027300PE,PE,2020-03-06 09:25:00,2020-03-06 09:30:00,476.6386372375488,442.04211891174316,5,-691.9303665161124,63.87362345714608,-755.8039899732585,2020-03-06
BANKNIFTY12MAR2027300PE,PE,2020-03-06 09:37:00,2020-03-06 09:47:00,424.1577561187744,426.1320121765137,10,39.48512115478593,62.83463091029385,-23.349509755507924,2020-03-06
BANKNIFTY12MAR2027300PE,PE,2020-03-06 09:48:00,2020-03-06 09:58:00,427.4158811187744,423.48861282348633,10,-78.54536590576117,62.81081156354056,-141.35617746930174,2020-03-06
BANKNIFTY12MAR2027300PE,PE,2020-03-06 09:59:00,2020-03-06 10:09:00,426.5136372375488,353.61375000000004,10,-1457.9977447509748,61.09999423308441,-1519.097738984059,2020-03-06
BANKNIFTY12MAR2027300PE,PE,2020-03-06 10:11:00,2020-03-06 10:21:00,373.3811372375488,404.48625000000004,10,622.1022552490251,61.67729964708441,560.4249556019407,2020-03-06
BANKNIFTY12MAR2027300PE,PE,2020-03-06 10:23:00,2020-03-06 10:24:00,402.0025,423.3888871765137,1,427.72774353027444,62.492660195126646,365.2350833351478,2020-03-06
BANKNIFTY12MAR2027300PE,PE,2020-03-06 10:28:00,2020-03-06 10:38:00,418.9948872375488,441.4436128234864,10,448.97451171875105,63.14292274195776,385.8315889767933,2020-03-06
BANKNIFTY12MAR2027300PE,PE,2020-03-06 10:41:00,2020-03-06 10:51:00,433.1301127624512,452.5657621765137,10,388.7129882812508,63.58906384179224,325.1239244394585,2020-03-06
BANKNIFTY12MAR2027300PE,PE,2020-03-06 10:52:00,2020-03-06 11:02:00,436.63886276245114,440.79524391174317,10,83.12762298584062,63.34635377022727,19.78126921561335,2020-03-06
BANKNIFTY12MAR2027300PE,PE,2020-03-06 11:03:00,2020-03-06 11:06:00,443.856875,441.8426371765137,3,-40.28475646972652,63.46150384187665,-103.74626031160317,2020-03-06
BANKNIFTY12MAR2027300PE,PE,2020-03-06 11:07:00,2020-03-06 11:09:00,439.64636276245113,455.2589939117432,2,312.25262298584084,63.73552821672727,248.51709476911358,2020-03-06
BANKNIFTY12MAR2027300PE,PE,2020-03-06 11:13:00,2020-03-06 11:23:00,448.7190061187744,445.08451217651367,10,-72.68987884521493,63.600763084793854,-136.2906419300088,2020-03-06
BANKNIFTY12MAR2027300PE,PE,2020-03-06 11:24:00,2020-03-06 11:32:00,438.0423872375488,449.97225608825687,8,238.5973770141618,63.587008570272744,175.01036844388904,2020-03-06
BANKNIFTY12MAR2027300PE,PE,2020-03-06 11:33:00,2020-03-06 11:34:00,440.6990061187744,449.22413108825685,1,170.50249938964953,63.60181624735553,106.900683142294,2020-03-06
BANKNIFTY12MAR2027300PE,PE,2020-03-06 11:36:00,2020-03-06 11:46:00,457.9921311187744,450.3213871765137,10,-153.4148788452137,63.84334833329385,-217.25822717850755,2020-03-06
BANKNIFTY12MAR2027300PE,PE,2020-03-06 11:47:00,2020-03-06 11:57:00,446.4633811187744,437.95236282348634,10,-170.22036590576135,63.39926055404056,-233.6196264598019,2020-03-06
BANKNIFTY12MAR2027300PE,PE,2020-03-06 11:58:00,2020-03-06 11:59:00,427.61636276245116,434.46111282348636,1,136.895001220704,63.080192968288934,73.81480825241505,2020-03-06
BANKNIFTY12MAR2027300PE,PE,2020-03-06 12:00:00,2020-03-06 12:10:00,435.58624999999995,423.48861282348633,10,-241.9527435302723,62.91231695837336,-304.86506048864567,2020-03-06
BANKNIFTY12MAR2027300PE,PE,2020-03-06 12:12:00,2020-03-06 12:22:00,431.1251127624511,440.0970121765137,10,179.43798828125182,63.260869636292234,116.17711864495959,2020-03-06
BANKNIFTY12MAR2027300PE,PE,2020-03-06 12:29:00,2020-03-06 12:39:00,423.7567622375488,370.4714939117432,10,-1065.7053665161118,61.47578494064609,-1127.1811514567578,2020-03-06
BANKNIFTY12MAR2027300PE,PE,2020-03-06 12:46:00,2020-03-06 12:52:00,381.25073776245114,401.04486282348637,6,395.8825012207046,61.69136149103895,334.1911397296657,2020-03-06
BANKNIFTY12MAR2027300PE,PE,2020-03-06 12:53:00,2020-03-06 13:02:00,397.9925,378.65100608825685,9,-386.82987823486314,61.35465523468833,-448.18453346955147,2020-03-06
BANKNIFTY12MAR2027300PE,PE,2020-03-06 13:04:00,2020-03-06 13:14:00,379.84724388122555,317.20500000000004,10,-1252.8448776245102,59.63463775708279,-1312.479515381593,2020-03-06
BANKNIFTY12MAR2027300PE,PE,2020-03-06 13:15:00,2020-03-06 13:22:00,310.07323776245113,317.8035060882568,7,154.60536651611392,58.78235123735391,95.82301527876001,2020-03-06
BANKNIFTY12MAR2027300PE,PE,2020-03-06 13:24:00,2020-03-06 13:30:00,319.19599388122555,344.0876371765137,6,497.8328659057627,59.53501340120944,438.29785250455325,2020-03-06
BANKNIFTY12MAR2027300PE,PE,2020-03-06 13:31:00,2020-03-06 13:41:00,344.609375,340.04774391174317,10,-91.23262176513663,59.75247433506168,-150.9850961001983,2020-03-06
BANKNIFTY12MAR2027300PE,PE,2020-03-06 13:44:00,2020-03-06 13:54:00,336.7397438812256,325.933125,10,-216.1323776245115,59.3113868413328,-275.4437644658443,2020-03-06
BANKNIFTY12MAR2027300PE,PE,2020-03-06 13:55:00,2020-03-06 14:04:00,328.46911888122554,289.27500000000003,9,-783.8823776245101,58.31697833533279,-842.1993559598429,2020-03-06
BANKNIFTY12MAR2027300PE,PE,2020-03-06 14:06:00,2020-03-06 14:16:00,295.23625,330.5714939117432,10,706.7048782348638,58.90858586481167,647.7962923700521,2020-03-06
BANKNIFTY12MAR2027300PE,PE,2020-03-06 14:19:00,2020-03-06 14:29:00,345.4615061187744,314.461875,10,-619.992622375488,59.14072043016721,-679.1333428056553,2020-03-06
BANKNIFTY12MAR2027300PE,PE,2020-03-06 14:30:00,2020-03-06 14:40:00,305.26124999999996,304.6364939117432,10,-12.495121765135764,58.402299888811676,-70.89742165394745,2020-03-06
BANKNIFTY12MAR2027300PE,PE,2020-03-06 14:41:00,2020-03-06 14:51:00,301.6021311187744,277.90350608825685,10,-473.9725006103515,57.706597956855525,-531.679098567207,2020-03-06
BANKNIFTY12MAR2027300PE,PE,2020-03-06 14:52:00,2020-03-06 15:02:00,271.3767622375488,265.63423782348633,10,-114.85048828124945,57.03265729045776,-171.88314557170722,2020-03-06
BANKNIFTY12MAR2027300PE,PE,2020-03-06 15:03:00,2020-03-06 15:05:00,273.6323872375488,292.9657621765137,2,386.6674987792976,57.72548133896105,328.94201744033654,2020-03-06
BANKNIFTY12MAR2027300PE,PE,2020-03-06 15:07:00,2020-03-06 15:08:00,294.13349388122555,297.65399391174316,1,70.4100006103522,58.09421356089447,12.315787049457732,2020-03-06
BANKNIFTY12MAR2027300PE,PE,2020-03-06 15:13:00,2020-03-06 15:23:00,302.9555122375488,296.9557621765137,10,-119.9950012207023,58.18683127871107,-178.18183249941336,2020-03-06
BANKNIFTY12MAR2026900CE,CE,2020-03-09 09:15:00,2020-03-09 09:20:00,563.655625,538.65,5,-500.1125000000002,67.30453916275,-567.4170391627501,2020-03-09
BANKNIFTY12MAR2026900CE,CE,2020-03-09 09:29:00,2020-03-09 09:31:00,492.22749999999996,479.6977439117432,2,-250.59512176513522,64.98321361281168,-315.5783353779469,2020-03-09
BANKNIFTY12MAR2026900CE,CE,2020-03-09 09:37:00,2020-03-09 09:40:00,439.09499999999997,412.6657621765137,3,-528.5847564697258,62.692657574876655,-591.2774140446024,2020-03-09
BANKNIFTY12MAR2026900CE,CE,2020-03-09 09:46:00,2020-03-09 09:47:00,364.05786888122555,372.0176371765137,1,159.19536590576286,60.77171753945944,98.42364836630341,2020-03-09
BANKNIFTY12MAR2026900CE,CE,2020-03-09 10:40:00,2020-03-09 10:43:00,350.875,354.1125,3,64.75000000000023,60.172421455,4.577578545000229,2020-03-09
BANKNIFTY12MAR2026900CE,CE,2020-03-09 10:44:00,2020-03-09 10:45:00,345.86249999999995,344.48663108825684,1,-27.517378234862235,59.87601237493833,-87.39339060980056,2020-03-09
BANKNIFTY12MAR2026900CE,CE,2020-03-09 10:53:00,2020-03-09 10:55:00,340.098125,349.17486282348636,2,181.53475646972765,59.91843275912336,121.61632371060429,2020-03-09
BANKNIFTY12MAR2026900CE,CE,2020-03-09 10:56:00,2020-03-09 11:02:00,341.85249999999996,344.13750000000005,6,45.70000000000164,59.817701614,-14.117701613998364,2020-03-09
BANKNIFTY12MAR2026900CE,CE,2020-03-09 11:14:00,2020-03-09 11:19:00,368.4688627624511,375.55875000000003,5,141.79774475097815,60.912650574915595,80.88509417606255,2020-03-09
BANKNIFTY12MAR2026900CE,CE,2020-03-09 11:45:00,2020-03-09 11:47:00,374.98511276245114,375.90788108825683,2,18.455366516113827,61.002097983353906,-42.54673146724008,2020-03-09
BANKNIFTY12MAR2026900CE,CE,2020-03-09 11:57:00,2020-03-09 12:02:00,375.9375,385.63350608825687,5,193.9201217651373,61.25049227368832,132.66962949144897,2020-03-09
BANKNIFTY12MAR2026900CE,CE,2020-03-09 12:05:00,2020-03-09 12:08:00,385.1605122375488,386.78062500000004,3,32.40225524902485,61.392977350084415,-28.990722101059568,2020-03-09
BANKNIFTY12MAR2026900CE,CE,2020-03-09 12:09:00,2020-03-09 12:14:00,371.82724388122557,381.4439939117432,5,192.33500061035215,61.097524077394475,131.2374765329577,2020-03-09
BANKNIFTY12MAR2026900CE,CE,2020-03-09 12:19:00,2020-03-09 12:29:00,388.01761276245117,373.11486282348636,10,-298.05499877929606,61.09607229128895,-359.151071070585,2020-03-09
BANKNIFTY12MAR2026900CE,CE,2020-03-09 12:30:00,2020-03-09 12:35:00,359.8473872375488,371.0201371765137,5,223.45499877929797,60.69514540871106,162.7598533705869,2020-03-09
BANKNIFTY12MAR2026900CE,CE,2020-03-09 12:37:00,2020-03-09 12:43:00,345.4615061187744,344.13750000000005,6,-26.480122375487554,59.862538462417206,-86.34266083790476,2020-03-09
BANKNIFTY12MAR2026900CE,CE,2020-03-09 12:47:00,2020-03-09 12:50:00,328.82,309.97312500000004,3,-376.9374999999991,58.82479045525,-435.7622904552491,2020-03-09
BANKNIFTY12MAR2026900CE,CE,2020-03-09 12:51:00,2020-03-09 12:54:00,310.775,293.7138871765137,3,-341.2222564697254,58.20512339612665,-399.427379865852,2020-03-09
BANKNIFTY12MAR2026900CE,CE,2020-03-09 12:55:00,2020-03-09 12:56:00,212.279375,240.14812500000002,1,557.3750000000007,55.678540976499995,501.69645902350067,2020-03-09
BANKNIFTY12MAR2026900CE,CE,2020-03-09 12:59:00,2020-03-09 13:00:00,278.4944877624512,277.2551371765137,1,-24.787011718749454,57.40374717279225,-82.1907588915417,2020-03-09
BANKNIFTY12MAR2026900CE,CE,2020-03-09 13:04:00,2020-03-09 13:11:00,249.77286888122558,219.699375,7,-601.4698776245115,55.6469579315828,-657.1168355560943,2020-03-09
BANKNIFTY12MAR2026900CE,CE,2020-03-09 13:12:00,2020-03-09 13:13:00,244.00849388122558,231.76913108825684,1,-244.78725585937468,55.86892356152111,-300.6561794208958,2020-03-09
BANKNIFTY12MAR2026900CE,CE,2020-03-09 13:17:00,2020-03-09 13:19:00,251.6776280593872,230.72175304412843,2,-419.1175003051751,55.93872581230276,-475.0562261174779,2020-03-09
BANKNIFTY12MAR2026900CE,CE,2020-03-09 13:20:00,2020-03-09 13:21:00,228.72036888122557,233.01600608825686,1,85.91274414062582,55.70931850052112,30.203425640104697,2020-03-09
BANKNIFTY12MAR2026900CE,CE,2020-03-09 13:28:00,2020-03-09 13:34:00,223.65775611877442,230.5721189117432,6,138.28725585937548,55.58697849047889,82.7002773688966,2020-03-09
BANKNIFTY12MAR2026900CE,CE,2020-03-09 13:59:00,2020-03-09 14:03:00,229.97349388122558,247.28024391174318,4,346.1350006103521,56.07184443939447,290.06315617095765,2020-03-09
BANKNIFTY12MAR2026900CE,CE,2020-03-09 14:22:00,2020-03-09 14:26:00,231.9283811187744,252.3675,4,408.7823776245119,56.21987155866721,352.56250606584473,2020-03-09
BANKNIFTY12MAR2026900CE,CE,2020-03-09 14:40:00,2020-03-09 14:44:00,239.1463780593872,247.5794969558716,4,168.66237792968832,56.19308359461444,112.46929433507387,2020-03-09
BANKNIFTY12MAR2026900CE,CE,2020-03-09 14:48:00,2020-03-09 14:58:00,255.03599388122558,274.91100608825684,10,397.5002441406252,57.05529052127111,340.4449536193541,2020-03-09
BANKNIFTY12MAR2026900CE,CE,2020-03-09 15:05:00,2020-03-09 15:12:00,275.3867622375488,294.9108689117432,7,390.482133483888,57.79458899039608,332.68754449349194,2020-03-09
BANKNIFTY12MAR2026900CE,CE,2020-03-09 15:20:00,2020-03-09 15:24:00,270.07349388122555,261.89361282348636,4,-163.5976211547836,56.92548053945614,-220.52310169423976,2020-03-09
BANKNIFTY12MAR2026900PE,PE,2020-03-09 09:19:00,2020-03-09 09:21:00,391.47625,403.9875,2,250.22500000000036,61.88997469449999,188.33502530550038,2020-03-09
BANKNIFTY12MAR2026900PE,PE,2020-03-09 09:22:00,2020-03-09 09:28:00,402.45363723754883,403.83788108825684,6,27.684877014160065,62.02271409202274,-34.33783707786267,2020-03-09
BANKNIFTY12MAR2026900PE,PE,2020-03-09 09:43:00,2020-03-09 09:45:00,465.410625,484.53562500000004,2,382.50000000000114,64.767726169,317.7322738310011,2020-03-09
BANKNIFTY12MAR2026900PE,PE,2020-03-09 09:51:00,2020-03-09 09:54:00,507.265,497.6028810882569,3,-193.24237823486214,65.60555089243833,-258.84792912730046,2020-03-09
BANKNIFTY12MAR2026900PE,PE,2020-03-09 10:07:00,2020-03-09 10:11:00,481.75136276245115,475.558125,4,-123.86475524902266,64.75237183966559,-188.61712708868825,2020-03-09
BANKNIFTY12MAR2026900PE,PE,2020-03-09 10:18:00,2020-03-09 10:22:00,453.68136276245116,490.67024391174317,4,739.7776229858403,64.77122252322727,675.006400462613,2020-03-09
BANKNIFTY12MAR2026900PE,PE,2020-03-09 10:42:00,2020-03-09 10:44:00,507.81636276245115,521.7423628234864,2,278.5200012207042,66.19955990078896,212.32044131991526,2020-03-09
BANKNIFTY12MAR2026900PE,PE,2020-03-09 10:57:00,2020-03-09 10:58:00,546.3625,556.0563871765137,1,193.87774353027453,67.51308229412665,126.36466123614788,2020-03-09
BANKNIFTY12MAR2026900PE,PE,2020-03-09 11:03:00,2020-03-09 11:09:00,539.5956249999999,542.0913871765136,6,49.91524353027444,67.08933427187665,-17.174090741602214,2020-03-09
BANKNIFTY12MAR2026900PE,PE,2020-03-09 11:36:00,2020-03-09 11:37:00,534.9339755249023,538.15125,1,64.34548950195449,66.93558148283117,-2.5900919808766787,2020-03-09
BANKNIFTY12MAR2026900PE,PE,2020-03-09 11:40:00,2020-03-09 11:45:00,519.295,524.5852743530273,5,105.80548706054742,66.4113157412533,39.39417131929412,2020-03-09
BANKNIFTY12MAR2026900PE,PE,2020-03-09 11:47:00,2020-03-09 11:51:00,518.1421005249023,508.725,4,-188.34201049804506,66.01121361008119,-254.35322410812626,2020-03-09
BANKNIFTY12MAR2026900PE,PE,2020-03-09 12:14:00,2020-03-09 12:19:00,501.25,500.6452439117432,5,-12.095121765136128,65.60482415481168,-77.69994591994781,2020-03-09
BANKNIFTY12MAR2026900PE,PE,2020-03-09 12:50:00,2020-03-09 12:51:00,639.09375,641.1929878234864,1,41.98475646972838,70.73596687112335,-28.75121040139497,2020-03-09
BANKNIFTY12MAR2026900PE,PE,2020-03-09 13:27:00,2020-03-09 13:29:00,1006.5601127624511,1102.3372256469727,1,1915.5422576904311,86.51790995866229,1829.0243477317688,2020-03-09
BANKNIFTY12MAR2026900PE,PE,2020-03-09 13:56:00,2020-03-09 13:59:00,950.37,995.9538871765137,3,911.6777435302743,83.23220070212665,828.4455428281476,2020-03-09
BANKNIFTY12MAR2026900PE,PE,2020-03-09 14:04:00,2020-03-09 14:16:00,963.90375,919.695,10,-884.1749999999979,81.5454479305,-965.7204479304979,2020-03-09
BANKNIFTY12MAR2026900PE,PE,2020-03-09 14:21:00,2020-03-09 14:22:00,902.25,959.595,1,1146.9000000000005,81.74999804199999,1065.1500019580005,2020-03-09
BANKNIFTY12MAR2026900PE,PE,2020-03-09 14:28:00,2020-03-09 14:39:00,841.7491494750976,841.5907621765137,10,-3.1677459716775047,78.12807179629547,-81.29581776797298,2020-03-09
BANKNIFTY12MAR2026900PE,PE,2020-03-09 14:41:00,2020-03-09 14:42:00,820.045,786.0300000000001,1,-680.2999999999975,76.50699036999998,-756.8069903699975,2020-03-09
BANKNIFTY12MAR2026900PE,PE,2020-03-09 14:43:00,2020-03-09 14:52:00,768.2157377624511,683.8859756469727,9,-1686.5952423095678,73.37857395691229,-1759.97381626648,2020-03-09
BANKNIFTY12MAR2026900PE,PE,2020-03-09 14:53:00,2020-03-09 14:57:00,640.2466494750976,640.9934756469727,4,14.936523437502274,70.74543717866554,-55.808913741163266,2020-03-09
BANKNIFTY12MAR2026900PE,PE,2020-03-09 15:00:00,2020-03-09 15:05:00,592.226875,634.3102743530274,5,841.6679870605481,69.9862991935033,771.6816878670447,2020-03-09
BANKNIFTY12MAR2026900PE,PE,2020-03-09 15:12:00,2020-03-09 15:13:00,681.3491494750976,683.0879878234864,1,34.776766967775075,72.27996827404219,-37.503201306267115,2020-03-09
BANKNIFTY12MAR2026400CE,CE,2020-03-11 09:33:00,2020-03-11 09:35:00,547.1644877624511,533.8620121765136,2,-266.0495117187497,66.98319876954224,-333.03271048829197,2020-03-11
BANKNIFTY12MAR2026400CE,CE,2020-03-11 09:41:00,2020-03-11 09:42:00,516.6383505249023,513.5129878234864,1,-62.50725402831904,66.10899272220453,-128.61624675052357,2020-03-11
BANKNIFTY12MAR2026400CE,CE,2020-03-11 09:44:00,2020-03-11 09:49:00,465.71136276245113,474.85986282348637,5,182.97000122070472,64.53611304578894,118.43388817491578,2020-03-11
BANKNIFTY12MAR2026400CE,CE,2020-03-11 09:55:00,2020-03-11 09:56:00,444.90948776245114,444.08701217651367,1,-16.449511718749363,63.52917236154224,-79.9786840802916,2020-03-11
BANKNIFTY12MAR2026400CE,CE,2020-03-11 10:04:00,2020-03-11 10:06:00,411.52625,432.56586891174317,2,420.79237823486324,62.834196688561676,357.95818154630155,2020-03-11
BANKNIFTY12MAR2026400CE,CE,2020-03-11 10:08:00,2020-03-11 10:15:00,404.6090061187744,353.3145121765137,7,-1025.8898788452143,60.82058131679385,-1086.710460162008,2020-03-11
BANKNIFTY12MAR2026400CE,CE,2020-03-11 10:20:00,2020-03-11 10:23:00,306.46426223754884,314.56163108825683,3,161.94737701415988,58.65866069827274,103.28871631588714,2020-03-11
BANKNIFTY12MAR2026400CE,CE,2020-03-11 10:30:00,2020-03-11 10:35:00,307.7173872375488,304.2375,5,-69.59774475097561,58.42310898708442,-128.02085373806003,2020-03-11
BANKNIFTY12MAR2026400CE,CE,2020-03-11 10:36:00,2020-03-11 10:44:00,288.21875,278.053125,8,-203.31249999999955,57.54396745374999,-260.85646745374953,2020-03-11
BANKNIFTY12MAR2026400CE,CE,2020-03-11 10:51:00,2020-03-11 10:57:00,299.1459938812256,351.56888717651367,6,1048.4578659057615,59.46789115370944,988.9899747520521,2020-03-11
BANKNIFTY12MAR2026400CE,CE,2020-03-11 11:01:00,2020-03-11 11:05:00,335.38636276245114,356.75586891174316,4,427.39012298584043,60.04429306947727,367.3458299163632,2020-03-11
BANKNIFTY12MAR2026400CE,CE,2020-03-11 11:06:00,2020-03-11 11:16:00,339.6971311187744,298.0529878234863,10,-832.8828659057615,58.66998293279056,-891.5528488385521,2020-03-11
BANKNIFTY12MAR2026400CE,CE,2020-03-11 11:20:00,2020-03-11 11:25:00,298.8452561187744,310.72125,5,237.51987762451222,58.470593320417215,179.049284304095,2020-03-11
BANKNIFTY12MAR2026400CE,CE,2020-03-11 11:29:00,2020-03-11 11:31:00,292.22875,359.69850608825686,2,1349.3951217651374,59.579695681188326,1289.8154260839492,2020-03-11
BANKNIFTY12MAR2026400CE,CE,2020-03-11 11:35:00,2020-03-11 11:39:00,330.97536888122556,359.4989939117432,4,570.4725006103524,60.05621532114448,510.41628528920796,2020-03-11
BANKNIFTY12MAR2026400CE,CE,2020-03-11 11:43:00,2020-03-11 11:44:00,379.696875,383.04,1,66.86250000000086,61.234113840250004,5.62838615975086,2020-03-11
BANKNIFTY12MAR2026400CE,CE,2020-03-11 11:52:00,2020-03-11 11:54:00,419.4961372375488,431.26913108825687,2,235.45987701416152,62.90167004752274,172.55820696663878,2020-03-11
BANKNIFTY12MAR2026400CE,CE,2020-03-11 12:00:00,2020-03-11 12:10:00,459.89687499999997,405.3839939117432,10,-1090.2576217651358,62.773972930561676,-1153.0315946956975,2020-03-11
BANKNIFTY12MAR2026400CE,CE,2020-03-11 12:11:00,2020-03-11 12:21:00,370.92499999999995,387.82798782348635,10,338.059756469728,61.24159667462335,276.81815979510463,2020-03-11
BANKNIFTY12MAR2026400CE,CE,2020-03-11 12:22:00,2020-03-11 12:31:00,375.9375,438.75038108825686,9,1256.2576217651372,62.54248589443833,1193.7151358706988,2020-03-11
BANKNIFTY12MAR2026400CE,CE,2020-03-11 12:36:00,2020-03-11 12:38:00,431.075,456.5557621765137,2,509.6152435302747,63.66058310687665,445.9546604233981,2020-03-11
BANKNIFTY12MAR2026400CE,CE,2020-03-11 12:54:00,2020-03-11 13:03:00,433.7316188812256,444.5857621765137,9,217.08286590576222,63.402434385209446,153.68043152055276,2020-03-11
BANKNIFTY12MAR2026400CE,CE,2020-03-11 13:13:00,2020-03-11 13:17:00,431.075,423.23923782348635,4,-156.7152435302728,62.850205295123345,-219.56544882539615,2020-03-11
BANKNIFTY12MAR2026400CE,CE,2020-03-11 13:18:00,2020-03-11 13:26:00,420.69911888122556,428.0272560882569,8,146.56274414062636,62.83776133952112,83.72498280110524,2020-03-11
BANKNIFTY12MAR2026400CE,CE,2020-03-11 13:35:00,2020-03-11 13:36:00,460.4983811187744,463.1891310882569,1,53.81499938965021,64.18747483660553,-10.37247544695532,2020-03-11
BANKNIFTY12MAR2026400CE,CE,2020-03-11 13:46:00,2020-03-11 13:56:00,412.37838111877437,302.84100608825685,10,-2190.7475006103505,59.68940755135553,-2250.436908161706,2020-03-11
BANKNIFTY12MAR2026400CE,CE,2020-03-11 13:57:00,2020-03-11 14:02:00,309.8226127624512,301.84350608825685,5,-159.58213348388654,58.39103291660392,-217.97316640049047,2020-03-11
BANKNIFTY12MAR2026400CE,CE,2020-03-11 14:09:00,2020-03-11 14:14:00,288.77011276245116,335.3096189117432,5,930.7901229858408,58.94350141947727,871.8466215663635,2020-03-11
BANKNIFTY12MAR2026400CE,CE,2020-03-11 14:19:00,2020-03-11 14:29:00,377.3409938812256,376.0575,10,-25.669877624511628,61.03500577858279,-86.70488340309441,2020-03-11
BANKNIFTY12MAR2026400CE,CE,2020-03-11 14:30:00,2020-03-11 14:40:00,364.96011276245116,338.70111282348637,10,-525.1799987792958,59.972548844788946,-585.1525476240847,2020-03-11
BANKNIFTY12MAR2026400CE,CE,2020-03-11 14:41:00,2020-03-11 14:48:00,324.4090061187744,316.1576371765137,7,-165.0273788452148,58.92041963204386,-223.94779847725866,2020-03-11
BANKNIFTY12MAR2026400CE,CE,2020-03-11 14:49:00,2020-03-11 14:59:00,313.4817622375488,357.5039939117432,10,880.4446334838872,59.79035616764608,820.6542773162411,2020-03-11
BANKNIFTY12MAR2026400CE,CE,2020-03-11 15:02:00,2020-03-11 15:12:00,348.0178688812256,269.325,10,-1573.8573776245119,58.074588365832795,-1631.9319659903447,2020-03-11
BANKNIFTY12MAR2026400CE,CE,2020-03-11 15:13:00,2020-03-11 15:16:00,270.07349388122555,281.84361282348635,3,235.40237884521616,57.41073635945614,177.99164248576002,2020-03-11
BANKNIFTY12MAR2026400CE,CE,2020-03-11 15:23:00,2020-03-11 15:24:00,274.5346311187744,264.5370121765137,1,-199.9523788452143,57.045200912543855,-256.99757975775816,2020-03-11
BANKNIFTY12MAR2026400PE,PE,2020-03-11 09:20:00,2020-03-11 09:30:00,305.86275611877437,291.9682621765137,10,-277.8898788452136,58.10163575879386,-335.9915146040075,2020-03-11
BANKNIFTY12MAR2026400PE,PE,2020-03-11 09:31:00,2020-03-11 09:33:00,284.40926223754883,311.07038108825685,2,533.2223770141604,58.29973843177274,474.92263858238766,2020-03-11
BANKNIFTY12MAR2026400PE,PE,2020-03-11 09:35:00,2020-03-11 09:39:00,320.549375,328.52663108825686,4,159.5451217651373,59.173327579188324,100.37179418594899,2020-03-11
BANKNIFTY12MAR2026400PE,PE,2020-03-11 09:50:00,2020-03-11 09:52:00,340.5492622375488,347.13,2,131.61475524902357,59.87429908233442,71.74045616668916,2020-03-11
BANKNIFTY12MAR2026400PE,PE,2020-03-11 09:53:00,2020-03-11 09:54:00,348.2183811187744,339.3495121765137,1,-177.3773788452138,59.78032767404385,-237.15770651925766,2020-03-11
BANKNIFTY12MAR2026400PE,PE,2020-03-11 11:25:00,2020-03-11 11:27:00,378.19312499999995,395.01000000000005,2,336.3375000000019,61.506585343750004,274.83091465625193,2020-03-11
BANKNIFTY12MAR2026400PE,PE,2020-03-11 11:30:00,2020-03-11 11:35:00,348.87,363.4889939117432,5,292.3798782348638,60.37558222431167,232.0042960105521,2020-03-11
BANKNIFTY12MAR2026400PE,PE,2020-03-11 11:40:00,2020-03-11 11:43:00,325.26113723754884,315.7586128234863,3,-190.0504882812504,58.92130045945776,-248.97178874070818,2020-03-11
BANKNIFTY12MAR2026400PE,PE,2020-03-11 11:44:00,2020-03-11 11:45:00,310.775,287.82861282348637,1,-458.9277435302722,58.06197233687335,-516.9897158671456,2020-03-11
BANKNIFTY12MAR2026400PE,PE,2020-03-11 11:46:00,2020-03-11 11:53:00,271.47698776245113,264.33750000000003,7,-142.78975524902194,57.00236112016559,-199.7921163691875,2020-03-11
BANKNIFTY12MAR2026400PE,PE,2020-03-11 11:55:00,2020-03-11 11:57:00,271.32661888122556,267.82875,2,-69.95737762451085,57.0854127658328,-127.04279039034365,2020-03-11
BANKNIFTY12MAR2026400PE,PE,2020-03-11 11:59:00,2020-03-11 12:01:00,245.4621311187744,261.345,2,317.6573776245124,56.60637457416721,261.0510030503452,2020-03-11
BANKNIFTY12MAR2026400PE,PE,2020-03-11 12:16:00,2020-03-11 12:18:00,295.7375,282.2925,2,-268.89999999999986,57.740494258,-326.6404942579999,2020-03-11
BANKNIFTY12MAR2026400PE,PE,2020-03-11 12:35:00,2020-03-11 12:36:00,241.10125,234.8613719558716,1,-124.79756088256806,55.90801955640583,-180.7055804389739,2020-03-11
BANKNIFTY12MAR2026400PE,PE,2020-03-11 12:37:00,2020-03-11 12:44:00,220.9008811187744,225.63449695587158,7,94.67231674194352,55.43262743682304,39.23968930512048,2020-03-11
BANKNIFTY12MAR2026400PE,PE,2020-03-11 12:49:00,2020-03-11 12:56:00,221.6026280593872,233.91375000000002,7,246.22243881225643,55.6427268994586,190.57971191279782,2020-03-11
BANKNIFTY12MAR2026400PE,PE,2020-03-11 13:03:00,2020-03-11 13:10:00,219.798125,226.48237804412844,7,133.6850608825688,55.43955075634416,78.24551012622463,2020-03-11
BANKNIFTY12MAR2026400PE,PE,2020-03-11 13:16:00,2020-03-11 13:17:00,217.19161888122557,227.77913108825686,1,211.7502441406259,55.43871026927113,156.31153387135478,2020-03-11
BANKNIFTY12MAR2026400PE,PE,2020-03-11 13:29:00,2020-03-11 13:35:00,219.3971311187744,209.37524391174318,6,-200.43774414062455,55.01846188097888,-255.45620602160344,2020-03-11
BANKNIFTY12MAR2026400PE,PE,2020-03-11 13:36:00,2020-03-11 13:45:00,203.5075,217.1058689117432,9,271.9673782348639,55.00909209006167,216.9582861448022,2020-03-11
BANKNIFTY12MAR2026400PE,PE,2020-03-11 14:05:00,2020-03-11 14:07:00,271.426875,289.6739939117432,2,364.942378234864,57.61801328256168,307.32436495230235,2020-03-11
BANKNIFTY12MAR2026400PE,PE,2020-03-11 14:14:00,2020-03-11 14:20:00,245.9633811187744,224.3876219558716,6,-431.51518325805625,55.71366542307304,-487.2288486811293,2020-03-11
BANKNIFTY12MAR2026400PE,PE,2020-03-11 15:00:00,2020-03-11 15:01:00,187.36724388122556,209.77425304412844,1,448.1401832580576,54.630240712426954,393.5099425456307,2020-03-11
BANKNIFTY12MAR2024900CE,CE,2020-03-12 09:33:00,2020-03-12 09:42:00,421.04999999999995,381.89288108825684,8,-783.1423782348622,61.71996646243833,-844.8623446973006,2020-03-12
BANKNIFTY12MAR2024900CE,CE,2020-03-12 09:57:00,2020-03-12 10:00:00,269.72261276245115,239.4,3,-606.4522552490229,56.37399569191558,-662.8262509409385,2020-03-12
BANKNIFTY12MAR2024900CE,CE,2020-03-12 10:04:00,2020-03-12 10:06:00,229.62262805938718,237.3052439117432,2,153.65231704712016,55.82485751277027,97.82745953434988,2020-03-12
BANKNIFTY12MAR2024900CE,CE,2020-03-12 10:15:00,2020-03-12 10:25:00,224.76049694061277,236.20800304412842,10,228.950122070313,55.73776349263556,173.21235857767743,2020-03-12
BANKNIFTY12MAR2024900CE,CE,2020-03-12 10:28:00,2020-03-12 10:38:00,236.339375,215.95875,10,-407.6124999999996,55.389080110749994,-463.0015801107496,2020-03-12
BANKNIFTY12MAR2024900CE,CE,2020-03-12 10:39:00,2020-03-12 10:49:00,186.91612194061278,143.44050304412843,10,-869.512377929687,53.01116055238556,-922.5235384820726,2020-03-12
BANKNIFTY12MAR2024900CE,CE,2020-03-12 10:50:00,2020-03-12 11:00:00,138.2447438812256,105.18637195587159,10,-661.1674385070799,51.47600863698864,-712.6434471440684,2020-03-12
BANKNIFTY12MAR2024900CE,CE,2020-03-12 11:03:00,2020-03-12 11:09:00,79.59850152969359,97.75500000000001,6,363.12996940612834,50.566653461604304,312.56331594452405,2020-03-12
BANKNIFTY12MAR2024900CE,CE,2020-03-12 11:11:00,2020-03-12 11:13:00,96.8916265296936,100.34849847793579,2,69.13743896484391,50.84457954893222,18.292859415911693,2020-03-12
BANKNIFTY12MAR2024900CE,CE,2020-03-12 11:24:00,2020-03-12 11:27:00,105.8138780593872,94.513125,3,-226.0150611877441,50.81348874270861,-276.8285499304527,2020-03-12
BANKNIFTY12MAR2024900CE,CE,2020-03-12 11:36:00,2020-03-12 11:40:00,90.57587347030639,79.00199695587159,4,-231.47753028869602,50.24689139480154,-281.72442168349755,2020-03-12
BANKNIFTY12MAR2024900CE,CE,2020-03-12 11:43:00,2020-03-12 11:45:00,75.438125,71.071875,2,-87.32499999999987,49.8659369485,-137.19093694849988,2020-03-12
BANKNIFTY12MAR2024900CE,CE,2020-03-12 11:48:00,2020-03-12 11:49:00,71.27774847030639,72.56812500000001,1,25.807530593872343,49.8506442811457,-24.043113687273355,2020-03-12
BANKNIFTY12MAR2024900CE,CE,2020-03-12 11:51:00,2020-03-12 11:57:00,71.77899847030639,60.34875,6,-228.60496940612776,49.5596524208957,-278.16462182702344,2020-03-12
BANKNIFTY12MAR2024900CE,CE,2020-03-12 11:59:00,2020-03-12 12:00:00,48.7716265296936,57.25650152206421,1,169.69749984741227,49.198603419776376,120.4988964276359,2020-03-12
BANKNIFTY12MAR2024900CE,CE,2020-03-12 12:05:00,2020-03-12 12:10:00,36.89199923515319,37.855125761032106,5,19.262530517578256,48.57910437865889,-29.316573861080634,2020-03-12
BANKNIFTY12MAR2024900CE,CE,2020-03-12 12:11:00,2020-03-12 12:13:00,33.483501529693605,34.76287347793579,2,25.587438964843727,48.46154385893223,-22.874104894088504,2020-03-12
BANKNIFTY12MAR2024900CE,CE,2020-03-12 12:27:00,2020-03-12 12:28:00,117.24237194061278,113.41574695587158,1,-76.53249969482403,51.41525159469723,-127.94775128952125,2020-03-12
BANKNIFTY12MAR2024900CE,CE,2020-03-12 12:32:00,2020-03-12 12:34:00,73.73387805938721,74.01449695587159,2,5.612377929687682,49.91633922561444,-44.30396129592676,2020-03-12
BANKNIFTY12MAR2024900CE,CE,2020-03-12 12:35:00,2020-03-12 12:36:00,62.20512423515319,60.79762576103211,1,-28.14996948242168,49.451628711408894,-77.60159819383057,2020-03-12
BANKNIFTY12MAR2024900CE,CE,2020-03-12 12:39:00,2020-03-12 12:40:00,53.984623470306396,58.453498477935796,1,89.377500152588,49.292482883723615,40.085017268864384,2020-03-12
BANKNIFTY12MAR2024900CE,CE,2020-03-12 12:55:00,2020-03-12 13:05:00,71.27774847030639,43.1917492389679,10,-561.7199846267698,49.13610506768465,-610.8560896944545,2020-03-12
BANKNIFTY12MAR2024900CE,CE,2020-03-12 13:06:00,2020-03-12 13:10:00,49.5736257648468,43.74037347793579,4,-116.66504573822024,48.87980624538007,-165.54485198360032,2020-03-12
BANKNIFTY12MAR2024900CE,CE,2020-03-12 13:12:00,2020-03-12 13:14:00,42.7566265296936,50.124375,2,147.35496940612805,48.950396473104306,98.40457293302374,2020-03-12
BANKNIFTY12MAR2024900CE,CE,2020-03-12 13:23:00,2020-03-12 13:25:00,34.4358734703064,35.26162347793579,2,16.515000152587902,48.485507142473615,-31.970506989885713,2020-03-12
BANKNIFTY12MAR2024900CE,CE,2020-03-12 13:26:00,2020-03-12 13:28:00,30.1752503824234,31.07212461948395,2,17.937484741211023,48.33067117104555,-30.39318642983453,2020-03-12
BANKNIFTY12MAR2024900CE,CE,2020-03-12 13:34:00,2020-03-12 13:36:00,30.2755007648468,47.181749238967896,2,338.12496948242193,48.72376070709112,289.4012087753308,2020-03-12
BANKNIFTY12MAR2024900CE,CE,2020-03-12 13:42:00,2020-03-12 13:44:00,38.5461257648468,43.840125761032105,2,105.87999992370612,48.74523133101319,57.134768592692936,2020-03-12
BANKNIFTY12MAR2024900CE,CE,2020-03-12 13:46:00,2020-03-12 13:47:00,40.7014984703064,44.73787347793579,1,80.72750015258791,48.79384527572361,31.933654876864296,2020-03-12
BANKNIFTY12MAR2024900CE,CE,2020-03-12 13:49:00,2020-03-12 13:59:00,37.844375,11.770500190258026,10,-521.4774961948394,47.956464315677756,-569.4339605105172,2020-03-12
BANKNIFTY12MAR2024900CE,CE,2020-03-12 14:00:00,2020-03-12 14:10:00,13.984874808788298,5.236875,10,-174.95999617576592,47.50112214342447,-222.4611183191904,2020-03-12
BANKNIFTY12MAR2024900PE,PE,2020-03-12 09:45:00,2020-03-12 09:55:00,133.53299694061278,131.919375,10,-32.27243881225547,52.0677146505414,-84.34015346279688,2020-03-12
BANKNIFTY12MAR2024900PE,PE,2020-03-12 10:02:00,2020-03-12 10:03:00,137.7434938812256,144.63750000000002,1,137.88012237548855,52.42937476558279,85.45074760990576,2020-03-12
BANKNIFTY12MAR2024900PE,PE,2020-03-12 10:06:00,2020-03-12 10:15:00,147.8186219406128,163.14112804412844,9,306.450122070313,53.00461897363556,253.44550309667744,2020-03-12
BANKNIFTY12MAR2024900PE,PE,2020-03-12 10:27:00,2020-03-12 10:29:00,149.121875,153.26586891174318,2,82.8798782348639,52.78060821531167,30.099270019552222,2020-03-12
BANKNIFTY12MAR2024900PE,PE,2020-03-12 11:12:00,2020-03-12 11:14:00,737.8399999999999,618.45,2,-2387.7999999999975,71.409559444,-2459.2095594439975,2020-03-12
BANKNIFTY12MAR2024900PE,PE,2020-03-12 12:00:00,2020-03-12 12:01:00,575.9863627624511,613.4625,1,749.5227447509774,69.2774406414156,680.2453041095617,2020-03-12
BANKNIFTY12MAR2024900PE,PE,2020-03-12 12:04:00,2020-03-12 12:05:00,603.3044877624511,660.5445121765138,1,1144.800488281253,70.76203413054223,1074.0384541507108,2020-03-12
BANKNIFTY12MAR2024900PE,PE,2020-03-12 12:17:00,2020-03-12 12:27:00,506.91411888122553,392.5661128234863,10,-2286.9601211547842,63.046319349206144,-2350.0064405039902,2020-03-12
BANKNIFTY12MAR2024900PE,PE,2020-03-12 12:29:00,2020-03-12 12:31:00,414.18286888122555,458.85,2,893.3426223754896,63.506526149832794,829.8360962256568,2020-03-12
BANKNIFTY19MAR2022500CE,CE,2020-03-13 10:56:00,2020-03-13 10:58:00,2077.18,1792.5574237060548,2,-5692.451525878901,116.60750319925661,-5809.059029078157,2020-03-13
BANKNIFTY19MAR2022500CE,CE,2020-03-13 14:32:00,2020-03-13 14:41:00,2362.4915979003904,2394.0,1,630.1680419921922,134.7813490156753,495.38669297651694,2020-03-13
BANKNIFTY19MAR2022400PE,PE,2020-03-13 10:40:00,2020-03-13 10:41:00,702.2011372375488,748.125,1,918.4772552490244,74.12095929858441,844.35629595044,2020-03-13
BANKNIFTY19MAR2022400PE,PE,2020-03-13 10:42:00,2020-03-13 10:52:00,781.8998872375488,567.4278506469727,10,-4289.440731811521,70.71589950708112,-4360.156631318602,2020-03-13
BANKNIFTY19MAR2022400PE,PE,2020-03-13 11:01:00,2020-03-13 11:12:00,877.6386372375488,799.6957621765138,10,-1558.8575012207002,77.55491121446106,-1636.4124124351613,2020-03-13
BANKNIFTY19MAR2022400PE,PE,2020-03-13 11:17:00,2020-03-13 11:27:00,788.46625,714.9082621765137,10,-1471.159756469724,74.38473190937664,-1545.5444883791006,2020-03-13
BANKNIFTY19MAR2022400PE,PE,2020-03-13 11:28:00,2020-03-13 11:38:00,711.775,705.7811128234864,10,-119.87774353027135,73.20994536587335,-193.0876888961447,2020-03-13
BANKNIFTY19MAR2022400PE,PE,2020-03-13 11:40:00,2020-03-13 11:43:00,715.8852255249024,713.4120121765137,3,-49.4642669677728,73.44662010720782,-122.91088707498062,2020-03-13
BANKNIFTY19MAR2022400PE,PE,2020-03-13 11:44:00,2020-03-13 11:55:00,733.7798872375488,574.2108993530273,10,-3191.379757690429,70.2830640385877,-3261.6628217290167,2020-03-13
BANKNIFTY19MAR2022400PE,PE,2020-03-13 11:56:00,2020-03-13 12:06:00,561.3498872375488,528.2759756469727,10,-661.4782318115226,67.02355998033111,-728.5017917918537,2020-03-13
BANKNIFTY19MAR2022400PE,PE,2020-03-13 12:07:00,2020-03-13 12:18:00,494.23249999999996,433.0646189117432,10,-1223.3576217651353,63.87383745156168,-1287.231459216697,2020-03-13
BANKNIFTY19MAR2022400PE,PE,2020-03-13 12:19:00,2020-03-13 12:23:00,446.11249999999995,489.024375,4,858.2375000000013,64.63715654275,793.6003434572513,2020-03-13
BANKNIFTY19MAR2022400PE,PE,2020-03-13 12:24:00,2020-03-13 12:34:00,508.56823776245113,435.9075,10,-1453.2147552490221,64.1210880256656,-1517.3358432746877,2020-03-13
BANKNIFTY19MAR2022400PE,PE,2020-03-13 12:35:00,2020-03-13 12:45:00,437.0398872375488,395.20951217651367,10,-836.6075012207023,62.24252683346106,-898.8500280541633,2020-03-13
BANKNIFTY19MAR2022400PE,PE,2020-03-13 12:46:00,2020-03-13 12:58:00,377.0903688812256,354.2621189117432,10,-456.5649993896477,60.50174998239447,-517.0667493720422,2020-03-13
BANKNIFTY19MAR2022400PE,PE,2020-03-13 12:59:00,2020-03-13 13:05:00,319.19599388122555,306.03298782348634,6,-263.2601211547842,58.609387332206154,-321.86950848699036,2020-03-13
BANKNIFTY19MAR2022400PE,PE,2020-03-13 13:06:00,2020-03-13 13:13:00,303.4066188812256,295.45951217651367,7,-158.94213409423855,58.156041460709446,-217.098175554948,2020-03-13
BANKNIFTY19MAR2022400PE,PE,2020-03-13 13:17:00,2020-03-13 13:27:00,267.416875,277.305,10,197.76250000000005,57.26733618624999,140.49516381375005,2020-03-13
BANKNIFTY19MAR2022400PE,PE,2020-03-13 13:29:00,2020-03-13 13:40:00,273.93312499999996,285.4845121765137,10,231.02774353027485,57.547246652126645,173.4804968781482,2020-03-13
BANKNIFTY19MAR2022400PE,PE,2020-03-13 13:41:00,2020-03-13 13:42:00,270.675,287.9283689117432,1,345.0673782348633,57.56621240406167,287.50116583080165,2020-03-13
BANKNIFTY19MAR2022400PE,PE,2020-03-13 13:47:00,2020-03-13 13:48:00,335.7873872375488,339.2996189117432,1,70.24463348388849,59.62467639464609,10.619957089242405,2020-03-13
BANKNIFTY19MAR2022400PE,PE,2020-03-13 13:49:00,2020-03-13 14:00:00,330.825,323.8882621765137,10,-138.73475646972565,59.18816600387665,-197.9229224736023,2020-03-13
BANKNIFTY19MAR2022400PE,PE,2020-03-13 14:01:00,2020-03-13 14:14:00,332.8801127624512,312.76611282348637,10,-402.2799987792962,58.94316719078894,-461.2231659700851,2020-03-13
BANKNIFTY19MAR2022400PE,PE,2020-03-13 14:18:00,2020-03-13 14:19:00,331.8275,368.9752439117432,1,742.9548782348638,60.29729837181168,682.6575798630522,2020-03-13
BANKNIFTY19MAR2022400PE,PE,2020-03-13 14:20:00,2020-03-13 14:30:00,363.90749999999997,379.0998628234864,10,303.8472564697281,60.94211464037336,242.90514182935476,2020-03-13
BANKNIFTY19MAR2022400PE,PE,2020-03-13 14:31:00,2020-03-13 14:35:00,412.37838111877437,498.10163108825685,4,1714.4649993896496,64.43884888960554,1650.026150500044,2020-03-13
BANKNIFTY19MAR2022400PE,PE,2020-03-13 14:36:00,2020-03-13 14:46:00,473.58099388122554,344.43673782348634,10,-2582.885121154784,61.461522271706144,-2644.34664342649,2020-03-13
BANKNIFTY19MAR2022400PE,PE,2020-03-13 14:47:00,2020-03-13 14:50:00,366.664375,396.2070121765137,3,590.8527435302733,61.392472410626645,529.4602711196467,2020-03-13
BANKNIFTY19MAR2022400PE,PE,2020-03-13 14:52:00,2020-03-13 15:02:00,403.15536888122557,355.5588871765137,9,-951.9296340942378,60.857113188959445,-1012.7867472831973,2020-03-13
BANKNIFTY19MAR2022400PE,PE,2020-03-13 15:03:00,2020-03-13 15:14:00,340.4490061187744,294.2126371765137,10,-924.7273788452139,58.58591277404385,-983.3132916192578,2020-03-13
BANKNIFTY19MAR2022400PE,PE,2020-03-13 15:15:00,2020-03-13 15:24:00,304.4091188812256,269.2751371765137,9,-702.6796340942383,57.53159785595944,-760.2112319501978,2020-03-13
BANKNIFTY19MAR2023900CE,CE,2020-03-16 09:24:00,2020-03-16 09:25:00,763.905,807.6258993530274,1,874.417987060549,76.3348194835033,798.0831675770456,2020-03-16
BANKNIFTY19MAR2023900CE,CE,2020-03-16 09:26:00,2020-03-16 09:27:00,770.0202255249023,775.0575,1,100.74548950195322,75.61861188083117,25.12687762112205,2020-03-16
BANKNIFTY19MAR2023900CE,CE,2020-03-16 09:29:00,2020-03-16 09:31:00,736.5367622375488,774.4590243530274,2,758.4452423095718,75.18806964408769,683.2571726654841,2020-03-16
BANKNIFTY19MAR2023900CE,CE,2020-03-16 09:32:00,2020-03-16 09:36:00,751.2233505249023,733.1126371765137,4,-362.2142669677737,74.36483695920784,-436.57910392698153,2020-03-16
BANKNIFTY19MAR2023900CE,CE,2020-03-16 09:38:00,2020-03-16 09:43:00,748.0153994750976,723.6363871765137,5,-487.5802459716783,74.09448614404548,-561.6747321157238,2020-03-16
BANKNIFTY19MAR2023900CE,CE,2020-03-16 09:49:00,2020-03-16 09:51:00,781.9499999999999,791.9152743530274,2,199.30548706054878,76.1768643872533,123.12862267329548,2020-03-16
BANKNIFTY19MAR2023900CE,CE,2020-03-16 09:56:00,2020-03-16 10:00:00,815.3332377624512,859.0470121765137,4,874.2754882812505,78.22448991804222,796.0509983632084,2020-03-16
BANKNIFTY19MAR2023900CE,CE,2020-03-16 10:01:00,2020-03-16 10:02:00,816.5863627624511,833.0621493530274,1,329.51573181152526,77.60801283241888,251.9077189791064,2020-03-16
BANKNIFTY19MAR2023900CE,CE,2020-03-16 10:31:00,2020-03-16 10:32:00,805.8596005249022,811.4163871765137,1,111.13573303222893,76.94824496820783,34.187488064021096,2020-03-16
BANKNIFTY19MAR2023900CE,CE,2020-03-16 10:39:00,2020-03-16 10:44:00,770.5716494750976,788.0250000000001,5,349.0670104980495,75.94087883441883,273.1261316636307,2020-03-16
BANKNIFTY19MAR2023900CE,CE,2020-03-16 10:48:00,2020-03-16 10:49:00,851.9746005249023,869.82,1,356.90798950195585,78.94174539908119,277.96624410287467,2020-03-16
BANKNIFTY19MAR2023900CE,CE,2020-03-16 10:50:00,2020-03-16 10:51:00,864.155,844.9323628234864,1,-384.45274353027116,78.48771287837336,-462.94045640864454,2020-03-16
BANKNIFTY19MAR2023900CE,CE,2020-03-16 11:23:00,2020-03-16 11:27:00,823.1026127624511,817.95,4,-103.05225524902198,77.3213862399156,-180.37364148893758,2020-03-16
BANKNIFTY19MAR2023900CE,CE,2020-03-16 11:32:00,2020-03-16 11:34:00,781.2983505249023,796.5536128234863,2,305.10524597168114,76.28158964445453,228.82365632722662,2020-03-16
BANKNIFTY19MAR2023900CE,CE,2020-03-16 11:36:00,2020-03-16 11:37:00,779.1430122375488,785.2320121765138,1,121.77999877930006,75.97943049821104,45.800568281089014,2020-03-16
BANKNIFTY19MAR2023900CE,CE,2020-03-16 11:57:00,2020-03-16 12:07:00,804.4060244750976,736.7036128234864,10,-1354.0482330322243,75.11290268254217,-1429.1611357147665,2020-03-16
BANKNIFTY19MAR2023900CE,CE,2020-03-16 12:08:00,2020-03-16 12:18:00,741.34875,756.5040243530274,10,303.1054870605476,74.8111216172533,228.29436544329428,2020-03-16
BANKNIFTY19MAR2023900CE,CE,2020-03-16 12:22:00,2020-03-16 12:32:00,735.9853994750977,708.2748628234864,10,-554.2107330322256,73.57138266229218,-627.7821156945178,2020-03-16
BANKNIFTY19MAR2023900CE,CE,2020-03-16 12:33:00,2020-03-16 12:38:00,691.3239755249023,812.713125,5,2427.7829895019545,75.55684150958119,2352.226147992373,2020-03-16
BANKNIFTY19MAR2023900CE,CE,2020-03-16 12:43:00,2020-03-16 12:46:00,819.1427255249023,847.875,3,574.6454895019542,78.00007391483118,496.645415587123,2020-03-16
BANKNIFTY19MAR2023900CE,CE,2020-03-16 12:48:00,2020-03-16 12:51:00,850.3706249999999,838.9972256469727,3,-227.46798706054506,78.1720974144967,-305.64008447504176,2020-03-16
BANKNIFTY19MAR2023900CE,CE,2020-03-16 12:52:00,2020-03-16 12:58:00,791.9749999999999,788.0250000000001,6,-78.99999999999636,76.2067855,-155.20678549999636,2020-03-16
BANKNIFTY19MAR2023900CE,CE,2020-03-16 13:02:00,2020-03-16 13:05:00,770.3711372375487,768.2745121765137,3,-41.9325012207014,75.45798478496107,-117.39048600566247,2020-03-16
BANKNIFTY19MAR2023900CE,CE,2020-03-16 13:29:00,2020-03-16 13:30:00,822.05,816.0547256469727,1,-119.90548706054597,77.26220910474669,-197.16769616529265,2020-03-16
BANKNIFTY19MAR2023900CE,CE,2020-03-16 13:32:00,2020-03-16 13:35:00,799.744375,816.5036128234864,3,335.18475646972774,76.99601149412334,258.18874497560444,2020-03-16
BANKNIFTY19MAR2023900CE,CE,2020-03-16 13:47:00,2020-03-16 13:48:00,723.6546005249023,736.0053506469727,1,247.0150024414079,74.09269504207789,172.92230739933,2020-03-16
BANKNIFTY19MAR2023900CE,CE,2020-03-16 13:50:00,2020-03-16 13:51:00,727.9653994750976,734.908125,1,138.85451049804942,74.11956220616882,64.7349482918806,2020-03-16
BANKNIFTY19MAR2023900CE,CE,2020-03-16 14:01:00,2020-03-16 14:06:00,711.775,680.5443750000001,5,-624.6124999999984,72.59609704975,-697.2085970497484,2020-03-16
BANKNIFTY19MAR2023900CE,CE,2020-03-16 14:12:00,2020-03-16 14:13:00,638.9935244750976,637.3027743530274,1,-33.815002441403976,70.64009771292211,-104.45510015432609,2020-03-16
BANKNIFTY19MAR2023900CE,CE,2020-03-16 14:14:00,2020-03-16 14:24:00,617.790625,572.2158993530273,10,-911.4945129394528,68.79353425825329,-980.2880471977061,2020-03-16
BANKNIFTY19MAR2023900CE,CE,2020-03-16 14:33:00,2020-03-16 14:35:00,657.0385244750976,673.3125,2,325.4795104980485,71.74016773766883,253.73934276037969,2020-03-16
BANKNIFTY19MAR2023900CE,CE,2020-03-16 14:38:00,2020-03-16 14:40:00,682.1010244750976,677.551875,2,-90.98298950195158,72.15465107441882,-163.13764057637042,2020-03-16
BANKNIFTY19MAR2023900CE,CE,2020-03-16 14:42:00,2020-03-16 14:48:00,668.3166494750976,701.5916006469727,5,665.4990234375009,72.56813218391552,592.9308912535854,2020-03-16
BANKNIFTY19MAR2023900CE,CE,2020-03-16 14:49:00,2020-03-16 15:00:00,704.7574999999999,585.0836128234863,10,-2393.4777435302726,70.18696504187335,-2463.664708572146,2020-03-16
BANKNIFTY19MAR2023900CE,CE,2020-03-16 15:01:00,2020-03-16 15:04:00,585.8610244750977,638.4000000000001,3,1050.7795104980482,70.00668926366883,980.7728212343794,2020-03-16
BANKNIFTY19MAR2023900CE,CE,2020-03-16 15:09:00,2020-03-16 15:10:00,620.5976127624511,623.6370121765137,1,60.78798828125173,70.07915373129225,-9.291165450040523,2020-03-16
BANKNIFTY19MAR2023900CE,CE,2020-03-16 15:12:00,2020-03-16 15:15:00,601.5,600.5448628234864,3,-19.10274353027262,69.28020842537335,-88.38295195564596,2020-03-16
BANKNIFTY19MAR2023900CE,CE,2020-03-16 15:17:00,2020-03-16 15:18:00,588.6680122375489,587.8766006469726,1,-15.828231811524347,68.81265120033112,-84.64088301185546,2020-03-16
BANKNIFTY19MAR2023900PE,PE,2020-03-16 09:16:00,2020-03-16 09:19:00,985.8083505249023,966.328125,3,-389.60451049804533,82.95186740483118,-472.55637790287653,2020-03-16
BANKNIFTY19MAR2023900PE,PE,2020-03-16 09:47:00,2020-03-16 09:48:00,1129.8174999999999,1125.7286737060547,1,-81.77652587890407,88.61817466075661,-170.39470053966068,2020-03-16
BANKNIFTY19MAR2023900PE,PE,2020-03-16 10:53:00,2020-03-16 10:57:00,964.2044877624511,1020.5422256469727,4,1126.7547576904326,84.0021517539123,1042.7526059365202,2020-03-16
BANKNIFTY19MAR2023900PE,PE,2020-03-16 12:37:00,2020-03-16 12:40:00,1186.1078994750976,1159.0450762939454,3,-541.2564636230445,90.12787891766224,-631.3843425407067,2020-03-16
BANKNIFTY19MAR2023900PE,PE,2020-03-16 13:46:00,2020-03-16 13:48:00,1239.09,1286.9246493530275,2,956.6929870605509,93.89659892500329,862.7963881355475,2020-03-16
BANKNIFTY19MAR2023900PE,PE,2020-03-16 13:51:00,2020-03-16 13:52:00,1271.7714755249024,1274.8549237060547,1,61.66896362304669,94.00904132558775,-32.34007770254105,2020-03-16
BANKNIFTY19MAR2023900PE,PE,2020-03-16 13:54:00,2020-03-16 14:01:00,1290.6685760498046,1309.7674237060548,5,381.976953125004,95.09300902866894,286.8839440963351,2020-03-16
BANKNIFTY19MAR2023900PE,PE,2020-03-16 14:06:00,2020-03-16 14:07:00,1350.618125,1396.3503506469726,1,914.6445129394533,97.94380672674671,816.7007062127066,2020-03-16
BANKNIFTY19MAR2023900PE,PE,2020-03-16 14:08:00,2020-03-16 14:09:00,1339.2397744750976,1378.6447256469728,1,788.0990234375031,97.37178211091553,690.7272413265875,2020-03-16
BANKNIFTY19MAR2023900PE,PE,2020-03-16 14:11:00,2020-03-16 14:12:00,1389.0639755249022,1413.4075762939453,1,486.87201538086356,98.83633572907458,388.035679651789,2020-03-16
BANKNIFTY19MAR2023900PE,PE,2020-03-16 14:26:00,2020-03-16 14:36:00,1504.4016494750977,1438.3450762939453,2,-1321.1314636230463,100.87581463016222,-1422.0072782532086,2020-03-16
BANKNIFTY19MAR2022900CE,CE,2020-03-17 09:20:00,2020-03-17 09:24:00,965.3072744750976,817.95,4,-2947.145489501952,79.08808007516883,-3026.2335695771208,2020-03-17
BANKNIFTY19MAR2022900CE,CE,2020-03-17 10:04:00,2020-03-17 10:06:00,1123.4516494750976,1172.0125762939454,2,971.218536376955,89.66487901316223,881.5536573637927,2020-03-17
BANKNIFTY19MAR2022900CE,CE,2020-03-17 10:45:00,2020-03-17 10:46:00,1098.990625,1078.79625,1,-403.8874999999962,87.09362839525002,-490.9811283952462,2020-03-17
BANKNIFTY19MAR2022900CE,CE,2020-03-17 10:48:00,2020-03-17 10:49:00,1100.0432989501953,1125.9780487060548,1,518.6949951171891,88.25433759434425,430.4406575228449,2020-03-17
BANKNIFTY19MAR2022900CE,CE,2020-03-17 11:00:00,2020-03-17 11:05:00,1018.4397744750976,1007.475,5,-219.29548950195112,84.35810729216882,-303.65359679411995,2020-03-17
BANKNIFTY19MAR2022900CE,CE,2020-03-17 11:17:00,2020-03-17 11:22:00,962.4,905.5803506469728,5,-1136.3929870605443,81.18344685699671,-1217.576433917541,2020-03-17
BANKNIFTY19MAR2022900CE,CE,2020-03-17 11:25:00,2020-03-17 11:33:00,855.8342622375487,837.7004878234864,8,-362.67548828124745,78.20843412595777,-440.8839224072052,2020-03-17
BANKNIFTY19MAR2022900CE,CE,2020-03-17 11:36:00,2020-03-17 11:37:00,815.4836372375488,804.3341006469727,1,-222.99073181152153,76.89554344608113,-299.8862752576027,2020-03-17
BANKNIFTY19MAR2022900CE,CE,2020-03-17 11:55:00,2020-03-17 11:56:00,865.5083505249023,874.3586128234864,1,177.0052459716817,79.22027869845452,97.78496727322717,2020-03-17
BANKNIFTY19MAR2022900CE,CE,2020-03-17 12:12:00,2020-03-17 12:13:00,864.155,866.4284756469727,1,45.4695129394554,79.0105757282467,-33.54106278879131,2020-03-17
BANKNIFTY19MAR2022900CE,CE,2020-03-17 12:24:00,2020-03-17 12:25:00,838.4408505249023,855.9048628234864,1,349.2802459716813,78.43514127195454,270.8451046997268,2020-03-17
BANKNIFTY19MAR2022900CE,CE,2020-03-17 12:38:00,2020-03-17 12:45:00,870.17,832.9623628234864,6,-744.1527435302714,78.27128734037336,-822.4240308706449,2020-03-17
BANKNIFTY19MAR2022900CE,CE,2020-03-17 13:30:00,2020-03-17 13:31:00,871.9243749999999,844.0346493530274,1,-557.7945129394516,78.5624008622533,-636.3569138017049,2020-03-17
BANKNIFTY19MAR2022900CE,CE,2020-03-17 14:08:00,2020-03-17 14:13:00,674.0810244750976,648.7241006469727,5,-507.13847656249754,71.35381855016554,-578.4922951126631,2020-03-17
BANKNIFTY19MAR2022900CE,CE,2020-03-17 14:20:00,2020-03-17 14:21:00,616.8883505249023,630.3202743530273,1,268.6384765625007,70.19563233683448,198.44284422566625,2020-03-17
BANKNIFTY19MAR2022900CE,CE,2020-03-17 14:22:00,2020-03-17 14:25:00,628.7680122375488,583.03875,3,-914.5852447509742,69.19316361633442,-983.7784083673087,2020-03-17
BANKNIFTY19MAR2022900CE,CE,2020-03-17 14:26:00,2020-03-17 14:33:00,559.9964755249023,547.5277743530273,7,-249.3740234374991,67.47501878558447,-316.84904222308353,2020-03-17
BANKNIFTY19MAR2022900CE,CE,2020-03-17 14:39:00,2020-03-17 14:49:00,561.7508505249023,539.6973628234864,10,-441.0697540283172,67.30635064095453,-508.37610466927174,2020-03-17
BANKNIFTY19MAR2022900CE,CE,2020-03-17 14:50:00,2020-03-17 15:00:00,527.9164755249024,433.56336891174317,10,-1887.0621322631837,64.30444508539284,-1951.3665773485766,2020-03-17
BANKNIFTY19MAR2022900CE,CE,2020-03-17 15:01:00,2020-03-17 15:04:00,442.6538627624511,460.69538108825685,3,360.8303665161145,63.90512470085392,296.9252418152606,2020-03-17
BANKNIFTY19MAR2022900CE,CE,2020-03-17 15:05:00,2020-03-17 15:15:00,428.2680122375488,368.7757621765137,10,-1189.8450012207024,61.490584605711064,-1251.3355858264135,2020-03-17
BANKNIFTY19MAR2022900CE,CE,2020-03-17 15:16:00,2020-03-17 15:19:00,383.9575,399.0,3,300.85000000000036,61.675250797,239.17474920300037,2020-03-17
BANKNIFTY19MAR2022900CE,CE,2020-03-17 15:21:00,2020-03-17 15:24:00,380.7996311187744,357.20475608825683,3,-471.8975006103517,60.619407902355526,-532.5169085127072,2020-03-17
BANKNIFTY19MAR2022900PE,PE,2020-03-17 09:15:00,2020-03-17 09:20:00,1029.818125,1130.8158993530274,5,2019.955487060547,87.4995620672533,1932.4559249932938,2020-03-17
BANKNIFTY19MAR2022900PE,PE,2020-03-17 09:28:00,2020-03-17 09:37:00,1190.2682989501952,962.5875000000001,9,-4553.615979003903,85.40101055383766,-4639.01698955774,2020-03-17
BANKNIFTY19MAR2022900PE,PE,2020-03-17 09:39:00,2020-03-17 09:40:00,895.5332377624511,937.2509756469727,1,834.3547576904325,81.1230645639123,753.2316931265202,2020-03-17
BANKNIFTY19MAR2022900PE,PE,2020-03-17 09:50:00,2020-03-17 09:59:00,887.0621005249023,844.2341006469727,9,-856.5599975585928,78.75531728257789,-935.3153148411707,2020-03-17
BANKNIFTY19MAR2022900PE,PE,2020-03-17 10:00:00,2020-03-17 10:04:00,835.1827255249023,884.6328506469727,4,989.0025024414081,79.09343171482789,909.9090707265802,2020-03-17
BANKNIFTY19MAR2022900PE,PE,2020-03-17 10:06:00,2020-03-17 10:16:00,865.3580122375488,858.1492378234864,10,-144.17548828124836,78.82414060195778,-222.99962888320613,2020-03-17
BANKNIFTY19MAR2022900PE,PE,2020-03-17 10:17:00,2020-03-17 10:27:00,829.5687499999999,786.9776371765137,10,-851.8222564697248,76.64835957812666,-928.4706160478515,2020-03-17
BANKNIFTY19MAR2022900PE,PE,2020-03-17 10:28:00,2020-03-17 10:38:00,780.7971005249022,818.6482621765138,10,757.0232330322301,76.81278372795784,680.2104493042723,2020-03-17
BANKNIFTY19MAR2022900PE,PE,2020-03-17 10:39:00,2020-03-17 10:41:00,808.6164755249023,808.1246493530274,2,-9.836523437497817,76.90242836633449,-86.73895180383231,2020-03-17
BANKNIFTY19MAR2022900PE,PE,2020-03-17 10:49:00,2020-03-17 10:51:00,762.9526127624512,762.9378506469727,2,-0.29524230956894826,75.2360131839123,-75.53125549348125,2020-03-17
BANKNIFTY19MAR2022900PE,PE,2020-03-17 10:52:00,2020-03-17 10:54:00,757.5892622375488,754.0601371765138,2,-70.58250122070149,74.95344311096108,-145.53594433166256,2020-03-17
BANKNIFTY19MAR2022900PE,PE,2020-03-17 10:55:00,2020-03-17 11:05:00,726.8125,813.0622256469727,10,1724.9945129394541,76.0062281267467,1648.9882848127074,2020-03-17
BANKNIFTY19MAR2022900PE,PE,2020-03-17 11:06:00,2020-03-17 11:07:00,860.145,859.5457621765137,1,-11.984756469726108,78.79334472287665,-90.77810119260276,2020-03-17
BANKNIFTY19MAR2022900PE,PE,2020-03-17 11:09:00,2020-03-17 11:17:00,889.8189755249023,876.054375,8,-275.2920104980444,79.5635512200812,-354.8555617181256,2020-03-17
BANKNIFTY19MAR2022900PE,PE,2020-03-17 11:34:00,2020-03-17 11:35:00,893.6786372375487,903.7848628234864,1,202.12451171875273,80.28600740695776,121.83850431179496,2020-03-17
BANKNIFTY19MAR2022900PE,PE,2020-03-17 11:43:00,2020-03-17 11:47:00,886.6110244750976,855.7053506469726,4,-618.1134765624984,79.02873539066553,-697.142211953164,2020-03-17
BANKNIFTY19MAR2022900PE,PE,2020-03-17 11:48:00,2020-03-17 11:54:00,851.1225,817.95,6,-663.449999999998,77.66949411099998,-741.119494110998,2020-03-17
BANKNIFTY19MAR2022900PE,PE,2020-03-17 11:58:00,2020-03-17 12:05:00,798.7418749999999,798.8478506469727,7,2.119512939455035,76.55410513824671,-74.43459219879168,2020-03-17
BANKNIFTY19MAR2022900PE,PE,2020-03-17 12:06:00,2020-03-17 12:12:00,773.7294877624512,800.0947256469727,6,527.304757690431,76.27368973291229,451.03106795751864,2020-03-17
BANKNIFTY19MAR2022900PE,PE,2020-03-17 12:14:00,2020-03-17 12:23:00,810.1703994750976,801.3416006469727,9,-176.5759765624989,76.75674553241552,-253.33272209491443,2020-03-17
BANKNIFTY19MAR2022900PE,PE,2020-03-17 12:28:00,2020-03-17 12:38:00,807.0124999999999,793.0125,10,-279.9999999999977,76.51491933999998,-356.51491933999773,2020-03-17
BANKNIFTY19MAR2022900PE,PE,2020-03-17 12:46:00,2020-03-17 12:51:00,815.1327255249023,818.0996493530274,5,59.338476562502365,77.22601155983446,-17.887534997332097,2020-03-17
BANKNIFTY19MAR2022900PE,PE,2020-03-17 12:57:00,2020-03-17 12:58:00,827.0625,836.1045121765137,1,180.84024353027417,77.81216538737665,103.02807814289751,2020-03-17
BANKNIFTY19MAR2022900PE,PE,2020-03-17 13:01:00,2020-03-17 13:11:00,853.9294877624511,733.3121493530274,10,-2412.3467681884745,75.64566978016887,-2487.9924379686436,2020-03-17
BANKNIFTY19MAR2022900PE,PE,2020-03-17 13:12:00,2020-03-17 13:22:00,741.7497744750976,718.1002743530274,10,-472.99000244140416,73.88198633142211,-546.8719887728263,2020-03-17
BANKNIFTY19MAR2022900PE,PE,2020-03-17 13:23:00,2020-03-17 13:33:00,716.7874999999999,759.0975000000001,10,846.2000000000035,74.56906513599999,771.6309348640035,2020-03-17
BANKNIFTY19MAR2022900PE,PE,2020-03-17 13:34:00,2020-03-17 13:44:00,756.1857377624511,774.309375,10,362.4727447509781,75.42854064541558,287.0442041055625,2020-03-17
BANKNIFTY19MAR2022900PE,PE,2020-03-17 13:45:00,2020-03-17 13:49:00,771.925,833.2616006469727,4,1226.7320129394557,77.05800929949672,1149.674003639959,2020-03-17
BANKNIFTY19MAR2022900PE,PE,2020-03-17 13:50:00,2020-03-17 13:52:00,810.9222744750977,847.875,2,739.054510498047,77.89794631916884,661.1565641788782,2020-03-17
BANKNIFTY19MAR2022900PE,PE,2020-03-17 13:54:00,2020-03-17 13:55:00,860.5961372375488,860.5931250000001,1,-0.06024475097319737,78.82442510583442,-78.88466985680762,2020-03-17
BANKNIFTY19MAR2022900PE,PE,2020-03-17 13:57:00,2020-03-17 14:07:00,843.1025,854.0096493530274,10,218.14298706054842,78.44695732600329,139.69602973454514,2020-03-17
BANKNIFTY19MAR2022900PE,PE,2020-03-17 14:08:00,2020-03-17 14:12:00,884.1548872375488,930.8171493530274,4,933.245242309572,80.82521067108772,852.4200316384843,2020-03-17
BANKNIFTY19MAR2022900PE,PE,2020-03-17 14:13:00,2020-03-17 14:20:00,890.7713627624511,925.7298628234864,7,699.170001220707,80.78366999378895,618.3863312269181,2020-03-17
BANKNIFTY19MAR2022900PE,PE,2020-03-17 14:21:00,2020-03-17 14:22:00,910.8714755249023,916.4032621765137,1,110.63573303222938,80.80652925120782,29.829203781021562,2020-03-17
BANKNIFTY19MAR2022900PE,PE,2020-03-17 14:34:00,2020-03-17 14:39:00,898.6911372375488,967.575,5,1377.6772552490252,81.8998864825844,1295.7773687664408,2020-03-17
BANKNIFTY19MAR2022900PE,PE,2020-03-17 15:04:00,2020-03-17 15:05:00,1073.4770489501952,1144.2821493530273,1,1416.1020080566414,88.36951075334093,1327.7324973033005,2020-03-17
BANKNIFTY19MAR2022400CE,CE,2020-03-18 09:20:00,2020-03-18 09:28:00,431.97724388122555,418.3514939117432,8,-272.51499938964685,62.742526884394465,-335.2575262740413,2020-03-18
BANKNIFTY19MAR2022400CE,CE,2020-03-18 09:32:00,2020-03-18 09:34:00,363.05536888122555,341.6936128234863,2,-427.23512115478457,60.02167344170615,-487.2567945964907,2020-03-18
BANKNIFTY19MAR2022400CE,CE,2020-03-18 09:37:00,2020-03-18 09:39:00,323.2561372375488,329.77350608825685,2,130.34737701416134,59.237283799272745,71.1100932148886,2020-03-18
BANKNIFTY19MAR2022400CE,CE,2020-03-18 09:46:00,2020-03-18 09:47:00,288.8202561187744,304.2375,1,308.34487762451204,58.188338588917205,250.15653903559485,2020-03-18
BANKNIFTY19MAR2022400CE,CE,2020-03-18 09:59:00,2020-03-18 10:00:00,197.99374999999998,209.27550304412844,1,225.6350608825693,54.75012877834417,170.88493210422513,2020-03-18
BANKNIFTY19MAR2022400CE,CE,2020-03-18 10:02:00,2020-03-18 10:04:00,206.3145030593872,221.49487804412843,2,303.6074996948247,55.15072167580276,248.45677801902195,2020-03-18
BANKNIFTY19MAR2022400CE,CE,2020-03-18 10:11:00,2020-03-18 10:12:00,205.5125,205.78425304412843,1,5.435060882568905,54.75861895234417,-49.32355806977527,2020-03-18
BANKNIFTY19MAR2022400CE,CE,2020-03-18 10:45:00,2020-03-18 10:47:00,200.65036888122557,205.08600608825685,2,88.71274414062555,54.68122990052112,34.03151424010443,2020-03-18
BANKNIFTY19MAR2022400CE,CE,2020-03-18 10:56:00,2020-03-18 10:57:00,151.3775,154.21350608825685,1,56.72012176513704,52.83168114568832,3.8884406194487156,2020-03-18
BANKNIFTY19MAR2022400CE,CE,2020-03-18 11:03:00,2020-03-18 11:10:00,142.7058811187744,141.894375,7,-16.23012237548835,52.42430280441721,-68.65442517990556,2020-03-18
BANKNIFTY19MAR2022400CE,CE,2020-03-18 11:14:00,2020-03-18 11:15:00,136.3901280593872,157.90425304412844,1,430.2824996948249,52.73525628430277,377.5472434105221,2020-03-18
BANKNIFTY19MAR2022400CE,CE,2020-03-18 11:18:00,2020-03-18 11:19:00,154.0842469406128,160.64737804412843,1,131.2626220703129,53.02180361488556,78.24081845542733,2020-03-18
BANKNIFTY19MAR2022400CE,CE,2020-03-18 11:22:00,2020-03-18 11:23:00,161.55286888122558,150.0738719558716,1,-229.57993850707965,52.85740505373863,-282.43734356081825,2020-03-18
BANKNIFTY19MAR2022400CE,CE,2020-03-18 11:28:00,2020-03-18 11:30:00,153.6832530593872,155.360625,2,33.54743881225602,52.8882289609586,-19.34079014870258,2020-03-18
BANKNIFTY19MAR2022400CE,CE,2020-03-18 11:35:00,2020-03-18 11:41:00,124.30999999999999,120.89699695587159,6,-68.26006088256804,51.68502791115583,-119.94508879372387,2020-03-18
BANKNIFTY19MAR2022400CE,CE,2020-03-18 11:48:00,2020-03-18 11:49:00,111.27749999999999,111.76987804412842,1,9.847560882568587,51.30111295459416,-41.45355207202557,2020-03-18
BANKNIFTY19MAR2022400CE,CE,2020-03-18 11:50:00,2020-03-18 11:51:00,115.78875,119.7997484779358,1,80.219969558716,51.552474276577925,28.667495282138077,2020-03-18
BANKNIFTY19MAR2022400CE,CE,2020-03-18 11:54:00,2020-03-18 11:58:00,112.48049694061278,112.7175,4,4.740061187744402,51.3391080847914,-46.599046897046996,2020-03-18
BANKNIFTY19MAR2022400CE,CE,2020-03-18 12:03:00,2020-03-18 12:04:00,111.67850152969359,112.81724847793579,1,22.77493896484401,51.33157065668222,-28.556631691838206,2020-03-18
BANKNIFTY19MAR2022400CE,CE,2020-03-18 12:10:00,2020-03-18 12:16:00,94.93674694061279,101.14650152206421,6,124.19509162902841,50.83970321371348,73.35538841531493,2020-03-18
BANKNIFTY19MAR2022400CE,CE,2020-03-18 12:17:00,2020-03-18 12:19:00,100.25,103.69012195587159,2,68.80243911743179,50.967582950405834,17.834856167025954,2020-03-18
BANKNIFTY19MAR2022400CE,CE,2020-03-18 12:21:00,2020-03-18 12:31:00,99.24749999999999,76.45837652206421,10,-455.7824695587155,50.29275420817208,-506.0752237668876,2020-03-18
BANKNIFTY19MAR2022400CE,CE,2020-03-18 12:32:00,2020-03-18 12:42:00,69.87424694061279,78.60300304412843,10,174.57512207031272,49.97999769913555,124.59512437117716,2020-03-18
BANKNIFTY19MAR2022400CE,CE,2020-03-18 12:43:00,2020-03-18 12:53:00,79.2476280593872,75.36112804412842,10,-77.73000030517551,50.01759476605276,-127.74759507122826,2020-03-18
BANKNIFTY19MAR2022400CE,CE,2020-03-18 12:54:00,2020-03-18 12:59:00,72.5810015296936,67.1816234779358,5,-107.98756103515586,49.73581626743221,-157.72337730258806,2020-03-18
BANKNIFTY19MAR2022400CE,CE,2020-03-18 13:03:00,2020-03-18 13:13:00,68.7213780593872,71.9197484779358,10,63.96740837097184,49.803114106536526,14.164294264435313,2020-03-18
BANKNIFTY19MAR2022400CE,CE,2020-03-18 13:14:00,2020-03-18 13:24:00,72.93187499999999,63.6404992389679,10,-185.82751522064186,49.65404248953895,-235.48155771018082,2020-03-18
BANKNIFTY19MAR2022400CE,CE,2020-03-18 13:25:00,2020-03-18 13:27:00,65.7138780593872,61.346250000000005,2,-87.35256118774387,49.50856458195861,-136.86112576970248,2020-03-18
BANKNIFTY19MAR2022400CE,CE,2020-03-18 13:45:00,2020-03-18 13:50:00,69.3729969406128,62.09437500000001,5,-145.57243881225574,49.5722211045414,-195.14465991679714,2020-03-18
BANKNIFTY19MAR2022400CE,CE,2020-03-18 13:59:00,2020-03-18 14:01:00,38.4960015296936,38.55337652206421,2,1.1474998474122344,48.61601583377637,-47.46851598636414,2020-03-18
BANKNIFTY19MAR2022400CE,CE,2020-03-18 14:03:00,2020-03-18 14:04:00,38.846875,40.199249238967894,1,27.047484779357944,48.66040849503896,-21.612923715681013,2020-03-18
BANKNIFTY19MAR2022400CE,CE,2020-03-18 14:12:00,2020-03-18 14:14:00,38.896999235153196,38.10450076103211,2,-15.849969482421784,48.61007939440889,-64.46004887683068,2020-03-18
BANKNIFTY19MAR2022400CE,CE,2020-03-18 14:28:00,2020-03-18 14:30:00,39.0975,42.04462652206421,2,58.94253044128433,48.70840837867208,10.23412206261225,2020-03-18
BANKNIFTY19MAR2022400CE,CE,2020-03-18 14:54:00,2020-03-18 14:56:00,34.4860015296936,32.7179992389679,2,-35.36004581451408,48.42425981489326,-83.78430562940734,2020-03-18
BANKNIFTY19MAR2022400CE,CE,2020-03-18 14:58:00,2020-03-18 14:59:00,27.969749617576596,27.680625000000003,1,-5.782492351531872,48.22077743159892,-54.00326978313079,2020-03-18
BANKNIFTY19MAR2022400CE,CE,2020-03-18 15:01:00,2020-03-18 15:02:00,23.107624235153196,25.33649961948395,1,44.57750768661505,48.10335476259234,-3.525847075977289,2020-03-18
BANKNIFTY19MAR2022400PE,PE,2020-03-18 09:15:00,2020-03-18 09:20:00,774.1305122375488,835.2566006469727,5,1222.5217681884783,77.13393528333111,1145.3878329051472,2020-03-18
BANKNIFTY19MAR2022400PE,PE,2020-03-18 09:58:00,2020-03-18 10:03:00,1074.0785244750975,1106.476875,5,647.9670104980505,87.45742287341884,560.5095876246316,2020-03-18
BANKNIFTY19MAR2022400PE,PE,2020-03-18 10:05:00,2020-03-18 10:15:00,1102.75,1143.8332012939454,10,821.6640258789084,88.7222661549934,732.9417597239151,2020-03-18
BANKNIFTY19MAR2022400PE,PE,2020-03-18 10:16:00,2020-03-18 10:26:00,1148.4139239501953,1011.9138871765138,10,-2730.0007354736317,86.08082385171429,-2816.081559325346,2020-03-18
BANKNIFTY19MAR2022400PE,PE,2020-03-18 10:27:00,2020-03-18 10:30:00,1009.1164755249023,1043.2353506469726,3,682.3775024414067,85.11209882032787,597.2654036210788,2020-03-18
BANKNIFTY19MAR2022400PE,PE,2020-03-18 10:31:00,2020-03-18 10:41:00,1027.2617010498047,962.6872256469727,10,-1291.4895080566407,83.37830747090906,-1374.8678155275497,2020-03-18
BANKNIFTY19MAR2022400PE,PE,2020-03-18 10:50:00,2020-03-18 10:51:00,1102.75,1116.1027743530274,1,267.0554870605474,88.0477623422533,179.00772471829413,2020-03-18
BANKNIFTY19MAR2022400PE,PE,2020-03-18 12:19:00,2020-03-18 12:23:00,1791.8183505249021,2044.875,1,5061.132989501957,119.19955600958117,4941.933433492376,2020-03-18
BANKNIFTY19MAR2022400PE,PE,2020-03-18 13:09:00,2020-03-18 15:12:00,1870.4645489501952,2052.156798706055,2,3633.8449951171924,120.35374447934424,3513.491250637848,2020-03-18
BANKNIFTY19MAR2022400PE,PE,2020-03-18 15:17:00,2020-03-18 15:19:00,1938.3839239501951,1883.8286737060548,2,-1091.1050048828065,117.10320164534423,-1208.2082065281506,2020-03-18
BANKNIFTY19MAR2019100CE,CE,2020-03-19 09:21:00,2020-03-19 09:27:00,518.0919877624511,448.5757621765137,6,-1390.3245117187487,64.54754502804224,-1454.8720567467908,2020-03-19
BANKNIFTY19MAR2019100CE,CE,2020-03-19 09:29:00,2020-03-19 09:34:00,513.4805122375489,441.8426371765137,5,-1432.7575012207035,64.32648006146107,-1497.0839812821646,2020-03-19
BANKNIFTY19MAR2019100CE,CE,2020-03-19 09:38:00,2020-03-19 09:41:00,398.29323776245116,429.174375,3,617.6227447509768,62.58730169641558,555.0354430545613,2020-03-19
BANKNIFTY19MAR2019100CE,CE,2020-03-19 10:03:00,2020-03-19 10:04:00,343.4063627624512,357.0551371765137,1,272.9754882812506,60.151209623042234,212.82427865820836,2020-03-19
BANKNIFTY19MAR2019100CE,CE,2020-03-19 10:27:00,2020-03-19 10:31:00,453.78161888122554,479.14913108825687,4,507.3502441406265,64.49223312527111,442.8580110153554,2020-03-19
BANKNIFTY19MAR2019100CE,CE,2020-03-19 10:42:00,2020-03-19 10:44:00,464.3580122375488,465.68288108825686,2,26.49737701416143,64.29608232727273,-37.7987053131113,2020-03-19
BANKNIFTY19MAR2019100CE,CE,2020-03-19 10:49:00,2020-03-19 10:52:00,493.83150611877437,436.80524391174316,3,-1140.5252441406242,63.95984113022889,-1204.485085270853,2020-03-19
BANKNIFTY19MAR2019100CE,CE,2020-03-19 11:18:00,2020-03-19 11:21:00,939.4427255249022,917.4007621765137,3,-440.839266967771,81.18574982370781,-522.0250167914788,2020-03-19
BANKNIFTY19MAR2019100CE,CE,2020-03-19 11:57:00,2020-03-19 11:58:00,855.4332377624511,862.2390243530274,1,136.11573181152608,78.80031750541887,57.3154143061072,2020-03-19
BANKNIFTY19MAR2019100CE,CE,2020-03-19 12:00:00,2020-03-19 12:01:00,888.1648872375488,875.9047256469727,1,-245.20323181152207,79.53936147783112,-324.7425932893532,2020-03-19
BANKNIFTY19MAR2019100CE,CE,2020-03-19 12:02:00,2020-03-19 12:03:00,748.9176127624511,795.9551371765137,1,940.7504882812532,75.86474722854226,864.885741052711,2020-03-19
BANKNIFTY19MAR2019100CE,CE,2020-03-19 12:04:00,2020-03-19 12:06:00,758.39125,873.1117378234864,2,2294.4097564697267,77.85917019962335,2216.5505862701034,2020-03-19
BANKNIFTY19MAR2019100CE,CE,2020-03-19 13:14:00,2020-03-19 13:15:00,1264.1525,1197.0,1,-1343.0499999999984,92.02067419900001,-1435.0706741989984,2020-03-19
BANKNIFTY19MAR2019100CE,CE,2020-03-19 14:28:00,2020-03-19 14:29:00,1508.7624999999998,1549.9155487060548,1,823.0609741210992,103.64378763550661,719.4171864855925,2020-03-19
BANKNIFTY19MAR2019100CE,CE,2020-03-19 14:30:00,2020-03-19 14:32:00,1452.5723260498046,1353.358125,2,-1984.2840209960923,98.16471923916234,-2082.4487402352547,2020-03-19
BANKNIFTY19MAR2019100PE,PE,2020-03-19 09:58:00,2020-03-19 09:59:00,557.4902255249023,572.7146493530274,1,304.48847656250337,68.05651761083446,236.4319589516689,2020-03-19
BANKNIFTY19MAR2019100PE,PE,2020-03-19 10:07:00,2020-03-19 10:14:00,510.2223872375488,436.90500000000003,7,-1466.3477447509752,64.16590130808441,-1530.5136460590595,2020-03-19
BANKNIFTY19MAR2019100PE,PE,2020-03-19 10:31:00,2020-03-19 10:37:00,447.11499999999995,449.623125,6,50.16250000000127,63.691230957249985,-13.528730957248712,2020-03-19
BANKNIFTY19MAR2019100PE,PE,2020-03-19 10:39:00,2020-03-19 10:47:00,430.37323776245114,419.29913108825684,8,-221.48213348388595,62.74564930160392,-284.22778278548986,2020-03-19
BANKNIFTY19MAR2019100PE,PE,2020-03-19 10:49:00,2020-03-19 10:59:00,424.35823776245115,377.10486282348637,10,-945.0674987792956,61.644604844038945,-1006.7121036233345,2020-03-19
BANKNIFTY19MAR2019100PE,PE,2020-03-19 11:00:00,2020-03-19 11:08:00,337.89261276245117,257.15548782348634,8,-1614.7424987792965,57.65278988753893,-1672.3952886668355,2020-03-19
BANKNIFTY19MAR2019100PE,PE,2020-03-19 11:10:00,2020-03-19 11:15:00,233.6827561187744,186.68211891174317,5,-940.0127441406244,54.64396227647889,-994.6567064171032,2020-03-19
BANKNIFTY19MAR2019100PE,PE,2020-03-19 11:31:00,2020-03-19 11:39:00,174.58536888122558,177.0063719558716,8,48.42006149292047,53.67441097773863,-5.254349484818164,2020-03-19
BANKNIFTY19MAR2019100PE,PE,2020-03-19 11:52:00,2020-03-19 11:56:00,166.2145030593872,196.40774391174318,4,603.8648170471197,54.04232590002027,549.8224911470994,2020-03-19
BANKNIFTY19MAR2019100PE,PE,2020-03-19 12:21:00,2020-03-19 12:22:00,178.29463111877442,186.63225608825684,1,166.7524993896484,53.954629523355536,112.79786986629286,2020-03-19
BANKNIFTY19MAR2019100PE,PE,2020-03-19 12:23:00,2020-03-19 12:29:00,177.2420030593872,168.7769969558716,6,-169.3001220703121,53.507247912364434,-222.80736998267656,2020-03-19
BANKNIFTY19MAR2019100PE,PE,2020-03-19 12:40:00,2020-03-19 12:41:00,157.59299694061278,174.61237804412843,1,340.3876220703131,53.405073995385564,286.98254807492754,2020-03-19
BANKNIFTY19MAR2019100PE,PE,2020-03-19 12:43:00,2020-03-19 12:53:00,171.2771311187744,100.24875,10,-1420.567622375488,51.76628906166721,-1472.3339114371554,2020-03-19
BANKNIFTY19MAR2019100PE,PE,2020-03-19 12:54:00,2020-03-19 13:04:00,87.468125,44.638125,10,-856.5999999999999,49.372428895,-905.9724288949999,2020-03-19
BANKNIFTY19MAR2019100PE,PE,2020-03-19 13:05:00,2020-03-19 13:10:00,49.0723757648468,45.485998477935794,5,-71.72754573822004,48.916038800130075,-120.64358453835013,2020-03-19
BANKNIFTY19MAR2019100PE,PE,2020-03-19 13:20:00,2020-03-19 13:21:00,53.0823757648468,55.76025152206421,1,53.557515144348145,49.21576425747423,4.341750886873918,2020-03-19
BANKNIFTY19MAR2019100PE,PE,2020-03-19 13:25:00,2020-03-19 13:26:00,54.2853765296936,61.595625000000005,1,146.2049694061281,49.3726471481043,96.8323222580238,2020-03-19
BANKNIFTY19MAR2019100PE,PE,2020-03-19 13:27:00,2020-03-19 13:36:00,54.98712347030639,43.39125,9,-231.91746940612788,48.938569435645704,-280.85603884177357,2020-03-19
BANKNIFTY19MAR2019100PE,PE,2020-03-19 13:41:00,2020-03-19 13:44:00,37.8944992351532,43.092000761032104,3,103.95003051757811,48.71893869040889,55.23109182716922,2020-03-19
BANKNIFTY19MAR2019100PE,PE,2020-03-19 13:45:00,2020-03-19 13:54:00,36.7917507648468,19.501124238967897,9,-345.8125305175781,48.13142354034111,-393.94395405791926,2020-03-19
BANKNIFTY19MAR2019100PE,PE,2020-03-19 14:11:00,2020-03-19 14:12:00,9.8245001912117,9.077250380516054,1,-14.944996213912916,47.542847067931056,-62.48784328184397,2020-03-19
BANKNIFTY19MAR2019100PE,PE,2020-03-19 14:14:00,2020-03-19 14:16:00,9.022499999999999,11.171999809741974,2,42.989996194839506,47.583835185572234,-4.593838990732728,2020-03-19
BANKNIFTY19MAR2019100PE,PE,2020-03-19 14:19:00,2020-03-19 14:28:00,7.0676251912117,10.573500380516053,9,70.11750378608707,47.54499094218106,22.57251284390601,2020-03-19
BANKNIFTY26MAR2019500CE,CE,2020-03-20 09:25:00,2020-03-20 09:35:00,1478.7877255249023,1173.808125,10,-6099.592010498045,94.12310649608116,-6193.715116994126,2020-03-20
BANKNIFTY26MAR2019500CE,CE,2020-03-20 09:37:00,2020-03-20 09:38:00,1154.5792010498046,1205.8278506469728,1,1024.972991943364,90.87410447015907,934.0988874732049,2020-03-20
BANKNIFTY26MAR2019500CE,CE,2020-03-20 09:41:00,2020-03-20 09:46:00,1255.1299999999999,1203.1844512939454,5,-1038.9109741210905,92.0590103874934,-1130.9699845085838,2020-03-20
BANKNIFTY26MAR2019500CE,CE,2020-03-20 09:48:00,2020-03-20 09:49:00,1211.2706249999999,1235.9524237060548,1,493.6359741210981,92.31115411000661,401.3248200110915,2020-03-20
BANKNIFTY26MAR2019500CE,CE,2020-03-20 09:52:00,2020-03-20 09:53:00,1194.0276739501953,1221.9375,1,558.1965209960936,91.75604118508765,466.4404798110059,2020-03-20
BANKNIFTY26MAR2019500CE,CE,2020-03-20 09:54:00,2020-03-20 10:04:00,1210.0175,1306.6750762939455,10,1933.1515258789113,94.01581529874342,1839.1357105801678,2020-03-20
BANKNIFTY26MAR2019500CE,CE,2020-03-20 10:11:00,2020-03-20 10:13:00,1324.3025,1301.488125,2,-456.28749999999854,95.30948109625001,-551.5969810962486,2020-03-20
BANKNIFTY26MAR2019500CE,CE,2020-03-20 10:23:00,2020-03-20 10:27:00,1304.6033505249022,1315.0042987060547,4,208.01896362304888,95.39350874558777,112.62545487746111,2020-03-20
BANKNIFTY26MAR2019500CE,CE,2020-03-20 10:35:00,2020-03-20 10:45:00,1259.6914239501953,1179.6933993530274,10,-1599.9604919433568,91.54429274309095,-1691.5047846864477,2020-03-20
BANKNIFTY26MAR2019500CE,CE,2020-03-20 10:46:00,2020-03-20 10:56:00,1173.8773260498047,1189.0699237060549,10,303.851953125004,90.70624354416896,213.14570958083505,2020-03-20
BANKNIFTY26MAR2019500CE,CE,2020-03-20 10:57:00,2020-03-20 11:07:00,1177.7370489501952,1231.164375,10,1068.5465209960967,91.77808379308765,976.7684372030091,2020-03-20
BANKNIFTY26MAR2019500CE,CE,2020-03-20 11:11:00,2020-03-20 11:15:00,1165.9075,1196.2518750000002,4,606.8875000000025,90.78192052375002,516.1055794762525,2020-03-20
BANKNIFTY26MAR2019500CE,CE,2020-03-20 11:19:00,2020-03-20 11:28:00,1179.4914239501952,1189.1696493530274,9,193.5645080566428,90.77841653759094,102.78609151905187,2020-03-20
BANKNIFTY26MAR2019500CE,CE,2020-03-20 11:52:00,2020-03-20 11:59:00,1307.9617010498046,1339.3432012939454,7,627.630004882817,96.02724128015576,531.6027636026613,2020-03-20
BANKNIFTY26MAR2019500CE,CE,2020-03-20 12:20:00,2020-03-20 12:26:00,1615.4785760498046,1597.5959756469726,6,-357.6520080566388,106.12934511065906,-463.7813531672979,2020-03-20
BANKNIFTY26MAR2019500CE,CE,2020-03-20 12:27:00,2020-03-20 12:29:00,1611.51875,1723.6300762939454,2,2242.2265258789093,109.14575286624341,2133.0807730126658,2020-03-20
BANKNIFTY26MAR2019500CE,CE,2020-03-20 12:34:00,2020-03-20 12:44:00,1604.0501739501951,1597.9450762939455,10,-122.10195312499309,105.99585459883106,-228.09780772382413,2020-03-20
BANKNIFTY26MAR2019500CE,CE,2020-03-20 13:48:00,2020-03-20 13:49:00,1960.689548950195,2062.33125,1,2032.8340209961016,121.72214307283765,1911.1118779232638,2020-03-20
BANKNIFTY26MAR2019500CE,CE,2020-03-20 13:53:00,2020-03-20 14:00:00,1736.6307989501952,1510.3646493530275,7,-4525.322991943353,105.51271197884094,-4630.835703922195,2020-03-20
BANKNIFTY26MAR2019500CE,CE,2020-03-20 14:03:00,2020-03-20 14:04:00,1540.5918749999998,1549.8157012939455,1,184.47652587891298,104.03679441024342,80.43973146866956,2020-03-20
BANKNIFTY26MAR2019500CE,CE,2020-03-20 14:06:00,2020-03-20 14:10:00,1443.0485760498045,1351.6125000000002,4,-1828.7215209960868,98.00394009441234,-1926.7254610904993,2020-03-20
BANKNIFTY26MAR2019500CE,CE,2020-03-20 14:13:00,2020-03-20 14:14:00,1354.3774999999998,1367.0238262939454,1,252.92652587891098,97.2771850502434,155.64934082866756,2020-03-20
BANKNIFTY26MAR2019500CE,CE,2020-03-20 14:17:00,2020-03-20 14:19:00,1370.7683505249022,1311.3633993530275,2,-1188.099023437494,96.12695646008447,-1284.2259798975786,2020-03-20
BANKNIFTY26MAR2019500CE,CE,2020-03-20 14:30:00,2020-03-20 14:38:00,1504.7524999999998,1431.8613262939455,8,-1457.8234741210872,100.7224653152434,-1558.5459394363306,2020-03-20
BANKNIFTY26MAR2019500CE,CE,2020-03-20 14:40:00,2020-03-20 14:44:00,1413.9260244750976,1484.1303506469728,4,1404.0865234375042,100.86544435466553,1303.2210790828387,2020-03-20
BANKNIFTY26MAR2019500CE,CE,2020-03-20 14:54:00,2020-03-20 14:56:00,1531.6195489501952,1552.2596493530275,2,412.8020080566466,103.98477143534093,308.8172366213057,2020-03-20
BANKNIFTY26MAR2019500CE,CE,2020-03-20 14:58:00,2020-03-20 15:01:00,1548.7121005249023,1565.2769512939453,3,331.2970153808601,104.5137501045746,226.7832652762855,2020-03-20
BANKNIFTY26MAR2019500CE,CE,2020-03-20 15:08:00,2020-03-20 15:15:00,1599.1378994750976,1527.67125,7,-1429.3329895019497,104.22551402441881,-1533.5585035263684,2020-03-20
BANKNIFTY26MAR2019500CE,CE,2020-03-20 15:23:00,2020-03-20 15:24:00,1506.9579510498047,1494.3049237060548,1,-253.0605468749991,102.26871804291895,-355.32926491791807,2020-03-20
BANKNIFTY26MAR2019500PE,PE,2020-03-20 09:15:00,2020-03-20 09:25:00,1153.8273260498047,974.3579878234864,10,-3589.3867645263663,85.23458312053572,-3674.621347646902,2020-03-20
BANKNIFTY26MAR2019500PE,PE,2020-03-20 10:06:00,2020-03-20 10:08:00,1021.9485244750977,1093.8584756469727,2,1438.1990234375007,86.50285570691553,1351.696167730585,2020-03-20
BANKNIFTY26MAR2019500PE,PE,2020-03-20 10:55:00,2020-03-20 10:58:00,1157.2358505249024,1137.7484756469728,3,-389.74749755859193,89.25117413482788,-478.9986716934198,2020-03-20
BANKNIFTY26MAR2019500PE,PE,2020-03-20 11:06:00,2020-03-20 11:16:00,1098.3389755249023,1087.524375,10,-216.29201049804578,87.29783198408117,-303.589842482127,2020-03-20
BANKNIFTY26MAR2019500PE,PE,2020-03-20 11:17:00,2020-03-20 11:19:00,1089.7676739501953,1117.1500762939454,2,547.6480468750015,87.91194926983107,459.73609760517036,2020-03-20
BANKNIFTY26MAR2019500PE,PE,2020-03-20 11:25:00,2020-03-20 11:34:00,1121.7975,1017.45,9,-2086.949999999997,85.884810241,-2172.8348102409973,2020-03-20
BANKNIFTY26MAR2019500PE,PE,2020-03-20 11:36:00,2020-03-20 11:38:00,1002.5,1031.664375,2,583.2875000000013,84.74845059175001,498.53904940825123,2020-03-20
BANKNIFTY26MAR2019500PE,PE,2020-03-20 11:41:00,2020-03-20 11:51:00,1026.0086372375488,1009.3702743530274,10,-332.7672576904274,84.49823971083771,-417.2654974012651,2020-03-20
BANKNIFTY26MAR2019500PE,PE,2020-03-20 11:55:00,2020-03-20 12:05:00,1015.5324999999999,963.2358993530274,10,-1045.9320129394496,83.24593428850329,-1129.177947227953,2020-03-20
BANKNIFTY26MAR2019500PE,PE,2020-03-20 12:06:00,2020-03-20 12:13:00,933.6282377624511,906.3783993530274,7,-544.9967681884755,80.8454094091689,-625.8421775976444,2020-03-20
BANKNIFTY26MAR2019500PE,PE,2020-03-20 12:29:00,2020-03-20 12:32:00,834.7316494750976,887.7251371765137,3,1059.8697540283229,79.16304326704547,980.7067107612773,2020-03-20
BANKNIFTY26MAR2019500PE,PE,2020-03-20 12:33:00,2020-03-20 12:34:00,865.4582377624512,918.19875,1,1054.8102447509768,80.2860060781656,974.5242386728112,2020-03-20
BANKNIFTY26MAR2019500PE,PE,2020-03-20 12:46:00,2020-03-20 12:55:00,866.2101127624511,800.8927743530273,9,-1306.3467681884754,77.44204344316888,-1383.7888116316442,2020-03-20
BANKNIFTY26MAR2019500PE,PE,2020-03-20 13:14:00,2020-03-20 13:24:00,812.1753994750976,803.236875,10,-178.77048950195103,76.82775474566883,-255.59824424761985,2020-03-20
BANKNIFTY26MAR2019500PE,PE,2020-03-20 13:25:00,2020-03-20 13:35:00,757.0880122375488,750.2197256469727,10,-137.36573181152153,74.85380314758112,-212.21953495910265,2020-03-20
BANKNIFTY26MAR2019500PE,PE,2020-03-20 13:36:00,2020-03-20 13:46:00,755.885,715.4070121765137,10,-809.5597564697255,73.99208688737666,-883.5518433571021,2020-03-20
BANKNIFTY26MAR2019500PE,PE,2020-03-20 13:48:00,2020-03-20 13:50:00,722.8526127624511,757.3020121765137,2,688.9879882812511,74.60074294329223,614.3872453379588,2020-03-20
BANKNIFTY26MAR2019500PE,PE,2020-03-20 14:24:00,2020-03-20 14:31:00,1003.1516494750977,945.5801371765137,7,-1151.4302459716782,82.66266785704546,-1234.0929138287238,2020-03-20
BANKNIFTY26MAR2019500PE,PE,2020-03-20 15:03:00,2020-03-20 15:08:00,797.5889755249023,796.7531250000001,5,-16.71701049804369,76.48883070758117,-93.20584120562486,2020-03-20
BANKNIFTY26MAR2019500PE,PE,2020-03-20 15:15:00,2020-03-20 15:21:00,777.5389755249023,722.8882621765138,6,-1093.0142669677707,74.44307815020782,-1167.4573451179785,2020-03-20
BANKNIFTY26MAR2018400CE,CE,2020-03-23 09:34:00,2020-03-23 09:36:00,1062.6499999999999,1012.7118750000001,2,-998.7624999999957,85.03473710275,-1083.7972371027458,2020-03-23
BANKNIFTY26MAR2018400CE,CE,2020-03-23 09:37:00,2020-03-23 09:45:00,970.5703994750976,881.7900000000001,7,-1775.6079895019502,80.70628565891883,-1856.314275160869,2020-03-23
BANKNIFTY26MAR2018400CE,CE,2020-03-23 09:46:00,2020-03-23 09:48:00,838.9922744750976,852.7627743530273,2,275.409997558595,78.36556503942212,197.04443251917291,2020-03-23
BANKNIFTY26MAR2018400CE,CE,2020-03-23 09:50:00,2020-03-23 09:51:00,828.6163627624511,840.1443750000001,1,230.56024475097956,77.92973396416559,152.63051078681397,2020-03-23
BANKNIFTY26MAR2018400CE,CE,2020-03-23 09:52:00,2020-03-23 11:08:00,840.846875,794.2095121765137,10,-932.7472564697246,76.96437972662666,-1009.7116361963513,2020-03-23
BANKNIFTY26MAR2018400CE,CE,2020-03-23 11:09:00,2020-03-23 11:19:00,789.4186372375488,698.25,10,-1823.372744750975,73.99137508158441,-1897.3641198325595,2020-03-23
BANKNIFTY26MAR2018400CE,CE,2020-03-23 11:20:00,2020-03-23 11:31:00,708.5669877624512,699.74625,10,-176.41475524902262,73.0233007156656,-249.4380559646882,2020-03-23
BANKNIFTY26MAR2018400CE,CE,2020-03-23 11:32:00,2020-03-23 11:37:00,702.7524999999999,736.1550000000001,4,668.0500000000029,73.83665571700001,594.2133442830029,2020-03-23
BANKNIFTY26MAR2018400CE,CE,2020-03-23 11:42:00,2020-03-23 11:55:00,786.9625,714.1601371765137,10,-1456.047256469726,74.34785282762664,-1530.3951092973527,2020-03-23
BANKNIFTY26MAR2018400CE,CE,2020-03-23 11:56:00,2020-03-23 12:21:00,717.7398872375488,672.2152743530273,10,-910.49225769043,72.46760871033771,-982.9598664007677,2020-03-23
BANKNIFTY26MAR2018400CE,CE,2020-03-23 12:24:00,2020-03-23 12:37:00,661.2489755249023,753.1125000000001,10,1837.2704895019547,73.73349997733118,1763.5369895246236,2020-03-23
BANKNIFTY26MAR2018400CE,CE,2020-03-23 12:39:00,2020-03-23 13:11:00,737.33875,669.2227743530274,10,-1362.3195129394526,72.6383087687533,-1434.957821708206,2020-03-23
BANKNIFTY26MAR2018400CE,CE,2020-03-23 13:13:00,2020-03-23 13:35:00,662.6524999999999,600.2954878234864,10,-1247.1402435302707,70.03387692662335,-1317.1741204568941,2020-03-23
BANKNIFTY26MAR2018400CE,CE,2020-03-23 13:36:00,2020-03-23 13:41:00,614.3821005249023,625.4823628234864,4,222.0052459716817,70.04682026445454,151.95842570722715,2020-03-23
BANKNIFTY26MAR2018400CE,CE,2020-03-23 13:46:00,2020-03-23 13:59:00,593.9311372375488,533.3133993530274,10,-1212.3547576904275,67.5508646770877,-1279.9056223675152,2020-03-23
BANKNIFTY26MAR2018400CE,CE,2020-03-23 14:00:00,2020-03-23 14:02:00,539.1444877624511,546.5801371765137,2,148.7129882812519,67.19291208279225,81.52007619845966,2020-03-23
BANKNIFTY26MAR2018400CE,CE,2020-03-23 14:05:00,2020-03-23 14:14:00,553.7308505249023,518.3009756469727,7,-708.5974975585918,66.68627620582788,-775.2837737644197,2020-03-23
BANKNIFTY26MAR2018400CE,CE,2020-03-23 14:23:00,2020-03-23 14:29:00,535.3349999999999,542.4903506469727,6,143.10701293945613,67.04610619899671,76.06090674045942,2020-03-23
BANKNIFTY26MAR2018400CE,CE,2020-03-23 14:31:00,2020-03-23 14:34:00,575.8861372375488,555.4079878234863,2,-409.56298828125,67.86410074720777,-477.4270890284578,2020-03-23
BANKNIFTY26MAR2018400CE,CE,2020-03-23 14:35:00,2020-03-23 14:39:00,537.2397744750976,580.7445121765137,3,870.094754028321,68.00024927854547,802.0945047497755,2020-03-23
BANKNIFTY26MAR2018400CE,CE,2020-03-23 14:40:00,2020-03-23 14:59:00,561.4,551.7172256469727,9,-193.65548706054597,67.59435814974671,-261.2498452102927,2020-03-23
BANKNIFTY26MAR2018400CE,CE,2020-03-23 15:02:00,2020-03-23 15:14:00,509.3201127624511,418.00236282348635,10,-1826.3549987792953,63.69491162528894,-1890.0499104045844,2020-03-23
BANKNIFTY26MAR2018400CE,CE,2020-03-23 15:15:00,2020-03-23 15:22:00,444.9596311187744,405.0847560882569,7,-797.49750061035,62.58112004635553,-860.0786206567055,2020-03-23
BANKNIFTY26MAR2018400CE,CE,2020-03-23 15:23:00,2020-03-23 15:24:00,409.82198776245116,403.8877439117432,1,-118.68487701415916,62.11546837497726,-180.80034538913642,2020-03-23
BANKNIFTY26MAR2018400PE,PE,2020-03-23 09:16:00,2020-03-23 09:25:00,856.5360244750976,1012.4625000000001,9,3118.529510498049,82.46799381866883,3036.0615166793805,2020-03-23
BANKNIFTY26MAR2018400PE,PE,2020-03-23 09:26:00,2020-03-23 09:36:00,1008.264375,1104.4319512939453,10,1923.3515258789066,86.59003429974341,1836.7614915791632,2020-03-23
BANKNIFTY26MAR2018400PE,PE,2020-03-23 09:37:00,2020-03-23 09:38:00,1124.0029510498046,1184.9302743530275,1,1218.5464660644584,89.98593308391567,1128.5605329805428,2020-03-23
BANKNIFTY26MAR2018400PE,PE,2020-03-23 10:57:00,2020-03-23 11:00:00,1192.3735244750976,1626.174375,2,8676.01701049805,101.56798674641884,8574.449023751631,2020-03-23
BANKNIFTY26MAR2018400PE,PE,2020-03-23 11:04:00,2020-03-23 11:09:00,1448.5623260498046,1516.7486737060547,5,1363.7269531250013,102.08914695366894,1261.6378061713324,2020-03-23
BANKNIFTY26MAR2018400PE,PE,2020-03-23 11:35:00,2020-03-23 11:40:00,1752.8210760498046,1524.9281250000001,4,-4557.8590209960885,106.06808966166236,-4663.927110657751,2020-03-23
BANKNIFTY26MAR2018400PE,PE,2020-03-23 11:41:00,2020-03-23 11:42:00,1458.5873260498047,1520.8383993530274,1,1245.0214660644542,102.31317039441565,1142.7082956700385,2020-03-23
BANKNIFTY26MAR2018400PE,PE,2020-03-23 12:09:00,2020-03-23 12:16:00,1641.2428994750976,1710.7125,5,1389.3920104980498,109.20083185091882,1280.191178647131,2020-03-23
BANKNIFTY26MAR2018400PE,PE,2020-03-23 12:32:00,2020-03-23 12:41:00,1656.7314755249022,1633.2067987060548,7,-470.4935363769482,107.50803804833777,-578.001574425286,2020-03-23
BANKNIFTY26MAR2018400PE,PE,2020-03-23 12:48:00,2020-03-23 12:52:00,1514.1760244750976,1556.2496493530275,4,841.4724975585978,103.8651112286721,737.6073863299257,2020-03-23
BANKNIFTY26MAR2018400PE,PE,2020-03-23 13:17:00,2020-03-23 13:18:00,1677.1825,1724.5777743530275,1,947.9054870605523,109.98458445925331,837.9209026012991,2020-03-23
BANKNIFTY26MAR2018400PE,PE,2020-03-23 13:23:00,2020-03-23 13:24:00,1648.1601739501953,1702.4332012939453,1,1085.4605468750015,109.08538695208104,976.3751599229204,2020-03-23
BANKNIFTY26MAR2018400PE,PE,2020-03-23 13:28:00,2020-03-23 13:32:00,1665.8041494750976,1765.575,2,1995.4170104980494,110.84042450141882,1884.5765859966307,2020-03-23
BANKNIFTY26MAR2018400PE,PE,2020-03-23 13:43:00,2020-03-23 13:46:00,1781.2921005249023,1855.3500000000001,2,1481.1579895019577,114.45885180008116,1366.6991377018765,2020-03-23
BANKNIFTY26MAR2018400PE,PE,2020-03-23 14:03:00,2020-03-23 14:11:00,1899.7375,2052.904923706055,2,3063.3484741210987,120.73561700725661,2942.612857113842,2020-03-23
BANKNIFTY26MAR2018400PE,PE,2020-03-23 14:14:00,2020-03-23 14:27:00,1920.2385760498046,2052.904923706055,4,2653.326953125006,120.99031417566894,2532.336638949337,2020-03-23
BANKNIFTY26MAR2018400PE,PE,2020-03-23 14:54:00,2020-03-23 14:55:00,1947.9076739501952,2092.25625,1,2886.971520996094,122.29122990058765,2764.6802910955066,2020-03-23
BANKNIFTY26MAR2017600CE,CE,2020-03-24 09:23:00,2020-03-24 09:29:00,962.4,916.6027743530274,6,-915.9445129394521,81.45155188225328,-997.3960648217054,2020-03-24
BANKNIFTY26MAR2017600CE,CE,2020-03-24 09:30:00,2020-03-24 09:37:00,877.7889755249023,746.5788871765137,7,-2624.2017669677716,76.2647853364578,-2700.4665523042295,2020-03-24
BANKNIFTY26MAR2017600CE,CE,2020-03-24 09:43:00,2020-03-24 09:44:00,747.865,756.4541006469727,1,171.7820129394545,74.89086257649669,96.8911503629578,2020-03-24
BANKNIFTY26MAR2017600CE,CE,2020-03-24 09:49:00,2020-03-24 09:52:00,696.8377255249023,618.45,3,-1567.7545104980459,70.90016358683118,-1638.6546740848771,2020-03-24
BANKNIFTY26MAR2017600CE,CE,2020-03-24 09:53:00,2020-03-24 09:56:00,627.815625,664.335,3,730.3875000000016,71.15874900474999,659.2287509952516,2020-03-24
BANKNIFTY26MAR2017600CE,CE,2020-03-24 10:00:00,2020-03-24 10:01:00,656.7878994750977,679.1977743530274,1,448.1974975585945,71.88020513217212,376.31729242642234,2020-03-24
BANKNIFTY26MAR2017600CE,CE,2020-03-24 10:02:00,2020-03-24 10:08:00,668.5672744750976,628.4250000000001,6,-802.8454895019513,70.79157072116882,-873.6370602231201,2020-03-24
BANKNIFTY26MAR2017600CE,CE,2020-03-24 10:13:00,2020-03-24 10:15:00,623.7053994750976,611.5672256469727,2,-242.76347656249754,69.82418297066552,-312.58765953316305,2020-03-24
BANKNIFTY26MAR2017600CE,CE,2020-03-24 10:18:00,2020-03-24 10:26:00,579.4449999999999,571.7171493530274,8,-154.5570129394514,68.3050121560033,-222.8620250954547,2020-03-24
BANKNIFTY26MAR2017600CE,CE,2020-03-24 10:41:00,2020-03-24 10:42:00,610.7230122375488,639.2977743530274,1,571.4952423095724,70.33740175908771,501.1578405504847,2020-03-24
BANKNIFTY26MAR2017600CE,CE,2020-03-24 10:43:00,2020-03-24 10:44:00,620.0963627624511,622.0409756469727,1,38.89225769043151,70.0341050476623,-31.141847357230787,2020-03-24
BANKNIFTY26MAR2017600CE,CE,2020-03-24 10:56:00,2020-03-24 11:03:00,870.1198872375488,817.0522256469727,7,-1061.3532318115222,77.8836729468311,-1139.2369047583534,2020-03-24
BANKNIFTY26MAR2017600CE,CE,2020-03-24 11:04:00,2020-03-24 11:05:00,796.8371005249023,823.8352743530274,1,539.9634765625024,77.13822508133448,462.82525148116787,2020-03-24
BANKNIFTY26MAR2017600CE,CE,2020-03-24 11:07:00,2020-03-24 11:12:00,787.0627255249022,817.0522256469727,5,599.7900024414093,76.85180399257789,522.9381984488315,2020-03-24
BANKNIFTY26MAR2017600CE,CE,2020-03-24 11:33:00,2020-03-24 11:34:00,841.0473872375488,869.4209756469727,1,567.4717681884772,78.79628436333113,488.6754838251461,2020-03-24
BANKNIFTY26MAR2017600CE,CE,2020-03-24 11:52:00,2020-03-24 11:53:00,893.0771005249023,877.8000000000001,1,-305.54201049804533,79.64648874608116,-385.1884992441265,2020-03-24
BANKNIFTY26MAR2017600CE,CE,2020-03-24 11:54:00,2020-03-24 12:03:00,860.5460244750976,717.6015243530273,9,-2858.8900024414056,75.34573202742212,-2934.2357344688276,2020-03-24
BANKNIFTY26MAR2017600CE,CE,2020-03-24 12:04:00,2020-03-24 12:07:00,752.8774999999999,793.0125,3,802.7000000000021,75.84236775400001,726.8576322460021,2020-03-24
BANKNIFTY26MAR2017600CE,CE,2020-03-24 12:12:00,2020-03-24 12:16:00,778.8422744750976,813.4113871765137,4,691.3822540283218,76.66111809829546,614.7211359300263,2020-03-24
BANKNIFTY26MAR2017600CE,CE,2020-03-24 12:17:00,2020-03-24 12:18:00,785.3585244750976,778.4988871765137,1,-137.19274597167896,75.89287569679547,-213.08562166847443,2020-03-24
BANKNIFTY26MAR2017600CE,CE,2020-03-24 12:33:00,2020-03-24 12:35:00,832.0749999999999,817.95,2,-282.4999999999977,77.43285559,-359.93285558999776,2020-03-24
BANKNIFTY26MAR2017600CE,CE,2020-03-24 13:00:00,2020-03-24 13:10:00,944.2547744750976,939.7946493530274,10,-89.20250244140561,81.79023274917213,-170.99273519057775,2020-03-24
BANKNIFTY26MAR2017600CE,CE,2020-03-24 13:13:00,2020-03-24 13:15:00,947.3625,960.4428506469727,2,261.6070129394552,82.3310804769967,179.2759324624585,2020-03-24
BANKNIFTY26MAR2017600CE,CE,2020-03-24 13:18:00,2020-03-24 13:23:00,959.7433505249023,969.3704878234864,5,192.54274597168205,82.70204748720455,109.8406984844775,2020-03-24
BANKNIFTY26MAR2017600CE,CE,2020-03-24 13:34:00,2020-03-24 13:38:00,1037.5874999999999,989.5698628234863,4,-960.3527435302703,84.16047358037333,-1044.5132171106436,2020-03-24
BANKNIFTY26MAR2017600CE,CE,2020-03-24 14:21:00,2020-03-24 14:22:00,946.2096005249023,913.8596493530274,1,-646.9990234374973,81.18368616008448,-728.1827095975817,2020-03-24
BANKNIFTY26MAR2017600CE,CE,2020-03-24 14:33:00,2020-03-24 14:43:00,902.25,786.1796493530273,10,-2321.407012939453,77.53191241900329,-2398.9389253584563,2020-03-24
BANKNIFTY26MAR2017600CE,CE,2020-03-24 14:51:00,2020-03-24 15:01:00,785.6091494750976,607.4775000000001,10,-3562.632989501951,71.73613354841882,-3634.36912305037,2020-03-24
BANKNIFTY26MAR2017600CE,CE,2020-03-24 15:02:00,2020-03-24 15:08:00,601.5,580.9938871765137,6,-410.1222564697264,68.80465831412664,-478.926914783853,2020-03-24
BANKNIFTY26MAR2017600PE,PE,2020-03-24 09:15:00,2020-03-24 09:23:00,914.78125,1202.6857012939454,8,5758.089025878908,87.81852226149341,5670.270503617414,2020-03-24
BANKNIFTY26MAR2017600PE,PE,2020-03-24 09:32:00,2020-03-24 09:33:00,1415.4297744750975,1419.6419512939453,1,84.24353637695731,99.31553631266223,-15.071999935704923,2020-03-24
BANKNIFTY26MAR2017600PE,PE,2020-03-24 09:41:00,2020-03-24 09:43:00,1569.915,1607.2717987060548,2,747.1359741210972,105.7986323170066,641.3373418040906,2020-03-24
BANKNIFTY26MAR2017600PE,PE,2020-03-24 09:56:00,2020-03-24 10:01:00,1728.5104510498045,1708.1688262939454,5,-406.8324951171826,110.22313770290576,-517.0556328200884,2020-03-24
BANKNIFTY26MAR2017600PE,PE,2020-03-24 10:29:00,2020-03-24 10:39:00,1840.1889755249022,1615.95,10,-4484.779510498042,109.36749317633118,-4594.147003674373,2020-03-24
BANKNIFTY26MAR2017600PE,PE,2020-03-24 10:48:00,2020-03-24 10:58:00,1550.8674999999998,1483.1328506469727,10,-1354.6929870605436,102.54248767899671,-1457.2354747395402,2020-03-24
BANKNIFTY26MAR2017600PE,PE,2020-03-24 11:12:00,2020-03-24 11:15:00,1557.9351739501951,1526.3246493530273,2,-632.2104919433559,103.68087366809092,-735.8913656114469,2020-03-24
BANKNIFTY26MAR2017600PE,PE,2020-03-24 11:17:00,2020-03-24 11:21:00,1423.6001739501953,1489.4171493530275,4,1316.3395080566443,101.11422609509096,1215.2252819615533,2020-03-24
BANKNIFTY26MAR2017600PE,PE,2020-03-24 11:23:00,2020-03-24 11:25:00,1431.6702255249022,1436.4,2,94.59548950195767,99.92491725383117,-5.329427751873496,2020-03-24
BANKNIFTY26MAR2017600PE,PE,2020-03-24 11:33:00,2020-03-24 11:35:00,1453.625,1446.375,1,-145.0,100.44030250000002,-245.44030250000003,2020-03-24
BANKNIFTY26MAR2017600PE,PE,2020-03-24 11:39:00,2020-03-24 11:44:00,1365.405,1418.9437500000001,5,1070.7750000000033,98.67706575550001,972.0979342445032,2020-03-24
BANKNIFTY26MAR2017600PE,PE,2020-03-24 11:46:00,2020-03-24 11:52:00,1307.9116494750976,1364.6299237060548,6,1134.365484619143,96.64168358067542,1037.7238010384676,2020-03-24
BANKNIFTY26MAR2017600PE,PE,2020-03-24 12:04:00,2020-03-24 12:08:00,1467.2589755249023,1473.4072256469728,3,122.96500244141043,101.26720660207789,21.697795839332542,2020-03-24
BANKNIFTY26MAR2017600PE,PE,2020-03-24 12:12:00,2020-03-24 12:20:00,1451.7703994750975,1464.9284756469726,8,263.1615234375022,100.86854900516553,162.29297443233665,2020-03-24
BANKNIFTY26MAR2017600PE,PE,2020-03-24 12:24:00,2020-03-24 12:35:00,1371.4199999999998,1372.4103506469728,10,19.807012939459128,97.6199339169967,-77.81292097753757,2020-03-24
BANKNIFTY26MAR2017600PE,PE,2020-03-24 12:38:00,2020-03-24 12:48:00,1290.4179510498045,1254.0569512939453,10,-727.2199951171842,93.73481611715575,-820.95481123434,2020-03-24
BANKNIFTY26MAR2017600PE,PE,2020-03-24 12:51:00,2020-03-24 12:53:00,1203.0501739501954,1251.5133993530274,1,969.2645080566399,92.58752546159094,876.6769825950489,2020-03-24
BANKNIFTY26MAR2017600PE,PE,2020-03-24 12:55:00,2020-03-24 13:02:00,1237.1852255249023,1212.6108993530274,7,-491.48652343749745,92.06535683933447,-583.551880276832,2020-03-24
BANKNIFTY26MAR2017600PE,PE,2020-03-24 13:09:00,2020-03-24 13:10:00,1256.1826739501953,1246.875,1,-186.1534790039059,93.13479981808764,-279.2882788219935,2020-03-24
BANKNIFTY26MAR2017600PE,PE,2020-03-24 13:12:00,2020-03-24 13:13:00,1244.2528994750976,1254.2066006469727,1,199.07402343750164,93.16491999341554,105.9091034440861,2020-03-24
BANKNIFTY26MAR2017600PE,PE,2020-03-24 13:15:00,2020-03-24 13:20:00,1205.3057989501951,1243.0346493530274,4,754.5770080566444,92.40931472084095,662.1676933358035,2020-03-24
BANKNIFTY26MAR2017600PE,PE,2020-03-24 13:23:00,2020-03-24 13:34:00,1190.2181249999999,1097.25,10,-1859.3624999999975,88.67586399775,-1948.0383639977474,2020-03-24
BANKNIFTY26MAR2017600PE,PE,2020-03-24 13:36:00,2020-03-24 13:46:00,1148.4639755249023,1013.7592378234864,10,-2694.0947540283173,86.12633124345453,-2780.2210852717717,2020-03-24
BANKNIFTY26MAR2017600PE,PE,2020-03-24 13:47:00,2020-03-24 13:57:00,1038.7904510498047,1044.9809756469726,10,123.81049194335901,85.52321630690905,38.28727563644996,2020-03-24
BANKNIFTY26MAR2017600PE,PE,2020-03-24 13:58:00,2020-03-24 14:08:00,1062.4495489501953,1117.2499237060547,10,1096.0074951171873,87.57498846059424,1008.4325066565931,2020-03-24
BANKNIFTY26MAR2017600PE,PE,2020-03-24 14:09:00,2020-03-24 14:11:00,1159.4414239501953,1191.015,2,631.4715209960968,90.57420892858764,540.8973120675092,2020-03-24
BANKNIFTY26MAR2017600PE,PE,2020-03-24 14:25:00,2020-03-24 14:33:00,1091.4217010498046,1167.075,8,1513.065979003909,89.14685211516235,1423.9191268887466,2020-03-24
BANKNIFTY26MAR2017600PE,PE,2020-03-24 14:44:00,2020-03-24 14:51:00,1273.4256249999999,1231.6132012939454,7,-836.2484741210892,92.9777974577434,-929.2262715788327,2020-03-24
BANKNIFTY26MAR2017600PE,PE,2020-03-24 14:52:00,2020-03-24 14:53:00,1162.8999999999999,1188.1721493530274,1,505.4429870605509,90.54802853200329,414.8949585285476,2020-03-24
BANKNIFTY26MAR2017300CE,CE,2020-03-25 09:28:00,2020-03-25 09:29:00,686.7125,728.1750000000001,1,829.2500000000018,73.44327884500001,755.8067211550018,2020-03-25
BANKNIFTY26MAR2017300CE,CE,2020-03-25 09:30:00,2020-03-25 09:31:00,699.6948872375488,702.24,1,50.902255249025075,72.9737342650844,-22.071479016059328,2020-03-25
BANKNIFTY26MAR2017300CE,CE,2020-03-25 09:52:00,2020-03-25 09:53:00,542.0016494750977,538.65,1,-67.03298950195403,67.03551883241883,-134.06850833437286,2020-03-25
BANKNIFTY26MAR2017300CE,CE,2020-03-25 10:04:00,2020-03-25 10:05:00,607.6152255249023,618.45,1,216.69548950195576,69.79169893583118,146.9037905661246,2020-03-25
BANKNIFTY26MAR2017300CE,CE,2020-03-25 10:11:00,2020-03-25 10:12:00,636.7880122375487,632.5147256469727,1,-85.46573181152098,70.49623472958112,-155.9619665411021,2020-03-25
BANKNIFTY26MAR2017300CE,CE,2020-03-25 10:15:00,2020-03-25 10:16:00,566.4125,560.6947256469726,1,-114.3554870605476,67.8749965637467,-182.23048362429432,2020-03-25
BANKNIFTY26MAR2017300CE,CE,2020-03-25 10:42:00,2020-03-25 10:48:00,584.206875,481.64288108825684,6,-2051.2798782348627,66.17324131468833,-2117.453119549551,2020-03-25
BANKNIFTY26MAR2017300CE,CE,2020-03-25 10:52:00,2020-03-25 10:54:00,481.2,474.85986282348637,2,-126.80274353027244,64.72853767937335,-191.53128120964578,2020-03-25
BANKNIFTY26MAR2017300CE,CE,2020-03-25 10:57:00,2020-03-25 10:58:00,455.5359938812256,452.41611282348634,1,-62.3976211547847,63.863785535456145,-126.26140669024085,2020-03-25
BANKNIFTY26MAR2017300CE,CE,2020-03-25 11:01:00,2020-03-25 11:08:00,466.0622438812256,497.9520121765137,7,637.7953659057619,65.10215645645944,572.6932094493025,2020-03-25
BANKNIFTY26MAR2017300CE,CE,2020-03-25 11:14:00,2020-03-25 11:15:00,481.2501127624511,483.7875,1,50.74774475097797,64.94631253591558,-14.198567784937609,2020-03-25
BANKNIFTY26MAR2017300CE,CE,2020-03-25 11:25:00,2020-03-25 11:26:00,412.42849388122556,439.8476371765137,1,548.3828659057622,63.022524624209446,485.36034128155273,2020-03-25
BANKNIFTY26MAR2017300CE,CE,2020-03-25 11:48:00,2020-03-25 11:51:00,496.23749999999995,525.5827743530274,3,586.9054870605487,66.1491213752533,520.7563656852953,2020-03-25
BANKNIFTY26MAR2017300CE,CE,2020-03-25 12:04:00,2020-03-25 12:05:00,511.77624999999995,533.7622256469726,1,439.7195129394538,66.54112229124671,373.1783906482071,2020-03-25
BANKNIFTY26MAR2017300CE,CE,2020-03-25 12:21:00,2020-03-25 12:23:00,534.7335244750976,575.6572256469727,2,818.4740234375022,67.84537150841552,750.6286519290867,2020-03-25
BANKNIFTY26MAR2017300CE,CE,2020-03-25 12:42:00,2020-03-25 12:43:00,671.675,686.2800000000001,1,292.10000000000264,72.237421738,219.86257826200264,2020-03-25
BANKNIFTY26MAR2017300CE,CE,2020-03-25 13:23:00,2020-03-25 13:25:00,1532.1207989501952,1640.2890243530273,1,2163.364508056643,106.13219007059095,2057.232317986052,2020-03-25
BANKNIFTY26MAR2017300CE,CE,2020-03-25 13:28:00,2020-03-25 13:29:00,1653.1225,1680.6877743530274,1,551.3054870605492,108.6181098392533,442.68737722129595,2020-03-25
BANKNIFTY26MAR2017300CE,CE,2020-03-25 13:31:00,2020-03-25 13:32:00,1556.3310760498046,1596.0,1,793.378479003909,105.35570035641236,688.0227786474966,2020-03-25
BANKNIFTY26MAR2017300CE,CE,2020-03-25 13:33:00,2020-03-25 13:40:00,1559.4389239501952,1376.9490243530274,6,-3649.7979919433556,100.06620270434095,-3749.8641946476964,2020-03-25
BANKNIFTY26MAR2017300CE,CE,2020-03-25 14:02:00,2020-03-25 14:06:00,1372.7733505249023,1396.8491006469728,4,481.5150024414106,98.2311857820779,383.28381665933273,2020-03-25
BANKNIFTY26MAR2017300CE,CE,2020-03-25 14:07:00,2020-03-25 14:08:00,1324.4027255249023,1279.6927743530275,1,-894.1990234374953,94.78058486708447,-988.9796083045798,2020-03-25
BANKNIFTY26MAR2017300CE,CE,2020-03-25 14:11:00,2020-03-25 14:12:00,1322.4979510498047,1333.8071493530274,1,226.18396606445458,96.07317712266564,130.11078894178894,2020-03-25
BANKNIFTY26MAR2017300CE,CE,2020-03-25 15:16:00,2020-03-25 15:18:00,1314.2775,1342.13625,1,557.175000000002,96.17364323950001,461.001356760502,2020-03-25
BANKNIFTY26MAR2017300PE,PE,2020-03-25 09:15:00,2020-03-25 09:25:00,815.5337499999999,1059.7440243530275,10,4884.205487060552,83.1086548472533,4801.0968322132985,2020-03-25
BANKNIFTY26MAR2017300PE,PE,2020-03-25 09:27:00,2020-03-25 09:37:00,1126.9102255249022,1168.5213262939453,10,832.2220153808621,89.62292721007458,742.5990881707876,2020-03-25
BANKNIFTY26MAR2017300PE,PE,2020-03-25 09:41:00,2020-03-25 09:51:00,1087.7124999999999,1187.025,10,1986.2500000000045,89.586026305,1896.6639736950046,2020-03-25
BANKNIFTY26MAR2017300PE,PE,2020-03-25 10:03:00,2020-03-25 10:04:00,988.3647744750976,1047.375,1,1180.204510498047,84.95497916216883,1095.2495313358781,2020-03-25
BANKNIFTY26MAR2017300PE,PE,2020-03-25 10:10:00,2020-03-25 10:11:00,902.25,937.6500000000001,1,708.0000000000018,81.21621664,626.7837833600018,2020-03-25
BANKNIFTY26MAR2017300PE,PE,2020-03-25 10:19:00,2020-03-25 10:27:00,1002.5,950.6673628234864,8,-1036.6527435302714,82.77831166637337,-1119.4310551966448,2020-03-25
BANKNIFTY26MAR2017300PE,PE,2020-03-25 10:29:00,2020-03-25 10:31:00,885.9092622375488,884.1341006469727,2,-35.5032318115218,79.71150652083111,-115.21473833235291,2020-03-25
BANKNIFTY26MAR2017300PE,PE,2020-03-25 10:50:00,2020-03-25 10:55:00,964.3047744750976,947.3257621765138,5,-339.5802459716765,82.22250970504548,-421.802755676722,2020-03-25
BANKNIFTY26MAR2017300PE,PE,2020-03-25 11:04:00,2020-03-25 11:17:00,902.25,828.7728506469728,10,-1469.5429870605449,78.5679324099967,-1548.1109194705416,2020-03-25
BANKNIFTY26MAR2017300PE,PE,2020-03-25 11:18:00,2020-03-25 11:24:00,832.9271005249022,842.7378506469727,5,196.21500244140861,78.04637151007789,118.16863093133072,2020-03-25
BANKNIFTY26MAR2017300PE,PE,2020-03-25 11:27:00,2020-03-25 11:37:00,802.0,609.6221493530273,10,-3847.557012939453,71.9919325120033,-3919.5489454514563,2020-03-25
BANKNIFTY26MAR2017300PE,PE,2020-03-25 11:46:00,2020-03-25 11:49:00,659.895625,688.2750000000001,3,567.5875000000019,72.13960507675,495.4478949232519,2020-03-25
BANKNIFTY26MAR2017300PE,PE,2020-03-25 11:50:00,2020-03-25 12:00:00,658.3417622375488,629.7217378234864,10,-572.4004882812483,70.69607437945776,-643.096562660706,2020-03-25
BANKNIFTY26MAR2017300PE,PE,2020-03-25 12:01:00,2020-03-25 12:11:00,630.2717622375488,590.2207621765137,10,-801.0200012207019,69.38653799621106,-870.406539216913,2020-03-25
BANKNIFTY26MAR2017300PE,PE,2020-03-25 12:12:00,2020-03-25 12:22:00,595.8358505249023,637.2029878234864,10,827.3427459716822,70.10149686720453,757.2412491044777,2020-03-25
BANKNIFTY26MAR2017300PE,PE,2020-03-25 12:23:00,2020-03-25 12:33:00,621.55,598.5,10,-460.9999999999991,69.47956318,-530.4795631799991,2020-03-25
BANKNIFTY26MAR2017300PE,PE,2020-03-25 12:34:00,2020-03-25 12:44:00,594.6328994750976,474.9596189117432,10,-2393.465611267088,66.14020907648049,-2459.6058203435687,2020-03-25
BANKNIFTY26MAR2017300PE,PE,2020-03-25 12:45:00,2020-03-25 12:55:00,445.91198776245113,433.9125,10,-239.9897552490222,63.29414625616559,-303.2839015051878,2020-03-25
BANKNIFTY26MAR2017300PE,PE,2020-03-25 12:56:00,2020-03-25 12:59:00,448.51849388122554,433.41375000000005,3,-302.09487762450976,63.314397050082796,-365.40927467459255,2020-03-25
BANKNIFTY26MAR2017300PE,PE,2020-03-25 13:01:00,2020-03-25 13:11:00,428.71911888122554,319.20000000000005,10,-2190.38237762451,60.29032796533279,-2250.6727055898427,2020-03-25
BANKNIFTY26MAR2017300PE,PE,2020-03-25 13:12:00,2020-03-25 13:22:00,308.31886276245115,239.4,10,-1378.3772552490227,56.85350006341559,-1435.2307553124383,2020-03-25
BANKNIFTY26MAR2017300PE,PE,2020-03-25 13:28:00,2020-03-25 13:33:00,254.7352561187744,299.25,5,890.294877624512,57.64356622791721,832.6513113965948,2020-03-25
BANKNIFTY26MAR2017300PE,PE,2020-03-25 13:34:00,2020-03-25 13:36:00,347.16573776245116,302.2425,2,-898.464755249023,58.86467393266558,-957.3294291816886,2020-03-25
BANKNIFTY26MAR2017300PE,PE,2020-03-25 13:39:00,2020-03-25 13:40:00,313.78249999999997,333.66375,1,397.62500000000045,59.2142118565,338.41078814350044,2020-03-25
BANKNIFTY26MAR2017300PE,PE,2020-03-25 13:42:00,2020-03-25 13:50:00,300.80011276245114,296.7063871765137,8,-81.87451171874841,58.15398776004224,-140.02849947879065,2020-03-25
BANKNIFTY26MAR2017300PE,PE,2020-03-25 13:52:00,2020-03-25 14:02:00,304.2086372375488,313.963125,10,195.08975524902326,58.616079892834414,136.47367535618883,2020-03-25
BANKNIFTY26MAR2017300PE,PE,2020-03-25 14:04:00,2020-03-25 14:14:00,320.7498872375488,299.25,10,-429.9977447509764,58.463705599084406,-488.4614503500608,2020-03-25
BANKNIFTY26MAR2017300PE,PE,2020-03-25 14:18:00,2020-03-25 14:24:00,271.3767622375488,276.2077439117432,5,96.61963348388781,57.28984302314609,39.32979046074172,2020-03-25
BANKNIFTY26MAR2017300PE,PE,2020-03-25 14:25:00,2020-03-25 14:33:00,243.05612194061277,257.90361282348636,8,296.9498176574717,56.49277635341475,240.457041304057,2020-03-25
BANKNIFTY26MAR2017300PE,PE,2020-03-25 14:39:00,2020-03-25 14:46:00,258.645,246.98100608825686,7,-233.2798782348624,56.42076922168833,-289.7006474565507,2020-03-25
BANKNIFTY26MAR2017300PE,PE,2020-03-25 14:51:00,2020-03-25 14:58:00,227.9183811187744,210.77175304412842,7,-342.9325614929195,55.15829461201136,-398.0908561049308,2020-03-25
BANKNIFTY26MAR2017300PE,PE,2020-03-25 15:04:00,2020-03-25 15:14:00,201.95362194061278,175.0113719558716,10,-538.8449996948236,53.96589762444724,-592.8108973192709,2020-03-25
BANKNIFTY26MAR2017300PE,PE,2020-03-25 15:20:00,2020-03-25 15:24:00,177.94375,159.60000000000002,4,-366.87499999999943,53.29274853249999,-420.16774853249944,2020-03-25
BANKNIFTY26MAR2018600CE,CE,2020-03-26 09:51:00,2020-03-26 09:52:00,737.8399999999999,698.25,1,-791.7999999999984,73.35058272399999,-865.1505827239984,2020-03-26
BANKNIFTY26MAR2018600CE,CE,2020-03-26 09:53:00,2020-03-26 10:01:00,731.8249999999999,986.278125,8,5089.062500000002,80.28173567124999,5008.7807643287515,2020-03-26
BANKNIFTY26MAR2018600CE,CE,2020-03-26 10:02:00,2020-03-26 10:10:00,1014.3294877624511,1140.0925762939453,8,2515.261770629884,87.532779612909,2427.7289910169748,2020-03-26
BANKNIFTY26MAR2018600CE,CE,2020-03-26 10:15:00,2020-03-26 10:19:00,1154.8298260498045,1326.1263262939453,3,3425.9300048828163,93.80331013715578,3332.1266947456606,2020-03-26
BANKNIFTY26MAR2018600CE,CE,2020-03-26 10:25:00,2020-03-26 10:26:00,1364.1017010498047,1346.625,1,-349.5340209960932,96.90182174316236,-446.4358427392556,2020-03-26
BANKNIFTY26MAR2018600CE,CE,2020-03-26 10:27:00,2020-03-26 10:38:00,1299.5407989501953,1346.1761737060547,10,932.707495117188,96.08882584859423,836.6186692685939,2020-03-26
BANKNIFTY26MAR2018600CE,CE,2020-03-26 10:41:00,2020-03-26 11:04:00,1486.5070489501952,1286.7250762939454,10,-3995.6394531249953,96.96555503908107,-4092.6050081640765,2020-03-26
BANKNIFTY26MAR2018600CE,CE,2020-03-26 11:06:00,2020-03-26 11:19:00,1226.1076739501952,1248.6705487060547,10,451.2574951171882,92.80483425659422,358.452660860594,2020-03-26
BANKNIFTY26MAR2018600CE,CE,2020-03-26 11:20:00,2020-03-26 11:26:00,1229.315625,1119.6937500000001,5,-2192.4374999999964,89.70750849625,-2282.145008496246,2020-03-26
BANKNIFTY26MAR2018600CE,CE,2020-03-26 11:27:00,2020-03-26 11:32:00,1099.7424999999998,1059.9933993530274,5,-794.9820129394493,86.64561637150331,-881.6276293109527,2020-03-26
BANKNIFTY26MAR2018600CE,CE,2020-03-26 11:35:00,2020-03-26 11:45:00,1022.55,1371.4128506469726,10,6977.2570129394535,93.2614497939967,6883.995563145457,2020-03-26
BANKNIFTY26MAR2018600CE,CE,2020-03-26 11:46:00,2020-03-26 11:48:00,1297.5858505249023,1342.3357012939455,2,894.9970153808636,95.97112423657458,799.025891144289,2020-03-26
BANKNIFTY26MAR2018600CE,CE,2020-03-26 11:53:00,2020-03-26 11:58:00,1315.78125,1344.2309756469726,4,568.9945129394528,96.2432764967467,472.75123644270604,2020-03-26
BANKNIFTY26MAR2018600CE,CE,2020-03-26 12:00:00,2020-03-26 12:02:00,1489.1635760498045,1486.275,2,-57.77152099608884,101.85233119341234,-159.62385218950118,2020-03-26
BANKNIFTY26MAR2018600CE,CE,2020-03-26 12:03:00,2020-03-26 12:26:00,1475.6298260498047,1490.6141006469727,10,299.6854919433599,101.78973584540907,197.89575609795085,2020-03-26
BANKNIFTY26MAR2018600CE,CE,2020-03-26 12:28:00,2020-03-26 13:01:00,1482.7977255249023,1581.785625,10,1979.7579895019544,104.09640665108115,1875.6615828508732,2020-03-26
BANKNIFTY26MAR2018600CE,CE,2020-03-26 13:02:00,2020-03-26 13:14:00,1383.4499999999998,1561.2371493530275,10,3555.742987060553,102.36233734600332,3453.3806497145497,2020-03-26
BANKNIFTY26MAR2018600CE,CE,2020-03-26 13:15:00,2020-03-26 13:33:00,1624.2003994750976,1047.375,10,-11536.507989501952,92.85434663291883,-11629.362336134871,2020-03-26
BANKNIFTY26MAR2018600CE,CE,2020-03-26 13:34:00,2020-03-26 13:46:00,1002.4498872375488,920.3433993530274,10,-1642.1297576904271,82.0401011275877,-1724.1698588180147,2020-03-26
BANKNIFTY26MAR2018600CE,CE,2020-03-26 13:47:00,2020-03-26 14:01:00,898.3402255249023,568.575,10,-6595.304510498045,72.19041049583117,-6667.494920993876,2020-03-26
BANKNIFTY26MAR2018600CE,CE,2020-03-26 14:02:00,2020-03-26 14:04:00,490.27261276245116,692.6640243530273,2,4047.8282318115234,70.13903349466888,3977.6891983168543,2020-03-26
BANKNIFTY26MAR2018600CE,CE,2020-03-26 14:05:00,2020-03-26 14:18:00,552.2772744750977,637.5521493530274,10,1705.4974975585947,69.56883540717212,1635.9286621514225,2020-03-26
BANKNIFTY26MAR2018600CE,CE,2020-03-26 14:19:00,2020-03-26 14:30:00,638.4922744750976,779.5961128234864,10,2822.0767669677753,74.09495663104218,2747.981810336733,2020-03-26
BANKNIFTY26MAR2018600CE,CE,2020-03-26 14:40:00,2020-03-26 14:43:00,827.6639755249023,799.5959756469726,3,-561.359997558593,76.93161883957787,-638.2916163981708,2020-03-26
BANKNIFTY26MAR2018600CE,CE,2020-03-26 15:16:00,2020-03-26 15:18:00,1015.4823872375488,1042.3875,2,538.1022552490253,85.17056358108441,452.9316916679409,2020-03-26
BANKNIFTY26MAR2018600PE,PE,2020-03-26 09:15:00,2020-03-26 09:25:00,521.5005122375488,476.4558689117432,10,-900.8928665161125,65.2680357368961,-966.1609022530085,2020-03-26
BANKNIFTY26MAR2018600PE,PE,2020-03-26 09:26:00,2020-03-26 09:34:00,441.25036888122554,362.7907621765137,8,-1569.1921340942372,61.50629546570944,-1630.6984295599466,2020-03-26
BANKNIFTY26MAR2018600PE,PE,2020-03-26 09:36:00,2020-03-26 09:37:00,334.6846311187744,348.62625,1,278.83237762451245,59.83783343766719,218.99454418684525,2020-03-26
BANKNIFTY26MAR2018600PE,PE,2020-03-26 09:45:00,2020-03-26 09:49:00,303.65724388122555,284.33736282348633,4,-386.3976211547845,57.888624413456135,-444.2862455682406,2020-03-26
BANKNIFTY26MAR2018600PE,PE,2020-03-26 09:50:00,2020-03-26 09:56:00,255.88812499999997,218.60211891174316,6,-745.7201217651362,55.696242209311684,-801.4163639744479,2020-03-26
BANKNIFTY26MAR2018600PE,PE,2020-03-26 09:57:00,2020-03-26 09:59:00,205.46237194061277,163.09125,2,-847.4224388122553,53.719548652541405,-901.1419874647968,2020-03-26
BANKNIFTY26MAR2018600PE,PE,2020-03-26 10:00:00,2020-03-26 10:04:00,163.7082530593872,135.26100608825683,4,-568.9449394226074,52.52388046039693,-621.4688198830044,2020-03-26
BANKNIFTY26MAR2018600PE,PE,2020-03-26 10:09:00,2020-03-26 10:19:00,106.8664984703064,82.044375,10,-496.4424694061279,50.523281190145696,-546.9657505962736,2020-03-26
BANKNIFTY26MAR2018600PE,PE,2020-03-26 10:20:00,2020-03-26 10:23:00,78.7463780593872,79.4009984779358,3,13.092408370972066,50.10963162903652,-37.017223258064455,2020-03-26
BANKNIFTY26MAR2018600PE,PE,2020-03-26 10:38:00,2020-03-26 10:44:00,87.3678765296936,75.51074695587158,6,-237.14259147644043,50.12211675551014,-287.2647082319506,2020-03-26
BANKNIFTY26MAR2018600PE,PE,2020-03-26 11:19:00,2020-03-26 11:21:00,69.0221234703064,67.63050304412842,2,-27.832408523559593,49.70252055698986,-77.53492908054946,2020-03-26
BANKNIFTY26MAR2018600PE,PE,2020-03-26 11:51:00,2020-03-26 11:52:00,49.42324923515319,53.565750761032106,1,82.85003051757826,49.116926574408886,33.733103943169375,2020-03-26
BANKNIFTY26MAR2018600PE,PE,2020-03-26 12:07:00,2020-03-26 12:08:00,41.4032492351532,41.097000761032106,1,-6.124969482421818,48.714004414908885,-54.8389738973307,2020-03-26
BANKNIFTY26MAR2018600PE,PE,2020-03-26 14:15:00,2020-03-26 14:16:00,48.12,45.83512576103211,1,-45.69748477935775,48.91269889696103,-94.61018367631878,2020-03-26
BANKNIFTY01APR2021000CE,CE,2020-03-27 09:15:00,2020-03-27 09:20:00,902.3001127624511,937.6500000000001,5,706.9977447509791,81.2168392209156,625.7809055300635,2020-03-27
BANKNIFTY01APR2021000CE,CE,2020-03-27 09:29:00,2020-03-27 09:30:00,1102.8502255249023,1171.6634756469728,1,1376.2650024414097,89.40044377807789,1286.8645586633318,2020-03-27
BANKNIFTY01APR2021000CE,CE,2020-03-27 09:36:00,2020-03-27 09:38:00,1181.9475,1226.925,2,899.5499999999993,91.72727589099999,807.8227241089993,2020-03-27
BANKNIFTY01APR2021000CE,CE,2020-03-27 09:43:00,2020-03-27 09:53:00,1207.7117010498046,1186.7257012939453,10,-419.7199951171842,91.06956835715576,-510.78956347433996,2020-03-27
BANKNIFTY01APR2021000CE,CE,2020-03-27 09:54:00,2020-03-27 10:04:00,1199.49125,1190.5661737060548,10,-178.50152587890534,91.0608548762566,-269.56238075516194,2020-03-27
BANKNIFTY01APR2021000CE,CE,2020-03-27 10:13:00,2020-03-27 10:19:00,1074.2289239501952,1079.2450762939454,6,100.32304687500528,86.79691599733106,13.52613087767422,2020-03-27
BANKNIFTY01APR2021000CE,CE,2020-03-27 10:20:00,2020-03-27 10:23:00,1050.5197744750976,1127.3744512939454,3,1537.0935363769559,87.67304267366222,1449.4204937032937,2020-03-27
BANKNIFTY01APR2021000CE,CE,2020-03-27 10:29:00,2020-03-27 10:39:00,1115.0306249999999,1067.6242987060548,10,-948.1265258789017,87.0211608647566,-1035.1476867436584,2020-03-27
BANKNIFTY01APR2021000CE,CE,2020-03-27 10:45:00,2020-03-27 10:46:00,968.0641494750976,997.5,1,588.7170104980487,83.48963276741884,505.2273777306299,2020-03-27
BANKNIFTY01APR2021000CE,CE,2020-03-27 10:48:00,2020-03-27 10:58:00,1047.6125,784.9327743530274,10,-5253.594512939451,79.3075094852533,-5332.902022424704,2020-03-27
BANKNIFTY01APR2021000CE,CE,2020-03-27 10:59:00,2020-03-27 11:09:00,716.9880122375488,750.2197256469727,10,664.6342681884789,74.35561678758113,590.2786514008978,2020-03-27
BANKNIFTY01APR2021000CE,CE,2020-03-27 11:10:00,2020-03-27 11:20:00,746.5617622375488,663.3375000000001,10,-1664.4852447509743,72.60974072433442,-1737.0949854753087,2020-03-27
BANKNIFTY01APR2021000CE,CE,2020-03-27 11:24:00,2020-03-27 11:27:00,716.7874999999999,832.9125,3,2322.5000000000023,76.36451167,2246.1354883300023,2020-03-27
BANKNIFTY01APR2021000CE,CE,2020-03-27 11:28:00,2020-03-27 11:30:00,800.5964755249023,793.3117378234864,2,-145.69475402831813,76.44248775945454,-222.13724178777267,2020-03-27
BANKNIFTY01APR2021000CE,CE,2020-03-27 11:35:00,2020-03-27 11:40:00,770.2708505249024,780.3941006469727,5,202.46500244140634,75.7515308850779,126.71347155632844,2020-03-27
BANKNIFTY01APR2021000CE,CE,2020-03-27 11:42:00,2020-03-27 11:52:00,751.8248872375488,759.7458993530274,10,158.4202423095735,75.0201270265877,83.4001152829858,2020-03-27
BANKNIFTY01APR2021000CE,CE,2020-03-27 12:05:00,2020-03-27 12:09:00,873.1775,847.875,4,-506.0500000000002,78.67138033900001,-584.7213803390002,2020-03-27
BANKNIFTY01APR2021000CE,CE,2020-03-27 12:14:00,2020-03-27 12:21:00,827.4133505249023,817.5509756469727,7,-197.24749755859193,77.36523541282787,-274.6127329714198,2020-03-27
BANKNIFTY01APR2021000CE,CE,2020-03-27 12:24:00,2020-03-27 12:34:00,787.5639755249023,731.8657621765137,10,-1113.964266967771,74.78598985920783,-1188.7502568269788,2020-03-27
BANKNIFTY01APR2021000CE,CE,2020-03-27 12:35:00,2020-03-27 12:45:00,731.4741494750976,731.66625,10,3.842010498046875,74.08429944191883,-70.24228894387196,2020-03-27
BANKNIFTY01APR2021000CE,CE,2020-03-27 12:46:00,2020-03-27 12:56:00,749.6694877624511,704.484375,10,-903.7022552490225,73.64918999191559,-977.3514452409381,2020-03-27
BANKNIFTY01APR2021000CE,CE,2020-03-27 12:57:00,2020-03-27 13:07:00,726.9628994750976,646.5795121765137,10,-1607.667745971678,71.95863770029547,-1679.6263836719734,2020-03-27
BANKNIFTY01APR2021000CE,CE,2020-03-27 13:08:00,2020-03-27 13:18:00,622.4021005249023,634.8090243530273,10,248.13847656250118,70.37331552083447,177.76516104166672,2020-03-27
BANKNIFTY01APR2021000CE,CE,2020-03-27 13:19:00,2020-03-27 13:29:00,614.6327255249023,577.801875,10,-736.617010498046,68.89017281558117,-805.5071833136273,2020-03-27
BANKNIFTY01APR2021000CE,CE,2020-03-27 13:30:00,2020-03-27 13:40:00,552.0266494750977,676.3548628234863,10,2486.564266967773,70.50954342379218,2416.054723543981,2020-03-27
BANKNIFTY01APR2021000CE,CE,2020-03-27 13:41:00,2020-03-27 13:43:00,676.6875,729.421875,2,1054.6875,73.34906074375,981.33843925625,2020-03-27
BANKNIFTY01APR2021000CE,CE,2020-03-27 13:47:00,2020-03-27 13:49:00,688.3666494750976,723.0877743530274,2,694.4224975585962,73.34008969467213,621.0824078639241,2020-03-27
BANKNIFTY01APR2021000CE,CE,2020-03-27 13:50:00,2020-03-27 13:52:00,696.7375,705.8808993530274,2,182.86798706054924,73.0255526485033,109.84243441204595,2020-03-27
BANKNIFTY01APR2021000CE,CE,2020-03-27 13:57:00,2020-03-27 14:00:00,599.3446005249023,644.0358993530274,3,893.8259765625025,70.31128918058447,823.5146873819181,2020-03-27
BANKNIFTY01APR2021000CE,CE,2020-03-27 14:20:00,2020-03-27 14:29:00,777.6893749999999,806.7281250000001,9,580.7750000000033,76.48423394049999,504.2907660595033,2020-03-27
BANKNIFTY01APR2021000CE,CE,2020-03-27 14:32:00,2020-03-27 14:42:00,745.2083505249024,588.525,10,-3133.6670104980476,70.77321715358119,-3204.440227651629,2020-03-27
BANKNIFTY01APR2021000CE,CE,2020-03-27 14:43:00,2020-03-27 14:53:00,591.475,583.5375,10,-158.75,68.741981545,-227.491981545,2020-03-27
BANKNIFTY01APR2021000CE,CE,2020-03-27 15:00:00,2020-03-27 15:10:00,563.90625,577.9515243530274,10,280.90548706054733,68.2636073852533,212.64187967529404,2020-03-27
BANKNIFTY01APR2021000CE,CE,2020-03-27 15:13:00,2020-03-27 15:15:00,604.5074999999999,610.47,2,119.25000000000182,69.558987469,49.69101253100182,2020-03-27
BANKNIFTY01APR2021000CE,CE,2020-03-27 15:23:00,2020-03-27 15:24:00,607.01375,605.98125,1,-20.649999999998272,69.480941557,-90.13094155699827,2020-03-27
BANKNIFTY01APR2021000PE,PE,2020-03-27 09:15:00,2020-03-27 09:25:00,1005.5074999999999,1381.6871493530275,10,7523.592987060551,93.29962852300329,7430.293358537549,2020-03-27
BANKNIFTY01APR2021000PE,PE,2020-03-27 09:26:00,2020-03-27 09:35:00,1416.8332989501953,1387.2731250000002,9,-591.2034790039024,98.54564675608765,-689.7491257599901,2020-03-27
BANKNIFTY01APR2021000PE,PE,2020-03-27 09:38:00,2020-03-27 09:44:00,1357.635625,1379.4427743530275,6,436.1429870605525,97.61973621700332,338.5232508435492,2020-03-27
BANKNIFTY01APR2021000PE,PE,2020-03-27 10:08:00,2020-03-27 10:13:00,1272.4732989501952,1543.2322256469727,5,5415.17853393555,100.54566264058435,5314.632871294966,2020-03-27
BANKNIFTY01APR2021000PE,PE,2020-03-27 10:19:00,2020-03-27 10:20:00,1558.9376739501952,1570.0150762939454,1,221.54804687500473,104.75603679583106,116.79201007917366,2020-03-27
BANKNIFTY01APR2021000PE,PE,2020-03-27 10:22:00,2020-03-27 10:28:00,1554.6770489501953,1483.5318750000001,6,-1422.9034790039032,102.59952170008765,-1525.503000703991,2020-03-27
BANKNIFTY01APR2021000PE,PE,2020-03-27 11:00:00,2020-03-27 11:05:00,1926.2035244750975,1875.2500762939453,5,-1019.0689636230445,116.74321486241224,-1135.8121784854568,2020-03-27
BANKNIFTY01APR2021000PE,PE,2020-03-27 11:06:00,2020-03-27 11:12:00,1942.2435244750975,2095.5979724121094,6,3067.088958740237,122.30214349243201,2944.786815247805,2020-03-27
BANKNIFTY01APR2021000PE,PE,2020-03-27 11:21:00,2020-03-27 11:28:00,1950.36375,1819.6893750000002,7,-2613.4874999999965,115.69193556625001,-2729.1794355662464,2020-03-27
BANKNIFTY01APR2021000PE,PE,2020-03-27 11:30:00,2020-03-27 11:32:00,1869.3617010498047,1820.9362500000002,2,-968.509020996089,114.71592699966237,-1083.2249479957513,2020-03-27
BANKNIFTY01APR2021000PE,PE,2020-03-27 11:50:00,2020-03-27 11:55:00,1931.8174999999999,1846.0732012939454,5,-1714.885974121089,116.10327401199342,-1830.9892481330824,2020-03-27
BANKNIFTY01APR2021000PE,PE,2020-03-27 12:21:00,2020-03-27 12:24:00,1807.4573260498046,1825.0758993530274,3,352.3714660644555,114.04754298141566,238.32392308303983,2020-03-27
BANKNIFTY01APR2021000PE,PE,2020-03-27 12:41:00,2020-03-27 12:42:00,1829.1614755249022,1845.375,1,324.2704895019551,114.81093385733116,209.45955564462395,2020-03-27
BANKNIFTY01APR2021000PE,PE,2020-03-27 13:04:00,2020-03-27 13:08:00,1965.4514239501952,2061.1842224121096,4,1914.655969238288,121.75340286285085,1792.9025663754371,2020-03-27
BANKNIFTY01APR2021000PE,PE,2020-03-27 13:10:00,2020-03-27 13:11:00,2032.0674999999999,2051.757652587891,1,393.80305175781814,122.35172623148681,271.45132552633135,2020-03-27
BANKNIFTY01APR2021000PE,PE,2020-03-27 13:12:00,2020-03-27 13:13:00,2020.0375,2053.0544512939455,1,660.3390258789113,122.23381313649341,538.105212742418,2020-03-27
BANKNIFTY01APR2021000PE,PE,2020-03-27 13:29:00,2020-03-27 13:30:00,2109.510625,2184.3754724121095,1,1497.2969482421922,126.53959144151318,1370.757356800679,2020-03-27
BANKNIFTY01APR2021000PE,PE,2020-03-27 13:35:00,2020-03-27 13:36:00,2039.5360760498045,2019.9375,1,-391.97152099608957,121.67053216941235,-513.6420531655019,2020-03-27
BANKNIFTY01APR2021000PE,PE,2020-03-27 13:38:00,2020-03-27 13:39:00,2055.2253479003907,2111.358277587891,1,1122.6585937500022,124.08913183291213,998.56946191709,2020-03-27
BANKNIFTY01APR2021000PE,PE,2020-03-27 13:43:00,2020-03-27 13:48:00,1942.9953994750977,1984.8753506469727,5,837.5990234375013,119.61831172391553,717.9807117135857,2020-03-27
BANKNIFTY01APR2021000PE,PE,2020-03-27 13:49:00,2020-03-27 13:59:00,1921.8426739501951,1911.21,10,-212.65347900390225,117.56371220008762,-330.21719120398984,2020-03-27
BANKNIFTY01APR2021000PE,PE,2020-03-27 14:00:00,2020-03-27 14:10:00,1931.566875,1776.1983993530275,10,-3107.369512939449,114.40055361475329,-3221.7700665542025,2020-03-27
BANKNIFTY01APR2021000PE,PE,2020-03-27 14:11:00,2020-03-27 14:21:00,1834.5749999999998,1745.625,10,-1778.9999999999964,112.45191021999999,-1891.4519102199963,2020-03-27
BANKNIFTY01APR2021000PE,PE,2020-03-27 14:25:00,2020-03-27 14:33:00,1679.2877255249023,1745.625,8,1326.7454895019546,110.52268323683118,1216.2228062651234,2020-03-27
BANKNIFTY01APR2021000PE,PE,2020-03-27 14:54:00,2020-03-27 15:00:00,2003.0451739501952,1945.1749237060549,6,-1157.4050048828076,119.39868879734424,-1276.8036936801518,2020-03-27
BANKNIFTY01APR2021000PE,PE,2020-03-27 15:08:00,2020-03-27 15:10:00,1921.1408505249021,1944.9753506469729,2,476.69000244141444,118.3762879095779,358.3137145318365,2020-03-27
BANKNIFTY01APR2021000PE,PE,2020-03-27 15:15:00,2020-03-27 15:23:00,1880.3892010498046,1855.3500000000001,8,-500.78402099608866,115.68999453816235,-616.4740155342511,2020-03-27
BANKNIFTY01APR2019100CE,CE,2020-03-30 09:52:00,2020-03-30 09:56:00,1231.7717010498047,1296.75,2,1299.5659790039053,94.04466720516237,1205.521311798743,2020-03-30
BANKNIFTY01APR2019100CE,CE,2020-03-30 10:00:00,2020-03-30 10:15:00,1261.3454510498045,1157.1000000000001,9,-2084.9090209960877,91.01528890566236,-2175.92430990175,2020-03-30
BANKNIFTY01APR2019100CE,CE,2020-03-30 11:11:00,2020-03-30 11:51:00,1206.9598260498046,1107.3247256469726,3,-1992.70200805664,89.12890979165905,-2081.830917848299,2020-03-30
BANKNIFTY01APR2019100CE,CE,2020-03-30 11:56:00,2020-03-30 12:08:00,1065.7577255249023,1017.4001371765137,10,-967.1517669677723,85.18738165545784,-1052.3391486232301,2020-03-30
BANKNIFTY01APR2019100CE,CE,2020-03-30 12:09:00,2020-03-30 12:15:00,1017.6377255249023,1007.3752743530274,6,-205.24902343749773,84.34571727008446,-289.5947407075822,2020-03-30
BANKNIFTY01APR2019100CE,CE,2020-03-30 12:16:00,2020-03-30 12:19:00,997.4875,1057.8986737060548,3,1208.223474121096,85.32428988475661,1122.8991842363394,2020-03-30
BANKNIFTY01APR2019100CE,CE,2020-03-30 12:21:00,2020-03-30 12:36:00,1031.0210760498046,934.2584756469727,10,-1935.2520080566387,82.73352289865906,-2017.9855309552977,2020-03-30
BANKNIFTY01APR2019100CE,CE,2020-03-30 12:37:00,2020-03-30 12:49:00,953.1268749999999,883.8847256469727,10,-1384.8429870605446,80.54052555699671,-1465.3835126175413,2020-03-30
BANKNIFTY01APR2019100CE,CE,2020-03-30 12:51:00,2020-03-30 12:54:00,923.2523872375488,947.625,3,487.4522552490248,81.71976980808441,405.7324854409404,2020-03-30
BANKNIFTY01APR2019100CE,CE,2020-03-30 12:55:00,2020-03-30 12:58:00,922.3,897.75,3,-490.9999999999991,80.49479818,-571.4947981799991,2020-03-30
BANKNIFTY01APR2019100CE,CE,2020-03-30 13:03:00,2020-03-30 13:13:00,880.69625,824.9823628234864,10,-1114.277743530272,78.20795893187336,-1192.4857024621454,2020-03-30
BANKNIFTY01APR2019100CE,CE,2020-03-30 13:14:00,2020-03-30 13:24:00,833.7792622375488,798.3990243530274,10,-707.6047576904284,76.9784785510877,-784.5832362415161,2020-03-30
BANKNIFTY01APR2019100CE,CE,2020-03-30 13:25:00,2020-03-30 13:32:00,791.9749999999999,783.6359756469727,7,-166.7804870605437,76.1000286272467,-242.8805156877904,2020-03-30
BANKNIFTY01APR2019100CE,CE,2020-03-30 13:41:00,2020-03-30 13:42:00,803.0526127624511,826.9275,1,477.49774475097865,77.29065817891558,400.2070865720631,2020-03-30
BANKNIFTY01APR2019100CE,CE,2020-03-30 13:52:00,2020-03-30 13:58:00,710.020625,698.1003506469727,6,-238.40548706054506,73.0013259257467,-311.40681298629175,2020-03-30
BANKNIFTY01APR2019100CE,CE,2020-03-30 14:00:00,2020-03-30 14:01:00,663.655,698.8484756469727,1,703.8695129394546,72.4434950402467,631.4260178992079,2020-03-30
BANKNIFTY01APR2019100CE,CE,2020-03-30 14:35:00,2020-03-30 14:41:00,671.675,668.1753506469727,6,-69.9929870605456,71.7970514889967,-141.79003854954232,2020-03-30
BANKNIFTY01APR2019100CE,CE,2020-03-30 14:42:00,2020-03-30 14:44:00,636.8882377624511,634.6095121765137,2,-45.574511718748454,70.54843264104224,-116.1229443597907,2020-03-30
BANKNIFTY01APR2019100CE,CE,2020-03-30 14:46:00,2020-03-30 14:50:00,607.2142622375488,576.5051371765137,4,-614.1825012207028,68.76646746296106,-682.9489686836638,2020-03-30
BANKNIFTY01APR2019100CE,CE,2020-03-30 15:15:00,2020-03-30 15:20:00,622.1013627624511,589.9215243530274,5,-643.5967681884745,69.27775368016889,-712.8745218686433,2020-03-30
BANKNIFTY01APR2019100PE,PE,2020-03-30 09:15:00,2020-03-30 09:25:00,1150.8198260498045,1036.9511737060548,10,-2277.3730468749955,86.71971075966896,-2364.0927576346644,2020-03-30
BANKNIFTY01APR2019100PE,PE,2020-03-30 09:26:00,2020-03-30 09:36:00,1062.5998260498047,977.5500000000001,10,-1700.9965209960933,84.17885037891234,-1785.1753713750056,2020-03-30
BANKNIFTY01APR2019100PE,PE,2020-03-30 09:37:00,2020-03-30 09:47:00,922.3,917.7,10,-91.99999999999818,80.98005400000001,-172.98005399999818,2020-03-30
BANKNIFTY01APR2019100PE,PE,2020-03-30 09:48:00,2020-03-30 09:58:00,921.8989755249023,859.3961128234864,10,-1250.0572540283179,79.55691140220452,-1329.6141654305225,2020-03-30
BANKNIFTY01APR2019100PE,PE,2020-03-30 09:59:00,2020-03-30 10:09:00,845.7591494750976,887.7750000000001,10,840.3170104980495,79.30125735941883,761.0157531386307,2020-03-30
BANKNIFTY01APR2019100PE,PE,2020-03-30 10:10:00,2020-03-30 10:17:00,869.3178994750976,917.7498628234864,7,968.6392669677753,80.32303841929217,888.3162285484831,2020-03-30
BANKNIFTY01APR2019100PE,PE,2020-03-30 10:20:00,2020-03-30 10:30:00,922.3,844.3837500000001,10,-1558.3249999999975,79.19673886150001,-1637.5217388614976,2020-03-30
BANKNIFTY01APR2019100PE,PE,2020-03-30 10:31:00,2020-03-30 10:35:00,832.0749999999999,847.875,4,316.00000000000136,78.16073932,237.83926068000136,2020-03-30
BANKNIFTY01APR2019100PE,PE,2020-03-30 10:38:00,2020-03-30 10:48:00,817.8394877624511,757.7508993530274,10,-1201.7717681884733,75.79174043566888,-1277.5635086241423,2020-03-30
BANKNIFTY01APR2019100PE,PE,2020-03-30 10:50:00,2020-03-30 11:01:00,769.7194877624511,730.1700000000001,10,-790.9897552490202,74.52305004016559,-865.5128052891857,2020-03-30
BANKNIFTY01APR2019100PE,PE,2020-03-30 11:02:00,2020-03-30 11:09:00,746.8625,797.5511128234864,7,1013.7722564697287,75.87803520287336,937.8942212668554,2020-03-30
BANKNIFTY01APR2019100PE,PE,2020-03-30 11:12:00,2020-03-30 11:21:00,779.3435244750976,785.5811128234864,8,124.75176696777453,75.99041296654218,48.76135400123235,2020-03-30
BANKNIFTY01APR2019100PE,PE,2020-03-30 11:24:00,2020-03-30 11:27:00,799.0426127624511,807.5261128234864,2,169.67000122070658,76.76892796178895,92.90107325891763,2020-03-30
BANKNIFTY01APR2019100PE,PE,2020-03-30 11:28:00,2020-03-30 11:30:00,793.5789755249023,807.975,1,287.9204895019552,76.71196847033119,211.20852103162403,2020-03-30
BANKNIFTY01APR2019100PE,PE,2020-03-30 11:40:00,2020-03-30 11:50:00,803.3533505249023,771.0675,10,-645.7170104980469,75.93567812858117,-721.6526886266281,2020-03-30
BANKNIFTY01APR2019100PE,PE,2020-03-30 11:51:00,2020-03-30 11:55:00,760.8974999999999,804.234375,4,866.7375000000015,76.21496142475,790.5225385752516,2020-03-30
BANKNIFTY01APR2019100PE,PE,2020-03-30 12:11:00,2020-03-30 12:12:00,849.5686372375487,866.8275000000001,1,345.17725524902744,78.8390663005844,266.338188948443,2020-03-30
BANKNIFTY01APR2019100PE,PE,2020-03-30 12:13:00,2020-03-30 12:16:00,821.6991494750976,857.85,3,723.0170104980493,78.27446181341882,644.7425486846305,2020-03-30
BANKNIFTY01APR2019100PE,PE,2020-03-30 12:17:00,2020-03-30 12:24:00,839.5436372375488,840.1443750000001,7,12.01475524902662,78.06549005133441,-66.05073480230779,2020-03-30
BANKNIFTY01APR2019100PE,PE,2020-03-30 12:29:00,2020-03-30 12:33:00,828.1652255249023,834.9075,4,134.84548950195403,77.79674956283118,57.048739939122854,2020-03-30
BANKNIFTY01APR2019100PE,PE,2020-03-30 12:40:00,2020-03-30 12:49:00,822.05,878.5979878234864,9,1130.9597564697287,78.78348639662336,1052.1762700731053,2020-03-30
BANKNIFTY01APR2019100PE,PE,2020-03-30 12:50:00,2020-03-30 13:00:00,863.1023872375488,850.8675000000001,10,-244.69774475097438,78.61899954108442,-323.3167442920588,2020-03-30
BANKNIFTY01APR2019100PE,PE,2020-03-30 13:01:00,2020-03-30 13:05:00,853.2277255249023,924.7822256469727,4,1431.0900024414082,80.29419291457789,1350.7958095268302,2020-03-30
BANKNIFTY01APR2019100PE,PE,2020-03-30 13:10:00,2020-03-30 13:12:00,917.0368749999999,924.2834756469728,2,144.9320129394573,81.07480086849672,63.857212070960585,2020-03-30
BANKNIFTY01APR2019100PE,PE,2020-03-30 13:13:00,2020-03-30 13:20:00,900.8464755249023,900.2936128234863,7,-11.057254028319221,80.29013799420451,-91.34739202252374,2020-03-30
BANKNIFTY01APR2019100PE,PE,2020-03-30 13:25:00,2020-03-30 13:29:00,901.2976127624511,932.6625,4,627.2977447509788,81.08307060691557,546.2146741440632,2020-03-30
BANKNIFTY01APR2019100PE,PE,2020-03-30 13:30:00,2020-03-30 13:40:00,925.3075,882.7875,10,-850.3999999999996,80.16822029199999,-930.5682202919996,2020-03-30
BANKNIFTY01APR2019100PE,PE,2020-03-30 13:41:00,2020-03-30 13:51:00,882.5007377624511,896.2537500000001,10,275.06024475098,79.96395387916559,195.09629087181443,2020-03-30
BANKNIFTY01APR2019100PE,PE,2020-03-30 13:52:00,2020-03-30 13:56:00,936.2347744750977,971.565,4,706.6045104980481,82.46336477816884,624.1411457198792,2020-03-30
BANKNIFTY01APR2019100PE,PE,2020-03-30 13:58:00,2020-03-30 14:08:00,943.7535244750976,942.5876371765137,10,-23.317745971678505,81.85194093829547,-105.16968690997398,2020-03-30
BANKNIFTY01APR2019100PE,PE,2020-03-30 14:09:00,2020-03-30 14:19:00,937.588125,879.2463871765137,10,-1166.834756469725,80.23465725287664,-1247.0694137226017,2020-03-30
BANKNIFTY01APR2019100PE,PE,2020-03-30 14:20:00,2020-03-30 14:21:00,913.2273872375488,922.6875,1,189.20225524902435,80.98865344308442,108.21360180593993,2020-03-30
BANKNIFTY01APR2019100PE,PE,2020-03-30 14:26:00,2020-03-30 14:35:00,898.1397744750976,901.0417378234864,9,58.0392669677758,80.27470811629217,-22.235441148516372,2020-03-30
BANKNIFTY01APR2019100PE,PE,2020-03-30 14:36:00,2020-03-30 14:38:00,900.0444877624511,897.1515243530274,2,-57.85926818847429,80.20374751591889,-138.0630157043932,2020-03-30
BANKNIFTY01APR2019100PE,PE,2020-03-30 14:39:00,2020-03-30 14:42:00,883.5032377624511,947.625,3,1282.4352447509773,81.22594227466558,1201.2093024763117,2020-03-30
BANKNIFTY01APR2019100PE,PE,2020-03-30 14:45:00,2020-03-30 14:55:00,979.8936372375488,1038.3475762939454,10,1169.0787811279324,84.6301576983278,1084.4486234296046,2020-03-30
BANKNIFTY01APR2019100PE,PE,2020-03-30 14:56:00,2020-03-30 15:07:00,1028.7153994750977,990.766875,10,-758.9704895019531,84.07936579766881,-843.049855299622,2020-03-30
BANKNIFTY01APR2019100PE,PE,2020-03-30 15:09:00,2020-03-30 15:18:00,992.4749999999999,998.5972256469727,8,122.44451293945531,83.81959188774671,38.6249210517086,2020-03-30
BANKNIFTY01APR2019100PE,PE,2020-03-30 15:19:00,2020-03-30 15:20:00,997.5877255249023,992.761875,1,-96.51701049804615,83.74117360958118,-180.25818410762733,2020-03-30
BANKNIFTY01APR2019100PE,PE,2020-03-30 15:21:00,2020-03-30 15:24:00,1000.1441494750976,982.5375,3,-352.13298950195167,83.5242399904188,-435.65722949237045,2020-03-30
BANKNIFTY01APR2019100CE,CE,2020-03-31 09:15:00,2020-03-31 09:16:00,633.07875,647.7266006469727,1,292.95701293945285,70.8201599019967,222.13685303745615,2020-03-31
BANKNIFTY01APR2019100CE,CE,2020-03-31 09:34:00,2020-03-31 09:35:00,384.70937499999997,396.25687500000004,1,230.9500000000014,61.61786911600001,169.3321308840014,2020-03-31
BANKNIFTY01APR2019100CE,CE,2020-03-31 09:56:00,2020-03-31 10:06:00,438.1927561187744,364.6860060882569,10,-1470.1350006103507,61.514408062605526,-1531.6494086729563,2020-03-31
BANKNIFTY01APR2019100CE,CE,2020-03-31 10:12:00,2020-03-31 10:13:00,350.2734938812256,357.65361282348636,1,147.6023788452153,60.251081195456145,87.35129764975915,2020-03-31
BANKNIFTY01APR2019100CE,CE,2020-03-31 10:28:00,2020-03-31 10:31:00,459.0948872375488,479.4982621765137,3,408.0674987792986,64.56673517096107,343.50076360833754,2020-03-31
BANKNIFTY01APR2019100CE,CE,2020-03-31 11:10:00,2020-03-31 11:11:00,349.6719877624512,343.38937500000003,1,-125.65225524902303,59.89665070891558,-185.54890595793862,2020-03-31
BANKNIFTY01APR2019100CE,CE,2020-03-31 12:13:00,2020-03-31 12:15:00,462.1525,503.8372560882569,2,833.6951217651381,65.19673368118832,768.4983880839497,2020-03-31
BANKNIFTY01APR2019100CE,CE,2020-03-31 12:23:00,2020-03-31 12:33:00,506.8640061187744,448.7752439117432,10,-1161.7752441406242,64.4129051892289,-1226.188149329853,2020-03-31
BANKNIFTY01APR2019100CE,CE,2020-03-31 12:39:00,2020-03-31 12:40:00,482.50323776245114,494.76000000000005,1,245.13524475097825,65.22877156066559,179.90647319031265,2020-03-31
BANKNIFTY01APR2019100CE,CE,2020-03-31 12:41:00,2020-03-31 12:45:00,486.2125,504.735,4,370.4500000000007,65.51748186100001,304.9325181390007,2020-03-31
BANKNIFTY01APR2019100CE,CE,2020-03-31 12:56:00,2020-03-31 12:58:00,474.3328688812256,463.68788108825686,2,-212.8997558593744,64.37148037427112,-277.27123623364554,2020-03-31
BANKNIFTY01APR2019100CE,CE,2020-03-31 15:03:00,2020-03-31 15:04:00,465.81161888122557,462.84000000000003,1,-59.432377624510764,64.24499225233279,-123.67736987684356,2020-03-31
BANKNIFTY01APR2019100PE,PE,2020-03-31 09:15:00,2020-03-31 09:25:00,902.1497744750976,688.7737500000001,10,-4267.520489501951,75.16140512366881,-4342.681894625619,2020-03-31
BANKNIFTY01APR2019100PE,PE,2020-03-31 09:27:00,2020-03-31 09:34:00,679.5947744750977,708.9232621765137,7,586.5697540283213,72.88657950004547,513.6831745282758,2020-03-31
BANKNIFTY01APR2019100PE,PE,2020-03-31 09:40:00,2020-03-31 09:50:00,643.7553994750976,579.796875,10,-1279.170489501953,69.30050684966882,-1348.4709963516218,2020-03-31
BANKNIFTY01APR2019100PE,PE,2020-03-31 10:08:00,2020-03-31 10:09:00,572.0766494750976,578.0013871765137,1,118.4947540283224,68.36632600354547,50.12842802477694,2020-03-31
BANKNIFTY01APR2019100PE,PE,2020-03-31 10:15:00,2020-03-31 10:18:00,530.9741494750976,530.3707621765137,3,-12.067745971678505,66.69713671429547,-78.76488268597397,2020-03-31
BANKNIFTY01APR2019100PE,PE,2020-03-31 10:34:00,2020-03-31 10:35:00,501.25,510.4207621765137,1,183.41524353027353,65.84259995087665,117.57264357939688,2020-03-31
BANKNIFTY01APR2019100PE,PE,2020-03-31 11:30:00,2020-03-31 11:34:00,563.3548872375488,579.2482621765137,4,317.8674987792965,68.28829880696105,249.57919997233546,2020-03-31
BANKNIFTY01APR2019100PE,PE,2020-03-31 11:42:00,2020-03-31 11:43:00,556.3874999999999,518.7,1,-753.7499999999977,66.728987065,-820.4789870649977,2020-03-31
BANKNIFTY01APR2019100PE,PE,2020-03-31 11:54:00,2020-03-31 12:00:00,498.9442622375488,457.0545121765137,6,-837.795001220702,64.51589506871106,-902.3108962894131,2020-03-31
BANKNIFTY01APR2019100PE,PE,2020-03-31 12:01:00,2020-03-31 12:05:00,451.02474388122556,484.9845121765137,4,679.1953659057629,64.59992028845944,614.5954456173034,2020-03-31
BANKNIFTY01APR2019100PE,PE,2020-03-31 12:09:00,2020-03-31 12:13:00,455.78661888122554,457.65298782348634,4,37.32737884521612,63.99427885295614,-26.666900007740026,2020-03-31
BANKNIFTY01APR2019100PE,PE,2020-03-31 12:16:00,2020-03-31 12:22:00,401.85213111877437,390.6210060882569,6,-224.6225006103498,61.69375923985553,-286.3162598502053,2020-03-31
BANKNIFTY01APR2019100PE,PE,2020-03-31 12:38:00,2020-03-31 12:40:00,407.2155122375488,409.9725,2,55.13975524902435,62.23108973883442,-7.091334489810073,2020-03-31
BANKNIFTY01APR2019100PE,PE,2020-03-31 12:48:00,2020-03-31 12:50:00,390.97499999999997,391.9676371765137,2,19.85274353027421,61.591381029626646,-41.738637499352436,2020-03-31
BANKNIFTY01APR2019100PE,PE,2020-03-31 13:32:00,2020-03-31 13:35:00,438.343125,476.05687500000005,3,754.2750000000012,64.2252166525,690.0497833475013,2020-03-31
BANKNIFTY01APR2019100PE,PE,2020-03-31 13:39:00,2020-03-31 13:42:00,443.70650611877437,462.2913871765137,3,371.6976211547865,63.95702293454386,307.74059822024265,2020-03-31
BANKNIFTY01APR2019100PE,PE,2020-03-31 13:43:00,2020-03-31 13:53:00,447.8167622375488,371.07,10,-1534.9352447509762,61.78925457933441,-1596.7244993303107,2020-03-31
BANKNIFTY01APR2019100PE,PE,2020-03-31 13:54:00,2020-03-31 14:04:00,385.46125,338.95048782348636,10,-930.215243530273,60.23331247112335,-990.4485560013964,2020-03-31
BANKNIFTY01APR2019100PE,PE,2020-03-31 14:05:00,2020-03-31 14:09:00,315.536875,352.2172560882569,4,733.6076217651373,59.68729557043832,673.920326194699,2020-03-31
BANKNIFTY01APR2019100PE,PE,2020-03-31 14:13:00,2020-03-31 14:15:00,345.86249999999995,360.4466310882569,2,291.6826217651385,60.26421703093833,231.41840473420015,2020-03-31
BANKNIFTY01APR2019100PE,PE,2020-03-31 14:22:00,2020-03-31 14:32:00,383.1555122375488,312.31725608825684,10,-1416.7651229858393,59.55685083202273,-1476.321973817862,2020-03-31
BANKNIFTY01APR2019100PE,PE,2020-03-31 14:33:00,2020-03-31 14:37:00,316.43911888122557,281.544375,4,-697.8948776245113,57.97948579708279,-755.8743634215941,2020-03-31
BANKNIFTY01APR2019100PE,PE,2020-03-31 14:38:00,2020-03-31 14:40:00,291.52698776245114,298.75125,2,144.4852447509777,58.08852058966559,86.39672416131211,2020-03-31
BANKNIFTY01APR2019100PE,PE,2020-03-31 14:44:00,2020-03-31 14:47:00,296.74,293.015625,3,-74.48750000000018,58.01377392025,-132.50127392025018,2020-03-31
BANKNIFTY01APR2019100PE,PE,2020-03-31 14:49:00,2020-03-31 14:53:00,299.7475,293.9632621765137,4,-115.68475646972615,58.07418784487665,-173.7589443146028,2020-03-31
BANKNIFTY01APR2019100PE,PE,2020-03-31 14:55:00,2020-03-31 14:59:00,292.3290061187744,309.3746189117432,4,340.9122558593765,58.35688312097888,282.55537273839764,2020-03-31
