symbol,option_type,entry_time,exit_time,entry_price,exit_price,bars_held,gross,charges,pnl,test_day
BANKNIFTY16JAN2031900CE,CE,2020-01-15 13:27:00,2020-01-15 13:32:00,82.65612194061279,87.73012195587158,5,101.48000030517579,50.360798990947245,51.11920131422855,2020-01-15
BANKNIFTY16JAN2031900CE,CE,2020-01-15 13:42:00,2020-01-15 13:52:00,70.0747515296936,68.62800304412842,10,-28.93496971130361,49.739860777948465,-78.67483048925207,2020-01-15
BANKNIFTY16JAN2031900PE,PE,2020-01-15 09:39:00,2020-01-15 09:49:00,206.0638780593872,217.4051219558716,10,226.824877929688,55.04813041986444,171.77674750982356,2020-01-15
BANKNIFTY16JAN2031900PE,PE,2020-01-15 10:05:00,2020-01-15 10:15:00,196.0388780593872,213.86399391174317,10,356.5023170471193,54.837450847770285,301.664866199349,2020-01-15
BANKNIFTY16JAN2031900PE,PE,2020-01-15 10:30:00,2020-01-15 10:40:00,202.2042469406128,211.32038108825685,10,182.32268295288122,54.852177103729716,127.47050584915151,2020-01-15
BANKNIFTY16JAN2031900PE,PE,2020-01-15 10:41:00,2020-01-15 10:51:00,214.535,217.25550304412843,10,54.4100608825687,55.14973297984416,-0.7396720972754594,2020-01-15
BANKNIFTY16JAN2031900PE,PE,2020-01-15 10:52:00,2020-01-15 11:02:00,215.93849388122558,211.220625,10,-94.3573776245114,55.0203794668328,-149.3777570913442,2020-01-15
BANKNIFTY16JAN2031900PE,PE,2020-01-15 11:04:00,2020-01-15 11:14:00,213.7329969406128,202.24312500000002,10,-229.79743881225545,54.77461413604139,-284.57205294829686,2020-01-15
BANKNIFTY16JAN2031900PE,PE,2020-01-15 11:15:00,2020-01-15 11:25:00,195.48749999999998,197.30550304412841,10,36.36006088256863,54.42783863884416,-18.067777756275525,2020-01-15
BANKNIFTY16JAN2031900PE,PE,2020-01-15 11:37:00,2020-01-15 11:47:00,198.3446311187744,191.9688719558716,10,-127.51518325805591,54.33352841307305,-181.84871167112897,2020-01-15
BANKNIFTY16JAN2031900PE,PE,2020-01-15 12:17:00,2020-01-15 12:27:00,215.1365061187744,207.62961891174317,10,-150.13774414062482,54.92306969597888,-205.0608138366037,2020-01-15
BANKNIFTY16JAN2031900PE,PE,2020-01-15 12:52:00,2020-01-15 12:58:00,192.12911888122557,205.6844969558716,6,271.1075614929206,54.589922751488636,216.51763874143194,2020-01-15
BANKNIFTY16JAN2031900PE,PE,2020-01-15 13:58:00,2020-01-15 14:08:00,240.9508811187744,211.47,10,-589.6176223754878,55.3371890586672,-644.954811434155,2020-01-15
BANKNIFTY16JAN2031900PE,PE,2020-01-15 14:09:00,2020-01-15 14:19:00,207.9686219406128,211.12086891174317,10,63.04493942260763,54.91893853860307,8.126000884004554,2020-01-15
BANKNIFTY16JAN2031900PE,PE,2020-01-15 14:23:00,2020-01-15 14:28:00,177.59286888122557,166.2832469558716,5,-226.1924385070796,53.450949951488624,-279.6433884585682,2020-01-15
BANKNIFTY16JAN2031900PE,PE,2020-01-15 15:05:00,2020-01-15 15:15:00,159.89874999999998,133.21612804412842,10,-533.6524391174311,52.42681392259416,-586.0792530400253,2020-01-15
BANKNIFTY16JAN2031900PE,PE,2020-01-15 15:20:00,2020-01-15 15:24:00,132.8813780593872,128.6775,4,-84.07756118774387,51.980765127458604,-136.05832631520246,2020-01-15
BANKNIFTY16JAN2031900CE,CE,2020-01-16 09:17:00,2020-01-16 09:20:00,109.72362194061279,125.53537347793579,3,316.2350307464601,51.616634599869315,264.6183961465908,2020-01-16
BANKNIFTY16JAN2031900CE,CE,2020-01-16 10:00:00,2020-01-16 10:05:00,90.07462347030639,94.61287347793579,5,90.76500015258802,50.620376781473624,40.14462337111439,2020-01-16
BANKNIFTY16JAN2031900CE,CE,2020-01-16 10:20:00,2020-01-16 10:30:00,72.53087347030639,46.28400152206421,10,-524.9374389648436,49.22688809906778,-574.1643270639114,2020-01-16
BANKNIFTY16JAN2031900CE,CE,2020-01-16 10:32:00,2020-01-16 10:42:00,50.5761257648468,41.146875,10,-188.58501529693598,48.829177684802154,-237.41419298173813,2020-01-16
BANKNIFTY16JAN2031900CE,CE,2020-01-16 10:43:00,2020-01-16 10:46:00,44.0598757648468,48.478498477935794,3,88.37245426177986,48.926553878130065,39.4459003836498,2020-01-16
BANKNIFTY16JAN2031900CE,CE,2020-01-16 10:53:00,2020-01-16 11:03:00,42.0548757648468,19.401375761032106,10,-453.0700000762938,48.194384258013194,-501.264384334307,2020-01-16
BANKNIFTY16JAN2031900CE,CE,2020-01-16 12:54:00,2020-01-16 13:04:00,23.6088742351532,41.6954992389679,10,361.732500076294,48.5074918552368,313.2250082210572,2020-01-16
BANKNIFTY16JAN2031900CE,CE,2020-01-16 13:10:00,2020-01-16 13:17:00,38.846875,42.643125000000005,7,75.92500000000015,48.71985235150001,27.205147648500144,2020-01-16
BANKNIFTY16JAN2031900CE,CE,2020-01-16 13:18:00,2020-01-16 13:27:00,37.1426242351532,37.356375761032105,9,4.275030517578102,48.570086647908894,-44.29505613033079,2020-01-16
BANKNIFTY16JAN2031900CE,CE,2020-01-16 14:17:00,2020-01-16 14:25:00,55.3380007648468,35.910000000000004,8,-388.56001529693583,48.760957662302154,-437.32097295923796,2020-01-16
BANKNIFTY16JAN2031900CE,CE,2020-01-16 14:29:00,2020-01-16 14:39:00,24.661500382423398,22.194375,10,-49.342507648467944,48.04623171590108,-97.38873936436903,2020-01-16
BANKNIFTY16JAN2031900CE,CE,2020-01-16 14:42:00,2020-01-16 14:51:00,11.3282501912117,13.266750190258026,9,38.769999980926535,47.6634327740033,-8.893432793076762,2020-01-16
BANKNIFTY16JAN2031900PE,PE,2020-01-16 09:20:00,2020-01-16 09:24:00,53.9344992351532,52.817625761032104,4,-22.337469482421852,49.154775446658896,-71.49224492908075,2020-01-16
BANKNIFTY16JAN2031900PE,PE,2020-01-16 09:47:00,2020-01-16 09:52:00,41.8042507648468,46.682999238967895,5,97.57496948242192,48.85485789009111,48.72011159233081,2020-01-16
BANKNIFTY16JAN2031900PE,PE,2020-01-16 13:04:00,2020-01-16 13:07:00,67.8191265296936,67.68037347793579,3,-2.775061035156341,49.688788032682226,-52.46384906783857,2020-01-16
BANKNIFTY16JAN2031900PE,PE,2020-01-16 13:08:00,2020-01-16 13:10:00,60.400625,62.892374238967896,2,49.83498477935797,49.48016215878896,0.3548226205690099,2020-01-16
BANKNIFTY16JAN2031900PE,PE,2020-01-16 14:01:00,2020-01-16 14:04:00,24.4108753824234,20.84774961948395,3,-71.262515258789,48.01036327404555,-119.27287853283454,2020-01-16
BANKNIFTY23JAN2031500PE,PE,2020-01-17 09:15:00,2020-01-17 09:25:00,252.4295030593872,232.41750000000002,10,-400.24006118774366,55.98931347720861,-456.2293746649523,2020-01-17
BANKNIFTY23JAN2031500PE,PE,2020-01-17 09:26:00,2020-01-17 09:36:00,234.0336219406128,241.44487804412844,10,148.2251220703131,55.98034874113555,92.24477332917755,2020-01-17
BANKNIFTY23JAN2031500PE,PE,2020-01-17 09:37:00,2020-01-17 09:47:00,236.53987194061278,182.19336891174316,10,-1086.9300605773924,54.57027538110307,-1141.5003359584955,2020-01-17
BANKNIFTY23JAN2031500PE,PE,2020-01-17 09:48:00,2020-01-17 09:58:00,182.6053688812256,166.08375,10,-330.43237762451156,53.5083707623328,-383.94074838684435,2020-01-17
BANKNIFTY23JAN2031500PE,PE,2020-01-17 10:00:00,2020-01-17 10:10:00,159.3473719406128,173.565,10,284.3525611877442,53.40139364404139,230.9511675437028,2020-01-17
BANKNIFTY23JAN2031500PE,PE,2020-01-17 10:14:00,2020-01-17 10:24:00,166.91625,172.2682469558716,10,107.03993911743225,53.46388465515584,53.57605446227642,2020-01-17
BANKNIFTY23JAN2031500PE,PE,2020-01-17 10:25:00,2020-01-17 10:35:00,169.2721311187744,150.6225,10,-372.99262237548817,52.96665068916721,-425.95927306465535,2020-01-17
BANKNIFTY23JAN2031500PE,PE,2020-01-17 10:36:00,2020-01-17 10:46:00,143.3575,144.58762195587158,10,24.602439117431913,52.49790771840584,-27.895468600973928,2020-01-17
BANKNIFTY23JAN2031500PE,PE,2020-01-17 10:47:00,2020-01-17 10:57:00,144.7108811187744,153.21600608825685,10,170.10249938964876,52.72459494835554,117.37790444129323,2020-01-17
BANKNIFTY23JAN2031500PE,PE,2020-01-17 11:02:00,2020-01-17 11:12:00,150.82612194061278,159.94913108825685,10,182.46018295288138,52.964342093479715,129.49584085940165,2020-01-17
BANKNIFTY23JAN2031500PE,PE,2020-01-17 11:20:00,2020-01-17 11:30:00,165.81349388122558,174.5625,10,174.98012237548835,53.5059889475828,121.47413342790554,2020-01-17
BANKNIFTY23JAN2031500PE,PE,2020-01-17 11:46:00,2020-01-17 11:56:00,172.93124999999998,161.89425304412842,10,-220.73993911743116,53.286279730844164,-274.02621884827533,2020-01-17
BANKNIFTY23JAN2031500PE,PE,2020-01-17 11:57:00,2020-01-17 12:07:00,163.65812499999998,174.5625,10,218.08750000000032,53.47921150675,164.6082884932503,2020-01-17
BANKNIFTY23JAN2031500PE,PE,2020-01-17 12:11:00,2020-01-17 12:21:00,173.7833811187744,167.38050304412843,10,-128.05756149291938,53.43031161751137,-181.48787311043074,2020-01-17
BANKNIFTY23JAN2031500PE,PE,2020-01-17 12:34:00,2020-01-17 12:37:00,157.39249999999998,165.33562500000002,3,158.86250000000075,53.17693907125,105.68556092875076,2020-01-17
BANKNIFTY23JAN2031500PE,PE,2020-01-17 12:48:00,2020-01-17 12:58:00,160.04911888122558,166.5326219558716,10,129.67006149292047,53.23905911673862,76.43100237618185,2020-01-17
BANKNIFTY23JAN2031500PE,PE,2020-01-17 13:41:00,2020-01-17 13:51:00,162.90625,155.16112804412842,10,-154.90243911743164,52.99795930159416,-207.9003984190258,2020-01-17
BANKNIFTY23JAN2031500PE,PE,2020-01-17 13:54:00,2020-01-17 14:04:00,159.99900611877442,160.846875,10,16.957377624511878,53.100138701167204,-36.142761076655326,2020-01-17
BANKNIFTY23JAN2031500PE,PE,2020-01-17 14:09:00,2020-01-17 14:19:00,161.10174694061277,190.2232469558716,10,582.4300003051763,53.82837783294723,528.6016224722291,2020-01-17
BANKNIFTY23JAN2031500PE,PE,2020-01-17 14:20:00,2020-01-17 14:30:00,186.715625,185.83425304412842,10,-17.627439117431436,54.03983827609416,-71.6672773935256,2020-01-17
BANKNIFTY23JAN2031500PE,PE,2020-01-17 14:33:00,2020-01-17 14:43:00,173.33224388122557,173.565,10,4.655122375488645,53.5751360990828,-48.92001372359415,2020-01-17
BANKNIFTY23JAN2031500PE,PE,2020-01-17 14:51:00,2020-01-17 15:01:00,176.6404969406128,162.24336891174318,10,-287.9425605773923,53.34085368585307,-341.2834142632454,2020-01-17
BANKNIFTY23JAN2031700CE,CE,2020-01-20 09:24:00,2020-01-20 09:27:00,216.08887805938718,226.63199695587159,3,210.86237792968802,55.39710782661443,155.46527010307358,2020-01-20
BANKNIFTY23JAN2031700CE,CE,2020-01-20 09:32:00,2020-01-20 09:38:00,192.8308811187744,191.07112804412841,6,-35.19506149291999,54.24319142476138,-89.43825291768137,2020-01-20
BANKNIFTY23JAN2031700CE,CE,2020-01-20 09:48:00,2020-01-20 09:58:00,160.1995030593872,153.365625,10,-136.67756118774435,52.9206586624586,-189.59821985020295,2020-01-20
BANKNIFTY23JAN2031700CE,CE,2020-01-20 10:35:00,2020-01-20 10:42:00,131.7786219406128,127.72987804412843,7,-80.97487792968735,51.94401534913556,-132.9188932788229,2020-01-20
BANKNIFTY23JAN2031700CE,CE,2020-01-20 14:25:00,2020-01-20 14:35:00,69.6236219406128,66.9821265220642,10,-52.82990837097174,49.69422248221348,-102.52413085318523,2020-01-20
BANKNIFTY23JAN2031700CE,CE,2020-01-20 14:45:00,2020-01-20 14:55:00,61.50337347030639,66.7327515220642,10,104.58756103515626,49.587274065567776,55.00028696958848,2020-01-20
BANKNIFTY23JAN2031700CE,CE,2020-01-20 14:56:00,2020-01-20 15:06:00,68.921875,68.578125,10,-6.875,49.7243246875,-56.5993246875,2020-01-20
BANKNIFTY23JAN2031700CE,CE,2020-01-20 15:07:00,2020-01-20 15:17:00,68.1198719406128,69.17662347793579,10,21.135030746459904,49.728918559869314,-28.59388781340941,2020-01-20
BANKNIFTY23JAN2031700PE,PE,2020-01-20 09:23:00,2020-01-20 09:32:00,259.4971311187744,320.8458689117432,9,1226.9747558593758,58.22801513522889,1168.746740724147,2020-01-20
BANKNIFTY23JAN2031700PE,PE,2020-01-20 09:38:00,2020-01-20 09:39:00,295.2863627624512,319.69875,1,488.24774475097684,58.64474417191559,429.60300057906124,2020-01-20
BANKNIFTY23JAN2031700PE,PE,2020-01-20 09:40:00,2020-01-20 09:46:00,306.06323776245114,325.185,6,382.4352447509773,58.912077106665585,323.5231676443117,2020-01-20
BANKNIFTY23JAN2031700PE,PE,2020-01-20 09:59:00,2020-01-20 10:04:00,353.6819877624512,368.12736282348635,5,288.9075012207036,60.54818626553893,228.35931495516465,2020-01-20
BANKNIFTY23JAN2031700PE,PE,2020-01-20 10:07:00,2020-01-20 10:12:00,340.9502561187744,357.1548628234863,5,324.0921340942384,60.12312162329056,263.96901247094786,2020-01-20
BANKNIFTY23JAN2031700PE,PE,2020-01-20 10:22:00,2020-01-20 10:23:00,343.0053688812256,349.125,1,122.39262237548814,59.9533383508328,62.43928402465534,2020-01-20
BANKNIFTY23JAN2031700PE,PE,2020-01-20 10:32:00,2020-01-20 10:35:00,397.1403688812256,422.6407621765137,3,510.0078659057624,62.41405792970944,447.593807976053,2020-01-20
BANKNIFTY23JAN2031700PE,PE,2020-01-20 10:44:00,2020-01-20 10:54:00,424.0073872375488,394.01250000000005,10,-599.8977447509753,62.051500621084415,-661.9492453720597,2020-01-20
BANKNIFTY23JAN2031700PE,PE,2020-01-20 11:18:00,2020-01-20 11:28:00,403.25562499999995,397.005,10,-125.01249999999914,61.86647740075,-186.87897740074914,2020-01-20
BANKNIFTY23JAN2031700PE,PE,2020-01-20 13:16:00,2020-01-20 13:22:00,535.4352255249023,553.7122256469727,6,365.5400024414075,67.32030775957789,298.21969468182965,2020-01-20
BANKNIFTY23JAN2031700PE,PE,2020-01-20 13:55:00,2020-01-20 14:05:00,516.2875,478.9995121765137,10,-745.7597564697267,65.26514191937665,-811.0248983891033,2020-01-20
BANKNIFTY23JAN2031700PE,PE,2020-01-20 14:06:00,2020-01-20 14:14:00,460.89937499999996,543.2883993530273,8,1647.7804870605473,66.14075918575328,1581.639727874794,2020-01-20
BANKNIFTY23JAN2030900CE,CE,2020-01-21 09:36:00,2020-01-21 09:42:00,309.32136276245114,342.5414939117432,6,664.4026229858412,59.37472716372727,605.0278958221139,2020-01-21
BANKNIFTY23JAN2030900PE,PE,2020-01-21 09:21:00,2020-01-21 09:31:00,199.6979969406128,164.38800304412842,10,-706.1998779296874,53.67947606563556,-759.879353995323,2020-01-21
BANKNIFTY23JAN2030900PE,PE,2020-01-21 09:33:00,2020-01-21 09:34:00,164.35987194061278,181.54500000000002,1,343.7025611877448,53.657769267041395,290.0447919207034,2020-01-21
BANKNIFTY23JAN2030900PE,PE,2020-01-21 09:42:00,2020-01-21 09:52:00,151.12687499999998,134.21362804412843,10,-338.26493911743114,52.34209844734417,-390.6070375647753,2020-01-21
BANKNIFTY23JAN2030900PE,PE,2020-01-21 09:56:00,2020-01-21 09:57:00,130.2748719406128,133.71487804412843,1,68.80012207031257,52.07091010663556,16.72921196367701,2020-01-21
BANKNIFTY23JAN2030900PE,PE,2020-01-21 10:38:00,2020-01-21 10:48:00,190.12411888122557,190.12350608825685,10,-0.01225585937447704,54.18651411602112,-54.1987699753956,2020-01-21
BANKNIFTY23JAN2030900PE,PE,2020-01-21 10:51:00,2020-01-21 11:01:00,194.18424694061278,196.85663108825685,10,53.44768295288134,54.400729362229725,-0.9530464093483886,2020-01-21
BANKNIFTY23JAN2030900PE,PE,2020-01-21 11:02:00,2020-01-21 11:12:00,193.733125,174.0138719558716,10,-394.38506088256815,53.83950666765584,-448.224567550224,2020-01-21
BANKNIFTY23JAN2030900PE,PE,2020-01-21 11:13:00,2020-01-21 11:20:00,171.42749999999998,176.35800304412842,7,98.61006088256886,53.61940821184416,44.9906526707247,2020-01-21
BANKNIFTY23JAN2030900PE,PE,2020-01-21 11:31:00,2020-01-21 11:37:00,178.79588111877442,175.56,6,-64.7176223754883,53.6915397246672,-118.4091621001555,2020-01-21
BANKNIFTY23JAN2030900PE,PE,2020-01-21 12:01:00,2020-01-21 12:11:00,145.06174694061278,130.27350608825685,10,-295.7648170471185,52.17090977197972,-347.93572681909825,2020-01-21
BANKNIFTY23JAN2030900PE,PE,2020-01-21 12:47:00,2020-01-21 12:57:00,158.4952561187744,153.615,10,-97.60512237548767,52.9055514779172,-150.51067385340485,2020-01-21
BANKNIFTY23JAN2030900PE,PE,2020-01-21 12:59:00,2020-01-21 13:09:00,149.4727561187744,141.395625,10,-161.54262237548835,52.49624035716721,-214.03886273265556,2020-01-21
BANKNIFTY23JAN2030900PE,PE,2020-01-21 13:12:00,2020-01-21 13:17:00,133.081875,142.04399391174317,5,179.2423782348635,52.30837727256168,126.93400096230184,2020-01-21
BANKNIFTY23JAN2030900PE,PE,2020-01-21 13:27:00,2020-01-21 13:33:00,146.51536888122558,152.3182469558716,6,116.05756149292006,52.725176448488625,63.33238504443143,2020-01-21
BANKNIFTY23JAN2030900PE,PE,2020-01-21 14:33:00,2020-01-21 14:43:00,157.39249999999998,138.40312500000002,10,-379.78749999999934,52.521843714250004,-432.30934371424934,2020-01-21
BANKNIFTY23JAN2030900PE,PE,2020-01-21 14:48:00,2020-01-21 14:58:00,140.19963111877442,140.5976219558716,10,7.959816741943655,52.36162445457305,-44.40180771262939,2020-01-21
BANKNIFTY23JAN2030900PE,PE,2020-01-21 15:20:00,2020-01-21 15:24:00,148.6707530593872,147.97913108825685,4,-13.832439422607195,52.64641116064693,-66.47885058325411,2020-01-21
BANKNIFTY23JAN2031100CE,CE,2020-01-22 09:16:00,2020-01-22 09:26:00,202.95612194061277,166.08375,10,-737.4474388122553,53.7612003780414,-791.2086391902967,2020-01-22
BANKNIFTY23JAN2031100CE,CE,2020-01-22 11:49:00,2020-01-22 11:59:00,47.7691265296936,50.8725,10,62.067469406128026,49.0308668613543,13.036602544773729,2020-01-22
BANKNIFTY23JAN2031100CE,CE,2020-01-22 12:08:00,2020-01-22 12:17:00,48.72149847030639,50.37375,9,33.045030593872156,49.0305673538957,-15.985536760023543,2020-01-22
BANKNIFTY23JAN2031100CE,CE,2020-01-22 13:05:00,2020-01-22 13:15:00,59.9494992351532,58.503376522064215,10,-28.92245426177965,49.36780132786993,-78.29025558964958,2020-01-22
BANKNIFTY23JAN2031100CE,CE,2020-01-22 13:19:00,2020-01-22 13:27:00,54.235248470306395,55.361250000000005,8,22.520030593872207,49.22038193339571,-26.7003513395235,2020-01-22
BANKNIFTY23JAN2031100CE,CE,2020-01-22 13:30:00,2020-01-22 13:36:00,51.0272515296936,51.969748477935795,6,18.849938964843886,49.09803353618222,-30.248094571338335,2020-01-22
BANKNIFTY23JAN2031100CE,CE,2020-01-22 13:56:00,2020-01-22 13:57:00,48.3205007648468,51.07200076103211,1,55.029999923706185,49.04256949101319,5.987430432692996,2020-01-22
BANKNIFTY23JAN2031100CE,CE,2020-01-22 14:24:00,2020-01-22 14:34:00,27.318125,27.08212461948395,10,-4.720007610320991,48.19812422414448,-52.91813183446547,2020-01-22
BANKNIFTY23JAN2031100CE,CE,2020-01-22 14:35:00,2020-01-22 14:38:00,26.9672496175766,29.925,3,59.15500764846804,48.26291405234892,10.892093596119125,2020-01-22
BANKNIFTY23JAN2031100CE,CE,2020-01-22 14:52:00,2020-01-22 15:02:00,31.328125,34.81275152206421,10,69.69253044128422,48.435979536672086,21.256550904612133,2020-01-22
BANKNIFTY23JAN2031100CE,CE,2020-01-22 15:10:00,2020-01-22 15:20:00,30.475999617576598,28.678125,10,-35.957492351531926,48.27617687009892,-84.23366922163085,2020-01-22
BANKNIFTY23JAN2031100PE,PE,2020-01-22 10:07:00,2020-01-22 10:08:00,203.25687499999998,213.81413108825686,1,211.14512176513756,54.92591151118833,156.21921025394923,2020-01-22
BANKNIFTY23JAN2031100PE,PE,2020-01-22 10:24:00,2020-01-22 10:33:00,327.8175,332.66625,9,96.97499999999991,59.3643142915,37.61068570849991,2020-01-22
BANKNIFTY23JAN2031100PE,PE,2020-01-22 11:22:00,2020-01-22 11:26:00,349.8223872375488,356.0077439117432,4,123.7071334838879,60.20544336989609,63.50169011399181,2020-01-22
BANKNIFTY23JAN2031100PE,PE,2020-01-22 11:30:00,2020-01-22 11:35:00,325.71224388122556,339.19986282348634,5,269.7523788452156,59.49708041645614,210.2552984287595,2020-01-22
BANKNIFTY23JAN2031100PE,PE,2020-01-22 11:58:00,2020-01-22 12:08:00,351.4765061187744,357.5538871765137,10,121.54762115478547,60.26360125154385,61.28401990324163,2020-01-22
BANKNIFTY23JAN2031100PE,PE,2020-01-22 15:06:00,2020-01-22 15:09:00,354.2834938812256,370.07250000000005,3,315.7801223754893,60.60297187558278,255.17715049990653,2020-01-22
BANKNIFTY23JAN2030700CE,CE,2020-01-23 09:51:00,2020-01-23 09:53:00,183.5577561187744,197.80425304412842,2,284.92993850708046,54.29175966826137,230.6381788388191,2020-01-23
BANKNIFTY23JAN2030700CE,CE,2020-01-23 11:11:00,2020-01-23 11:20:00,92.73124999999999,96.8572484779358,9,82.51996955871618,50.70797292657792,31.81199663213826,2020-01-23
BANKNIFTY23JAN2030700CE,CE,2020-01-23 11:43:00,2020-01-23 11:53:00,125.6633734703064,136.45800304412842,10,215.89259147644043,52.08034136948986,163.81225010695056,2020-01-23
BANKNIFTY23JAN2030700CE,CE,2020-01-23 12:28:00,2020-01-23 12:29:00,202.2042469406128,214.4625,1,245.1650611877443,54.928604747291395,190.2364564404529,2020-01-23
BANKNIFTY23JAN2030700CE,CE,2020-01-23 13:32:00,2020-01-23 13:40:00,300.5494877624512,318.20250000000004,8,353.0602447509773,58.67373694516559,294.3865078058117,2020-01-23
BANKNIFTY23JAN2030700CE,CE,2020-01-23 14:01:00,2020-01-23 14:05:00,271.72761276245114,306.78111282348635,4,701.0700012207042,58.037856245788944,643.0321449749152,2020-01-23
BANKNIFTY23JAN2030700CE,CE,2020-01-23 15:08:00,2020-01-23 15:09:00,317.8927561187744,318.00298782348636,1,2.2046340942392817,58.88434991954056,-56.67971582530128,2020-01-23
BANKNIFTY23JAN2030700PE,PE,2020-01-23 09:30:00,2020-01-23 09:40:00,46.516001529693604,38.60325076103211,10,-158.25501537322992,48.71686622681534,-206.97188160004526,2020-01-23
BANKNIFTY23JAN2030700PE,PE,2020-01-23 09:42:00,2020-01-23 09:51:00,33.43337347030639,44.8875,9,229.0825305938722,48.7071884536457,180.3753421402265,2020-01-23
BANKNIFTY23JAN2030700PE,PE,2020-01-23 11:21:00,2020-01-23 11:23:00,39.0975,40.54837652206421,2,29.017530441284265,48.67201419217207,-19.654483750887806,2020-01-23
BANKNIFTY23JAN2030700PE,PE,2020-01-23 11:38:00,2020-01-23 11:41:00,26.4158753824234,26.184375000000003,3,-4.630007648467966,48.16507853315109,-52.795086181619055,2020-01-23
BANKNIFTY23JAN2030700PE,PE,2020-01-23 12:15:00,2020-01-23 12:22:00,10.726749808788298,9.775500190258027,7,-19.024992370605425,47.57104020535222,-66.59603257595765,2020-01-23
BANKNIFTY23JAN2030700PE,PE,2020-01-23 12:44:00,2020-01-23 12:48:00,5.212999808788299,5.386500095129013,2,3.4700057268142714,47.39578329813834,-43.92577757132407,2020-01-23
BANKNIFTY30JAN2031100CE,CE,2020-01-24 09:31:00,2020-01-24 09:33:00,277.6925,274.1129878234863,2,-71.59024353027348,57.31735521362335,-128.90759874389684,2020-01-24
BANKNIFTY30JAN2031100CE,CE,2020-01-24 10:35:00,2020-01-24 10:37:00,386.6642622375488,381.1946189117432,2,-109.39286651611269,61.27578756089609,-170.6686540770088,2020-01-24
BANKNIFTY30JAN2031100CE,CE,2020-01-24 11:10:00,2020-01-24 11:13:00,376.18812499999996,387.3791310882569,3,223.82012176513854,61.29606582268833,162.52405594245022,2020-01-24
BANKNIFTY30JAN2031100CE,CE,2020-01-24 14:33:00,2020-01-24 14:43:00,387.9675,394.06236282348635,10,121.89725646972761,61.604968321373356,60.29228814835425,2020-01-24
BANKNIFTY30JAN2031100PE,PE,2020-01-24 09:22:00,2020-01-24 09:31:00,350.0228688812256,259.6991310882569,9,-1806.474755859374,57.86536189877111,-1864.3401177581452,2020-01-24
BANKNIFTY30JAN2031100PE,PE,2020-01-24 09:46:00,2020-01-24 09:52:00,248.01849388122557,252.41737804412844,6,87.97768325805748,56.42098189717696,31.556701360880524,2020-01-24
BANKNIFTY30JAN2031100PE,PE,2020-01-24 09:58:00,2020-01-24 10:04:00,241.05112194061277,242.79149391174317,6,34.80743942260801,56.10028589985308,-21.292846477245064,2020-01-24
BANKNIFTY30JAN2031100PE,PE,2020-01-24 10:11:00,2020-01-24 10:21:00,203.45737194061277,194.16336891174316,10,-185.88006057739221,54.45042512610307,-240.3304857034953,2020-01-24
BANKNIFTY30JAN2031100PE,PE,2020-01-24 10:42:00,2020-01-24 10:50:00,159.54786888122558,166.43288108825683,8,137.70024414062505,53.230405730271116,84.46983841035393,2020-01-24
BANKNIFTY30JAN2031100PE,PE,2020-01-24 11:26:00,2020-01-24 11:36:00,190.6754969406128,191.32050304412843,10,12.900122070312818,54.22247949163556,-41.32235742132274,2020-01-24
BANKNIFTY30JAN2031100PE,PE,2020-01-24 11:37:00,2020-01-24 11:47:00,192.48,170.62237804412842,10,-437.1524391174313,53.74144500259416,-490.89388412002546,2020-01-24
BANKNIFTY30JAN2031100PE,PE,2020-01-24 11:48:00,2020-01-24 11:58:00,172.179375,176.80687500000002,10,92.55000000000052,53.639667388,38.91033261200052,2020-01-24
BANKNIFTY30JAN2031100PE,PE,2020-01-24 12:26:00,2020-01-24 12:36:00,181.4525,178.45274391174317,10,-59.99512176513633,53.79490644081167,-113.790028205948,2020-01-24
BANKNIFTY30JAN2031100PE,PE,2020-01-24 12:44:00,2020-01-24 12:54:00,177.84349388122558,181.2457469558716,10,68.04506149292024,53.818005481238636,14.227056011681604,2020-01-24
BANKNIFTY30JAN2031100PE,PE,2020-01-24 12:55:00,2020-01-24 13:05:00,179.94875,157.00649391174318,10,-458.84512176513624,53.25457444581167,-512.099696210948,2020-01-24
BANKNIFTY30JAN2031100PE,PE,2020-01-24 13:06:00,2020-01-24 13:16:00,156.28974388122558,158.15362804412842,10,37.27768325805698,52.98854684917696,-15.710863591119981,2020-01-24
BANKNIFTY30JAN2031100PE,PE,2020-01-24 13:20:00,2020-01-24 13:30:00,163.90875,155.95913108825684,10,-158.99237823486317,53.02982426743833,-212.0222025023015,2020-01-24
BANKNIFTY30JAN2031100PE,PE,2020-01-24 13:31:00,2020-01-24 13:41:00,152.32987194061278,152.96663108825683,10,12.735182952881132,52.81318454497972,-40.07800159209859,2020-01-24
BANKNIFTY30JAN2031100PE,PE,2020-01-24 13:42:00,2020-01-24 13:52:00,152.02911888122557,147.28086891174317,10,-94.96499938964803,52.67114990439447,-147.6361492940425,2020-01-24
BANKNIFTY30JAN2031100PE,PE,2020-01-24 13:56:00,2020-01-24 14:06:00,148.37,134.51288108825685,10,-277.14237823486314,52.31512704643833,-329.45750528130145,2020-01-24
BANKNIFTY30JAN2031100PE,PE,2020-01-24 14:07:00,2020-01-24 14:17:00,134.8863780593872,130.6725,10,-84.27756118774369,52.054200027458606,-136.33176121520228,2020-01-24
BANKNIFTY30JAN2031100PE,PE,2020-01-24 14:18:00,2020-01-24 14:28:00,134.8863780593872,123.34087652206422,10,-230.91003074645954,51.875868550630685,-282.7858992970902,2020-01-24
BANKNIFTY30JAN2031100PE,PE,2020-01-24 14:29:00,2020-01-24 14:39:00,129.1220030593872,143.64000000000001,10,290.35993881225636,52.298002021208596,238.06193679104777,2020-01-24
BANKNIFTY30JAN2031100PE,PE,2020-01-24 14:40:00,2020-01-24 14:50:00,143.0066188812256,143.19112804412842,10,3.6901832580565497,52.45958075242696,-48.76939749437041,2020-01-24
BANKNIFTY30JAN2031100PE,PE,2020-01-24 14:51:00,2020-01-24 15:01:00,141.80362194061277,150.27336891174318,10,169.3949394226081,52.61690079360308,116.77803862900502,2020-01-24
BANKNIFTY30JAN2031100PE,PE,2020-01-24 15:02:00,2020-01-24 15:12:00,152.4301280593872,152.6175,10,3.747438812256405,52.8059379619586,-49.05849914970219,2020-01-24
BANKNIFTY30JAN2031100PE,PE,2020-01-24 15:13:00,2020-01-24 15:23:00,153.23213111877442,153.3157469558716,10,1.6723167419434048,52.83288560682305,-51.16056886487964,2020-01-24
BANKNIFTY30JAN2031100CE,CE,2020-01-27 09:47:00,2020-01-27 09:53:00,254.2340061187744,256.3575,6,42.469877624512264,56.594038885417206,-14.124161260904941,2020-01-27
BANKNIFTY30JAN2031100CE,CE,2020-01-27 11:22:00,2020-01-27 11:30:00,243.10625,238.4025,8,-94.0749999999997,56.019061856499995,-150.0940618564997,2020-01-27
BANKNIFTY30JAN2031100CE,CE,2020-01-27 12:44:00,2020-01-27 12:54:00,246.9658811187744,222.29288108825685,10,-493.46000061035113,55.675168443105534,-549.1351690534567,2020-01-27
BANKNIFTY30JAN2031100CE,CE,2020-01-27 13:00:00,2020-01-27 13:02:00,203.55762805938718,212.26800304412842,2,174.20749969482472,54.89204054680277,119.31545914802194,2020-01-27
BANKNIFTY30JAN2031100CE,CE,2020-01-27 13:17:00,2020-01-27 13:23:00,197.99374999999998,196.50750000000002,6,-29.724999999999113,54.439564979500005,-84.16456497949912,2020-01-27
BANKNIFTY30JAN2031100CE,CE,2020-01-27 13:40:00,2020-01-27 13:45:00,177.2921311187744,178.85175304412843,5,31.192438507080738,53.75292502051136,-22.560486513430625,2020-01-27
BANKNIFTY30JAN2031100CE,CE,2020-01-27 13:47:00,2020-01-27 13:48:00,163.85862194061278,166.333125,1,49.490061187744345,53.2815343747914,-3.7914731870470533,2020-01-27
BANKNIFTY30JAN2031100CE,CE,2020-01-27 14:29:00,2020-01-27 14:39:00,174.93625,147.879375,10,-541.1374999999998,52.97029676125,-594.1077967612498,2020-01-27
BANKNIFTY30JAN2031100CE,CE,2020-01-27 14:40:00,2020-01-27 14:50:00,142.355,136.95675304412842,10,-107.96493911743141,52.29984285634416,-160.26478197377557,2020-01-27
BANKNIFTY30JAN2031100CE,CE,2020-01-27 14:58:00,2020-01-27 15:03:00,137.84375,143.54024391174318,5,113.92987823486351,52.403931089311676,61.52594714555183,2020-01-27
BANKNIFTY30JAN2031100PE,PE,2020-01-27 09:17:00,2020-01-27 09:20:00,263.1061372375488,297.85350608825684,3,694.9473770141606,57.71359494727273,637.2337820668878,2020-01-27
BANKNIFTY30JAN2031100PE,PE,2020-01-27 09:53:00,2020-01-27 10:03:00,248.870625,232.26788108825684,10,-332.05487823486294,55.94146012918833,-387.99633836405127,2020-01-27
BANKNIFTY30JAN2031100PE,PE,2020-01-27 10:04:00,2020-01-27 10:14:00,216.1390061187744,211.719375,10,-88.3926223754878,55.03500194616721,-143.427624321655,2020-01-27
BANKNIFTY30JAN2031100PE,PE,2020-01-27 10:16:00,2020-01-27 10:26:00,198.59525611877442,195.46012195587159,10,-62.702683258056595,54.42156184632305,-117.12424510437964,2020-01-27
BANKNIFTY30JAN2031100PE,PE,2020-01-27 10:31:00,2020-01-27 10:41:00,199.14661888122558,220.74675304412844,10,432.00268325805723,55.04347365667695,376.9592096013803,2020-01-27
BANKNIFTY30JAN2031100PE,PE,2020-01-27 10:57:00,2020-01-27 11:07:00,225.71286888122557,234.21300304412844,10,170.00268325805735,55.701069798676954,114.30161345938039,2020-01-27
BANKNIFTY30JAN2031100PE,PE,2020-01-27 11:11:00,2020-01-27 11:21:00,241.4521311187744,233.41500000000002,10,-160.74262237548737,55.8771977901672,-216.61982016565457,2020-01-27
BANKNIFTY30JAN2031100PE,PE,2020-01-27 11:56:00,2020-01-27 12:04:00,210.82575305938718,224.4375,8,272.23493881225636,55.27834280070861,216.95659601154776,2020-01-27
BANKNIFTY30JAN2031100PE,PE,2020-01-27 12:32:00,2020-01-27 12:42:00,217.79312499999997,221.195625,10,68.05000000000064,55.286048572000006,12.763951428000631,2020-01-27
BANKNIFTY30JAN2031100PE,PE,2020-01-27 13:06:00,2020-01-27 13:16:00,256.3392469406128,275.75888717651367,10,388.3928047180177,57.09210513641805,331.30069958159964,2020-01-27
BANKNIFTY30JAN2031100PE,PE,2020-01-27 13:22:00,2020-01-27 13:29:00,274.13363723754884,279.3,7,103.32725524902344,57.399308135584405,45.92794711343903,2020-01-27
BANKNIFTY30JAN2031100PE,PE,2020-01-27 13:34:00,2020-01-27 13:40:00,260.9507377624512,298.1527439117432,6,744.0401229858401,57.69409566747727,686.3460273183628,2020-01-27
BANKNIFTY30JAN2031100PE,PE,2020-01-27 14:17:00,2020-01-27 14:23:00,287.46687499999996,292.06798782348636,6,92.02225646972806,57.87551837687336,34.146738092854704,2020-01-27
BANKNIFTY30JAN2031100PE,PE,2020-01-27 14:52:00,2020-01-27 14:58:00,343.606875,351.868125,6,165.22500000000036,60.02753389749999,105.19746610250037,2020-01-27
BANKNIFTY30JAN2031100PE,PE,2020-01-27 15:04:00,2020-01-27 15:07:00,332.83,341.64375,3,176.27500000000055,59.644952705499996,116.63004729450054,2020-01-27
BANKNIFTY30JAN2030900CE,CE,2020-01-28 09:26:00,2020-01-28 09:36:00,259.39687499999997,270.42225608825686,10,220.50762176513786,57.00028580443833,163.50733596069952,2020-01-28
BANKNIFTY30JAN2030900CE,CE,2020-01-28 09:37:00,2020-01-28 09:46:00,254.13375,286.7313871765137,9,651.952743530274,57.331595625626655,594.6211479046474,2020-01-28
BANKNIFTY30JAN2030900CE,CE,2020-01-28 09:53:00,2020-01-28 10:03:00,282.705,255.0108689117432,10,-553.8826217651359,56.91499620906168,-610.7976179741976,2020-01-28
BANKNIFTY30JAN2030900CE,CE,2020-01-28 10:04:00,2020-01-28 10:14:00,235.73786888122558,215.1607469558716,10,-411.54243850707985,55.36219693248864,-466.9046354395685,2020-01-28
BANKNIFTY30JAN2030900CE,CE,2020-01-28 10:18:00,2020-01-28 10:26:00,213.48237194061278,196.00875000000002,8,-349.4724388122552,54.6198580275414,-404.0922968397966,2020-01-28
BANKNIFTY30JAN2030900CE,CE,2020-01-28 11:25:00,2020-01-28 11:35:00,229.32187499999998,235.6094969558716,10,125.75243911743257,55.779874406405845,69.97256471102673,2020-01-28
BANKNIFTY30JAN2030900CE,CE,2020-01-28 11:45:00,2020-01-28 11:55:00,228.2692469406128,221.8938719558716,10,-127.50749969482399,55.43318360019724,-182.94068329502124,2020-01-28
BANKNIFTY30JAN2030900CE,CE,2020-01-28 12:18:00,2020-01-28 12:28:00,234.08374999999998,233.21550304412844,10,-17.364939117430822,55.78080348634416,-73.14574260377498,2020-01-28
BANKNIFTY30JAN2030900CE,CE,2020-01-28 12:37:00,2020-01-28 12:47:00,221.55249999999998,210.07350608825683,10,-229.57987823486292,55.06222357168832,-284.64210180655124,2020-01-28
BANKNIFTY30JAN2030900CE,CE,2020-01-28 12:50:00,2020-01-28 13:00:00,224.6101280593872,236.25788108825685,10,232.95506057739317,55.73710858339693,177.21795199399622,2020-01-28
BANKNIFTY30JAN2030900CE,CE,2020-01-28 14:54:00,2020-01-28 15:02:00,121.25237194061279,124.8869969558716,8,72.69250030517611,51.744092327197244,20.948407977978867,2020-01-28
BANKNIFTY30JAN2030900PE,PE,2020-01-28 09:15:00,2020-01-28 09:17:00,214.6352561187744,224.8863719558716,2,205.02231674194377,55.33658872482304,149.68572801712074,2020-01-28
BANKNIFTY30JAN2030900PE,PE,2020-01-28 09:49:00,2020-01-28 09:59:00,156.2396311187744,179.64975608825685,10,468.2024993896488,53.51078748835553,414.6917119012933,2020-01-28
BANKNIFTY30JAN2030900PE,PE,2020-01-28 10:26:00,2020-01-28 10:36:00,236.8907530593872,220.04850608825686,10,-336.844939422607,55.49540780239693,-392.34034722500394,2020-01-28
BANKNIFTY30JAN2030900PE,PE,2020-01-28 10:38:00,2020-01-28 10:40:00,206.264375,213.31538108825686,2,141.0201217651371,54.951144092688324,86.06897767244878,2020-01-28
BANKNIFTY30JAN2030900PE,PE,2020-01-28 10:53:00,2020-01-28 11:03:00,186.16424694061277,193.86413108825684,10,153.9976829528814,54.22830371722973,99.76937923565168,2020-01-28
BANKNIFTY30JAN2030900PE,PE,2020-01-28 11:04:00,2020-01-28 11:14:00,201.6027561187744,202.39274391174317,10,15.799755859375182,54.62755214672889,-38.827796287353706,2020-01-28
BANKNIFTY30JAN2030900PE,PE,2020-01-28 11:19:00,2020-01-28 11:25:00,188.72062499999998,189.37538108825686,6,13.095121765137492,54.15088057618833,-41.055758811050836,2020-01-28
BANKNIFTY30JAN2030900PE,PE,2020-01-28 11:54:00,2020-01-28 12:04:00,191.97875,194.31300304412844,10,46.685060882568905,54.311458959344165,-7.62639807677526,2020-01-28
BANKNIFTY30JAN2030900PE,PE,2020-01-28 12:09:00,2020-01-28 12:17:00,182.2545030593872,177.30562500000002,8,-98.97756118774339,53.7769681444586,-152.754529332202,2020-01-28
BANKNIFTY30JAN2030900PE,PE,2020-01-28 13:09:00,2020-01-28 13:19:00,155.3373719406128,140.24850608825685,10,-301.777317047119,52.541197936729716,-354.31851498384873,2020-01-28
BANKNIFTY30JAN2030900PE,PE,2020-01-28 13:20:00,2020-01-28 13:30:00,144.610625,158.3032469558716,10,273.852439117432,52.84708941840584,221.0053496990262,2020-01-28
BANKNIFTY30JAN2030900PE,PE,2020-01-28 13:33:00,2020-01-28 13:43:00,161.2521311187744,159.20100608825683,10,-41.02250061035136,53.07567356785553,-94.09817417820689,2020-01-28
BANKNIFTY30JAN2030900PE,PE,2020-01-28 13:53:00,2020-01-28 14:03:00,162.6054969406128,201.495,10,777.7900611877442,54.12122943379139,723.6688317539528,2020-01-28
BANKNIFTY30JAN2030900PE,PE,2020-01-28 14:17:00,2020-01-28 14:27:00,204.00875,196.90649391174318,10,-142.04512176513617,54.52399790181167,-196.56911966694784,2020-01-28
BANKNIFTY30JAN2030900PE,PE,2020-01-28 14:39:00,2020-01-28 14:45:00,244.1588780593872,265.9833689117432,6,436.4898170471196,56.70300530952028,379.7868117375993,2020-01-28
BANKNIFTY30JAN2030900PE,PE,2020-01-28 15:12:00,2020-01-28 15:22:00,260.7502561187744,249.5744969558716,10,-223.51518325805614,56.51000711607305,-280.0251903741292,2020-01-28
BANKNIFTY30JAN2030900CE,CE,2020-01-29 14:44:00,2020-01-29 14:54:00,157.89374999999998,152.5676219558716,10,-106.52256088256763,52.872602601905825,-159.39516348447347,2020-01-29
BANKNIFTY30JAN2030900PE,PE,2020-01-29 09:20:00,2020-01-29 09:30:00,158.79599388122557,154.56262195587158,10,-84.66743850707985,52.932337300988635,-137.5997758080685,2020-01-29
BANKNIFTY30JAN2030900PE,PE,2020-01-29 09:31:00,2020-01-29 09:33:00,151.62812499999998,172.96649391174319,2,426.76737823486405,53.29093498506168,373.4764432498024,2020-01-29
BANKNIFTY30JAN2030900PE,PE,2020-01-29 10:01:00,2020-01-29 10:11:00,124.9616265296936,121.69500000000001,10,-65.33253059387192,51.7125337653543,-117.04506435922622,2020-01-29
BANKNIFTY30JAN2030900PE,PE,2020-01-29 10:13:00,2020-01-29 10:23:00,118.49549694061278,124.48800304412842,10,119.85012207031275,51.70013704663556,68.14998502367719,2020-01-29
BANKNIFTY30JAN2030900PE,PE,2020-01-29 10:24:00,2020-01-29 10:34:00,125.06187499999999,87.92962652206421,10,-742.6449695587155,50.89248377392208,-793.5374533326376,2020-01-29
BANKNIFTY30JAN2030900PE,PE,2020-01-29 10:36:00,2020-01-29 10:46:00,89.82399847030639,88.12912347793579,10,-33.89749984741201,50.45955497522362,-84.35705482263563,2020-01-29
BANKNIFTY30JAN2030900PE,PE,2020-01-29 10:57:00,2020-01-29 11:07:00,83.3077484703064,80.59800304412842,10,-54.19490852355949,50.19541573073987,-104.39032425429936,2020-01-29
BANKNIFTY30JAN2030900PE,PE,2020-01-29 12:36:00,2020-01-29 12:46:00,100.4504969406128,88.32862804412842,10,-242.43737792968744,50.596427010885556,-293.033804940573,2020-01-29
BANKNIFTY30JAN2030900PE,PE,2020-01-29 13:42:00,2020-01-29 13:52:00,119.7486219406128,95.26125,10,-489.7474388122558,51.004805520041394,-540.7522443322972,2020-01-29
BANKNIFTY30JAN2030900PE,PE,2020-01-29 13:53:00,2020-01-29 14:02:00,71.87924694061279,75.16162347793579,9,65.64753074646006,49.921200277119326,15.726330469340738,2020-01-29
BANKNIFTY30JAN2030900PE,PE,2020-01-29 14:16:00,2020-01-29 14:26:00,77.5935015296936,84.68775152206422,10,141.88499984741242,50.223901618526384,91.66109822888603,2020-01-29
BANKNIFTY30JAN2030900PE,PE,2020-01-29 14:58:00,2020-01-29 15:08:00,107.0670030593872,126.33337652206421,10,385.3274692535402,51.603040136380685,333.7244291171595,2020-01-29
BANKNIFTY30JAN2030900PE,PE,2020-01-29 15:16:00,2020-01-29 15:21:00,114.1346234703064,116.5578734779358,5,48.46500015258812,51.45306999947362,-2.9880698468855016,2020-01-29
BANKNIFTY30JAN2030700CE,CE,2020-01-30 09:30:00,2020-01-30 09:40:00,103.2575,87.92962652206421,10,-306.55746955871564,50.62159494067208,-357.1790644993877,2020-01-30
BANKNIFTY30JAN2030700CE,CE,2020-01-30 10:01:00,2020-01-30 10:11:00,91.92924694061279,66.4334984779358,10,-509.9149692535397,49.95799403586931,-559.872963289409,2020-01-30
BANKNIFTY30JAN2030700CE,CE,2020-01-30 10:25:00,2020-01-30 10:26:00,58.7966265296936,59.2016234779358,1,8.099938964844,49.37046237818222,-41.27052341333822,2020-01-30
BANKNIFTY30JAN2030700CE,CE,2020-01-30 10:40:00,2020-01-30 10:45:00,47.1175,50.423624238967896,5,66.12248477935793,49.011853039538956,17.110631739818977,2020-01-30
BANKNIFTY30JAN2030700CE,CE,2020-01-30 11:45:00,2020-01-30 11:55:00,55.5385015296936,60.8973742389679,10,107.17745418548603,49.371231499643265,57.80622268584276,2020-01-30
BANKNIFTY30JAN2030700CE,CE,2020-01-30 11:56:00,2020-01-30 12:06:00,60.2001242351532,39.251623477935794,10,-418.97001514434805,48.90264305227577,-467.87265819662383,2020-01-30
BANKNIFTY30JAN2030700CE,CE,2020-01-30 12:16:00,2020-01-30 12:26:00,36.2905007648468,37.007248477935796,10,14.334954261779984,48.55100817438008,-34.216053912600096,2020-01-30
BANKNIFTY30JAN2030700CE,CE,2020-01-30 12:28:00,2020-01-30 12:38:00,44.2102484703064,31.969874238967897,10,-244.80748462677,48.52687287593466,-293.3343575027046,2020-01-30
BANKNIFTY30JAN2030700CE,CE,2020-01-30 12:48:00,2020-01-30 12:58:00,27.0173757648468,20.348999619483948,10,-133.36752290725707,48.03061399669663,-181.39813690395368,2020-01-30
BANKNIFTY30JAN2030700CE,CE,2020-01-30 13:04:00,2020-01-30 13:14:00,18.195374617576597,21.994874238967896,10,75.98999242782597,47.961046579137886,28.028945848688082,2020-01-30
BANKNIFTY30JAN2030700CE,CE,2020-01-30 13:25:00,2020-01-30 13:35:00,21.303124999999998,19.301625380516054,10,-40.02999238967888,47.93414651885553,-87.96413890853441,2020-01-30
BANKNIFTY30JAN2030700CE,CE,2020-01-30 13:42:00,2020-01-30 13:52:00,18.1452503824234,16.159500761032106,10,-39.71499242782585,47.818486565362115,-87.53347899318797,2020-01-30
BANKNIFTY30JAN2030700CE,CE,2020-01-30 13:59:00,2020-01-30 14:09:00,15.8896253824234,6.9825,10,-178.142507648468,47.56724588690107,-225.7097535353691,2020-01-30
BANKNIFTY30JAN2030700CE,CE,2020-01-30 15:01:00,2020-01-30 15:02:00,6.0651251912117,12.718125,1,133.059996175766,47.584701274575536,85.47529490119047,2020-01-30
BANKNIFTY30JAN2030700PE,PE,2020-01-30 11:10:00,2020-01-30 11:15:00,152.9815061187744,148.67737804412843,5,-86.08256149291947,52.71695011201137,-138.79951160493084,2020-01-30
BANKNIFTY30JAN2030700PE,PE,2020-01-30 11:23:00,2020-01-30 11:29:00,131.9791188812256,128.428125,6,-71.01987762451188,51.96349012258279,-122.98336774709466,2020-01-30
BANKNIFTY30JAN2030700PE,PE,2020-01-30 13:58:00,2020-01-30 14:03:00,114.3852484703064,148.378125,5,679.8575305938723,52.2301667341457,627.6273638597266,2020-01-30
BANKNIFTY30JAN2030700PE,PE,2020-01-30 14:25:00,2020-01-30 14:31:00,167.26713111877442,162.24336891174318,6,-100.4752441406248,53.22440273822888,-153.69964687885368,2020-01-30
BANKNIFTY30JAN2030700PE,PE,2020-01-30 14:38:00,2020-01-30 14:48:00,120.3501280593872,88.7775,10,-631.452561187744,50.854570249958606,-682.3071314377025,2020-01-30
BANKNIFTY30JAN2030700PE,PE,2020-01-30 14:50:00,2020-01-30 15:00:00,70.62612194061279,80.049375,10,188.46506118774414,50.0245196662914,138.44054152145276,2020-01-30
BANKNIFTY06FEB2030900CE,CE,2020-01-31 09:26:00,2020-01-31 09:36:00,540.2973872375488,540.8943750000001,10,11.939755249024984,67.06893703983442,-55.12918179080944,2020-01-31
BANKNIFTY06FEB2030900CE,CE,2020-01-31 09:38:00,2020-01-31 09:48:00,519.1947744750976,505.7325,10,-269.24548950195117,65.95150323716882,-335.19699273912,2020-01-31
BANKNIFTY06FEB2030900CE,CE,2020-01-31 09:49:00,2020-01-31 09:59:00,491.87661888122557,502.3908689117432,10,210.28500061035288,65.53083290139448,144.7541677089584,2020-01-31
BANKNIFTY06FEB2030900CE,CE,2020-01-31 12:57:00,2020-01-31 13:05:00,446.8142622375488,467.82750000000004,8,420.2647552490248,64.13029064733442,356.1344646016904,2020-01-31
BANKNIFTY06FEB2030900CE,CE,2020-01-31 13:22:00,2020-01-31 13:24:00,461.15,461.69288108825685,2,10.857621765137537,64.15917610243832,-53.301554337300786,2020-01-31
BANKNIFTY06FEB2030900PE,PE,2020-01-31 09:15:00,2020-01-31 09:20:00,480.49823776245114,491.4682621765137,5,219.400488281251,65.12379532854224,154.27669295270874,2020-01-31
BANKNIFTY06FEB2030900PE,PE,2020-01-31 11:01:00,2020-01-31 11:10:00,492.22749999999996,535.9567378234864,9,874.5847564697283,66.35163487712335,808.2331215926049,2020-01-31
BANKNIFTY06FEB2030900PE,PE,2020-01-31 13:28:00,2020-01-31 13:36:00,489.97187499999995,488.77500000000003,8,-23.93749999999841,65.17598217625,-89.11348217624841,2020-01-31
BANKNIFTY06FEB2030900PE,PE,2020-01-31 13:40:00,2020-01-31 13:50:00,467.16499999999996,438.99975608825685,10,-563.3048782348624,63.68192556118833,-626.9868037960507,2020-01-31
BANKNIFTY06FEB2030900PE,PE,2020-01-31 14:17:00,2020-01-31 14:27:00,396.4386372375488,414.06225608825685,10,352.4723770141611,62.196679745772734,290.2756972683884,2020-01-31
BANKNIFTY06FEB2030900PE,PE,2020-01-31 14:35:00,2020-01-31 14:40:00,405.6115061187744,428.32649391174317,5,454.2997558593754,62.65759741472888,391.6421584446465,2020-01-31
BANKNIFTY06FEB2030900PE,PE,2020-01-31 15:01:00,2020-01-31 15:03:00,445.61125,490.77000000000004,2,903.1750000000011,64.67338909749999,838.501610902501,2020-01-31
BANKNIFTY06FEB2030600CE,CE,2020-02-01 09:20:00,2020-02-01 09:30:00,518.9441494750977,551.3182621765137,10,647.4822540283208,67.05719941729546,580.4250546110253,2020-02-01
BANKNIFTY06FEB2030600CE,CE,2020-02-01 09:38:00,2020-02-01 09:41:00,536.2873872375488,559.6473628234863,3,467.1995117187498,67.47525857845775,399.72425314029203,2020-02-01
BANKNIFTY06FEB2030600CE,CE,2020-02-01 11:02:00,2020-02-01 11:04:00,577.94125,623.2379878234864,2,905.9347564697282,69.53950243412336,836.3952540356048,2020-02-01
BANKNIFTY06FEB2030600CE,CE,2020-02-01 12:09:00,2020-02-01 12:18:00,551.375,543.4878506469727,9,-157.7429870605465,67.2696435339967,-225.01263059454323,2020-02-01
BANKNIFTY06FEB2030600CE,CE,2020-02-01 12:23:00,2020-02-01 12:24:00,523.305,543.6375,1,406.6500000000019,66.924553093,339.7254469070019,2020-02-01
BANKNIFTY06FEB2030600CE,CE,2020-02-01 12:27:00,2020-02-01 12:30:00,529.8713627624511,570.3704878234863,3,809.9825012207043,67.65637346003894,742.3261277606654,2020-02-01
BANKNIFTY06FEB2030600CE,CE,2020-02-01 12:44:00,2020-02-01 12:54:00,537.4402255249023,512.4157621765137,10,-500.48926696777244,66.34073841870782,-566.8300053864803,2020-02-01
BANKNIFTY06FEB2030600CE,CE,2020-02-01 12:55:00,2020-02-01 13:03:00,474.58349388122554,528.6750000000001,8,1081.8301223754906,65.95531472458279,1015.8748076509079,2020-02-01
BANKNIFTY06FEB2030600CE,CE,2020-02-01 13:07:00,2020-02-01 13:12:00,469.1198872375488,512.3658993530273,5,864.9202423095699,65.4907410205877,799.4295012889821,2020-02-01
BANKNIFTY06FEB2030600CE,CE,2020-02-01 13:15:00,2020-02-01 13:25:00,462.8542622375488,325.53413108825686,10,-2746.402622985839,60.86847820327273,-2807.271101189112,2020-02-01
BANKNIFTY06FEB2030600CE,CE,2020-02-01 13:26:00,2020-02-01 13:32:00,310.4742622375488,268.8761128234863,6,-831.9629882812501,57.59724306220777,-889.5602313434579,2020-02-01
BANKNIFTY06FEB2030600CE,CE,2020-02-01 13:37:00,2020-02-01 13:47:00,252.9808811187744,183.04125000000002,10,-1398.7926223754876,54.7951554231672,-1453.5877777986548,2020-02-01
BANKNIFTY06FEB2030600CE,CE,2020-02-01 13:48:00,2020-02-01 13:49:00,193.2820030593872,190.32300304412843,1,-59.18000030517533,54.23059889005277,-113.41059919522809,2020-02-01
BANKNIFTY06FEB2030600CE,CE,2020-02-01 14:02:00,2020-02-01 14:05:00,247.0661219406128,279.99826217651366,3,658.6428047180175,57.08001640241805,601.5627883155994,2020-02-01
BANKNIFTY06FEB2030600CE,CE,2020-02-01 14:10:00,2020-02-01 14:20:00,247.6676280593872,228.77663108825683,10,-377.81993942260726,55.841594807896925,-433.6615342305042,2020-02-01
BANKNIFTY06FEB2030600CE,CE,2020-02-01 14:25:00,2020-02-01 14:35:00,227.9183811187744,197.15586891174317,10,-615.2502441406244,54.82710729272888,-670.0773514333533,2020-02-01
BANKNIFTY06FEB2030600CE,CE,2020-02-01 14:36:00,2020-02-01 14:46:00,190.475,159.94913108825685,10,-610.5173782348629,53.45692389493833,-663.9743021298012,2020-02-01
BANKNIFTY06FEB2030600CE,CE,2020-02-01 14:47:00,2020-02-01 14:57:00,164.6104969406128,133.76475608825683,10,-616.9148170471192,52.49869539097972,-669.4135124380989,2020-02-01
BANKNIFTY06FEB2030600CE,CE,2020-02-01 14:58:00,2020-02-01 15:04:00,122.054375,134.3632469558716,6,246.1774391174322,51.98455260690584,194.19288651052636,2020-02-01
BANKNIFTY06FEB2030600CE,CE,2020-02-01 15:08:00,2020-02-01 15:18:00,117.44287652969359,92.26875000000001,10,-503.4825305938716,50.9033714883543,-554.3859020822259,2020-02-01
BANKNIFTY06FEB2030600PE,PE,2020-02-01 10:11:00,2020-02-01 10:21:00,411.025,426.93,10,318.1000000000006,62.690884738,255.4091152620006,2020-02-01
BANKNIFTY06FEB2030600PE,PE,2020-02-01 10:23:00,2020-02-01 10:33:00,443.355625,408.975,10,-687.612499999999,62.65581725275,-750.2683172527491,2020-02-01
BANKNIFTY06FEB2030600PE,PE,2020-02-01 10:35:00,2020-02-01 10:42:00,417.44099388122555,422.09211891174317,7,93.02250061035238,62.65291979514447,30.36958081520791,2020-02-01
BANKNIFTY06FEB2030600PE,PE,2020-02-01 10:56:00,2020-02-01 11:02:00,384.25823776245113,431.9673628234863,6,954.1825012207039,62.480871989038945,891.7016292316649,2020-02-01
BANKNIFTY06FEB2030600PE,PE,2020-02-01 11:08:00,2020-02-01 11:09:00,400.04761276245114,399.0,1,-20.952255249022755,61.875147921915584,-82.82740317093834,2020-02-01
BANKNIFTY06FEB2030600PE,PE,2020-02-01 11:12:00,2020-02-01 11:22:00,365.2608811187744,394.16211891174316,10,578.0247558593749,61.32529679822888,516.699459061146,2020-02-01
BANKNIFTY06FEB2030600PE,PE,2020-02-01 11:57:00,2020-02-01 12:04:00,396.03761276245115,412.6158689117432,7,331.5651229858406,62.15651623497726,269.4086067508633,2020-02-01
BANKNIFTY06FEB2030600PE,PE,2020-02-01 12:19:00,2020-02-01 12:29:00,438.2930122375488,415.80788108825686,10,-449.7026229858386,62.75912164327273,-512.4617446291113,2020-02-01
BANKNIFTY06FEB2030600PE,PE,2020-02-01 13:04:00,2020-02-01 13:07:00,383.50636276245115,437.3039939117432,3,1075.952622985841,62.60133707472727,1013.3512859111136,2020-02-01
BANKNIFTY06FEB2030600PE,PE,2020-02-01 13:12:00,2020-02-01 13:17:00,389.72187499999995,475.9571189117432,5,1724.7048782348645,63.618739263811676,1661.0861389710528,2020-02-01
BANKNIFTY06FEB2030600PE,PE,2020-02-01 14:05:00,2020-02-01 14:10:00,498.6936372375488,527.5278506469726,5,576.6842681884771,66.2269466995811,510.45732148889596,2020-02-01
BANKNIFTY06FEB2029900CE,CE,2020-02-03 09:16:00,2020-02-03 09:26:00,293.6823872375488,297.75375,10,81.42725524902403,58.09103561958442,23.33621962943961,2020-02-03
BANKNIFTY06FEB2029900CE,CE,2020-02-03 09:27:00,2020-02-03 09:37:00,284.86036888122555,182.7419969558716,10,-2042.367438507079,55.18393451598864,-2097.5513730230678,2020-02-03
BANKNIFTY06FEB2029900CE,CE,2020-02-03 09:38:00,2020-02-03 09:48:00,193.0815061187744,252.3675,10,1185.7198776245123,55.737253522417205,1129.982624102095,2020-02-03
BANKNIFTY06FEB2029900CE,CE,2020-02-03 09:54:00,2020-02-03 10:00:00,216.43974388122558,254.66175304412843,6,764.440183258057,56.083251418426954,708.3569318396301,2020-02-03
BANKNIFTY06FEB2029900CE,CE,2020-02-03 10:01:00,2020-02-03 10:06:00,245.61249999999998,282.94086891174317,5,746.5673782348637,57.133531974061675,689.4338462608019,2020-02-03
BANKNIFTY06FEB2029900CE,CE,2020-02-03 11:15:00,2020-02-03 11:21:00,275.98823776245115,254.46225608825685,6,-430.51963348388597,56.81820560285391,-487.3378390867399,2020-02-03
BANKNIFTY06FEB2029900CE,CE,2020-02-03 11:30:00,2020-02-03 11:36:00,236.53987194061278,246.03336891174317,6,189.86993942260767,56.12309400510307,133.7468454175046,2020-02-03
BANKNIFTY06FEB2029900CE,CE,2020-02-03 11:49:00,2020-02-03 11:56:00,226.9158811187744,237.90375,7,219.75737762451217,55.80578779416721,163.95158983034497,2020-02-03
BANKNIFTY06FEB2029900PE,PE,2020-02-03 09:48:00,2020-02-03 09:54:00,336.63948776245115,375.65850608825684,6,780.3803665161138,60.51964157885392,719.8607249372599,2020-02-03
BANKNIFTY06FEB2029900PE,PE,2020-02-03 09:59:00,2020-02-03 10:09:00,359.8473872375488,309.97312500000004,10,-997.485244750975,59.21026230333442,-1056.6955070543095,2020-02-03
BANKNIFTY06FEB2029900PE,PE,2020-02-03 10:12:00,2020-02-03 10:22:00,284.45937499999997,265.9335060882569,10,-370.5173782348618,57.20246971993832,-427.7198479548001,2020-02-03
BANKNIFTY06FEB2029900PE,PE,2020-02-03 10:23:00,2020-02-03 10:31:00,259.34676223754883,241.54461891174319,8,-356.0428665161129,56.29725512789609,-412.340121644009,2020-02-03
BANKNIFTY06FEB2029900PE,PE,2020-02-03 10:32:00,2020-02-03 10:40:00,231.27674694061278,266.33250000000004,8,701.1150611877451,56.55145499029139,644.5636061974537,2020-02-03
BANKNIFTY06FEB2029900PE,PE,2020-02-03 10:46:00,2020-02-03 10:56:00,247.4671311187744,241.3451219558716,10,-122.44018325805598,56.14481485857304,-178.58499811662904,2020-02-03
BANKNIFTY06FEB2029900PE,PE,2020-02-03 11:00:00,2020-02-03 11:10:00,242.605,233.46487804412843,10,-182.80243911743128,55.89273378559416,-238.69517290302542,2020-02-03
BANKNIFTY06FEB2029900PE,PE,2020-02-03 11:11:00,2020-02-03 11:15:00,236.28924694061277,279.59923782348636,4,866.1998176574718,56.936423109414754,809.2633945480571,2020-02-03
BANKNIFTY06FEB2029900PE,PE,2020-02-03 11:22:00,2020-02-03 11:26:00,285.76261276245117,299.25,4,269.7477447509766,58.02903769591559,211.71870705506103,2020-02-03
BANKNIFTY06FEB2029900PE,PE,2020-02-03 11:36:00,2020-02-03 11:43:00,303.8577561187744,301.494375,7,-47.26762237548769,58.308435798667205,-105.5760581741549,2020-02-03
BANKNIFTY06FEB2029900PE,PE,2020-02-03 12:43:00,2020-02-03 12:53:00,257.6425,258.7016310882569,10,21.18262176513781,56.693402356938336,-35.510780591800525,2020-02-03
BANKNIFTY06FEB2029900PE,PE,2020-02-03 13:17:00,2020-02-03 13:24:00,244.9608811187744,275.2102439117432,7,604.9872558593756,56.937399891478876,548.0498559678967,2020-02-03
BANKNIFTY06FEB2029900PE,PE,2020-02-03 13:31:00,2020-02-03 13:41:00,263.406875,270.2726371765137,10,137.3152435302734,57.04646516987664,80.26877836039675,2020-02-03
BANKNIFTY06FEB2029900PE,PE,2020-02-03 13:58:00,2020-02-03 14:08:00,253.3317469406128,263.48961891174315,10,203.15743942260724,56.75630838585308,146.40113103675415,2020-02-03
BANKNIFTY06FEB2029900PE,PE,2020-02-03 14:20:00,2020-02-03 14:30:00,255.6375,244.138125,10,-229.98749999999973,56.31425614225,-286.3017561422497,2020-02-03
BANKNIFTY06FEB2029900PE,PE,2020-02-03 14:44:00,2020-02-03 14:54:00,211.3771311187744,193.764375,10,-352.255122375488,54.53911207791721,-406.7942344534052,2020-02-03
BANKNIFTY06FEB2029900PE,PE,2020-02-03 14:55:00,2020-02-03 15:05:00,180.95125,214.4625,10,670.2250000000004,54.664566014500004,615.5604339855004,2020-02-03
BANKNIFTY06FEB2030200CE,CE,2020-02-04 09:26:00,2020-02-04 09:36:00,231.02612194061277,232.41750000000002,10,27.827561187745005,55.72340643154139,-27.895845243796387,2020-02-04
BANKNIFTY06FEB2030200CE,CE,2020-02-04 12:31:00,2020-02-04 12:34:00,468.7188627624511,489.77250000000004,3,421.07274475097825,64.9362060444156,356.13653870656265,2020-02-04
BANKNIFTY06FEB2030200CE,CE,2020-02-04 12:48:00,2020-02-04 12:58:00,441.50099388122555,463.38861282348637,10,437.7523788452163,63.95631101045615,373.79606783476015,2020-02-04
BANKNIFTY06FEB2030200PE,PE,2020-02-04 10:54:00,2020-02-04 11:04:00,91.3778765296936,59.301375761032105,10,-641.5300153732298,49.777665130315334,-691.3076805035452,2020-02-04
BANKNIFTY06FEB2030200PE,PE,2020-02-04 11:15:00,2020-02-04 11:22:00,47.2177484703064,48.07950076103211,7,17.235045814514223,48.95608096460674,-31.72103515009252,2020-02-04
BANKNIFTY06FEB2030200PE,PE,2020-02-04 11:33:00,2020-02-04 11:43:00,45.5135015296936,38.85262576103211,10,-133.21751537322982,48.71047726556534,-181.92799263879516,2020-02-04
BANKNIFTY06FEB2030200PE,PE,2020-02-04 11:44:00,2020-02-04 11:50:00,37.3932492351532,43.54087652206421,6,122.95254573822021,48.723629635369925,74.22891610285029,2020-02-04
BANKNIFTY06FEB2030200PE,PE,2020-02-04 12:05:00,2020-02-04 12:15:00,42.105,45.236623477935794,10,62.63246955871594,48.823413212827916,13.809056345888024,2020-02-04
BANKNIFTY06FEB2030200PE,PE,2020-02-04 13:06:00,2020-02-04 13:16:00,44.4107492351532,47.88,10,69.3850152969361,48.916355352197854,20.46865994473825,2020-02-04
BANKNIFTY06FEB2030200PE,PE,2020-02-04 13:17:00,2020-02-04 13:26:00,46.365624999999994,47.58075076103211,9,24.30251522064225,48.93336312796104,-24.63084790731879,2020-02-04
BANKNIFTY06FEB2030200PE,PE,2020-02-04 13:31:00,2020-02-04 13:41:00,44.0598757648468,40.99724847793579,10,-61.25254573822019,48.74458294563007,-109.99712868385026,2020-02-04
BANKNIFTY06FEB2030200PE,PE,2020-02-04 13:43:00,2020-02-04 13:53:00,40.5010015296936,36.7079992389679,10,-75.86004581451405,48.59603893289326,-124.45608474740732,2020-02-04
BANKNIFTY06FEB2030200PE,PE,2020-02-04 13:54:00,2020-02-04 14:04:00,36.0398757648468,41.39625,10,107.12748470306408,48.65465082705215,58.47283387601193,2020-02-04
BANKNIFTY06FEB2030200PE,PE,2020-02-04 14:15:00,2020-02-04 14:25:00,40.8017507648468,38.9025,10,-37.985015296935956,48.65315347980216,-86.63816877673811,2020-02-04
BANKNIFTY06FEB2030200PE,PE,2020-02-04 14:52:00,2020-02-04 15:02:00,43.6588742351532,42.992248477935796,10,-13.332515144348065,48.78812664502577,-62.120641789373835,2020-02-04
BANKNIFTY06FEB2030200PE,PE,2020-02-04 15:07:00,2020-02-04 15:17:00,38.59625,41.29650152206421,10,54.005030441284276,48.68398395592208,5.321046485362196,2020-02-04
BANKNIFTY06FEB2030700CE,CE,2020-02-05 09:23:00,2020-02-05 09:29:00,212.1290061187744,207.230625,6,-97.96762237548819,54.87600075066721,-152.8436231261554,2020-02-05
BANKNIFTY06FEB2030700CE,CE,2020-02-05 09:31:00,2020-02-05 09:41:00,229.07125,248.02836891174317,10,379.1423782348636,56.07883241556167,323.0635458193019,2020-02-05
BANKNIFTY06FEB2030700CE,CE,2020-02-05 09:52:00,2020-02-05 09:57:00,189.6729969406128,216.55725608825685,5,537.6851829528812,54.823873518979724,482.86130943390145,2020-02-05
BANKNIFTY06FEB2030700CE,CE,2020-02-05 10:11:00,2020-02-05 10:21:00,219.296875,219.45000000000002,10,3.062500000000341,55.26227067625,-52.199770676249656,2020-02-05
BANKNIFTY06FEB2030700CE,CE,2020-02-05 10:25:00,2020-02-05 10:35:00,248.4696311187744,263.5395121765137,10,301.3976211547862,56.69711698754386,244.70050416724231,2020-02-05
BANKNIFTY06FEB2030700CE,CE,2020-02-05 10:45:00,2020-02-05 10:55:00,252.7302561187744,242.79149391174317,10,-198.77524414062464,56.245382791228884,-255.0206269318535,2020-02-05
BANKNIFTY06FEB2030700CE,CE,2020-02-05 10:56:00,2020-02-05 11:06:00,242.605,227.08086891174318,10,-310.4826217651362,55.73745170106169,-366.22007346619785,2020-02-05
BANKNIFTY06FEB2030700CE,CE,2020-02-05 11:19:00,2020-02-05 11:29:00,220.75049694061278,217.455,10,-65.90993881225529,55.231804311791386,-121.14174312404668,2020-02-05
BANKNIFTY06FEB2030700CE,CE,2020-02-05 11:30:00,2020-02-05 11:40:00,208.67036888122558,179.89913108825684,10,-575.424755859375,54.16823169977113,-629.5929875591461,2020-02-05
BANKNIFTY06FEB2030700CE,CE,2020-02-05 11:43:00,2020-02-05 11:53:00,174.8359938812256,176.25824695587158,10,28.445061492919876,53.65932754923864,-25.214266056318763,2020-02-05
BANKNIFTY06FEB2030700CE,CE,2020-02-05 11:54:00,2020-02-05 12:04:00,171.32724388122557,142.09387195587158,10,-584.6674385070799,52.78473565098864,-637.4521741580685,2020-02-05
BANKNIFTY06FEB2030700CE,CE,2020-02-05 12:06:00,2020-02-05 12:16:00,119.6483734703064,132.56774391174318,10,258.38740882873566,51.91098830845738,206.47642052027828,2020-02-05
BANKNIFTY06FEB2030700CE,CE,2020-02-05 12:23:00,2020-02-05 12:32:00,139.3475,166.18350608825685,9,536.720121765137,52.97337872968832,483.74674303544873,2020-02-05
BANKNIFTY06FEB2030700CE,CE,2020-02-05 12:41:00,2020-02-05 12:51:00,173.7332530593872,172.5675,10,-23.315061187744277,53.5558552857086,-76.87091647345288,2020-02-05
BANKNIFTY06FEB2030700CE,CE,2020-02-05 12:52:00,2020-02-05 13:02:00,167.31724388122558,152.21850608825685,10,-301.9747558593747,52.981184565771116,-354.9559404251458,2020-02-05
BANKNIFTY06FEB2030700CE,CE,2020-02-05 13:26:00,2020-02-05 13:36:00,178.94625,208.27800304412844,10,586.635060882569,54.48922746634416,532.1458334162248,2020-02-05
BANKNIFTY06FEB2030700PE,PE,2020-02-05 13:08:00,2020-02-05 13:18:00,105.0620030593872,92.01937500000001,10,-260.8525611877437,50.7434907709586,-311.5960519587023,2020-02-05
BANKNIFTY06FEB2030700PE,PE,2020-02-05 13:19:00,2020-02-05 13:28:00,96.490625,108.27862804412842,9,235.7600608825686,51.032486965844164,184.72757391672445,2020-02-05
BANKNIFTY06FEB2030700PE,PE,2020-02-05 13:37:00,2020-02-05 13:47:00,81.6536219406128,87.43087652206421,10,115.54509162902832,50.34106560571348,65.20402602331484,2020-02-05
BANKNIFTY06FEB2030700PE,PE,2020-02-05 13:55:00,2020-02-05 14:05:00,76.5408734703064,54.862500000000004,10,-433.56746940612777,49.4853667006457,-483.0528361067735,2020-02-05
BANKNIFTY06FEB2030700PE,PE,2020-02-05 14:06:00,2020-02-05 14:12:00,49.22274847030639,52.019626522064215,6,55.93756103515645,49.076828325567774,6.8607327095886745,2020-02-05
BANKNIFTY06FEB2030700PE,PE,2020-02-05 14:17:00,2020-02-05 14:23:00,43.45837347030639,45.9348742389679,6,49.530015373230185,48.85721095568466,0.6728044175455281,2020-02-05
BANKNIFTY06FEB2030700PE,PE,2020-02-05 14:47:00,2020-02-05 14:57:00,32.180248470306395,34.663125,10,49.65753059387211,48.442926522145704,1.2146040717264057,2020-02-05
BANKNIFTY06FEB2030700PE,PE,2020-02-05 15:16:00,2020-02-05 15:24:00,27.719124617576597,28.927500000000002,8,24.167507648468103,48.24799225559892,-24.08048460713082,2020-02-05
BANKNIFTY06FEB2031100CE,CE,2020-02-06 09:30:00,2020-02-06 09:32:00,91.1272515296936,91.1216234779358,2,-0.11256103515592031,50.54853444293222,-50.66109547808814,2020-02-06
BANKNIFTY06FEB2031100CE,CE,2020-02-06 10:59:00,2020-02-06 11:00:00,67.01712347030639,70.62300304412842,1,72.11759147644074,49.750399611989856,22.36719186445088,2020-02-06
BANKNIFTY06FEB2031100CE,CE,2020-02-06 13:10:00,2020-02-06 13:15:00,195.38724388122557,214.36274391174317,5,379.5100006103519,54.84148660089446,324.6685140094574,2020-02-06
BANKNIFTY06FEB2031100CE,CE,2020-02-06 13:56:00,2020-02-06 13:57:00,239.54737194061278,262.14298782348635,1,451.9123176574715,56.55230190866475,395.36001574880675,2020-02-06
BANKNIFTY06FEB2031100CE,CE,2020-02-06 14:04:00,2020-02-06 14:14:00,219.9986219406128,218.95125000000002,10,-20.94743881225554,55.258857504041394,-76.20629631629694,2020-02-06
BANKNIFTY06FEB2031100CE,CE,2020-02-06 14:27:00,2020-02-06 14:37:00,247.61749999999998,205.1857469558716,10,-848.6350608825677,55.26715680765584,-903.9022176902236,2020-02-06
BANKNIFTY06FEB2031100CE,CE,2020-02-06 14:53:00,2020-02-06 15:01:00,205.0613780593872,230.3726219558716,8,506.224877929688,55.35109204386444,450.8737858858235,2020-02-06
BANKNIFTY06FEB2031100CE,CE,2020-02-06 15:21:00,2020-02-06 15:24:00,204.15911888122557,203.1907469558716,3,-19.367438507079555,54.678721681988634,-74.04616018906819,2020-02-06
BANKNIFTY06FEB2031100PE,PE,2020-02-06 09:38:00,2020-02-06 09:47:00,113.0820030593872,119.00175304412842,9,118.39499969482432,51.499436613552774,66.89556308127155,2020-02-06
BANKNIFTY06FEB2031100PE,PE,2020-02-06 10:15:00,2020-02-06 10:16:00,131.52799694061278,147.97913108825685,1,329.0226829528814,52.433436415729716,276.58924653715167,2020-02-06
BANKNIFTY06FEB2031100PE,PE,2020-02-06 11:46:00,2020-02-06 11:56:00,121.50299694061279,41.54587652206421,10,-1599.1424083709717,49.72004991496348,-1648.8624582859352,2020-02-06
BANKNIFTY06FEB2031100PE,PE,2020-02-06 11:57:00,2020-02-06 12:05:00,44.0598757648468,33.3663757610321,8,-213.87000007629396,48.55897265001319,-262.42897272630717,2020-02-06
BANKNIFTY06FEB2031100PE,PE,2020-02-06 12:08:00,2020-02-06 12:13:00,30.977249617576597,34.114500761032104,5,62.74502286911016,48.41463642905997,14.33038644005019,2020-02-06
BANKNIFTY06FEB2031100PE,PE,2020-02-06 12:17:00,2020-02-06 12:22:00,27.1677503824234,29.974874238967896,5,56.14247713088993,48.26661811469003,7.875859016199897,2020-02-06
BANKNIFTY06FEB2031100PE,PE,2020-02-06 12:27:00,2020-02-06 12:37:00,25.9146253824234,14.812875380516052,10,-222.03500003814693,47.8822553955066,-269.9172554336535,2020-02-06
BANKNIFTY06FEB2031100PE,PE,2020-02-06 12:38:00,2020-02-06 12:47:00,14.9873748087883,13.266750190258026,9,-34.41249237060546,47.70889227460222,-82.12138464520768,2020-02-06
BANKNIFTY06FEB2031100PE,PE,2020-02-06 12:53:00,2020-02-06 13:03:00,7.719249808788299,6.034875190258027,10,-33.68749237060545,47.442690762102224,-81.13018313270767,2020-02-06
BANKNIFTY06FEB2031100PE,PE,2020-02-06 13:05:00,2020-02-06 13:08:00,5.41350009560585,6.832874904870987,3,28.38749618530274,47.43345527582388,-19.04595909052114,2020-02-06
BANKNIFTY13FEB2031200CE,CE,2020-02-07 09:57:00,2020-02-07 10:06:00,253.6325,239.25038108825686,9,-287.6423782348627,56.17045929643833,-343.812837531301,2020-02-07
BANKNIFTY13FEB2031200CE,CE,2020-02-07 10:28:00,2020-02-07 10:36:00,226.565,265.43475608825685,8,777.395121765137,56.47108176718833,720.9240399979486,2020-02-07
BANKNIFTY13FEB2031200CE,CE,2020-02-07 12:30:00,2020-02-07 12:33:00,268.06849388122555,274.3125,3,124.88012237548901,57.20264326558279,67.67747910990622,2020-02-07
BANKNIFTY13FEB2031200CE,CE,2020-02-07 12:55:00,2020-02-07 13:05:00,295.4367622375488,296.2575,10,16.414755249023756,58.07643708633441,-41.66168183731065,2020-02-07
BANKNIFTY13FEB2031200CE,CE,2020-02-07 13:20:00,2020-02-07 13:26:00,265.66249999999997,249.42487804412843,6,-324.75243911743064,56.56739559859416,-381.3198347160248,2020-02-07
BANKNIFTY13FEB2031200PE,PE,2020-02-07 09:16:00,2020-02-07 09:25:00,306.4141188812256,332.01788108825684,9,512.075244140625,59.08263657977111,452.9926075608539,2020-02-07
BANKNIFTY13FEB2031200PE,PE,2020-02-07 10:44:00,2020-02-07 10:54:00,300.4492622375488,296.65649391174315,10,-75.85536651611278,58.148415349646086,-134.00378186575887,2020-02-07
BANKNIFTY13FEB2031200PE,PE,2020-02-07 12:45:00,2020-02-07 12:55:00,235.98849388122557,234.1132469558716,10,-37.50493850707926,55.826303626238634,-93.33124213331789,2020-02-07
BANKNIFTY13FEB2031200PE,PE,2020-02-07 13:05:00,2020-02-07 13:15:00,230.3745030593872,241.99350608825685,10,232.38006057739312,55.948233920896925,176.43182665649618,2020-02-07
BANKNIFTY13FEB2031200PE,PE,2020-02-07 14:25:00,2020-02-07 14:35:00,250.57487194061278,239.05086891174318,10,-230.480060577392,56.12761969410308,-286.6076802714951,2020-02-07
BANKNIFTY13FEB2031200PE,PE,2020-02-07 15:06:00,2020-02-07 15:16:00,242.80549694061278,260.5470121765137,10,354.8303047180184,56.55395967716804,298.27634504085034,2020-02-07
BANKNIFTY13FEB2031100CE,CE,2020-02-10 09:16:00,2020-02-10 09:26:00,225.71286888122557,199.4501219558716,10,-525.2549385070796,54.855511384238625,-580.1104498913182,2020-02-10
BANKNIFTY13FEB2031100CE,CE,2020-02-10 10:25:00,2020-02-10 10:35:00,189.0213780593872,176.20836891174318,10,-256.2601829528802,53.834347874520276,-310.0945308274005,2020-02-10
BANKNIFTY13FEB2031100CE,CE,2020-02-10 11:02:00,2020-02-10 11:08:00,185.8133811187744,203.39024391174317,6,351.53725585937536,54.455654058478885,297.08160180089646,2020-02-10
BANKNIFTY13FEB2031100CE,CE,2020-02-10 11:16:00,2020-02-10 11:26:00,191.1767469406128,191.37038108825683,10,3.8726829528809503,54.229920034729716,-50.357237081848766,2020-02-10
BANKNIFTY13FEB2031100CE,CE,2020-02-10 11:59:00,2020-02-10 12:09:00,200.5,215.9088719558716,10,308.1774391174321,54.94261283790585,253.23482627952623,2020-02-10
BANKNIFTY13FEB2031100CE,CE,2020-02-10 12:14:00,2020-02-10 12:24:00,205.8132530593872,218.35274391174318,10,250.78981704711964,55.06806633252028,195.72175071459935,2020-02-10
BANKNIFTY13FEB2031100CE,CE,2020-02-10 12:26:00,2020-02-10 12:36:00,211.8783811187744,196.80675304412844,10,-301.43256149291915,54.61934099401137,-356.05190248693054,2020-02-10
BANKNIFTY13FEB2031100CE,CE,2020-02-10 12:57:00,2020-02-10 13:07:00,202.6052561187744,199.35038108825685,10,-65.09750061035106,54.566005589355534,-119.6635061997066,2020-02-10
BANKNIFTY13FEB2031100CE,CE,2020-02-10 13:14:00,2020-02-10 13:24:00,196.9411219406128,199.4501219558716,10,50.18000030517612,54.49806270894724,-4.3180624037711155,2020-02-10
BANKNIFTY13FEB2031100CE,CE,2020-02-10 13:31:00,2020-02-10 13:41:00,184.66049694061277,188.27812500000002,10,72.35256118774487,54.07374995104139,18.278811236703476,2020-02-10
BANKNIFTY13FEB2031100CE,CE,2020-02-10 13:48:00,2020-02-10 13:58:00,187.216875,180.5475,10,-133.38749999999948,53.91747273925,-187.30497273924948,2020-02-10
BANKNIFTY13FEB2031100CE,CE,2020-02-10 14:01:00,2020-02-10 14:11:00,193.2820030593872,181.19586891174316,10,-241.72268295288063,54.00859413027028,-295.7312770831509,2020-02-10
BANKNIFTY13FEB2031100CE,CE,2020-02-10 14:16:00,2020-02-10 14:26:00,164.41,170.42288108825684,10,120.25762176513695,53.38786206643833,66.86975969869862,2020-02-10
BANKNIFTY13FEB2031100CE,CE,2020-02-10 14:28:00,2020-02-10 14:33:00,165.0115061187744,166.43288108825683,5,28.427499389648574,53.29828377385554,-24.870784384206964,2020-02-10
BANKNIFTY13FEB2031100PE,PE,2020-02-10 11:07:00,2020-02-10 11:17:00,248.31924694061277,250.72163108825686,10,48.0476829528817,56.38347166222972,-8.335788709348016,2020-02-10
BANKNIFTY13FEB2031100PE,PE,2020-02-10 12:02:00,2020-02-10 12:12:00,243.9082530593872,228.97612804412844,10,-298.64250030517496,55.79974232080276,-354.4422426259777,2020-02-10
BANKNIFTY13FEB2031100PE,PE,2020-02-10 12:53:00,2020-02-10 13:03:00,222.55499999999998,227.72925304412843,10,103.48506088256897,55.50412955734417,47.9809313252248,2020-02-10
BANKNIFTY13FEB2031100PE,PE,2020-02-10 14:21:00,2020-02-10 14:26:00,239.3970030593872,254.76149391174317,5,307.2898170471194,56.37088928052029,250.91892776659913,2020-02-10
BANKNIFTY13FEB2031100PE,PE,2020-02-10 14:29:00,2020-02-10 14:39:00,261.80286888122555,244.98600608825686,10,-336.33725585937384,56.41147573952112,-392.74873159889495,2020-02-10
BANKNIFTY13FEB2031100PE,PE,2020-02-10 14:41:00,2020-02-10 14:51:00,240.6,247.38000000000002,10,135.6000000000006,56.20629032800001,79.39370967200058,2020-02-10
BANKNIFTY13FEB2031100PE,PE,2020-02-10 14:58:00,2020-02-10 15:08:00,245.1613780593872,226.78163108825686,10,-367.5949394226069,55.76193257839693,-423.3568720010038,2020-02-10
BANKNIFTY13FEB2031300CE,CE,2020-02-11 09:15:00,2020-02-11 09:25:00,172.7307530593872,204.98625,10,645.109938812256,54.33194133420861,590.7779974780474,2020-02-11
BANKNIFTY13FEB2031300CE,CE,2020-02-11 13:08:00,2020-02-11 13:12:00,210.5751280593872,217.55475608825685,4,139.5925605773931,55.107816026146935,84.48474455124617,2020-02-11
BANKNIFTY13FEB2031300CE,CE,2020-02-11 13:47:00,2020-02-11 13:57:00,229.22161888122557,225.435,10,-75.73237762451129,55.531148470332795,-131.26352609484408,2020-02-11
BANKNIFTY13FEB2031300CE,CE,2020-02-11 14:00:00,2020-02-11 14:10:00,218.8457530593872,221.44500000000002,10,51.98493881225659,55.3051916997086,-3.320252887452014,2020-02-11
BANKNIFTY13FEB2031300CE,CE,2020-02-11 14:11:00,2020-02-11 14:21:00,219.94849388122557,184.38788108825685,10,-711.2122558593745,54.41752917302112,-765.6297850323956,2020-02-11
BANKNIFTY13FEB2031300CE,CE,2020-02-11 14:34:00,2020-02-11 14:44:00,183.7582530593872,176.10862804412844,10,-152.99250030517499,53.76653485780276,-206.75903516297774,2020-02-11
BANKNIFTY13FEB2031300CE,CE,2020-02-11 14:55:00,2020-02-11 15:05:00,179.1467469406128,174.11362804412843,10,-100.66237792968707,53.66071776838555,-154.32309569807262,2020-02-11
BANKNIFTY13FEB2031300PE,PE,2020-02-11 09:24:00,2020-02-11 09:34:00,162.8059938812256,134.21362804412843,10,-571.8473167419432,52.48719514867695,-624.3345118906202,2020-02-11
BANKNIFTY13FEB2031300PE,PE,2020-02-11 10:41:00,2020-02-11 10:44:00,129.82375,126.13387195587158,3,-73.79756088256812,51.88090818840583,-125.67846907097396,2020-02-11
BANKNIFTY13FEB2031300PE,PE,2020-02-11 12:28:00,2020-02-11 12:38:00,140.35,126.0341234779358,10,-286.317530441284,52.00925586582791,-338.32678630711195,2020-02-11
BANKNIFTY13FEB2031300PE,PE,2020-02-11 12:49:00,2020-02-11 12:59:00,134.43525611877442,128.57774391174317,10,-117.15024414062498,51.99764345972888,-169.14788760035384,2020-02-11
BANKNIFTY13FEB2031300PE,PE,2020-02-11 13:00:00,2020-02-11 13:09:00,129.67338111877442,136.6575,9,139.68237762451167,52.13501258466721,87.54736503984446,2020-02-11
BANKNIFTY13FEB2031300PE,PE,2020-02-11 13:12:00,2020-02-11 13:22:00,128.26987194061277,130.52288108825684,10,45.06018295288129,51.968359931479725,-6.9081769785984335,2020-02-11
BANKNIFTY13FEB2031300PE,PE,2020-02-11 13:28:00,2020-02-11 13:38:00,132.83124999999998,121.2959984779358,10,-230.70503044128372,51.80059766607792,-282.50562810736164,2020-02-11
BANKNIFTY13FEB2031300PE,PE,2020-02-11 13:40:00,2020-02-11 13:42:00,118.29499999999999,122.69250000000001,2,87.95000000000044,51.653973055,36.29602694500044,2020-02-11
BANKNIFTY13FEB2031300PE,PE,2020-02-11 15:04:00,2020-02-11 15:14:00,142.25474388122558,122.44312500000001,10,-396.2323776245114,51.945573631332785,-448.17795125584416,2020-02-11
BANKNIFTY13FEB2031400CE,CE,2020-02-12 11:37:00,2020-02-12 11:41:00,187.4675,189.4751219558716,4,40.15243911743198,54.13773830940583,-13.985299191973851,2020-02-12
BANKNIFTY13FEB2031400CE,CE,2020-02-12 12:18:00,2020-02-12 12:28:00,168.4701280593872,176.90663108825686,10,168.73006057739303,53.59601161489692,115.13404896249611,2020-02-12
BANKNIFTY13FEB2031400CE,CE,2020-02-12 14:52:00,2020-02-12 14:55:00,188.62036888122557,191.4701219558716,3,56.99506149292063,54.200586673238625,2.7944748196820015,2020-02-12
BANKNIFTY13FEB2031400PE,PE,2020-02-12 09:15:00,2020-02-12 09:25:00,102.85649847030639,82.8922484779358,10,-399.28499984741194,50.494085889473624,-449.7790857368856,2020-02-12
BANKNIFTY13FEB2031400PE,PE,2020-02-12 09:42:00,2020-02-12 09:48:00,78.195,87.23137195587158,6,180.72743911743174,50.293244400905834,130.4341947165259,2020-02-12
BANKNIFTY13FEB2031400PE,PE,2020-02-12 09:55:00,2020-02-12 10:05:00,77.4932530593872,73.4658765220642,10,-80.54753074645987,49.949699772880685,-130.49723051934055,2020-02-12
BANKNIFTY13FEB2031400PE,PE,2020-02-12 10:08:00,2020-02-12 10:18:00,70.2752484703064,62.4434984779358,10,-156.63499984741193,49.59192225647362,-206.22692210388556,2020-02-12
BANKNIFTY13FEB2031400PE,PE,2020-02-12 10:31:00,2020-02-12 10:39:00,61.8041265296936,61.745251522064216,8,-1.1775001525876405,49.469696546276374,-50.647196698864015,2020-02-12
BANKNIFTY13FEB2031400PE,PE,2020-02-12 11:07:00,2020-02-12 11:17:00,67.86924694061278,69.52574695587158,10,33.130000305176,49.73429683494724,-16.60429652977124,2020-02-12
BANKNIFTY13FEB2031400PE,PE,2020-02-12 11:28:00,2020-02-12 11:38:00,70.175,66.33375000000001,10,-76.82499999999976,49.685301731500005,-126.51030173149977,2020-02-12
BANKNIFTY13FEB2031400PE,PE,2020-02-12 12:38:00,2020-02-12 12:48:00,67.86924694061278,64.4384984779358,10,-68.61496925353975,49.610556637869315,-118.22552589140906,2020-02-12
BANKNIFTY13FEB2031400PE,PE,2020-02-12 13:06:00,2020-02-12 13:16:00,69.423125,70.62300304412842,10,23.997560882568507,49.78029081259416,-25.782729930025653,2020-02-12
BANKNIFTY13FEB2031400PE,PE,2020-02-12 13:20:00,2020-02-12 13:30:00,70.425625,68.67787347793579,10,-34.95503044128412,49.745432918077924,-84.70046335936205,2020-02-12
BANKNIFTY13FEB2031400PE,PE,2020-02-12 13:32:00,2020-02-12 13:39:00,66.66624999999999,76.6578734779358,7,199.83246955871607,49.892830274827915,149.93963928388814,2020-02-12
BANKNIFTY13FEB2031400PE,PE,2020-02-12 14:37:00,2020-02-12 14:47:00,49.7741265296936,50.57325076103211,10,15.98248462677006,49.04849736056534,-33.06601273379528,2020-02-12
BANKNIFTY13FEB2031400PE,PE,2020-02-12 14:56:00,2020-02-12 15:05:00,50.62625,52.76775152206421,9,42.83003044128421,49.112461960422074,-6.282431519137866,2020-02-12
BANKNIFTY13FEB2031500CE,CE,2020-02-13 09:35:00,2020-02-13 09:45:00,41.6538742351532,31.770375380516054,10,-197.66997709274284,48.49026097455337,-246.1602380672962,2020-02-13
BANKNIFTY13FEB2031500CE,CE,2020-02-13 09:51:00,2020-02-13 10:01:00,24.2605007648468,16.159500761032106,10,-162.02000007629385,47.89445999001318,-209.91446006630704,2020-02-13
BANKNIFTY13FEB2031500CE,CE,2020-02-13 10:55:00,2020-02-13 11:05:00,14.8370001912117,15.361499619483949,10,10.489988565444968,47.75797592772002,-37.26798736227505,2020-02-13
BANKNIFTY13FEB2031500PE,PE,2020-02-13 09:20:00,2020-02-13 09:30:00,136.9415061187744,128.72737804412841,10,-164.28256149291997,52.032419748011364,-216.31498124093133,2020-02-13
BANKNIFTY13FEB2031500PE,PE,2020-02-13 11:04:00,2020-02-13 11:14:00,200.3997438812256,180.94649391174318,10,-389.0649993896483,54.09095639739447,-443.1559557870427,2020-02-13
BANKNIFTY20FEB2031400CE,CE,2020-02-14 09:21:00,2020-02-14 09:31:00,246.26411888122558,255.26024391174317,10,179.9225006103518,56.46833497614447,123.45416563420733,2020-02-14
BANKNIFTY20FEB2031400CE,CE,2020-02-14 09:41:00,2020-02-14 09:51:00,229.1715061187744,219.10086891174316,10,-201.4127441406248,55.376457018478874,-256.78920115910364,2020-02-14
BANKNIFTY20FEB2031400CE,CE,2020-02-14 09:53:00,2020-02-14 10:03:00,219.54749999999999,208.97625000000002,10,-211.42499999999927,55.0106250355,-266.43562503549924,2020-02-14
BANKNIFTY20FEB2031400CE,CE,2020-02-14 10:04:00,2020-02-14 10:14:00,205.3621311187744,204.4875,10,-17.492622375488054,54.725209127167204,-72.21783150265526,2020-02-14
BANKNIFTY20FEB2031400CE,CE,2020-02-14 10:17:00,2020-02-14 10:27:00,203.3070030593872,207.230625,10,78.47243881225609,54.76639971345861,23.706039098797476,2020-02-14
BANKNIFTY20FEB2031400CE,CE,2020-02-14 10:28:00,2020-02-14 10:38:00,205.5125,202.6919969558716,10,-56.41006088256802,54.68340415215583,-111.09346503472385,2020-02-14
BANKNIFTY20FEB2031400CE,CE,2020-02-14 10:39:00,2020-02-14 10:49:00,201.3020030593872,161.64487804412843,10,-793.1425003051754,53.632680920802756,-846.7751812259781,2020-02-14
BANKNIFTY20FEB2031400CE,CE,2020-02-14 10:50:00,2020-02-14 11:00:00,157.6932530593872,87.82987804412842,10,-1397.2675003051754,51.295456720302774,-1448.5629570254782,2020-02-14
BANKNIFTY20FEB2031400CE,CE,2020-02-14 11:08:00,2020-02-14 11:18:00,71.3278765296936,85.68525152206422,10,287.14749984741246,50.17032279077638,236.9771770566361,2020-02-14
BANKNIFTY20FEB2031400CE,CE,2020-02-14 11:36:00,2020-02-14 11:46:00,120.550625,117.0566234779358,10,-69.8800304412839,51.54491123157791,-121.42494167286182,2020-02-14
BANKNIFTY20FEB2031400CE,CE,2020-02-14 11:47:00,2020-02-14 11:57:00,115.23737194061279,110.92199695587159,10,-86.30749969482395,51.32968529919723,-137.63718499402117,2020-02-14
BANKNIFTY20FEB2031400CE,CE,2020-02-14 11:59:00,2020-02-14 12:03:00,110.37524847030639,115.16137195587159,4,95.72246971130397,51.372397083801545,44.35007262750243,2020-02-14
BANKNIFTY20FEB2031400CE,CE,2020-02-14 12:14:00,2020-02-14 12:24:00,114.23487194061279,110.52300304412843,10,-74.23737792968723,51.307525671885564,-125.5449036015728,2020-02-14
BANKNIFTY20FEB2031400CE,CE,2020-02-14 12:26:00,2020-02-14 12:36:00,111.67850152969359,107.13150152206421,10,-90.94000015258757,51.19327282202639,-142.13327297461396,2020-02-14
BANKNIFTY20FEB2031400CE,CE,2020-02-14 12:38:00,2020-02-14 12:48:00,105.86399847030638,105.38587652206421,10,-9.562438964843523,51.078575877567786,-60.64101484241131,2020-02-14
BANKNIFTY20FEB2031400CE,CE,2020-02-14 12:50:00,2020-02-14 12:55:00,102.70612194061279,106.483125,5,75.54006118774424,51.066032715791394,24.47402847195285,2020-02-14
BANKNIFTY20FEB2031400CE,CE,2020-02-14 12:59:00,2020-02-14 13:09:00,100.75125,106.63275152206421,10,117.63003044128425,51.04538562442208,66.58464481686217,2020-02-14
BANKNIFTY20FEB2031400CE,CE,2020-02-14 13:10:00,2020-02-14 13:20:00,105.56325305938721,104.03925304412843,10,-30.480000305175565,51.04208480605277,-81.52208511122834,2020-02-14
BANKNIFTY20FEB2031400CE,CE,2020-02-14 13:23:00,2020-02-14 13:33:00,97.2926280593872,94.41337652206421,10,-57.58503074645972,50.70519789913069,-108.29022864559042,2020-02-14
BANKNIFTY20FEB2031400CE,CE,2020-02-14 13:35:00,2020-02-14 13:45:00,89.2225,89.3759984779358,10,3.069969558715968,50.482410687577925,-47.41244112886196,2020-02-14
BANKNIFTY20FEB2031400CE,CE,2020-02-14 13:53:00,2020-02-14 14:03:00,90.475625,98.25375000000001,10,155.56250000000034,50.713917888249995,104.84858211175035,2020-02-14
BANKNIFTY20FEB2031400CE,CE,2020-02-14 14:11:00,2020-02-14 14:21:00,92.12975152969359,94.66275152206421,10,50.659999847412394,50.64712208402638,0.012877763386015317,2020-02-14
BANKNIFTY20FEB2031400CE,CE,2020-02-14 14:22:00,2020-02-14 14:32:00,94.5858734703064,83.69025152206422,10,-217.9124389648436,50.410745259567776,-268.32318422441136,2020-02-14
BANKNIFTY20FEB2031400CE,CE,2020-02-14 14:33:00,2020-02-14 14:43:00,86.26512805938721,75.16162347793579,10,-222.07009162902835,50.099924709786514,-272.1700163388149,2020-02-14
BANKNIFTY20FEB2031400CE,CE,2020-02-14 14:44:00,2020-02-14 14:54:00,71.1775,75.11175304412842,10,78.68506088256851,49.91126902534417,28.77379185722434,2020-02-14
BANKNIFTY20FEB2031400CE,CE,2020-02-14 15:05:00,2020-02-14 15:15:00,77.1925,79.4508765220642,10,45.167530441284214,50.091540083172085,-4.924009641887871,2020-02-14
BANKNIFTY20FEB2031400CE,CE,2020-02-14 15:18:00,2020-02-14 15:23:00,77.8441265296936,77.25637195587159,5,-11.755091476440214,50.04625737926014,-61.801348855700354,2020-02-14
BANKNIFTY20FEB2031400PE,PE,2020-02-14 09:31:00,2020-02-14 09:41:00,201.9034938812256,225.13574695587158,10,464.6450614929199,55.184480101238634,409.4605813916813,2020-02-14
BANKNIFTY20FEB2031400PE,PE,2020-02-14 09:51:00,2020-02-14 09:57:00,235.23661888122558,244.73663108825684,6,190.00024414062523,56.07536157827112,133.9248825623541,2020-02-14
BANKNIFTY20FEB2031400PE,PE,2020-02-14 11:00:00,2020-02-14 11:10:00,571.425,631.8663871765137,10,1208.8277435302757,69.66842088512665,1139.1593226451491,2020-02-14
BANKNIFTY20FEB2031400PE,PE,2020-02-14 11:14:00,2020-02-14 11:24:00,614.4823872375488,580.5450000000001,10,-678.7477447509741,68.95502774808442,-747.7027724990585,2020-02-14
BANKNIFTY20FEB2031400PE,PE,2020-02-14 11:26:00,2020-02-14 11:35:00,567.164375,467.12923782348633,9,-2000.7027435302723,65.60848805837335,-2066.3112315886456,2020-02-14
BANKNIFTY20FEB2031400PE,PE,2020-02-14 11:41:00,2020-02-14 11:43:00,431.22536888122556,467.4783689117432,2,725.0600006103525,63.92812834689447,661.131872263458,2020-02-14
BANKNIFTY20FEB2031400PE,PE,2020-02-14 13:47:00,2020-02-14 13:52:00,525.560625,535.15875,5,191.9625000000019,66.74634235225,125.21615764775191,2020-02-14
BANKNIFTY20FEB2031400PE,PE,2020-02-14 13:55:00,2020-02-14 14:05:00,511.9266188812256,497.05423782348635,10,-297.44762115478466,65.65012000145614,-363.0977411562408,2020-02-14
BANKNIFTY20FEB2030900CE,CE,2020-02-17 09:16:00,2020-02-17 09:23:00,276.4894877624512,167.48024391174317,7,-2180.18487701416,54.70871726097726,-2234.8935942751373,2020-02-17
BANKNIFTY20FEB2030900CE,CE,2020-02-17 09:25:00,2020-02-17 09:35:00,158.09424694061278,170.72211891174317,10,252.55743942260779,53.31667621785307,199.24076320475473,2020-02-17
BANKNIFTY20FEB2030900CE,CE,2020-02-17 09:50:00,2020-02-17 10:00:00,183.60786888122558,207.97875000000002,10,487.4176223754887,54.539862643332796,432.8777597321559,2020-02-17
BANKNIFTY20FEB2030900CE,CE,2020-02-17 10:04:00,2020-02-17 10:14:00,186.06400611877442,185.68461891174317,10,-7.587744140624864,54.02810318297888,-61.615847323603745,2020-02-17
BANKNIFTY20FEB2030900CE,CE,2020-02-17 10:15:00,2020-02-17 10:25:00,170.9763780593872,177.7544969558716,10,135.56237792968773,53.64777141261444,81.91460651707328,2020-02-17
BANKNIFTY20FEB2030900CE,CE,2020-02-17 10:48:00,2020-02-17 10:52:00,205.5125,188.27812500000002,4,-344.68749999999943,54.33280689624999,-399.0203068962494,2020-02-17
BANKNIFTY20FEB2030900CE,CE,2020-02-17 12:20:00,2020-02-17 12:30:00,168.8711219406128,163.59,10,-105.62243881225584,53.2770849945414,-158.89952380679722,2020-02-17
BANKNIFTY20FEB2030900CE,CE,2020-02-17 13:20:00,2020-02-17 13:25:00,146.46525611877442,149.52524391174316,5,61.19975585937482,52.65661797872889,8.54313788064593,2020-02-17
BANKNIFTY20FEB2030900CE,CE,2020-02-17 14:35:00,2020-02-17 14:37:00,133.6833811187744,134.3632469558716,2,13.597316741943928,52.129026727323044,-38.531709985379116,2020-02-17
BANKNIFTY20FEB2030900CE,CE,2020-02-17 14:46:00,2020-02-17 14:56:00,139.29737194061278,157.10625000000002,10,356.1775611877448,52.7519644125414,303.4255967752034,2020-02-17
BANKNIFTY20FEB2030900CE,CE,2020-02-17 15:01:00,2020-02-17 15:11:00,154.1845030593872,149.52524391174316,10,-93.18518295288072,52.75251881502029,-145.93770176790102,2020-02-17
BANKNIFTY20FEB2030900PE,PE,2020-02-17 09:38:00,2020-02-17 09:42:00,266.66499999999996,281.3448628234863,4,293.5972564697272,57.356259199373355,236.24099727035383,2020-02-17
BANKNIFTY20FEB2030900PE,PE,2020-02-17 10:33:00,2020-02-17 10:43:00,303.25624999999997,297.40461891174317,10,-117.0326217651359,58.201485336061666,-175.23410710119757,2020-02-17
BANKNIFTY20FEB2030900PE,PE,2020-02-17 11:16:00,2020-02-17 11:26:00,273.5321311187744,253.21538108825686,10,-406.3350006103502,56.75736342760553,-463.09236403795575,2020-02-17
BANKNIFTY20FEB2030900PE,PE,2020-02-17 11:27:00,2020-02-17 11:32:00,253.6325,266.63173782348633,5,259.9847564697268,56.83647246512336,203.14828400460343,2020-02-17
BANKNIFTY20FEB2030900PE,PE,2020-02-17 13:15:00,2020-02-17 13:21:00,299.6973872375488,320.1975,6,410.0022552490236,58.71167637108441,351.2905788779392,2020-02-17
BANKNIFTY20FEB2030900PE,PE,2020-02-17 13:25:00,2020-02-17 13:28:00,322.05312499999997,330.3221189117432,3,165.37987823486446,59.235682295311676,106.14419593955279,2020-02-17
BANKNIFTY20FEB2030900PE,PE,2020-02-17 13:46:00,2020-02-17 13:49:00,290.72499999999997,300.1477439117432,3,188.4548782348645,58.11252477381167,130.34235346105282,2020-02-17
BANKNIFTY20FEB2030900PE,PE,2020-02-17 14:05:00,2020-02-17 14:15:00,314.73488723754883,329.72361282348635,10,299.7745117187503,59.13020561395777,240.64430610479255,2020-02-17
BANKNIFTY20FEB2030900PE,PE,2020-02-17 14:37:00,2020-02-17 14:47:00,328.2184938812256,321.49423782348634,10,-134.4851211547848,59.09755252370614,-193.58267367849095,2020-02-17
BANKNIFTY20FEB2030900PE,PE,2020-02-17 14:48:00,2020-02-17 14:51:00,309.52187499999997,309.225,3,-5.937499999998863,58.56684117625,-64.50434117624886,2020-02-17
BANKNIFTY20FEB2030900PE,PE,2020-02-17 15:05:00,2020-02-17 15:15:00,300.75,302.74125000000004,10,39.82500000000073,58.30015476850001,-18.47515476849928,2020-02-17
BANKNIFTY20FEB2030900PE,PE,2020-02-17 15:16:00,2020-02-17 15:20:00,298.64474388122557,296.9058689117432,4,-34.777499389647346,58.13206243314447,-92.90956182279182,2020-02-17
BANKNIFTY20FEB2030600CE,CE,2020-02-18 09:15:00,2020-02-18 09:25:00,212.22924694061277,152.01899391174317,10,-1204.205060577392,53.53430047260307,-1257.739361049995,2020-02-18
BANKNIFTY20FEB2030600CE,CE,2020-02-18 09:38:00,2020-02-18 09:42:00,150.1745030593872,147.43050304412841,4,-54.88000030517583,52.65174854005278,-107.5317488452286,2020-02-18
BANKNIFTY20FEB2030600CE,CE,2020-02-18 10:19:00,2020-02-18 10:27:00,129.2723719406128,120.7972484779358,8,-169.50246925354008,51.74425219311932,-221.24672144665942,2020-02-18
BANKNIFTY20FEB2030600CE,CE,2020-02-18 10:38:00,2020-02-18 10:46:00,117.24237194061278,100.89712652206421,8,-326.90490837097144,51.11075367871348,-378.0156620496849,2020-02-18
BANKNIFTY20FEB2030600CE,CE,2020-02-18 11:08:00,2020-02-18 11:18:00,100.5507530593872,103.19137195587159,10,52.81237792968767,50.95918799061444,1.853189939073232,2020-02-18
BANKNIFTY20FEB2030600CE,CE,2020-02-18 11:21:00,2020-02-18 11:30:00,98.24499999999999,96.75750000000001,9,-29.74999999999966,50.774047309,-80.52404730899966,2020-02-18
BANKNIFTY20FEB2030600CE,CE,2020-02-18 11:46:00,2020-02-18 11:56:00,100.3502484703064,94.7625,10,-111.75496940612788,50.751676491895694,-162.50664589802358,2020-02-18
BANKNIFTY20FEB2030600CE,CE,2020-02-18 12:01:00,2020-02-18 12:11:00,93.3828765296936,84.6378734779358,10,-174.9000610351561,50.41884928418222,-225.31891031933833,2020-02-18
BANKNIFTY20FEB2030600CE,CE,2020-02-18 12:20:00,2020-02-18 12:28:00,77.4932530593872,75.95962652206421,8,-30.672530746459756,50.01035675038069,-80.68288749684044,2020-02-18
BANKNIFTY20FEB2030600CE,CE,2020-02-18 12:30:00,2020-02-18 12:40:00,75.1373719406128,77.20650152206422,10,41.38259162902841,50.01141671446348,-8.628825085435068,2020-02-18
BANKNIFTY20FEB2030600CE,CE,2020-02-18 12:45:00,2020-02-18 12:49:00,74.936875,80.34862804412842,4,108.23506088256835,50.08535364934416,58.14970723322419,2020-02-18
BANKNIFTY20FEB2030600CE,CE,2020-02-18 13:04:00,2020-02-18 13:14:00,75.438125,74.41349847793579,10,-20.492530441284202,49.947217261327914,-70.43974770261212,2020-02-18
BANKNIFTY20FEB2030600CE,CE,2020-02-18 13:21:00,2020-02-18 13:31:00,66.0647515296936,60.8973742389679,10,-103.34754581451392,49.502005419143266,-152.8495512336572,2020-02-18
BANKNIFTY20FEB2030600PE,PE,2020-02-18 10:46:00,2020-02-18 10:56:00,298.8452561187744,288.526875,10,-206.36762237548737,57.9307462206672,-264.29836859615455,2020-02-18
BANKNIFTY20FEB2030600PE,PE,2020-02-18 12:58:00,2020-02-18 13:02:00,316.2386372375488,333.5639939117432,4,346.5071334838876,59.24229949589609,287.26483398799155,2020-02-18
BANKNIFTY20FEB2030600PE,PE,2020-02-18 14:23:00,2020-02-18 14:33:00,304.3590061187744,297.85350608825684,10,-130.11000061035134,58.226104089105526,-188.33610469945685,2020-02-18
BANKNIFTY20FEB2030600PE,PE,2020-02-18 14:57:00,2020-02-18 15:07:00,273.6323872375488,229.32524391174317,10,-886.1428665161128,56.17751482889608,-942.3203813450089,2020-02-18
BANKNIFTY20FEB2030600PE,PE,2020-02-18 15:08:00,2020-02-18 15:18:00,218.9961219406128,165.43538108825683,10,-1071.2148170471191,53.944704255979715,-1125.159521303099,2020-02-18
BANKNIFTY20FEB2030600PE,PE,2020-02-18 15:22:00,2020-02-18 15:24:00,162.9563780593872,153.0663719558716,2,-197.80012207031177,52.94763006336444,-250.74775213367622,2020-02-18
BANKNIFTY20FEB2030900CE,CE,2020-02-19 09:33:00,2020-02-19 09:38:00,88.470625,90.97199695587159,5,50.02743911743181,50.511890121905836,-0.48445100447402467,2020-02-19
BANKNIFTY20FEB2030900CE,CE,2020-02-19 09:47:00,2020-02-19 09:57:00,81.1022515296936,77.555625,10,-70.93253059387195,50.0940139323543,-121.02654452622625,2020-02-19
BANKNIFTY20FEB2030900CE,CE,2020-02-19 10:03:00,2020-02-19 10:12:00,72.28024847030639,68.32875,9,-79.0299694061278,49.759982078395694,-128.7899514845235,2020-02-19
BANKNIFTY20FEB2030900CE,CE,2020-02-19 10:24:00,2020-02-19 10:33:00,61.403124999999996,58.9522484779358,9,-49.01753044128398,49.396778774827915,-98.41430921611189,2020-02-19
BANKNIFTY20FEB2030900CE,CE,2020-02-19 13:54:00,2020-02-19 14:04:00,73.73387805938721,79.35112804412842,10,112.34499969482414,50.046145305552756,62.29885438927138,2020-02-19
BANKNIFTY20FEB2030900CE,CE,2020-02-19 15:19:00,2020-02-19 15:24:00,94.8364984703064,99.25125,5,88.29503059387207,50.792358426895696,37.502672166976375,2020-02-19
BANKNIFTY20FEB2030900PE,PE,2020-02-19 09:43:00,2020-02-19 09:47:00,194.9361219406128,234.41250000000002,4,789.5275611877446,55.3235642895414,734.2039968982032,2020-02-19
BANKNIFTY20FEB2030900PE,PE,2020-02-19 10:13:00,2020-02-19 10:18:00,237.04112194061278,248.37750000000003,5,226.72756118774487,56.18633904154141,170.54122214620347,2020-02-19
BANKNIFTY20FEB2030900PE,PE,2020-02-19 10:34:00,2020-02-19 10:44:00,250.2240061187744,261.24524391174316,10,220.42475585937495,56.66310777722889,163.76164808214605,2020-02-19
BANKNIFTY20FEB2030900PE,PE,2020-02-19 10:46:00,2020-02-19 10:56:00,244.4596311187744,241.3451219558716,10,-62.29018325805612,56.107450881573044,-118.39763413962916,2020-02-19
BANKNIFTY20FEB2030900PE,PE,2020-02-19 11:00:00,2020-02-19 11:10:00,225.3620030593872,241.49475608825685,10,322.6550605773929,55.87382923039692,266.7812313469959,2020-02-19
BANKNIFTY20FEB2030900PE,PE,2020-02-19 11:36:00,2020-02-19 11:46:00,243.35687499999997,242.19300304412843,10,-23.277439117430845,56.114374201094165,-79.39181331852501,2020-02-19
BANKNIFTY20FEB2030900PE,PE,2020-02-19 11:47:00,2020-02-19 11:57:00,231.47724388122558,240.64687500000002,10,183.39262237548894,55.92917901583279,127.46344335965615,2020-02-19
BANKNIFTY20FEB2030900PE,PE,2020-02-19 12:00:00,2020-02-19 12:10:00,235.4371311187744,233.41500000000002,10,-40.442622375487645,55.802469836167205,-96.24509221165485,2020-02-19
BANKNIFTY20FEB2030900PE,PE,2020-02-19 12:12:00,2020-02-19 12:22:00,234.58499999999998,213.61461891174318,10,-419.407621765136,55.31026675056168,-474.7178885156977,2020-02-19
BANKNIFTY20FEB2030900PE,PE,2020-02-19 12:26:00,2020-02-19 12:34:00,186.41487194061278,193.764375,8,146.99006118774435,54.2289909547914,92.76107023295295,2020-02-19
BANKNIFTY20FEB2030900PE,PE,2020-02-19 12:41:00,2020-02-19 12:51:00,171.62799694061277,163.59,10,-160.75993881225543,53.311335306791406,-214.07127411904685,2020-02-19
BANKNIFTY20FEB2030900PE,PE,2020-02-19 13:10:00,2020-02-19 13:20:00,164.66062499999998,169.17600608825686,10,90.30762176513747,53.360647242438326,36.94697452269914,2020-02-19
BANKNIFTY20FEB2030900PE,PE,2020-02-19 13:42:00,2020-02-19 13:46:00,203.5075,222.3926219558716,4,377.70243911743194,55.137684956405835,322.5647541610261,2020-02-19
BANKNIFTY20FEB2030900PE,PE,2020-02-19 14:08:00,2020-02-19 14:18:00,182.6053688812256,183.68961891174317,10,21.685000610351608,53.93660887539448,-32.25160826504287,2020-02-19
BANKNIFTY20FEB2030900PE,PE,2020-02-19 14:45:00,2020-02-19 14:55:00,171.62799694061277,147.53024391174318,10,-481.9550605773918,52.920704223603074,-534.8757648009948,2020-02-19
BANKNIFTY20FEB2030700CE,CE,2020-02-20 14:59:00,2020-02-20 15:09:00,226.4146311187744,242.49225608825685,10,321.55249938964914,55.91116945135553,265.6413299382936,2020-02-20
BANKNIFTY20FEB2030700PE,PE,2020-02-20 09:52:00,2020-02-20 10:02:00,27.117624235153198,29.4761242389679,10,47.170000076294016,48.2538639719868,-1.0838638956927866,2020-02-20
BANKNIFTY20FEB2030700PE,PE,2020-02-20 10:10:00,2020-02-20 10:20:00,25.313125,16.558500380516055,10,-175.0924923896789,47.91724247960552,-223.00973486928444,2020-02-20
BANKNIFTY20FEB2030700PE,PE,2020-02-20 10:21:00,2020-02-20 10:31:00,11.779375,12.718125,10,18.775000000000013,47.655692828499994,-28.88069282849998,2020-02-20
BANKNIFTY20FEB2030700PE,PE,2020-02-20 10:47:00,2020-02-20 10:57:00,10.5763751912117,8.029875190258027,10,-50.930000019073454,47.5267121270033,-98.45671214607675,2020-02-20
BANKNIFTY20FEB2030700PE,PE,2020-02-20 11:06:00,2020-02-20 11:07:00,6.766875,7.082249904870987,1,6.307498097419746,47.45633476203613,-41.14883666461638,2020-02-20
BANKNIFTY27FEB2030500CE,CE,2020-02-24 14:28:00,2020-02-24 14:30:00,225.6627561187744,233.41500000000002,2,155.0448776245122,55.6810369109172,99.363840713595,2020-02-24
BANKNIFTY27FEB2030500CE,CE,2020-02-24 14:35:00,2020-02-24 14:45:00,210.32450305938718,212.4675,10,42.85993881225636,54.9809619792086,-12.121023166952241,2020-02-24
BANKNIFTY27FEB2030500CE,CE,2020-02-24 14:51:00,2020-02-24 15:01:00,208.269375,215.75925304412843,10,149.79756088256863,55.03549717459416,94.76206370797448,2020-02-24
BANKNIFTY27FEB2030500CE,CE,2020-02-24 15:13:00,2020-02-24 15:23:00,211.42724388122556,207.82913108825684,10,-71.96225585937441,54.88184016002112,-126.84409601939552,2020-02-24
BANKNIFTY27FEB2030500PE,PE,2020-02-24 09:21:00,2020-02-24 09:31:00,231.07625,228.8763719558716,10,-43.997560882567655,55.63789622040584,-99.6354571029735,2020-02-24
BANKNIFTY27FEB2030500PE,PE,2020-02-24 09:32:00,2020-02-24 09:42:00,219.54749999999999,197.80425304412842,10,-434.8649391174314,54.73888185034416,-489.60382096777556,2020-02-24
BANKNIFTY27FEB2030500PE,PE,2020-02-24 09:43:00,2020-02-24 09:53:00,210.17411888122558,216.95625,10,135.6426223754886,55.0882762258328,80.5543461496558,2020-02-24
BANKNIFTY27FEB2030500PE,PE,2020-02-24 09:55:00,2020-02-24 10:05:00,214.03375,210.82163108825685,10,-64.24237823486294,54.98701072243832,-119.22938895730127,2020-02-24
BANKNIFTY27FEB2030500PE,PE,2020-02-24 10:06:00,2020-02-24 10:16:00,205.5626280593872,217.85399391174317,10,245.82731704711932,55.05282127227028,190.77449577484904,2020-02-24
BANKNIFTY27FEB2030500PE,PE,2020-02-24 10:49:00,2020-02-24 10:59:00,193.38224388122558,192.7169969558716,10,-13.304938507079669,54.29007479223863,-67.5950132993183,2020-02-24
BANKNIFTY27FEB2030500PE,PE,2020-02-24 11:00:00,2020-02-24 11:10:00,202.505,189.4751219558716,10,-260.5975608825679,54.32455819440583,-314.92211907697373,2020-02-24
BANKNIFTY27FEB2030500PE,PE,2020-02-24 11:19:00,2020-02-24 11:29:00,202.3045030593872,202.59225608825685,10,5.7550605773928964,54.64112322439693,-48.88606264700403,2020-02-24
BANKNIFTY27FEB2030500PE,PE,2020-02-24 11:30:00,2020-02-24 11:40:00,204.15911888122557,191.27062500000002,10,-257.76987762451085,54.3887814035828,-312.15865902809367,2020-02-24
BANKNIFTY27FEB2030500PE,PE,2020-02-24 11:43:00,2020-02-24 11:53:00,197.49249999999998,192.11850608825685,10,-107.47987823486255,54.326581517688325,-161.8064597525509,2020-02-24
BANKNIFTY27FEB2030500PE,PE,2020-02-24 11:54:00,2020-02-24 12:04:00,178.445,177.45524391174317,10,-19.795121765136514,53.733279672811676,-73.52840143794819,2020-02-24
BANKNIFTY27FEB2030500PE,PE,2020-02-24 12:05:00,2020-02-24 12:15:00,177.4425,180.796875,10,67.08750000000009,53.80210551175,13.285394488250091,2020-02-24
BANKNIFTY27FEB2030500PE,PE,2020-02-24 12:17:00,2020-02-24 12:27:00,177.89362194061277,160.39800304412842,10,-349.9123779296872,53.31153606838556,-403.22391399807276,2020-02-24
BANKNIFTY27FEB2030500PE,PE,2020-02-24 12:38:00,2020-02-24 12:48:00,171.7783811187744,184.9863719558716,10,264.1598167419437,53.83364041257305,210.32617632937064,2020-02-24
BANKNIFTY27FEB2030500PE,PE,2020-02-24 12:49:00,2020-02-24 12:59:00,182.45499999999998,183.58987804412843,10,22.697560882568837,53.93231469559416,-31.23475381302532,2020-02-24
BANKNIFTY27FEB2030500PE,PE,2020-02-24 13:04:00,2020-02-24 13:14:00,183.8083811187744,176.80687500000002,10,-140.03012237548774,53.78414150841719,-193.8142638839049,2020-02-24
BANKNIFTY27FEB2030500PE,PE,2020-02-24 13:18:00,2020-02-24 13:28:00,179.4475,193.36538108825684,10,278.35762176513697,54.132726144438315,224.22489562069865,2020-02-24
BANKNIFTY27FEB2030500PE,PE,2020-02-24 13:47:00,2020-02-24 13:51:00,198.745625,205.485,4,134.78750000000048,54.66727109275,80.12022890725048,2020-02-24
BANKNIFTY27FEB2030500PE,PE,2020-02-24 14:06:00,2020-02-24 14:13:00,189.4725,205.734375,7,325.23750000000007,54.558131194750004,270.6793688052501,2020-02-24
BANKNIFTY27FEB2030500PE,PE,2020-02-24 14:42:00,2020-02-24 14:47:00,258.19386276245115,275.40975608825687,5,344.31786651611446,57.10665401660391,287.21121249951057,2020-02-24
BANKNIFTY27FEB2030400CE,CE,2020-02-25 12:53:00,2020-02-25 12:54:00,274.685,283.14038108825685,1,169.10762176513686,57.499569939438324,111.60805182569854,2020-02-25
BANKNIFTY27FEB2030400CE,CE,2020-02-25 12:55:00,2020-02-25 13:02:00,276.13863723754883,275.95836891174315,7,-3.6053665161136905,57.34293695564608,-60.94830347175977,2020-02-25
BANKNIFTY27FEB2030400CE,CE,2020-02-25 13:09:00,2020-02-25 13:12:00,256.64,262.34250000000003,3,114.05000000000086,56.76950673699999,57.28049326300087,2020-02-25
BANKNIFTY27FEB2030400CE,CE,2020-02-25 13:59:00,2020-02-25 14:06:00,254.83549694061279,231.22050304412844,7,-472.299877929687,55.99008930763556,-528.2899672373226,2020-02-25
BANKNIFTY27FEB2030400CE,CE,2020-02-25 14:09:00,2020-02-25 14:19:00,204.15911888122557,187.92899391174316,10,-324.6024993896481,54.30750090564447,-378.91000029529255,2020-02-25
BANKNIFTY27FEB2030400CE,CE,2020-02-25 14:37:00,2020-02-25 14:45:00,251.57737194061278,247.38000000000002,8,-83.94743881225509,56.3426688060414,-140.29010761829647,2020-02-25
BANKNIFTY27FEB2030400CE,CE,2020-02-25 15:00:00,2020-02-25 15:10:00,220.3495030593872,212.66699695587158,10,-153.65012207031214,55.11036105336444,-208.76048312367658,2020-02-25
BANKNIFTY27FEB2030400PE,PE,2020-02-25 10:05:00,2020-02-25 10:11:00,149.7233811187744,161.0463719558716,6,226.45981674194388,52.97733093057304,173.48248581137085,2020-02-25
BANKNIFTY27FEB2030400PE,PE,2020-02-25 10:13:00,2020-02-25 10:23:00,159.09674694061277,161.99399391174316,10,57.94493942260772,53.11683145560308,4.828107967004641,2020-02-25
BANKNIFTY27FEB2030400PE,PE,2020-02-25 11:08:00,2020-02-25 11:18:00,162.405,147.82949695587158,10,-291.5100608825685,52.813400310155835,-344.3234611927243,2020-02-25
BANKNIFTY27FEB2030400PE,PE,2020-02-25 11:46:00,2020-02-25 11:56:00,147.26724388122557,134.4630030441284,10,-256.0848167419431,52.30021363192695,-308.38503037387005,2020-02-25
BANKNIFTY27FEB2030400PE,PE,2020-02-25 11:57:00,2020-02-25 12:07:00,136.7409938812256,129.47550304412843,10,-145.30981674194322,52.04812575742696,-197.35794249937018,2020-02-25
BANKNIFTY27FEB2030400PE,PE,2020-02-25 12:08:00,2020-02-25 12:18:00,124.76112194061278,117.60525152206422,10,-143.1174083709712,51.61056537046348,-194.72797374143468,2020-02-25
BANKNIFTY27FEB2030400PE,PE,2020-02-25 12:25:00,2020-02-25 12:35:00,122.90649847030639,130.6725,10,155.3200305938725,51.90536679539569,103.41466379847681,2020-02-25
BANKNIFTY27FEB2030400PE,PE,2020-02-25 13:12:00,2020-02-25 13:15:00,169.2721311187744,175.85925304412842,3,131.74243850708024,53.58049937551137,78.16193913156886,2020-02-25
BANKNIFTY27FEB2030400PE,PE,2020-02-25 13:20:00,2020-02-25 13:29:00,158.6957530593872,152.71725608825685,9,-119.56993942260681,52.886206007896924,-172.45614543050374,2020-02-25
BANKNIFTY27FEB2030400PE,PE,2020-02-25 13:32:00,2020-02-25 13:37:00,147.36749999999998,155.21100608825685,5,156.87012176513747,52.80612530068832,104.06399646444915,2020-02-25
BANKNIFTY27FEB2030400PE,PE,2020-02-25 13:44:00,2020-02-25 13:49:00,163.9588780593872,162.74211891174318,5,-24.335182952880245,53.19543372102028,-77.53061667390052,2020-02-25
BANKNIFTY27FEB2030400PE,PE,2020-02-25 13:50:00,2020-02-25 13:55:00,156.79099388122557,160.69725608825684,5,78.12524414062523,53.05664436977113,25.0685997708541,2020-02-25
BANKNIFTY27FEB2030400PE,PE,2020-02-25 14:26:00,2020-02-25 14:36:00,184.10911888122558,150.6225,10,-669.7323776245116,53.1509794903328,-722.8833571148444,2020-02-25
BANKNIFTY27FEB2030400PE,PE,2020-02-25 15:15:00,2020-02-25 15:19:00,160.3498719406128,168.2782469558716,4,158.56750030517617,53.285255436697234,105.28224486847893,2020-02-25
BANKNIFTY27FEB2030300CE,CE,2020-02-26 10:51:00,2020-02-26 10:57:00,139.79862194061278,144.43800304412844,6,92.7876220703132,52.45005437038556,40.33756769992765,2020-02-26
BANKNIFTY27FEB2030300CE,CE,2020-02-26 11:52:00,2020-02-26 12:02:00,127.9691265296936,134.16375,10,123.89246940612793,52.053182629854305,71.83928677627362,2020-02-26
BANKNIFTY27FEB2030300CE,CE,2020-02-26 12:12:00,2020-02-26 12:22:00,132.32999999999998,138.85199695587158,10,130.439939117432,52.22139542115584,78.21854369627616,2020-02-26
BANKNIFTY27FEB2030300CE,CE,2020-02-26 12:23:00,2020-02-26 12:33:00,139.5479969406128,133.3657469558716,10,-123.64499969482381,52.17762357744723,-175.82262327227104,2020-02-26
BANKNIFTY27FEB2030300CE,CE,2020-02-26 12:34:00,2020-02-26 12:44:00,136.3901280593872,136.00913108825685,10,-7.619939422606876,52.20268809589693,-59.82262751850381,2020-02-26
BANKNIFTY27FEB2030300CE,CE,2020-02-26 12:45:00,2020-02-26 12:55:00,135.3876280593872,149.47538108825685,10,281.7550605773931,52.51778111539693,229.2372794619962,2020-02-26
BANKNIFTY27FEB2030300CE,CE,2020-02-26 14:14:00,2020-02-26 14:15:00,158.8461219406128,158.95163108825685,1,2.1101829528811322,53.03971657447972,-50.92953362159859,2020-02-26
BANKNIFTY27FEB2030300CE,CE,2020-02-26 14:17:00,2020-02-26 14:27:00,155.1870030593872,140.6475,10,-290.79006118774373,52.5490347822086,-343.3390959699523,2020-02-26
BANKNIFTY27FEB2030300CE,CE,2020-02-26 14:28:00,2020-02-26 14:38:00,126.81625,104.73750000000001,10,-441.5749999999997,51.323107418499994,-492.8981074184997,2020-02-26
BANKNIFTY27FEB2030300CE,CE,2020-02-26 14:39:00,2020-02-26 14:49:00,95.0871234703064,109.62525152206422,10,290.76256103515647,51.04780515506778,239.7147558800887,2020-02-26
BANKNIFTY27FEB2030300CE,CE,2020-02-26 14:50:00,2020-02-26 15:00:00,104.71112194061278,110.97187500000001,10,125.21506118774454,51.20012459329139,74.01493659445315,2020-02-26
BANKNIFTY27FEB2030300PE,PE,2020-02-26 09:46:00,2020-02-26 09:56:00,182.45499999999998,176.35800304412842,10,-121.93993911743121,53.75640946084416,-175.69634857827538,2020-02-26
BANKNIFTY27FEB2030300PE,PE,2020-02-26 10:07:00,2020-02-26 10:17:00,170.82599388122557,166.23336891174318,10,-91.85249938964773,53.36566778964447,-145.2181671792922,2020-02-26
BANKNIFTY27FEB2030300PE,PE,2020-02-26 12:08:00,2020-02-26 12:18:00,180.95125,174.5625,10,-127.77499999999975,53.694054374500006,-181.46905437449976,2020-02-26
BANKNIFTY27FEB2030300PE,PE,2020-02-26 13:11:00,2020-02-26 13:21:00,166.26463111877442,126.931875,10,-786.6551223754882,52.35304542591721,-839.0081678014054,2020-02-26
BANKNIFTY27FEB2030300PE,PE,2020-02-26 13:27:00,2020-02-26 13:37:00,114.285,122.69250000000001,10,168.15000000000026,51.60415441899999,116.54584558100026,2020-02-26
BANKNIFTY27FEB2030300PE,PE,2020-02-26 13:44:00,2020-02-26 13:50:00,101.70362194061279,106.23375,6,90.60256118774419,51.0475123590414,39.55504882870279,2020-02-26
BANKNIFTY27FEB2030200CE,CE,2020-02-27 09:27:00,2020-02-27 09:37:00,79.59850152969359,60.54825076103211,10,-381.0050153732297,49.66165137581534,-430.666666749045,2020-02-27
BANKNIFTY27FEB2030200CE,CE,2020-02-27 12:35:00,2020-02-27 12:40:00,15.438499617576598,16.35899961948395,5,18.410000038147025,47.7897115069934,-29.379711468846374,2020-02-27
BANKNIFTY27FEB2030200CE,CE,2020-02-27 13:26:00,2020-02-27 13:31:00,11.7292498087883,11.421374809741975,5,-6.157499980926495,47.6235284602467,-53.7810284411732,2020-02-27
BANKNIFTY27FEB2030200CE,CE,2020-02-27 13:39:00,2020-02-27 13:46:00,6.41600009560585,6.1844998097419746,7,-4.6300057172775055,47.43013911836001,-52.060144835637516,2020-02-27
BANKNIFTY27FEB2030200CE,CE,2020-02-27 13:54:00,2020-02-27 14:51:00,5.6139999043941495,5.536125190258026,5,-1.5574942827224625,47.40440458388999,-48.96189886661246,2020-02-27
BANKNIFTY27FEB2030200CE,CE,2020-02-27 14:58:00,2020-02-27 15:05:00,7.2681249999999995,15.012375190258027,7,154.88500380516055,47.655451286927764,107.2295525182328,2020-02-27
BANKNIFTY27FEB2030200PE,PE,2020-02-27 10:34:00,2020-02-27 10:44:00,227.1163780593872,223.53975608825684,10,-71.53243942260701,55.45889464564692,-126.99133406825393,2020-02-27
BANKNIFTY27FEB2030200PE,PE,2020-02-27 12:16:00,2020-02-27 12:23:00,211.72799694061277,212.61711891174318,7,17.78243942260815,55.00203769635308,-37.21959827374493,2020-02-27
BANKNIFTY27FEB2030200PE,PE,2020-02-27 12:25:00,2020-02-27 12:35:00,205.96362194061277,216.4575,10,209.87756118774485,55.0238353005414,154.85372588720344,2020-02-27
BANKNIFTY27FEB2030200PE,PE,2020-02-27 13:22:00,2020-02-27 13:26:00,118.3451280593872,182.7419969558716,4,1287.937377929688,53.115215770114446,1234.8221621595735,2020-02-27
BANKNIFTY27FEB2030200PE,PE,2020-02-27 13:45:00,2020-02-27 13:53:00,215.5375,201.9438719558716,8,-271.8725608825679,54.78975364890584,-326.6623145314737,2020-02-27
BANKNIFTY27FEB2030200PE,PE,2020-02-27 14:07:00,2020-02-27 14:16:00,206.515,207.43012195587158,9,18.30243911743196,54.81110706840583,-36.50866795097387,2020-02-27
BANKNIFTY27FEB2030200PE,PE,2020-02-27 14:35:00,2020-02-27 14:40:00,124.46037652969359,147.67987804412843,5,464.3900302886968,52.33835221544846,412.0516780732483,2020-02-27
BANKNIFTY27FEB2030200PE,PE,2020-02-27 14:42:00,2020-02-27 14:52:00,116.99174694061279,91.27125000000001,10,-514.4099388122555,50.87350404379139,-565.2834428560469,2020-02-27
BANKNIFTY27FEB2030200PE,PE,2020-02-27 14:56:00,2020-02-27 15:06:00,81.3027484703064,18.10462461948395,10,-1263.962477016449,48.650442473290184,-1312.6129194897392,2020-02-27
BANKNIFTY27FEB2030200PE,PE,2020-02-27 15:09:00,2020-02-27 15:17:00,18.2455007648468,14.164499809741974,7,-81.6200191020965,47.77120643087439,-129.3912255329709,2020-02-27
BANKNIFTY27FEB2030200PE,PE,2020-02-27 15:23:00,2020-02-27 15:24:00,11.278125,9.376499619483948,1,-38.032507610321034,47.568185139894474,-85.6006927502155,2020-02-27
BANKNIFTY05MAR2029500CE,CE,2020-02-28 09:15:00,2020-02-28 09:19:00,472.0271311187744,488.4757621765137,4,328.9726211547861,64.94576531504384,264.02685583974227,2020-02-28
BANKNIFTY05MAR2029500CE,CE,2020-02-28 09:48:00,2020-02-28 09:58:00,357.8423872375488,313.9132621765137,10,-878.5825012207022,59.28119130596105,-937.8636925266633,2020-02-28
BANKNIFTY05MAR2029500CE,CE,2020-02-28 11:56:00,2020-02-28 12:06:00,297.9430122375488,310.5716310882569,10,252.57237701416102,58.45574493277273,194.11663208138827,2020-02-28
BANKNIFTY05MAR2029500CE,CE,2020-02-28 12:09:00,2020-02-28 12:19:00,299.0958811187744,296.9058689117432,10,-43.800244140624045,58.137667181728894,-101.93791132235293,2020-02-28
BANKNIFTY05MAR2029500CE,CE,2020-02-28 12:43:00,2020-02-28 12:53:00,310.775,328.02788108825683,10,345.0576217651371,59.03976325843831,286.0178585066988,2020-02-28
BANKNIFTY05MAR2029500CE,CE,2020-02-28 13:09:00,2020-02-28 13:19:00,332.078125,343.38937500000003,10,226.2250000000006,59.6780715955,166.5469284045006,2020-02-28
BANKNIFTY05MAR2029500CE,CE,2020-02-28 14:11:00,2020-02-28 14:21:00,312.32886276245114,303.73875000000004,10,-171.80225524902198,58.46826871891559,-230.27052396793758,2020-02-28
BANKNIFTY05MAR2029500CE,CE,2020-02-28 14:38:00,2020-02-28 14:48:00,301.4517622375488,300.1477439117432,10,-26.080366516112008,58.24578977714609,-84.3261562932581,2020-02-28
BANKNIFTY05MAR2029500CE,CE,2020-02-28 14:50:00,2020-02-28 15:00:00,294.53448776245114,243.34012195587158,10,-1023.8873161315911,56.778086452571415,-1080.6654025841626,2020-02-28
BANKNIFTY05MAR2029500CE,CE,2020-02-28 15:02:00,2020-02-28 15:12:00,243.9583811187744,246.88125000000002,10,58.45737762451222,56.235882116167204,2.221495508345015,2020-02-28
BANKNIFTY05MAR2029500CE,CE,2020-02-28 15:17:00,2020-02-28 15:19:00,256.890625,262.7913871765137,2,118.01524353027389,56.78353895387664,61.23170457639725,2020-02-28
BANKNIFTY05MAR2029500PE,PE,2020-02-28 12:49:00,2020-02-28 12:56:00,487.9167622375488,488.82486282348634,7,18.162011718750364,65.15166312070777,-46.9896514019574,2020-02-28
BANKNIFTY05MAR2029500PE,PE,2020-02-28 13:29:00,2020-02-28 13:30:00,485.4105122375488,515.8571493530274,1,608.932742309571,65.7780489978377,543.1546933117334,2020-02-28
BANKNIFTY05MAR2029500PE,PE,2020-02-28 13:33:00,2020-02-28 13:43:00,477.03963111877437,480.4957621765137,10,69.12262115478711,64.81393628204385,4.308684872743257,2020-02-28
BANKNIFTY05MAR2029500PE,PE,2020-02-28 13:49:00,2020-02-28 13:59:00,487.8165061187744,486.4807621765137,10,-26.714878845214116,65.09340061229386,-91.80827945750798,2020-02-28
BANKNIFTY05MAR2029500PE,PE,2020-02-28 14:25:00,2020-02-28 14:35:00,571.425,518.7,10,-1054.4999999999982,66.91580695,-1121.4158069499981,2020-02-28
BANKNIFTY05MAR2029500PE,PE,2020-02-28 15:15:00,2020-02-28 15:20:00,581.4499999999999,568.824375,5,-252.512499999998,68.25955878775001,-320.772058787748,2020-02-28
BANKNIFTY05MAR2029700CE,CE,2020-03-02 12:25:00,2020-03-02 12:31:00,201.4022438812256,202.4426219558716,6,20.807561492920286,54.62627427648864,-33.81871278356835,2020-03-02
BANKNIFTY05MAR2029700CE,CE,2020-03-02 13:30:00,2020-03-02 13:32:00,227.5675,233.06586891174317,2,109.96737823486342,55.696208562061685,54.27116967280173,2020-03-02
BANKNIFTY05MAR2029700CE,CE,2020-03-02 13:47:00,2020-03-02 13:50:00,231.5775,229.92375,3,-33.07499999999948,55.669599554499996,-88.74459955449947,2020-03-02
BANKNIFTY05MAR2029700CE,CE,2020-03-02 14:44:00,2020-03-02 14:46:00,157.59299694061278,148.52774391174316,2,-181.3050605773924,52.77060178860307,-234.07566236599547,2020-03-02
BANKNIFTY05MAR2029700CE,CE,2020-03-02 14:57:00,2020-03-02 15:06:00,136.0392469406128,94.46324695587158,9,-831.5199996948243,51.18778342194724,-882.7077831167715,2020-03-02
BANKNIFTY05MAR2029700CE,CE,2020-03-02 15:09:00,2020-03-02 15:16:00,87.8189984703064,65.83500000000001,7,-439.6799694061278,49.8923723153957,-489.57234172152346,2020-03-02
BANKNIFTY05MAR2029700PE,PE,2020-03-02 09:25:00,2020-03-02 09:34:00,458.1425,484.38600608825686,9,524.8701217651376,64.67379062068834,460.19633114444923,2020-03-02
BANKNIFTY05MAR2029700PE,PE,2020-03-02 09:54:00,2020-03-02 09:59:00,406.4134938812256,451.618125,5,904.0926223754889,63.23409730783279,840.858525067656,2020-03-02
BANKNIFTY05MAR2029700PE,PE,2020-03-02 10:04:00,2020-03-02 10:05:00,451.4758811187744,472.36611282348633,1,417.80463409423874,64.29860013854055,353.5060339556982,2020-03-02
BANKNIFTY05MAR2029700PE,PE,2020-03-02 10:20:00,2020-03-02 10:30:00,455.1851127624511,463.58812500000005,10,168.06024475097843,64.13116988416559,103.92907486681284,2020-03-02
BANKNIFTY05MAR2029700PE,PE,2020-03-02 10:35:00,2020-03-02 10:42:00,446.71400611877436,450.0221189117432,7,66.16225585937627,63.69595413797889,2.466301721397386,2020-03-02
BANKNIFTY05MAR2029700PE,PE,2020-03-02 10:56:00,2020-03-02 11:06:00,408.0676127624512,412.06725608825684,10,79.99286651611328,62.29262790410391,17.70023861200937,2020-03-02
BANKNIFTY05MAR2029700PE,PE,2020-03-02 11:21:00,2020-03-02 11:31:00,411.025,424.7853810882569,10,275.20762176513813,62.63871988543831,212.5689018796998,2020-03-02
BANKNIFTY05MAR2029700PE,PE,2020-03-02 11:48:00,2020-03-02 11:58:00,442.15261276245116,420.3464939117432,10,-436.12237701415893,62.91746717922726,-499.0398441933862,2020-03-02
BANKNIFTY05MAR2029700PE,PE,2020-03-02 12:28:00,2020-03-02 12:38:00,464.20761276245116,438.90000000000003,10,-506.1522552490226,63.64275773791559,-569.7950129869382,2020-03-02
BANKNIFTY05MAR2029700PE,PE,2020-03-02 12:39:00,2020-03-02 12:49:00,434.1326127624512,466.9796189117432,10,656.9401229858408,63.95211538647727,592.9880075993635,2020-03-02
BANKNIFTY05MAR2029700PE,PE,2020-03-02 12:59:00,2020-03-02 13:09:00,465.7615061187744,463.78763717651367,10,-39.47737884521416,64.26741961904386,-103.74479846425803,2020-03-02
BANKNIFTY05MAR2029700PE,PE,2020-03-02 13:15:00,2020-03-02 13:25:00,447.8167622375488,378.2520121765137,10,-1391.2950012207023,61.96394697071106,-1453.2589481914133,2020-03-02
BANKNIFTY05MAR2029700PE,PE,2020-03-02 13:26:00,2020-03-02 13:36:00,365.7621311187744,390.2220121765137,10,489.1976211547865,61.23568654754386,427.9619346072426,2020-03-02
BANKNIFTY05MAR2029700PE,PE,2020-03-02 13:37:00,2020-03-02 13:47:00,374.83474388122556,383.04,10,164.10512237548915,61.173708668082796,102.93141370740635,2020-03-02
BANKNIFTY05MAR2029700PE,PE,2020-03-02 13:53:00,2020-03-02 14:03:00,386.1630122375488,373.2146189117432,10,-258.9678665161125,61.07545790339608,-320.04332441950856,2020-03-02
BANKNIFTY05MAR2029700PE,PE,2020-03-02 14:04:00,2020-03-02 14:14:00,356.89,381.4938871765137,10,492.0777435302739,60.91316331812665,431.16458021214726,2020-03-02
BANKNIFTY05MAR2029700PE,PE,2020-03-02 14:15:00,2020-03-02 14:25:00,382.5540061187744,435.5583689117432,10,1060.0872558593755,62.54704549247888,997.5402103668966,2020-03-02
BANKNIFTY05MAR2029700PE,PE,2020-03-02 14:27:00,2020-03-02 14:37:00,424.95974388122556,462.1417378234864,10,743.6398788452163,63.72048064820615,679.9193981970102,2020-03-02
BANKNIFTY05MAR2029100CE,CE,2020-03-03 09:34:00,2020-03-03 09:35:00,322.4040061187744,345.5838871765137,1,463.5976211547859,59.61126264854386,403.986358506242,2020-03-03
BANKNIFTY05MAR2029100CE,CE,2020-03-03 09:38:00,2020-03-03 09:47:00,366.96511276245116,379.59861282348635,9,252.67000122070385,60.99223259378894,191.6777686269149,2020-03-03
BANKNIFTY05MAR2029100CE,CE,2020-03-03 10:35:00,2020-03-03 10:45:00,241.25161888122557,237.05586891174318,10,-83.91499938964785,55.96326574539447,-139.8782651350423,2020-03-03
BANKNIFTY05MAR2029100CE,CE,2020-03-03 10:47:00,2020-03-03 10:56:00,228.72036888122557,264.33750000000003,9,712.3426223754893,56.471169989832795,655.8714523856565,2020-03-03
BANKNIFTY05MAR2029100CE,CE,2020-03-03 11:13:00,2020-03-03 11:23:00,248.61999999999998,238.55211891174318,10,-201.35762176513595,56.09120175156167,-257.44882351669764,2020-03-03
BANKNIFTY05MAR2029100CE,CE,2020-03-03 11:39:00,2020-03-03 11:43:00,198.64536888122558,214.51237804412844,4,317.3401832580572,54.88560388342696,262.45457937463027,2020-03-03
BANKNIFTY05MAR2029100CE,CE,2020-03-03 12:36:00,2020-03-03 12:38:00,267.7677561187744,262.34250000000003,2,-108.50512237548742,56.90775352791721,-165.41287590340463,2020-03-03
BANKNIFTY05MAR2029100CE,CE,2020-03-03 13:00:00,2020-03-03 13:03:00,265.7627561187744,269.325,3,71.24487762451167,57.05268374691721,14.192193877594462,2020-03-03
BANKNIFTY05MAR2029100CE,CE,2020-03-03 13:04:00,2020-03-03 13:13:00,240.49974388122558,256.20788108825684,9,314.16274414062514,56.41977063452113,257.742973506104,2020-03-03
BANKNIFTY05MAR2029100CE,CE,2020-03-03 13:58:00,2020-03-03 14:00:00,297.54198776245113,316.50673782348633,2,379.2950012207041,58.59512592728894,320.6998752934151,2020-03-03
BANKNIFTY05MAR2029100CE,CE,2020-03-03 14:25:00,2020-03-03 14:34:00,292.8302561187744,291.519375,9,-26.217622375487508,57.9288066396672,-84.14642901515471,2020-03-03
BANKNIFTY05MAR2029100PE,PE,2020-03-03 12:42:00,2020-03-03 12:52:00,377.7921311187744,342.29211891174316,10,-710.0002441406252,60.219314903728886,-770.2195590443541,2020-03-03
BANKNIFTY05MAR2029100PE,PE,2020-03-03 13:49:00,2020-03-03 13:57:00,296.74,324.63638717651367,8,557.9277435302731,58.78290469112665,499.1448388391465,2020-03-03
BANKNIFTY05MAR2029100PE,PE,2020-03-03 14:00:00,2020-03-03 14:10:00,332.7798872375488,315.1601371765137,10,-352.3950012207024,59.00015331971107,-411.39515454041344,2020-03-03
BANKNIFTY05MAR2029100PE,PE,2020-03-03 14:12:00,2020-03-03 14:22:00,303.1559938812256,363.04013717651367,10,1197.6828659057617,59.79673188620945,1137.8861340195522,2020-03-03
BANKNIFTY05MAR2029100PE,PE,2020-03-03 14:41:00,2020-03-03 14:51:00,265.8128688812256,297.50437500000004,10,633.8301223754888,57.738730173582795,576.091392201906,2020-03-03
BANKNIFTY05MAR2029100PE,PE,2020-03-03 15:14:00,2020-03-03 15:22:00,267.8178688812256,225.435,8,-847.6573776245118,56.010652841832794,-903.6680304663446,2020-03-03
BANKNIFTY05MAR2029100CE,CE,2020-03-04 09:19:00,2020-03-04 09:20:00,249.9733811187744,250.52211891174318,1,10.974755859375591,56.39916910922888,-45.42441324985329,2020-03-04
BANKNIFTY05MAR2029100CE,CE,2020-03-04 09:22:00,2020-03-04 09:26:00,229.6727561187744,237.90375,4,164.61987762451201,55.840038106417204,108.7798395180948,2020-03-04
BANKNIFTY05MAR2029100CE,CE,2020-03-04 09:31:00,2020-03-04 09:36:00,212.42974388122556,208.12836891174317,5,-86.02749938964791,54.90157336014447,-140.9290727497924,2020-03-04
BANKNIFTY05MAR2029100CE,CE,2020-03-04 10:14:00,2020-03-04 10:24:00,176.44,157.25586891174316,10,-383.6826217651367,53.217048837061675,-436.89967060219834,2020-03-04
BANKNIFTY05MAR2029100CE,CE,2020-03-04 10:27:00,2020-03-04 10:33:00,148.37,160.9964939117432,6,252.52987823486365,52.959303851311674,199.57057438355196,2020-03-04
BANKNIFTY05MAR2029100CE,CE,2020-03-04 10:52:00,2020-03-04 11:02:00,126.7160015296936,124.83712652206421,10,-37.57750015258779,51.810757247276385,-89.38825739986417,2020-03-04
BANKNIFTY05MAR2029100CE,CE,2020-03-04 11:25:00,2020-03-04 11:35:00,123.3576280593872,127.82961891174317,10,89.43981704711945,51.841822346520274,37.59799470059917,2020-03-04
BANKNIFTY05MAR2029100CE,CE,2020-03-04 11:50:00,2020-03-04 12:00:00,109.47299694061279,106.93199695587158,10,-50.819999694824105,51.16101984594724,-101.98101954077134,2020-03-04
BANKNIFTY05MAR2029100CE,CE,2020-03-04 12:36:00,2020-03-04 12:46:00,108.3702484703064,114.16387195587158,10,115.87246971130384,51.32322497480154,64.54924473650229,2020-03-04
BANKNIFTY05MAR2029100CE,CE,2020-03-04 12:50:00,2020-03-04 13:00:00,107.96924694061279,65.33625,10,-852.6599388122556,50.1305795467914,-902.790518359047,2020-03-04
BANKNIFTY05MAR2029100CE,CE,2020-03-04 13:08:00,2020-03-04 13:18:00,45.8142507648468,44.73787347793579,10,-21.527545738220084,48.85736406513006,-70.38490980335014,2020-03-04
BANKNIFTY05MAR2029100CE,CE,2020-03-04 13:21:00,2020-03-04 13:31:00,43.40824923515319,32.668125,10,-214.80248470306378,48.53389313044785,-263.3363778335116,2020-03-04
BANKNIFTY05MAR2029100CE,CE,2020-03-04 13:32:00,2020-03-04 13:42:00,33.483501529693605,24.438750000000002,10,-180.89503059387204,48.210424009104294,-229.10545460297632,2020-03-04
BANKNIFTY05MAR2029100CE,CE,2020-03-04 13:43:00,2020-03-04 13:46:00,21.8544992351532,26.034750380516055,3,83.60502290725712,48.104770411053366,35.50025249620376,2020-03-04
BANKNIFTY05MAR2029100CE,CE,2020-03-04 13:56:00,2020-03-04 14:06:00,34.9872515296936,27.730499238967898,10,-145.13504581451406,48.30917318939327,-193.44421900390734,2020-03-04
BANKNIFTY05MAR2029100CE,CE,2020-03-04 14:08:00,2020-03-04 14:18:00,27.819374999999997,31.82024961948395,10,80.01749238967903,48.31959981089449,31.697892578784547,2020-03-04
BANKNIFTY05MAR2029100CE,CE,2020-03-04 14:25:00,2020-03-04 14:35:00,33.0323757648468,33.56587652206421,10,10.670015144348213,48.426823977724226,-37.75680883337601,2020-03-04
BANKNIFTY05MAR2029100CE,CE,2020-03-04 14:38:00,2020-03-04 14:44:00,30.075,50.6729992389679,6,411.95998477935797,48.80618953428896,363.153795245069,2020-03-04
BANKNIFTY05MAR2029100CE,CE,2020-03-04 14:48:00,2020-03-04 14:58:00,37.4935015296936,46.234123477935796,10,174.81243896484386,48.79038459143222,126.02205437341163,2020-03-04
BANKNIFTY05MAR2029100CE,CE,2020-03-04 15:19:00,2020-03-04 15:24:00,61.75399847030639,63.49087652206421,5,34.7375610351564,49.51153365956778,-14.773972624411378,2020-03-04
BANKNIFTY05MAR2029100PE,PE,2020-03-04 09:37:00,2020-03-04 09:47:00,302.003125,310.97062500000004,10,179.3500000000006,58.515891118,120.83410888200059,2020-03-04
BANKNIFTY05MAR2029100PE,PE,2020-03-04 09:52:00,2020-03-04 10:02:00,310.9755122375488,276.058125,10,-698.3477447509756,57.77816278308442,-756.12590753406,2020-03-04
BANKNIFTY05MAR2029100PE,PE,2020-03-04 10:30:00,2020-03-04 10:40:00,348.11812499999996,356.1075,10,159.78750000000105,60.18669672475,99.60080327525105,2020-03-04
BANKNIFTY05MAR2028900CE,CE,2020-03-05 10:17:00,2020-03-05 10:22:00,21.9547496175766,25.33649961948395,5,67.63500003814698,48.08903190949341,19.545968128653577,2020-03-05
BANKNIFTY05MAR2028900CE,CE,2020-03-05 11:45:00,2020-03-05 11:55:00,159.6982530593872,115.01175304412843,10,-893.7300003051757,51.98152709305277,-945.7115273982286,2020-03-05
BANKNIFTY05MAR2028900PE,PE,2020-03-05 10:42:00,2020-03-05 10:44:00,279.0959938812256,190.62225608825685,2,-1769.4747558593747,55.30399649777112,-1824.7787523571458,2020-03-05
BANKNIFTY05MAR2028900PE,PE,2020-03-05 10:46:00,2020-03-05 10:56:00,147.7183811187744,110.87212652206422,10,-736.9250919342037,51.73200333633929,-788.657095270543,2020-03-05
BANKNIFTY05MAR2028900PE,PE,2020-03-05 11:00:00,2020-03-05 11:10:00,98.79637805938721,80.29875,10,-369.9525611877442,50.380561357958605,-420.3331225457028,2020-03-05
BANKNIFTY05MAR2028900PE,PE,2020-03-05 11:22:00,2020-03-05 11:32:00,90.6260015296936,46.73287347793579,10,-877.8625610351561,49.46261291393222,-927.3251739490884,2020-03-05
BANKNIFTY05MAR2028900PE,PE,2020-03-05 11:39:00,2020-03-05 11:45:00,48.5210015296936,56.408624238967896,6,157.75245418548593,49.174866327143256,108.57758785834267,2020-03-05
BANKNIFTY05MAR2028900PE,PE,2020-03-05 11:56:00,2020-03-05 12:06:00,60.250248470306396,37.25662347793579,10,-459.8724998474121,48.854740193723615,-508.7272400411357,2020-03-05
BANKNIFTY05MAR2028900PE,PE,2020-03-05 12:07:00,2020-03-05 12:17:00,38.0448757648468,35.760373477935794,10,-45.690045738220135,48.54247533888007,-94.2325210771002,2020-03-05
BANKNIFTY05MAR2028900PE,PE,2020-03-05 12:18:00,2020-03-05 12:28:00,31.077499999999997,34.712999238967896,10,72.70998477935798,48.43043953728896,24.27954524206902,2020-03-05
BANKNIFTY05MAR2028900PE,PE,2020-03-05 12:31:00,2020-03-05 12:41:00,35.438373470306395,53.416124238967896,10,359.55501537323005,48.939544616184655,310.6154707570454,2020-03-05
BANKNIFTY05MAR2028900PE,PE,2020-03-05 12:43:00,2020-03-05 12:53:00,51.2778765296936,39.35137576103211,10,-238.53001537322982,48.79422295031534,-287.32423832354516,2020-03-05
BANKNIFTY05MAR2028900PE,PE,2020-03-05 12:54:00,2020-03-05 13:04:00,42.8067507648468,40.099500761032104,10,-54.145000076293854,48.70717816551319,-102.85217824180705,2020-03-05
BANKNIFTY05MAR2028900PE,PE,2020-03-05 13:05:00,2020-03-05 13:15:00,32.631374235153196,33.715499238967894,10,21.682500076293962,48.42548145823681,-26.742981381942847,2020-03-05
BANKNIFTY05MAR2028900PE,PE,2020-03-05 13:16:00,2020-03-05 13:26:00,37.0925,37.905,10,16.25,48.582808441000005,-32.332808441000005,2020-03-05
BANKNIFTY05MAR2028900PE,PE,2020-03-05 13:27:00,2020-03-05 13:35:00,32.0298757648468,75.560625,8,870.614984703064,49.43583278280215,821.1791519202618,2020-03-05
BANKNIFTY05MAR2028900PE,PE,2020-03-05 13:41:00,2020-03-05 13:42:00,57.2928765296936,65.53574695587159,1,164.85740852355974,49.50584907551014,115.3515594480496,2020-03-05
BANKNIFTY05MAR2028900PE,PE,2020-03-05 13:53:00,2020-03-05 14:00:00,76.8416265296936,81.74512195587158,7,98.06990852355966,50.14298527976014,47.92692324379952,2020-03-05
BANKNIFTY05MAR2028900PE,PE,2020-03-05 14:05:00,2020-03-05 14:10:00,57.7941265296936,74.064375,5,325.404969406128,49.7195233421043,275.68544606402367,2020-03-05
BANKNIFTY05MAR2028900PE,PE,2020-03-05 14:26:00,2020-03-05 14:27:00,60.0998757648468,62.49337652206421,1,47.8700151443482,49.46672070972422,-1.5967055653760198,2020-03-05
BANKNIFTY12MAR2027300CE,CE,2020-03-06 10:39:00,2020-03-06 10:44:00,681.6999999999999,696.8036128234863,1,302.072256469728,72.61794047687334,229.45431599285467,2020-03-06
BANKNIFTY12MAR2027300PE,PE,2020-03-06 09:37:00,2020-03-06 09:47:00,424.1577561187744,426.1320121765137,10,39.48512115478593,62.83463091029385,-23.349509755507924,2020-03-06
BANKNIFTY12MAR2027300PE,PE,2020-03-06 09:48:00,2020-03-06 09:58:00,427.4158811187744,423.48861282348633,10,-78.54536590576117,62.81081156354056,-141.35617746930174,2020-03-06
BANKNIFTY12MAR2027300PE,PE,2020-03-06 10:01:00,2020-03-06 10:11:00,368.0678688812256,371.5188871765137,10,69.02036590576245,60.80940477995945,8.210961125802996,2020-03-06
BANKNIFTY12MAR2027300PE,PE,2020-03-06 10:20:00,2020-03-06 10:30:00,394.5338627624512,432.3663871765137,10,756.6504882812501,62.61823795254224,694.0322503287078,2020-03-06
BANKNIFTY12MAR2027300PE,PE,2020-03-06 10:42:00,2020-03-06 10:52:00,435.085,434.46111282348636,10,-12.477743530272392,63.17298032987335,-75.65072386014575,2020-03-06
BANKNIFTY12MAR2027300PE,PE,2020-03-06 10:54:00,2020-03-06 11:04:00,451.5761372375488,440.0970121765137,10,-229.58250122070126,63.51494498396106,-293.09744620466233,2020-03-06
BANKNIFTY12MAR2027300PE,PE,2020-03-06 11:14:00,2020-03-06 11:24:00,448.76911888122555,435.8576371765137,10,-258.22963409423664,63.37695484895944,-321.6065889431961,2020-03-06
BANKNIFTY12MAR2027300PE,PE,2020-03-06 11:25:00,2020-03-06 11:32:00,425.1602561187744,449.97225608825687,7,496.2399993896497,63.42696612610553,432.8130332635442,2020-03-06
BANKNIFTY12MAR2027300PE,PE,2020-03-06 11:40:00,2020-03-06 11:50:00,448.8192622375488,439.94736282348634,10,-177.4379882812491,63.477054660707765,-240.91504294195687,2020-03-06
BANKNIFTY12MAR2027300PE,PE,2020-03-06 11:57:00,2020-03-06 11:59:00,440.14761276245116,434.46111282348636,2,-113.72999877929601,63.23587620578894,-176.96587498508495,2020-03-06
BANKNIFTY12MAR2027300PE,PE,2020-03-06 12:33:00,2020-03-06 12:43:00,363.155625,385.6833689117432,10,450.55487823486374,61.09290821481168,389.46197002005204,2020-03-06
BANKNIFTY12MAR2027300PE,PE,2020-03-06 12:56:00,2020-03-06 13:06:00,388.96999999999997,375.9577439117432,10,-260.24512176513554,61.177053471811675,-321.4221752369472,2020-03-06
BANKNIFTY12MAR2027300PE,PE,2020-03-06 13:07:00,2020-03-06 13:17:00,368.1180122375488,287.529375,10,-1611.7727447509753,58.76710044258442,-1670.5398451935598,2020-03-06
BANKNIFTY12MAR2027300PE,PE,2020-03-06 13:18:00,2020-03-06 13:28:00,303.05573776245114,314.8608689117432,10,236.10262298584075,58.623593094727255,177.4790298911135,2020-03-06
BANKNIFTY12MAR2027300PE,PE,2020-03-06 13:34:00,2020-03-06 13:44:00,332.57937499999997,335.06024391174316,10,49.617378234863736,59.48170447206168,-9.864326237197943,2020-03-06
BANKNIFTY12MAR2027300PE,PE,2020-03-06 13:46:00,2020-03-06 13:56:00,328.6194877624512,334.1126371765137,10,109.86298828125086,59.40945920979223,50.45352907145863,2020-03-06
BANKNIFTY12MAR2027300PE,PE,2020-03-06 13:58:00,2020-03-06 14:04:00,315.1358811187744,289.27500000000003,6,-517.2176223754877,58.15133152266721,-575.3689538981549,2020-03-06
BANKNIFTY12MAR2027300PE,PE,2020-03-06 14:09:00,2020-03-06 14:19:00,311.7775,343.7385060882568,10,639.220121765137,59.43435687568834,579.7857648894487,2020-03-06
BANKNIFTY12MAR2027300PE,PE,2020-03-06 14:23:00,2020-03-06 14:33:00,341.40136276245113,308.97562500000004,10,-648.5147552490218,58.95683348266559,-707.4715887316875,2020-03-06
BANKNIFTY12MAR2027300PE,PE,2020-03-06 14:35:00,2020-03-06 14:45:00,284.20875,298.2525,10,280.8749999999998,57.9854703355,222.88952966449978,2020-03-06
BANKNIFTY12MAR2027300PE,PE,2020-03-06 14:46:00,2020-03-06 14:56:00,302.80511276245113,294.86100608825683,10,-158.88213348388604,58.13401076660392,-217.01614425048996,2020-03-06
BANKNIFTY12MAR2027300PE,PE,2020-03-06 14:57:00,2020-03-06 15:06:00,297.04073776245116,303.2898628234863,9,124.98250122070317,58.26741661703894,66.71508460366422,2020-03-06
BANKNIFTY12MAR2027300PE,PE,2020-03-06 15:17:00,2020-03-06 15:24:00,302.1534938812256,297.65399391174316,7,-89.98999938964857,58.19385083289447,-148.18385022254304,2020-03-06
BANKNIFTY12MAR2026900CE,CE,2020-03-09 09:37:00,2020-03-09 09:40:00,439.09499999999997,412.6657621765137,3,-528.5847564697258,62.692657574876655,-591.2774140446024,2020-03-09
BANKNIFTY12MAR2026900CE,CE,2020-03-09 10:40:00,2020-03-09 10:50:00,350.875,333.81336891174317,10,-341.2326217651366,59.67867351006168,-400.9112952751983,2020-03-09
BANKNIFTY12MAR2026900CE,CE,2020-03-09 12:09:00,2020-03-09 12:14:00,371.82724388122557,381.4439939117432,5,192.33500061035215,61.097524077394475,131.2374765329577,2020-03-09
BANKNIFTY12MAR2026900CE,CE,2020-03-09 12:23:00,2020-03-09 12:33:00,378.19312499999995,366.2820121765137,10,-238.2222564697247,60.80781725912665,-299.03007372885133,2020-03-09
BANKNIFTY12MAR2026900CE,CE,2020-03-09 12:39:00,2020-03-09 12:49:00,339.59687499999995,291.8685060882569,10,-954.5673782348615,58.51830853093833,-1013.0856867657999,2020-03-09
BANKNIFTY12MAR2026900CE,CE,2020-03-09 12:51:00,2020-03-09 12:54:00,310.775,293.7138871765137,3,-341.2222564697254,58.20512339612665,-399.427379865852,2020-03-09
BANKNIFTY12MAR2026900CE,CE,2020-03-09 12:55:00,2020-03-09 12:57:00,212.279375,255.0607469558716,2,855.6274391174321,56.041269627905834,799.5861694895262,2020-03-09
BANKNIFTY12MAR2026900CE,CE,2020-03-09 13:04:00,2020-03-09 13:14:00,249.77286888122558,217.6544969558716,10,-642.3674385070797,55.59721913598863,-697.9646576430683,2020-03-09
BANKNIFTY12MAR2026900CE,CE,2020-03-09 14:00:00,2020-03-09 14:03:00,217.19161888122557,247.28024391174318,3,601.7725006103524,55.913047537144465,545.8594530732079,2020-03-09
BANKNIFTY12MAR2026900CE,CE,2020-03-09 14:22:00,2020-03-09 14:26:00,231.9283811187744,252.3675,4,408.7823776245119,56.21987155866721,352.56250606584473,2020-03-09
BANKNIFTY12MAR2026900CE,CE,2020-03-09 14:42:00,2020-03-09 14:46:00,244.25911888122556,251.91862804412844,4,153.19018325805757,56.36214553042696,96.82803772763062,2020-03-09
BANKNIFTY12MAR2026900CE,CE,2020-03-09 15:06:00,2020-03-09 15:13:00,258.2440061187744,298.9008689117432,7,813.1372558593762,57.67866540947889,755.4585904498973,2020-03-09
BANKNIFTY12MAR2026900CE,CE,2020-03-09 15:20:00,2020-03-09 15:24:00,270.07349388122555,261.89361282348636,4,-163.5976211547836,56.92548053945614,-220.52310169423976,2020-03-09
BANKNIFTY12MAR2026900PE,PE,2020-03-09 09:20:00,2020-03-09 09:21:00,389.8722438812256,403.9875,1,282.3051223754885,61.8700471640828,220.43507521140572,2020-03-09
BANKNIFTY12MAR2026900PE,PE,2020-03-09 09:23:00,2020-03-09 09:29:00,401.0,410.1720121765137,6,183.44024353027407,62.15872355537665,121.28151997489742,2020-03-09
BANKNIFTY12MAR2026900PE,PE,2020-03-09 10:10:00,2020-03-09 10:20:00,465.66125,456.106875,10,-191.08749999999986,64.07935029025,-255.16685029024987,2020-03-09
BANKNIFTY12MAR2026900PE,PE,2020-03-09 11:03:00,2020-03-09 11:13:00,539.5956249999999,537.1537500000001,10,-48.83749999999736,66.96923316025,-115.80673316024736,2020-03-09
BANKNIFTY12MAR2026900PE,PE,2020-03-09 11:41:00,2020-03-09 11:51:00,490.9242622375488,508.725,10,356.0147552490241,65.67307007433442,290.3416851746897,2020-03-09
BANKNIFTY12MAR2026900PE,PE,2020-03-09 12:15:00,2020-03-09 12:19:00,468.96948776245114,500.6452439117432,4,633.5151229858411,65.20378398297726,568.3113390028639,2020-03-09
BANKNIFTY12MAR2026900PE,PE,2020-03-09 14:04:00,2020-03-09 14:16:00,963.90375,919.695,10,-884.1749999999979,81.5454479305,-965.7204479304979,2020-03-09
BANKNIFTY12MAR2026900PE,PE,2020-03-09 14:28:00,2020-03-09 14:39:00,841.7491494750976,841.5907621765137,10,-3.1677459716775047,78.12807179629547,-81.29581776797298,2020-03-09
BANKNIFTY12MAR2026900PE,PE,2020-03-09 14:54:00,2020-03-09 15:04:00,648.9182377624511,603.4875000000001,10,-908.6147552490206,69.9408891736656,-978.5556444226862,2020-03-09
BANKNIFTY12MAR2026400CE,CE,2020-03-11 09:44:00,2020-03-11 09:50:00,465.71136276245113,463.93725608825685,6,-35.48213348388572,64.2704359286039,-99.75256941248962,2020-03-11
BANKNIFTY12MAR2026400CE,CE,2020-03-11 10:09:00,2020-03-11 10:19:00,362.3536372375488,307.72875,10,-1092.4977447509764,59.18680767108441,-1151.6845524220607,2020-03-11
BANKNIFTY12MAR2026400CE,CE,2020-03-11 10:32:00,2020-03-11 10:42:00,292.479375,276.5070121765137,10,-319.4472564697264,57.559292724626644,-377.00654919435306,2020-03-11
BANKNIFTY12MAR2026400CE,CE,2020-03-11 11:09:00,2020-03-11 11:19:00,354.7346311187744,303.78861282348635,10,-1018.9203659057614,58.99631386604055,-1077.916679771802,2020-03-11
BANKNIFTY12MAR2026400CE,CE,2020-03-11 11:36:00,2020-03-11 11:41:00,363.155625,393.5636128234863,5,608.1597564697267,61.28458411562336,546.8751723541034,2020-03-11
BANKNIFTY12MAR2026400CE,CE,2020-03-11 12:03:00,2020-03-11 12:13:00,403.05511276245113,379.05,10,-480.1022552490224,61.42725607891559,-541.5295113279379,2020-03-11
BANKNIFTY12MAR2026400CE,CE,2020-03-11 12:14:00,2020-03-11 12:24:00,371.17562499999997,346.38187500000004,10,-495.87499999999864,60.2365916695,-556.1115916694987,2020-03-11
BANKNIFTY12MAR2026400CE,CE,2020-03-11 12:25:00,2020-03-11 12:35:00,357.7421311187744,419.04975608825686,10,1226.152499389649,61.837243787355526,1164.3152556022935,2020-03-11
BANKNIFTY12MAR2026400CE,CE,2020-03-11 13:02:00,2020-03-11 13:06:00,431.97724388122555,474.2613871765137,4,845.6828659057635,64.10245676420945,781.580409141554,2020-03-11
BANKNIFTY12MAR2026400CE,CE,2020-03-11 13:20:00,2020-03-11 13:29:00,393.3308811187744,443.88750000000005,9,1011.1323776245126,62.883527529667205,948.2488500948455,2020-03-11
BANKNIFTY12MAR2026400CE,CE,2020-03-11 13:46:00,2020-03-11 13:56:00,412.37838111877437,302.84100608825685,10,-2190.7475006103505,59.68940755135553,-2250.436908161706,2020-03-11
BANKNIFTY12MAR2026400CE,CE,2020-03-11 13:57:00,2020-03-11 14:04:00,309.8226127624512,321.44437500000004,7,232.4352447509773,58.86779661166559,173.5674481393117,2020-03-11
BANKNIFTY12MAR2026400CE,CE,2020-03-11 14:10:00,2020-03-11 14:15:00,276.7902561187744,361.4939939117432,5,1694.0747558593762,59.43156673622888,1634.6431891231473,2020-03-11
BANKNIFTY12MAR2026400CE,CE,2020-03-11 14:26:00,2020-03-11 14:36:00,390.223125,306.3821189117432,10,-1676.8201217651358,59.500292123311674,-1736.3204138884475,2020-03-11
BANKNIFTY12MAR2026400CE,CE,2020-03-11 14:38:00,2020-03-11 14:48:00,312.27875,316.1576371765137,10,77.57774353027344,58.769718182126645,18.808025348146792,2020-03-11
BANKNIFTY12MAR2026400CE,CE,2020-03-11 14:50:00,2020-03-11 15:00:00,335.8375,390.02250000000004,10,1083.7000000000012,60.859062046,1022.8409379540012,2020-03-11
BANKNIFTY12MAR2026400CE,CE,2020-03-11 15:03:00,2020-03-11 15:13:00,342.7547438812256,268.7264939117432,10,-1480.5649993896475,57.99464358339447,-1538.559642973042,2020-03-11
BANKNIFTY12MAR2026400PE,PE,2020-03-11 09:20:00,2020-03-11 09:30:00,305.86275611877437,291.9682621765137,10,-277.8898788452136,58.10163575879386,-335.9915146040075,2020-03-11
BANKNIFTY12MAR2026400PE,PE,2020-03-11 11:33:00,2020-03-11 11:35:00,355.38624999999996,363.4889939117432,2,162.05487823486465,60.45653750781167,101.59834072705297,2020-03-11
BANKNIFTY12MAR2026400PE,PE,2020-03-11 11:44:00,2020-03-11 11:54:00,310.775,277.554375,10,-664.4124999999997,57.812065885749995,-722.2245658857497,2020-03-11
BANKNIFTY12MAR2026400PE,PE,2020-03-11 12:40:00,2020-03-11 12:50:00,220.0988780593872,226.83149391174317,10,134.65231704711925,55.45177894677028,79.20053810034898,2020-03-11
BANKNIFTY12MAR2026400PE,PE,2020-03-11 12:51:00,2020-03-11 12:59:00,218.74549694061278,247.3301219558716,8,571.6925003051762,55.93356551019724,515.7589347949789,2020-03-11
BANKNIFTY12MAR2026400PE,PE,2020-03-11 13:06:00,2020-03-11 13:16:00,201.5526280593872,216.10836891174318,10,291.1148170471199,54.960542752020274,236.15427429509964,2020-03-11
BANKNIFTY12MAR2026400PE,PE,2020-03-11 13:29:00,2020-03-11 13:35:00,219.3971311187744,209.37524391174318,6,-200.43774414062455,55.01846188097888,-255.45620602160344,2020-03-11
BANKNIFTY12MAR2026400PE,PE,2020-03-11 13:36:00,2020-03-11 13:46:00,203.5075,225.53475608825684,10,440.54512176513697,55.214112970188324,385.3310087949486,2020-03-11
BANKNIFTY12MAR2026400PE,PE,2020-03-11 15:00:00,2020-03-11 15:01:00,187.36724388122556,209.77425304412844,1,448.1401832580576,54.630240712426954,393.5099425456307,2020-03-11
BANKNIFTY12MAR2024900CE,CE,2020-03-12 10:15:00,2020-03-12 10:25:00,224.76049694061277,236.20800304412842,10,228.950122070313,55.73776349263556,173.21235857767743,2020-03-12
BANKNIFTY12MAR2024900CE,CE,2020-03-12 10:38:00,2020-03-12 10:48:00,217.04125,132.76725608825683,10,-1685.4798782348632,53.12581130368833,-1738.6056895385516,2020-03-12
BANKNIFTY12MAR2024900CE,CE,2020-03-12 10:50:00,2020-03-12 11:00:00,138.2447438812256,105.18637195587159,10,-661.1674385070799,51.47600863698864,-712.6434471440684,2020-03-12
BANKNIFTY12MAR2024900CE,CE,2020-03-12 11:03:00,2020-03-12 11:13:00,79.59850152969359,100.34849847793579,10,414.999938964844,50.629736681182216,364.37020228366174,2020-03-12
BANKNIFTY12MAR2024900CE,CE,2020-03-12 11:38:00,2020-03-12 11:48:00,73.48325305938721,70.9222484779358,10,-51.220091629028275,49.83801094578652,-101.0581025748148,2020-03-12
BANKNIFTY12MAR2024900CE,CE,2020-03-12 11:52:00,2020-03-12 12:00:00,59.7991265296936,57.25650152206421,8,-50.852500152587794,49.335604668776384,-100.18810482136418,2020-03-12
BANKNIFTY12MAR2024900CE,CE,2020-03-12 12:07:00,2020-03-12 12:10:00,35.839375,37.855125761032106,3,40.31501522064218,48.56602699621104,-8.251011775568863,2020-03-12
BANKNIFTY12MAR2024900CE,CE,2020-03-12 12:39:00,2020-03-12 12:42:00,53.984623470306396,60.74775152206421,3,135.26256103515635,49.34828737706778,85.91427365808858,2020-03-12
BANKNIFTY12MAR2024900CE,CE,2020-03-12 13:49:00,2020-03-12 13:59:00,37.844375,11.770500190258026,10,-521.4774961948394,47.956464315677756,-569.4339605105172,2020-03-12
BANKNIFTY12MAR2024900CE,CE,2020-03-12 14:01:00,2020-03-12 14:10:00,12.0801251912117,5.236875,9,-136.86500382423398,47.47745829607553,-184.3424621203095,2020-03-12
BANKNIFTY12MAR2024900PE,PE,2020-03-12 09:48:00,2020-03-12 09:58:00,142.75599388122558,139.94925304412843,10,-56.13481674194304,52.37761301692695,-108.51242975886998,2020-03-12
BANKNIFTY12MAR2024900PE,PE,2020-03-12 10:12:00,2020-03-12 10:15:00,135.73849388122557,163.14112804412844,3,548.0526832580574,52.85454029467695,495.19814296338046,2020-03-12
BANKNIFTY12MAR2024900PE,PE,2020-03-12 12:04:00,2020-03-12 12:05:00,603.3044877624511,660.5445121765138,1,1144.800488281253,70.76203413054223,1074.0384541507108,2020-03-12
BANKNIFTY12MAR2024900PE,PE,2020-03-12 12:17:00,2020-03-12 12:27:00,506.91411888122553,392.5661128234863,10,-2286.9601211547842,63.046319349206144,-2350.0064405039902,2020-03-12
BANKNIFTY19MAR2022400PE,PE,2020-03-13 10:42:00,2020-03-13 10:52:00,781.8998872375488,567.4278506469727,10,-4289.440731811521,70.71589950708112,-4360.156631318602,2020-03-13
BANKNIFTY19MAR2022400PE,PE,2020-03-13 11:03:00,2020-03-13 11:14:00,800.6967622375488,765.2321493530274,10,-709.2922576904289,75.76073700333771,-785.0529946937665,2020-03-13
BANKNIFTY19MAR2022400PE,PE,2020-03-13 11:17:00,2020-03-13 11:27:00,788.46625,714.9082621765137,10,-1471.159756469724,74.38473190937664,-1545.5444883791006,2020-03-13
BANKNIFTY19MAR2022400PE,PE,2020-03-13 11:28:00,2020-03-13 11:38:00,711.775,705.7811128234864,10,-119.87774353027135,73.20994536587335,-193.0876888961447,2020-03-13
BANKNIFTY19MAR2022400PE,PE,2020-03-13 11:40:00,2020-03-13 11:50:00,715.8852255249024,671.6666006469727,10,-884.3724975585928,72.43122141532788,-956.8037189739207,2020-03-13
BANKNIFTY19MAR2022400PE,PE,2020-03-13 11:51:00,2020-03-13 12:02:00,648.2164755249023,529.0740243530274,10,-2382.8490234374976,68.12216714408447,-2450.971190581582,2020-03-13
BANKNIFTY19MAR2022400PE,PE,2020-03-13 12:03:00,2020-03-13 12:13:00,554.4326127624512,460.44600608825687,10,-1879.7321334838864,65.28775348160391,-1945.0198869654903,2020-03-13
BANKNIFTY19MAR2022400PE,PE,2020-03-13 12:18:00,2020-03-13 12:28:00,435.23536888122555,475.9072560882569,10,813.4377441406264,64.18296786302112,749.2547762776053,2020-03-13
BANKNIFTY19MAR2022400PE,PE,2020-03-13 12:29:00,2020-03-13 12:39:00,450.9244877624511,365.334375,10,-1711.802255249022,61.68835266991559,-1773.4906079189375,2020-03-13
BANKNIFTY19MAR2022400PE,PE,2020-03-13 12:40:00,2020-03-13 12:51:00,384.70937499999997,384.53625,10,-3.462499999999409,61.33278132174999,-64.7952813217494,2020-03-13
BANKNIFTY19MAR2022400PE,PE,2020-03-13 12:55:00,2020-03-13 13:05:00,389.92238723754883,306.03298782348634,10,-1677.78798828125,59.488063752707774,-1737.2760520339577,2020-03-13
BANKNIFTY19MAR2022400PE,PE,2020-03-13 13:06:00,2020-03-13 13:13:00,303.4066188812256,295.45951217651367,7,-158.94213409423855,58.156041460709446,-217.098175554948,2020-03-13
BANKNIFTY19MAR2022400PE,PE,2020-03-13 13:18:00,2020-03-13 13:28:00,276.74011276245113,287.28000000000003,10,210.79774475097793,57.625792272915604,153.17195247806234,2020-03-13
BANKNIFTY19MAR2022400PE,PE,2020-03-13 13:29:00,2020-03-13 13:40:00,273.93312499999996,285.4845121765137,10,231.02774353027485,57.547246652126645,173.4804968781482,2020-03-13
BANKNIFTY19MAR2022400PE,PE,2020-03-13 13:51:00,2020-03-13 14:02:00,296.8903688812256,333.5639939117432,10,733.472500610352,59.001924349144474,674.4705762612075,2020-03-13
BANKNIFTY19MAR2022400PE,PE,2020-03-13 14:03:00,2020-03-13 14:17:00,316.28875,364.63611282348637,10,966.9472564697276,59.99870786837335,906.9485486013542,2020-03-13
BANKNIFTY19MAR2022400PE,PE,2020-03-13 14:18:00,2020-03-13 14:28:00,331.8275,377.45399391174317,10,912.5298782348636,60.50353209531168,852.026346139552,2020-03-13
BANKNIFTY19MAR2022400PE,PE,2020-03-13 14:34:00,2020-03-13 14:35:00,414.98488723754883,498.10163108825685,1,1662.3348770141604,64.47123107902273,1597.8636459351376,2020-03-13
BANKNIFTY19MAR2022400PE,PE,2020-03-13 14:36:00,2020-03-13 14:46:00,473.58099388122554,344.43673782348634,10,-2582.885121154784,61.461522271706144,-2644.34664342649,2020-03-13
BANKNIFTY19MAR2022400PE,PE,2020-03-13 14:47:00,2020-03-13 14:58:00,366.664375,339.5489939117432,10,-542.3076217651362,60.01434543756168,-602.3219672026979,2020-03-13
BANKNIFTY19MAR2022400PE,PE,2020-03-13 14:59:00,2020-03-13 15:10:00,335.98786888122555,312.71625,10,-465.432377624511,58.980563866332794,-524.4129414908438,2020-03-13
BANKNIFTY19MAR2022400PE,PE,2020-03-13 15:11:00,2020-03-13 15:21:00,295.7375,267.8786128234863,10,-557.1777435302738,57.38989663187334,-614.5676401621472,2020-03-13
BANKNIFTY19MAR2022400PE,PE,2020-03-13 15:23:00,2020-03-13 15:24:00,264.8103688812256,269.2751371765137,1,89.29536590576163,57.03963882545944,32.25572708030219,2020-03-13
BANKNIFTY19MAR2023900CE,CE,2020-03-16 12:03:00,2020-03-16 12:13:00,716.0857377624511,734.65875,10,371.46024475097875,73.96590834316558,297.4943364078132,2020-03-16
BANKNIFTY19MAR2023900CE,CE,2020-03-16 12:16:00,2020-03-16 12:26:00,740.2961372375488,701.8908993530274,10,-768.104757690428,73.4696565700877,-841.5744142605156,2020-03-16
BANKNIFTY19MAR2023900CE,CE,2020-03-16 12:27:00,2020-03-16 12:37:00,689.21875,756.4541006469727,10,1344.7070129394547,74.16226502499671,1270.544747914458,2020-03-16
BANKNIFTY19MAR2023900CE,CE,2020-03-16 13:32:00,2020-03-16 13:41:00,799.744375,778.0998628234863,9,-432.89024353027344,76.06189404062334,-508.95213757089675,2020-03-16
BANKNIFTY19MAR2023900CE,CE,2020-03-16 13:50:00,2020-03-16 13:51:00,727.9653994750976,734.908125,1,138.85451049804942,74.11956220616882,64.7349482918806,2020-03-16
BANKNIFTY19MAR2023900CE,CE,2020-03-16 14:05:00,2020-03-16 14:06:00,655.8355122375488,680.5443750000001,1,494.1772552490261,71.90112722958442,422.27612801944167,2020-03-16
BANKNIFTY19MAR2023900CE,CE,2020-03-16 14:20:00,2020-03-16 14:30:00,602.8533505249023,639.646875,10,735.8704895019537,70.24812361433118,665.6223658876224,2020-03-16
BANKNIFTY19MAR2023900CE,CE,2020-03-16 14:55:00,2020-03-16 15:05:00,650.0210244750976,612.3652743530274,10,-753.1150024414046,70.17052918692212,-823.2855316283267,2020-03-16
BANKNIFTY19MAR2023900PE,PE,2020-03-16 09:18:00,2020-03-16 09:19:00,948.1644877624511,966.328125,1,363.2727447509774,82.48419511141557,280.7885496395618,2020-03-16
BANKNIFTY19MAR2023900PE,PE,2020-03-16 12:39:00,2020-03-16 12:42:00,1069.918125,1165.6784756469726,3,1915.2070129394542,88.84573178799671,1826.3612811514574,2020-03-16
BANKNIFTY19MAR2023900PE,PE,2020-03-16 13:56:00,2020-03-16 14:08:00,1222.4485244750977,1332.5602743530274,10,2202.234997558594,94.79987457792211,2107.4351229806716,2020-03-16
BANKNIFTY19MAR2023900PE,PE,2020-03-16 14:26:00,2020-03-16 14:36:00,1504.4016494750977,1438.3450762939453,2,-1321.1314636230463,100.87581463016222,-1422.0072782532086,2020-03-16
BANKNIFTY19MAR2022900CE,CE,2020-03-17 10:04:00,2020-03-17 10:06:00,1123.4516494750976,1172.0125762939454,2,971.218536376955,89.66487901316223,881.5536573637927,2020-03-17
BANKNIFTY19MAR2022900CE,CE,2020-03-17 11:17:00,2020-03-17 11:22:00,962.4,905.5803506469728,5,-1136.3929870605443,81.18344685699671,-1217.576433917541,2020-03-17
BANKNIFTY19MAR2022900CE,CE,2020-03-17 11:25:00,2020-03-17 11:33:00,855.8342622375487,837.7004878234864,8,-362.67548828124745,78.20843412595777,-440.8839224072052,2020-03-17
BANKNIFTY19MAR2022900CE,CE,2020-03-17 14:11:00,2020-03-17 14:14:00,610.3219877624512,663.9359756469727,3,1072.2797576904304,70.9317093444123,1001.3480483460181,2020-03-17
BANKNIFTY19MAR2022900CE,CE,2020-03-17 14:20:00,2020-03-17 14:21:00,616.8883505249023,630.3202743530273,1,268.6384765625007,70.19563233683448,198.44284422566625,2020-03-17
BANKNIFTY19MAR2022900CE,CE,2020-03-17 14:23:00,2020-03-17 14:33:00,599.5952255249023,547.5277743530273,10,-1041.349023437499,67.96697781608447,-1109.3160012535834,2020-03-17
BANKNIFTY19MAR2022900CE,CE,2020-03-17 14:39:00,2020-03-17 14:49:00,561.7508505249023,539.6973628234864,10,-441.0697540283172,67.30635064095453,-508.37610466927174,2020-03-17
BANKNIFTY19MAR2022900CE,CE,2020-03-17 14:55:00,2020-03-17 15:05:00,493.22999999999996,426.1320121765137,10,-1341.9597564697256,63.69275683937664,-1405.6525133091022,2020-03-17
BANKNIFTY19MAR2022900CE,CE,2020-03-17 15:06:00,2020-03-17 15:16:00,409.4711372375488,382.0425,10,-548.572744750976,61.5797545735844,-610.1524993245604,2020-03-17
BANKNIFTY19MAR2022900CE,CE,2020-03-17 15:23:00,2020-03-17 15:24:00,362.7546311187744,357.20475608825683,1,-110.99750061035138,60.39522404035553,-171.3927246507069,2020-03-17
BANKNIFTY19MAR2022900PE,PE,2020-03-17 09:31:00,2020-03-17 09:41:00,1062.0985760498047,942.3382621765137,10,-2395.20627746582,83.316146823289,-2478.522424289109,2020-03-17
BANKNIFTY19MAR2022900PE,PE,2020-03-17 09:53:00,2020-03-17 10:03:00,858.4407377624511,826.9773628234864,10,-629.2674987792952,77.97999093203894,-707.2474897113342,2020-03-17
BANKNIFTY19MAR2022900PE,PE,2020-03-17 10:10:00,2020-03-17 10:20:00,813.779375,857.5008993530274,10,874.4304870605492,78.1675783187533,796.262908741796,2020-03-17
BANKNIFTY19MAR2022900PE,PE,2020-03-17 10:25:00,2020-03-17 10:35:00,824.9071005249023,784.9327743530274,10,-799.486523437497,76.54070668433448,-876.0272301218315,2020-03-17
BANKNIFTY19MAR2022900PE,PE,2020-03-17 10:36:00,2020-03-17 10:44:00,835.0825,813.2118750000001,8,-437.4124999999981,77.35497130974998,-514.7674713097481,2020-03-17
BANKNIFTY19MAR2022900PE,PE,2020-03-17 10:50:00,2020-03-17 11:00:00,779.5941494750977,818.8976371765137,10,786.0697540283218,76.80390444304547,709.2658495852763,2020-03-17
BANKNIFTY19MAR2022900PE,PE,2020-03-17 11:06:00,2020-03-17 11:16:00,860.145,866.7776371765137,10,132.65274353027507,78.96924995762664,53.68349357264843,2020-03-17
BANKNIFTY19MAR2022900PE,PE,2020-03-17 12:06:00,2020-03-17 12:16:00,773.7294877624512,785.53125,10,236.0352447509763,75.9194535766656,160.1157911743107,2020-03-17
BANKNIFTY19MAR2022900PE,PE,2020-03-17 12:20:00,2020-03-17 12:30:00,781.5489755249023,786.0300000000001,10,89.62048950195594,76.02873116033118,13.591758341624768,2020-03-17
BANKNIFTY19MAR2022900PE,PE,2020-03-17 12:32:00,2020-03-17 12:42:00,782.2507377624511,819.2966006469727,10,740.9172576904325,76.84661306116229,664.0706446292702,2020-03-17
BANKNIFTY19MAR2022900PE,PE,2020-03-17 13:04:00,2020-03-17 13:14:00,769.1681249999999,731.7659756469727,10,-748.042987060544,74.5550200029967,-822.5980070635406,2020-03-17
BANKNIFTY19MAR2022900PE,PE,2020-03-17 13:16:00,2020-03-17 13:26:00,727.8149999999999,674.7588871765137,10,-1061.1222564697255,72.65464770212665,-1133.776904171852,2020-03-17
BANKNIFTY19MAR2022900PE,PE,2020-03-17 13:27:00,2020-03-17 13:37:00,676.2864755249024,785.7307621765137,10,2188.8857330322276,74.71371342420784,2114.1720196080196,2020-03-17
BANKNIFTY19MAR2022900PE,PE,2020-03-17 13:40:00,2020-03-17 13:50:00,807.764375,806.8777743530273,10,-17.73201293945249,76.86151372150329,-94.59352666095577,2020-03-17
BANKNIFTY19MAR2022900PE,PE,2020-03-17 13:57:00,2020-03-17 14:07:00,843.1025,854.0096493530274,10,218.14298706054842,78.44695732600329,139.69602973454514,2020-03-17
BANKNIFTY19MAR2022900PE,PE,2020-03-17 14:14:00,2020-03-17 14:23:00,879.2426127624511,952.6125000000001,9,1467.3977447509787,81.2943239289156,1386.103420822063,2020-03-17
BANKNIFTY19MAR2022900PE,PE,2020-03-17 14:34:00,2020-03-17 14:39:00,898.6911372375488,967.575,5,1377.6772552490252,81.8998864825844,1295.7773687664408,2020-03-17
BANKNIFTY19MAR2022400CE,CE,2020-03-18 09:20:00,2020-03-18 09:30:00,431.97724388122555,349.62375000000003,10,-1647.0698776245104,61.07082073258279,-1708.1406983570932,2020-03-18
BANKNIFTY19MAR2022400CE,CE,2020-03-18 09:32:00,2020-03-18 09:34:00,363.05536888122555,341.6936128234863,2,-427.23512115478457,60.02167344170615,-487.2567945964907,2020-03-18
BANKNIFTY19MAR2022400CE,CE,2020-03-18 10:56:00,2020-03-18 10:57:00,151.3775,154.21350608825685,1,56.72012176513704,52.83168114568832,3.8884406194487156,2020-03-18
BANKNIFTY19MAR2022400CE,CE,2020-03-18 11:03:00,2020-03-18 11:10:00,142.7058811187744,141.894375,7,-16.23012237548835,52.42430280441721,-68.65442517990556,2020-03-18
BANKNIFTY19MAR2022400CE,CE,2020-03-18 11:35:00,2020-03-18 11:41:00,124.30999999999999,120.89699695587159,6,-68.26006088256804,51.68502791115583,-119.94508879372387,2020-03-18
BANKNIFTY19MAR2022400CE,CE,2020-03-18 11:56:00,2020-03-18 11:58:00,105.8138780593872,112.7175,2,138.07243881225588,51.2562846784586,86.81615413379728,2020-03-18
BANKNIFTY19MAR2022400CE,CE,2020-03-18 12:10:00,2020-03-18 12:19:00,94.93674694061279,103.69012195587159,9,175.06750030517594,50.90157321969723,124.16592708547871,2020-03-18
BANKNIFTY19MAR2022400CE,CE,2020-03-18 12:23:00,2020-03-18 12:33:00,90.67612194061279,70.22400152206421,10,-409.0424083709715,50.034624391963476,-459.07703276293495,2020-03-18
BANKNIFTY19MAR2022400CE,CE,2020-03-18 12:35:00,2020-03-18 12:45:00,69.1725,83.59050304412843,10,288.3600608825685,50.09259343084416,238.26746745172437,2020-03-18
BANKNIFTY19MAR2022400CE,CE,2020-03-18 12:50:00,2020-03-18 13:00:00,75.2376280593872,67.03199695587159,10,-164.11262207031228,49.76518167711444,-213.87780374742673,2020-03-18
BANKNIFTY19MAR2022400CE,CE,2020-03-18 13:03:00,2020-03-18 13:13:00,68.7213780593872,71.9197484779358,10,63.96740837097184,49.803114106536526,14.164294264435313,2020-03-18
BANKNIFTY19MAR2022400CE,CE,2020-03-18 13:21:00,2020-03-18 13:27:00,65.3128765296936,61.346250000000005,6,-79.33253059387184,49.503582699354304,-128.83611329322613,2020-03-18
BANKNIFTY19MAR2022400CE,CE,2020-03-18 13:45:00,2020-03-18 13:52:00,69.3729969406128,67.33125,7,-40.83493881225593,49.6996007572914,-90.53453956954732,2020-03-18
BANKNIFTY19MAR2022400CE,CE,2020-03-18 13:59:00,2020-03-18 14:04:00,38.4960015296936,40.199249238967894,5,34.064954185485874,48.65604938339325,-14.591095197907379,2020-03-18
BANKNIFTY19MAR2022400CE,CE,2020-03-18 14:29:00,2020-03-18 14:34:00,36.69149847030639,43.29150152206421,5,132.00006103515634,48.70884566681779,83.29121536833856,2020-03-18
BANKNIFTY19MAR2022400CE,CE,2020-03-18 14:58:00,2020-03-18 15:02:00,27.969749617576596,25.33649961948395,4,-52.664999961852956,48.163759863493404,-100.82875982534637,2020-03-18
BANKNIFTY19MAR2022400PE,PE,2020-03-18 09:15:00,2020-03-18 09:20:00,774.1305122375488,835.2566006469727,5,1222.5217681884783,77.13393528333111,1145.3878329051472,2020-03-18
BANKNIFTY19MAR2022400PE,PE,2020-03-18 10:24:00,2020-03-18 10:30:00,1027.5625,1043.2353506469726,6,313.4570129394524,85.34126484999672,228.11574808945568,2020-03-18
BANKNIFTY19MAR2022400PE,PE,2020-03-18 10:32:00,2020-03-18 10:42:00,983.703125,982.5375,10,-23.312499999999545,83.31998327875,-106.63248327874955,2020-03-18
BANKNIFTY19MAR2022400PE,PE,2020-03-18 12:19:00,2020-03-18 12:23:00,1791.8183505249021,2044.875,1,5061.132989501957,119.19955600958117,4941.933433492376,2020-03-18
BANKNIFTY19MAR2022400PE,PE,2020-03-18 13:09:00,2020-03-18 15:12:00,1870.4645489501952,2052.156798706055,2,3633.8449951171924,120.35374447934424,3513.491250637848,2020-03-18
BANKNIFTY19MAR2019100CE,CE,2020-03-19 09:32:00,2020-03-19 09:36:00,460.7490061187744,428.925,4,-636.4801223754876,63.357161482417204,-699.8372838579047,2020-03-19
BANKNIFTY19MAR2019100CE,CE,2020-03-19 11:18:00,2020-03-19 11:23:00,939.4427255249022,944.1337500000001,5,93.82048950195667,81.8359923263312,11.984497175625478,2020-03-19
BANKNIFTY19MAR2019100CE,CE,2020-03-19 11:57:00,2020-03-19 11:59:00,855.4332377624511,903.4357621765138,2,960.0504882812538,79.80237047754224,880.2481178037116,2020-03-19
BANKNIFTY19MAR2019100CE,CE,2020-03-19 12:02:00,2020-03-19 12:06:00,748.9176127624511,873.1117378234864,4,2483.8825012207053,77.74147352003895,2406.141027700666,2020-03-19
BANKNIFTY19MAR2019100CE,CE,2020-03-19 14:28:00,2020-03-19 14:29:00,1508.7624999999998,1549.9155487060548,1,823.0609741210992,103.64378763550661,719.4171864855925,2020-03-19
BANKNIFTY19MAR2019100PE,PE,2020-03-19 10:33:00,2020-03-19 10:43:00,430.22286888122557,446.03211891174317,10,316.18500061035206,63.394023681394465,252.7909769289576,2020-03-19
BANKNIFTY19MAR2019100PE,PE,2020-03-19 10:56:00,2020-03-19 11:06:00,402.65411888122554,220.198125,10,-3649.119877624511,57.558424824582794,-3706.6783024490937,2020-03-19
BANKNIFTY19MAR2019100PE,PE,2020-03-19 11:12:00,2020-03-19 11:15:00,176.59036888122557,186.68211891174317,3,201.83500061035204,53.934669294394475,147.90033131595757,2020-03-19
BANKNIFTY19MAR2019100PE,PE,2020-03-19 11:34:00,2020-03-19 11:40:00,170.42499999999998,198.15336891174317,6,554.5673782348638,54.13709531406167,500.43028292080214,2020-03-19
BANKNIFTY19MAR2019100PE,PE,2020-03-19 12:47:00,2020-03-19 12:57:00,153.1820030593872,71.570625,10,-1632.227561187744,50.843927187458604,-1683.0714883752025,2020-03-19
BANKNIFTY19MAR2019100PE,PE,2020-03-19 12:58:00,2020-03-19 13:08:00,61.0522515296936,35.660625,10,-507.8325305938719,48.8258835303543,-556.6584141242262,2020-03-19
BANKNIFTY19MAR2019100PE,PE,2020-03-19 13:09:00,2020-03-19 13:10:00,33.2328765296936,45.485998477935794,1,245.06243896484392,48.719255197432226,196.3431837674117,2020-03-19
BANKNIFTY19MAR2019100PE,PE,2020-03-19 13:31:00,2020-03-19 13:36:00,29.072499999999998,43.39125,5,286.375,48.6166165195,237.75838348050002,2020-03-19
BANKNIFTY19MAR2019100PE,PE,2020-03-19 13:42:00,2020-03-19 13:52:00,37.4935015296936,19.700625000000002,10,-355.857530593872,48.14499438785429,-404.0025249817263,2020-03-19
BANKNIFTY19MAR2019100PE,PE,2020-03-19 14:22:00,2020-03-19 14:28:00,6.466124808788299,10.573500380516053,6,82.14751143455508,47.53751814202998,34.609993292525104,2020-03-19
BANKNIFTY26MAR2019500CE,CE,2020-03-20 09:25:00,2020-03-20 09:35:00,1478.7877255249023,1173.808125,10,-6099.592010498045,94.12310649608116,-6193.715116994126,2020-03-20
BANKNIFTY26MAR2019500CE,CE,2020-03-20 09:37:00,2020-03-20 09:38:00,1154.5792010498046,1205.8278506469728,1,1024.972991943364,90.87410447015907,934.0988874732049,2020-03-20
BANKNIFTY26MAR2019500CE,CE,2020-03-20 09:45:00,2020-03-20 09:55:00,1169.8172744750975,1282.785,10,2259.3545104980512,92.93529111716882,2166.4192193808826,2020-03-20
BANKNIFTY26MAR2019500CE,CE,2020-03-20 10:02:00,2020-03-20 10:05:00,1221.5964239501952,1360.3905487060547,3,2775.882495117189,95.46622088309424,2680.416274234095,2020-03-20
BANKNIFTY26MAR2019500CE,CE,2020-03-20 10:12:00,2020-03-20 10:22:00,1298.9392010498045,1292.4108993530274,10,-130.5660339355427,94.77358680966564,-225.33962074520832,2020-03-20
BANKNIFTY26MAR2019500CE,CE,2020-03-20 10:24:00,2020-03-20 10:29:00,1243.1,1295.6028506469727,5,1050.0570129394555,94.15750265799672,955.8995102814588,2020-03-20
BANKNIFTY26MAR2019500CE,CE,2020-03-20 10:36:00,2020-03-20 10:46:00,1224.8545489501953,1168.0225762939453,10,-1136.639453124999,90.82761691108108,-1227.46707003608,2020-03-20
BANKNIFTY26MAR2019500CE,CE,2020-03-20 12:34:00,2020-03-20 12:44:00,1604.0501739501951,1597.9450762939455,10,-122.10195312499309,105.99585459883106,-228.09780772382413,2020-03-20
BANKNIFTY26MAR2019500CE,CE,2020-03-20 13:53:00,2020-03-20 14:03:00,1736.6307989501952,1532.9081250000002,10,-4074.4534790039006,106.06105046308764,-4180.514529466988,2020-03-20
BANKNIFTY26MAR2019500CE,CE,2020-03-20 14:06:00,2020-03-20 14:14:00,1443.0485760498045,1367.0238262939454,8,-1520.494995117183,98.37879903065577,-1618.8737941478387,2020-03-20
BANKNIFTY26MAR2019500CE,CE,2020-03-20 15:09:00,2020-03-20 15:15:00,1562.646875,1527.67125,6,-699.5124999999962,103.77216413274999,-803.2846641327462,2020-03-20
BANKNIFTY26MAR2019500PE,PE,2020-03-20 09:15:00,2020-03-20 09:25:00,1153.8273260498047,974.3579878234864,10,-3589.3867645263663,85.23458312053572,-3674.621347646902,2020-03-20
BANKNIFTY26MAR2019500PE,PE,2020-03-20 10:06:00,2020-03-20 10:08:00,1021.9485244750977,1093.8584756469727,2,1438.1990234375007,86.50285570691553,1351.696167730585,2020-03-20
BANKNIFTY26MAR2019500PE,PE,2020-03-20 11:29:00,2020-03-20 11:39:00,1040.4947744750975,1025.92875,10,-291.32048950194985,85.08097142366883,-376.40146092561866,2020-03-20
BANKNIFTY26MAR2019500PE,PE,2020-03-20 11:44:00,2020-03-20 11:54:00,1007.2618749999999,1029.8190243530273,10,451.14298706054797,84.76272465100331,366.3802624095447,2020-03-20
BANKNIFTY26MAR2019500PE,PE,2020-03-20 11:59:00,2020-03-20 12:09:00,1009.6177255249023,892.7625,10,-2337.1045104980453,81.45828471983117,-2418.5627952178766,2020-03-20
BANKNIFTY26MAR2019500PE,PE,2020-03-20 12:10:00,2020-03-20 12:14:00,837.8393749999999,896.4033993530273,4,1171.2804870605487,79.41273898375329,1091.8677480767954,2020-03-20
BANKNIFTY26MAR2019500PE,PE,2020-03-20 13:44:00,2020-03-20 13:54:00,696.1861372375488,851.865,10,3113.5772552490243,76.56956160858441,3037.00769364044,2020-03-20
BANKNIFTY26MAR2019500PE,PE,2020-03-20 14:29:00,2020-03-20 14:33:00,887.3127255249022,989.7195121765137,4,2048.1357330322294,82.29715990320784,1965.8385731290216,2020-03-20
BANKNIFTY26MAR2019500PE,PE,2020-03-20 15:03:00,2020-03-20 15:10:00,797.5889755249023,839.39625,7,836.1454895019551,77.52606502283118,758.619424479124,2020-03-20
BANKNIFTY26MAR2019500PE,PE,2020-03-20 15:15:00,2020-03-20 15:24:00,777.5389755249023,736.0053506469727,9,-830.6724975585917,74.76213296332789,-905.4346305219195,2020-03-20
BANKNIFTY26MAR2018400CE,CE,2020-03-23 09:34:00,2020-03-23 09:45:00,1062.6499999999999,881.7900000000001,10,-3617.1999999999957,81.85024578400001,-3699.0502457839957,2020-03-23
BANKNIFTY26MAR2018400CE,CE,2020-03-23 09:46:00,2020-03-23 09:49:00,838.9922744750976,852.7627743530273,3,275.409997558595,78.36556503942212,197.04443251917291,2020-03-23
BANKNIFTY26MAR2018400CE,CE,2020-03-23 09:50:00,2020-03-23 11:06:00,828.6163627624511,818.44875,10,-203.3522552490217,77.40201825991558,-280.7542735089373,2020-03-23
BANKNIFTY26MAR2018400CE,CE,2020-03-23 11:08:00,2020-03-23 11:18:00,798.1905122375488,754.8581250000001,10,-866.6477447509737,75.47726673708442,-942.1250114880581,2020-03-23
BANKNIFTY26MAR2018400CE,CE,2020-03-23 11:19:00,2020-03-23 11:30:00,701.75,704.6838871765137,10,58.67774353027471,73.05871029812664,-14.38096676785193,2020-03-23
BANKNIFTY26MAR2018400CE,CE,2020-03-23 11:31:00,2020-03-23 11:42:00,703.25375,783.0375,10,1595.675000000001,74.9832342235,1520.6917657765011,2020-03-23
BANKNIFTY26MAR2018400CE,CE,2020-03-23 11:46:00,2020-03-23 12:10:00,768.3160244750976,744.135,10,-483.6204895019523,74.84529304766883,-558.4657825496212,2020-03-23
BANKNIFTY26MAR2018400CE,CE,2020-03-23 12:17:00,2020-03-23 12:33:00,712.9780122375488,726.429375,10,269.0272552490251,73.7271311785844,195.3001240704407,2020-03-23
BANKNIFTY26MAR2018400CE,CE,2020-03-23 13:04:00,2020-03-23 13:19:00,653.6801127624511,671.4172256469727,10,354.74225769043187,71.65234427866228,283.0899134117696,2020-03-23
BANKNIFTY26MAR2018400CE,CE,2020-03-23 13:32:00,2020-03-23 13:44:00,625.1589755249023,625.3826371765138,10,4.473233032229018,70.17828216195782,-65.7050491297288,2020-03-23
BANKNIFTY26MAR2018400CE,CE,2020-03-23 13:46:00,2020-03-23 13:59:00,593.9311372375488,533.3133993530274,10,-1212.3547576904275,67.5508646770877,-1279.9056223675152,2020-03-23
BANKNIFTY26MAR2018400CE,CE,2020-03-23 14:00:00,2020-03-23 14:03:00,539.1444877624511,568.575,3,588.6102447509779,67.72790632816559,520.8823384228124,2020-03-23
BANKNIFTY26MAR2018400CE,CE,2020-03-23 14:07:00,2020-03-23 14:18:00,482.75386276245115,535.15875,8,1048.097744750978,66.21452826091559,981.8832164900625,2020-03-23
BANKNIFTY26MAR2018400CE,CE,2020-03-23 14:23:00,2020-03-23 14:34:00,535.3349999999999,555.4079878234863,10,401.4597564697283,67.36030963862335,334.09944683110496,2020-03-23
BANKNIFTY26MAR2018400CE,CE,2020-03-23 14:37:00,2020-03-23 14:57:00,548.5178994750976,526.2809756469727,10,-444.73847656249745,66.81561491516553,-511.55409147766295,2020-03-23
BANKNIFTY26MAR2018400CE,CE,2020-03-23 15:05:00,2020-03-23 15:16:00,503.10463111877436,418.95000000000005,10,-1683.0926223754864,63.6407429151672,-1746.7333652906536,2020-03-23
BANKNIFTY26MAR2018400CE,CE,2020-03-23 15:17:00,2020-03-23 15:24:00,404.759375,403.8877439117432,7,-17.432621765135536,62.05257249906167,-79.4851942641972,2020-03-23
BANKNIFTY26MAR2018400PE,PE,2020-03-23 09:16:00,2020-03-23 09:26:00,856.5360244750976,1003.235625,10,2933.992010498048,82.24356300191883,2851.748447496129,2020-03-23
BANKNIFTY26MAR2018400PE,PE,2020-03-23 09:28:00,2020-03-23 09:38:00,1022.55,1184.9302743530275,10,3247.6054870605503,88.72552220125331,3158.879964859297,2020-03-23
BANKNIFTY26MAR2018400PE,PE,2020-03-23 10:57:00,2020-03-23 11:00:00,1192.3735244750976,1626.174375,2,8676.01701049805,101.56798674641884,8574.449023751631,2020-03-23
BANKNIFTY26MAR2018400PE,PE,2020-03-23 11:05:00,2020-03-23 11:10:00,1431.6201739501953,1596.0,5,3287.596520996094,103.80634199308766,3183.7901790030064,2020-03-23
BANKNIFTY26MAR2018400PE,PE,2020-03-23 11:37:00,2020-03-23 11:44:00,1670.6160760498046,1529.7659756469727,6,-2817.0020080566383,105.16448156765907,-2922.1664896242974,2020-03-23
BANKNIFTY26MAR2018400PE,PE,2020-03-23 13:43:00,2020-03-23 13:46:00,1781.2921005249023,1855.3500000000001,2,1481.1579895019577,114.45885180008116,1366.6991377018765,2020-03-23
BANKNIFTY26MAR2018400PE,PE,2020-03-23 14:14:00,2020-03-23 14:27:00,1920.2385760498046,2052.904923706055,4,2653.326953125006,120.99031417566894,2532.336638949337,2020-03-23
BANKNIFTY26MAR2017600CE,CE,2020-03-24 09:24:00,2020-03-24 09:34:00,904.9066494750977,706.23,10,-3973.5329895019527,75.62025427841881,-4049.1532437803717,2020-03-24
BANKNIFTY26MAR2017600CE,CE,2020-03-24 09:50:00,2020-03-24 09:56:00,658.3417622375488,664.335,6,119.86475524902517,71.5379935233344,48.32676172569076,2020-03-24
BANKNIFTY26MAR2017600CE,CE,2020-03-24 10:03:00,2020-03-24 10:13:00,612.276875,620.5946493530274,10,166.35548706054806,69.9017789972533,96.45370806329475,2020-03-24
BANKNIFTY26MAR2017600CE,CE,2020-03-24 10:21:00,2020-03-24 10:26:00,541.35,571.7171493530274,5,607.3429870605469,67.8317351140033,539.5112519465436,2020-03-24
BANKNIFTY26MAR2017600CE,CE,2020-03-24 11:02:00,2020-03-24 11:12:00,761.2483505249023,817.0522256469727,10,1116.077502441408,76.53109652332788,1039.54640591808,2020-03-24
BANKNIFTY26MAR2017600CE,CE,2020-03-24 11:54:00,2020-03-24 12:04:00,860.5460244750976,749.1225000000001,10,-2228.4704895019513,76.11243563066883,-2304.58292513262,2020-03-24
BANKNIFTY26MAR2017600CE,CE,2020-03-24 14:34:00,2020-03-24 14:43:00,861.1474999999999,786.1796493530273,9,-1499.3570129394516,77.02127140000329,-1576.378284339455,2020-03-24
BANKNIFTY26MAR2017600CE,CE,2020-03-24 14:56:00,2020-03-24 15:06:00,732.8275,538.9991006469727,10,-3876.567987060546,69.4147542534967,-3945.9827413140424,2020-03-24
BANKNIFTY26MAR2017600CE,CE,2020-03-24 15:07:00,2020-03-24 15:11:00,541.5505122375488,610.5697256469726,4,1380.384268188477,68.77926072258111,1311.605007465896,2020-03-24
BANKNIFTY26MAR2017600PE,PE,2020-03-24 09:15:00,2020-03-24 09:24:00,914.78125,1254.1068750000002,9,6786.5125000000035,89.06927032225,6697.443229677753,2020-03-24
BANKNIFTY26MAR2017600PE,PE,2020-03-24 10:29:00,2020-03-24 10:39:00,1840.1889755249022,1615.95,10,-4484.779510498042,109.36749317633118,-4594.147003674373,2020-03-24
BANKNIFTY26MAR2017600PE,PE,2020-03-24 10:49:00,2020-03-24 10:59:00,1536.4314755249022,1496.25,10,-803.6295104980445,102.68219657933118,-906.3117070773757,2020-03-24
BANKNIFTY26MAR2017600PE,PE,2020-03-24 12:16:00,2020-03-24 12:26:00,1375.1292010498046,1409.3677743530275,10,684.7714660644579,98.56495313841566,586.2065129260423,2020-03-24
BANKNIFTY26MAR2017600PE,PE,2020-03-24 12:32:00,2020-03-24 12:43:00,1323.6508505249024,1216.1021493530275,10,-2150.9740234374976,93.2244909465845,-2244.198514384082,2020-03-24
BANKNIFTY26MAR2017600PE,PE,2020-03-24 12:44:00,2020-03-24 12:56:00,1221.4460244750976,1226.925,10,109.57951049804706,92.21798975966884,17.361520738378218,2020-03-24
BANKNIFTY26MAR2017600PE,PE,2020-03-24 13:15:00,2020-03-24 13:28:00,1205.3057989501951,1160.5912500000002,10,-894.2909790038993,90.40399445233764,-984.694973456237,2020-03-24
BANKNIFTY26MAR2017600PE,PE,2020-03-24 13:29:00,2020-03-24 13:39:00,1116.2837499999998,1126.4767987060548,10,203.86097412109848,88.46823385750659,115.39274026359189,2020-03-24
BANKNIFTY26MAR2017600PE,PE,2020-03-24 13:41:00,2020-03-24 13:51:00,1115.28125,1124.1825000000001,10,178.02500000000236,88.39997359450001,89.62502640550235,2020-03-24
BANKNIFTY26MAR2017600PE,PE,2020-03-24 13:53:00,2020-03-24 14:03:00,1161.4464239501951,1057.5494512939454,10,-2077.9394531249955,87.35275562608103,-2165.2922087510765,2020-03-24
BANKNIFTY26MAR2017600PE,PE,2020-03-24 14:04:00,2020-03-24 14:13:00,1114.9303994750976,1206.725625,9,1835.9045104980487,90.4033607231688,1745.5011497748799,2020-03-24
BANKNIFTY26MAR2017600PE,PE,2020-03-24 14:48:00,2020-03-24 14:53:00,1152.875,1188.1721493530274,5,705.9429870605481,90.42348194200329,615.5195051185449,2020-03-24
BANKNIFTY26MAR2017300CE,CE,2020-03-25 10:15:00,2020-03-25 10:17:00,566.4125,564.585,2,-36.54999999999973,67.969622041,-104.51962204099972,2020-03-25
BANKNIFTY26MAR2017300CE,CE,2020-03-25 11:25:00,2020-03-25 11:28:00,412.42849388122556,495.05923782348634,3,1652.6148788452156,64.36546951370615,1588.2494093315095,2020-03-25
BANKNIFTY26MAR2017300CE,CE,2020-03-25 13:35:00,2020-03-25 13:42:00,1439.9910244750977,1491.4619512939455,6,1029.4185363769566,101.36759641016222,928.0509399667943,2020-03-25
BANKNIFTY26MAR2017300PE,PE,2020-03-25 09:15:00,2020-03-25 09:25:00,815.5337499999999,1059.7440243530275,10,4884.205487060552,83.1086548472533,4801.0968322132985,2020-03-25
BANKNIFTY26MAR2017300PE,PE,2020-03-25 11:08:00,2020-03-25 11:19:00,852.125,817.95,10,-683.4999999999991,77.68194877,-761.181948769999,2020-03-25
BANKNIFTY26MAR2017300PE,PE,2020-03-25 11:28:00,2020-03-25 11:38:00,741.8499999999999,628.0259756469727,10,-2276.480487060544,71.6923002812467,-2348.172787341791,2020-03-25
BANKNIFTY26MAR2017300PE,PE,2020-03-25 12:19:00,2020-03-25 12:29:00,595.7356249999999,616.4051371765137,10,413.39024353027526,69.59437310537665,343.7958704248986,2020-03-25
BANKNIFTY26MAR2017300PE,PE,2020-03-25 12:37:00,2020-03-25 12:47:00,526.9139755249023,448.5258689117432,10,-1567.762132263182,64.65593229139286,-1632.4180645545748,2020-03-25
BANKNIFTY26MAR2017300PE,PE,2020-03-25 13:03:00,2020-03-25 13:13:00,402.0025,322.9904878234863,10,-1580.2402435302736,60.050609688623354,-1640.290853218897,2020-03-25
BANKNIFTY26MAR2017300PE,PE,2020-03-25 13:14:00,2020-03-25 13:24:00,320.2486372375488,261.7439939117432,10,-1170.092866516112,57.54519717989609,-1227.6380636960082,2020-03-25
BANKNIFTY26MAR2017300PE,PE,2020-03-25 13:29:00,2020-03-25 13:33:00,244.30924694061278,299.25,4,1098.8150611877445,57.51403766029139,1041.301023527453,2020-03-25
BANKNIFTY26MAR2017300PE,PE,2020-03-25 13:39:00,2020-03-25 13:49:00,313.78249999999997,287.9782621765137,10,-516.0847564697258,58.10297632487665,-574.1877327946024,2020-03-25
BANKNIFTY26MAR2017300PE,PE,2020-03-25 13:55:00,2020-03-25 14:05:00,290.5746311187744,305.235,10,293.20737762451245,58.2343970331672,234.97298059134525,2020-03-25
BANKNIFTY26MAR2017300PE,PE,2020-03-25 14:12:00,2020-03-25 14:23:00,298.39411888122555,282.89100608825686,10,-310.06225585937386,57.78805685102111,-367.850312710395,2020-03-25
BANKNIFTY26MAR2017300PE,PE,2020-03-25 14:25:00,2020-03-25 14:35:00,243.05612194061277,283.2401371765137,10,803.6803047180189,57.10905183716805,746.5712528808508,2020-03-25
BANKNIFTY26MAR2017300PE,PE,2020-03-25 14:40:00,2020-03-25 14:50:00,246.51474388122557,234.31274391174318,10,-244.03999938964773,55.96193002989447,-300.0019294195422,2020-03-25
BANKNIFTY26MAR2017300PE,PE,2020-03-25 14:51:00,2020-03-25 15:01:00,227.9183811187744,215.21062500000002,10,-254.1551223754874,55.26626395791721,-309.4213863334046,2020-03-25
BANKNIFTY26MAR2017300PE,PE,2020-03-25 15:07:00,2020-03-25 15:16:00,200.6002561187744,178.30312500000002,9,-445.94262237548776,54.029151233167205,-499.971773608655,2020-03-25
BANKNIFTY26MAR2017300PE,PE,2020-03-25 15:22:00,2020-03-25 15:24:00,168.670625,159.60000000000002,2,-181.41249999999957,53.17754293675,-234.59004293674957,2020-03-25
BANKNIFTY26MAR2018600CE,CE,2020-03-26 09:58:00,2020-03-26 10:01:00,791.9749999999999,986.278125,3,3886.0625000000027,81.02901521125,3805.0334847887525,2020-03-26
BANKNIFTY26MAR2018600CE,CE,2020-03-26 10:03:00,2020-03-26 10:10:00,1052.625,1140.0925762939453,7,1749.3515258789057,88.0085477387434,1661.3429781401624,2020-03-26
BANKNIFTY26MAR2018600CE,CE,2020-03-26 10:27:00,2020-03-26 10:38:00,1299.5407989501953,1346.1761737060547,10,932.707495117188,96.08882584859423,836.6186692685939,2020-03-26
BANKNIFTY26MAR2018600CE,CE,2020-03-26 10:41:00,2020-03-26 11:04:00,1486.5070489501952,1286.7250762939454,10,-3995.6394531249953,96.96555503908107,-4092.6050081640765,2020-03-26
BANKNIFTY26MAR2018600CE,CE,2020-03-26 11:06:00,2020-03-26 11:19:00,1226.1076739501952,1248.6705487060547,10,451.2574951171882,92.80483425659422,358.452660860594,2020-03-26
BANKNIFTY26MAR2018600CE,CE,2020-03-26 11:35:00,2020-03-26 11:45:00,1022.55,1371.4128506469726,10,6977.2570129394535,93.2614497939967,6883.995563145457,2020-03-26
BANKNIFTY26MAR2018600CE,CE,2020-03-26 12:00:00,2020-03-26 12:12:00,1489.1635760498045,1484.8784756469727,10,-85.70200805663717,101.81836269365905,-187.52037075029622,2020-03-26
BANKNIFTY26MAR2018600CE,CE,2020-03-26 12:13:00,2020-03-26 12:39:00,1543.85,1509.5167987060547,10,-686.6640258789039,103.0970576650066,-789.7610835439104,2020-03-26
BANKNIFTY26MAR2018600CE,CE,2020-03-26 12:41:00,2020-03-26 13:09:00,1493.2739239501952,1640.0894512939453,10,2936.310546875002,105.64471769908104,2830.665829175921,2020-03-26
BANKNIFTY26MAR2018600CE,CE,2020-03-26 13:10:00,2020-03-26 13:27:00,1578.9375,1189.6683993530273,10,-7785.3820129394535,95.7531062035033,-7881.135119142957,2020-03-26
BANKNIFTY26MAR2018600CE,CE,2020-03-26 13:29:00,2020-03-26 13:42:00,1052.625,1006.2779878234863,10,-926.9402435302732,84.75369521462335,-1011.6939387448965,2020-03-26
BANKNIFTY26MAR2018600CE,CE,2020-03-26 13:43:00,2020-03-26 13:55:00,1052.625,788.4240243530273,10,-5284.019512939453,79.45470254875329,-5363.474215488207,2020-03-26
BANKNIFTY26MAR2018600CE,CE,2020-03-26 14:01:00,2020-03-26 14:13:00,571.425,776.5038871765137,10,4101.577743530274,73.18652558012664,4028.3912179501476,2020-03-26
BANKNIFTY26MAR2018600CE,CE,2020-03-26 14:17:00,2020-03-26 14:27:00,640.7478994750976,628.5746493530273,10,-243.46500244140543,70.44959394492211,-313.91459638632756,2020-03-26
BANKNIFTY26MAR2018600PE,PE,2020-03-26 09:16:00,2020-03-26 09:26:00,464.65875,439.0496189117432,10,-512.1826217651358,63.65200175706168,-575.8346235221975,2020-03-26
BANKNIFTY26MAR2018600PE,PE,2020-03-26 09:27:00,2020-03-26 09:37:00,437.59125,348.62625,10,-1779.2999999999995,61.116304107999994,-1840.4163041079994,2020-03-26
BANKNIFTY26MAR2018600PE,PE,2020-03-26 09:54:00,2020-03-26 10:04:00,221.6026280593872,135.26100608825683,10,-1726.8324394226074,53.24313701764693,-1780.0755764402543,2020-03-26
BANKNIFTY26MAR2018600PE,PE,2020-03-26 10:12:00,2020-03-26 10:22:00,112.0795030593872,80.29875,10,-635.6150611877442,50.54558558970861,-686.1606467774528,2020-03-26
BANKNIFTY01APR2021000CE,CE,2020-03-27 09:44:00,2020-03-27 09:54:00,1149.0654510498046,1193.50875,10,888.8659790039083,90.50595896916234,798.360020034746,2020-03-27
BANKNIFTY01APR2021000CE,CE,2020-03-27 10:13:00,2020-03-27 10:23:00,1074.2289239501952,1127.3744512939454,10,1062.910546875005,87.96759566308106,974.9429512119239,2020-03-27
BANKNIFTY01APR2021000CE,CE,2020-03-27 10:29:00,2020-03-27 10:39:00,1115.0306249999999,1067.6242987060548,10,-948.1265258789017,87.0211608647566,-1035.1476867436584,2020-03-27
BANKNIFTY01APR2021000CE,CE,2020-03-27 10:45:00,2020-03-27 10:46:00,968.0641494750976,997.5,1,588.7170104980487,83.48963276741884,505.2273777306299,2020-03-27
BANKNIFTY01APR2021000CE,CE,2020-03-27 10:49:00,2020-03-27 10:59:00,1001.6980122375488,713.4120121765137,10,-5765.720001220702,76.99744384421106,-5842.717445064914,2020-03-27
BANKNIFTY01APR2021000CE,CE,2020-03-27 11:09:00,2020-03-27 11:19:00,753.9802255249023,648.375,10,-2112.1045104980453,72.33796287983117,-2184.4424733778765,2020-03-27
BANKNIFTY01APR2021000CE,CE,2020-03-27 11:24:00,2020-03-27 11:27:00,716.7874999999999,832.9125,3,2322.5000000000023,76.36451167,2246.1354883300023,2020-03-27
BANKNIFTY01APR2021000CE,CE,2020-03-27 11:38:00,2020-03-27 11:48:00,751.3236372375488,720.69375,10,-612.5977447509763,74.06401083708442,-686.6617555880607,2020-03-27
BANKNIFTY01APR2021000CE,CE,2020-03-27 12:06:00,2020-03-27 12:16:00,817.0374999999999,792.015,10,-500.44999999999845,76.615203139,-577.0652031389984,2020-03-27
BANKNIFTY01APR2021000CE,CE,2020-03-27 12:17:00,2020-03-27 12:21:00,767.4638627624512,817.5509756469727,4,1001.74225769043,76.6204469566623,925.1218107337677,2020-03-27
BANKNIFTY01APR2021000CE,CE,2020-03-27 12:32:00,2020-03-27 12:42:00,755.4338627624511,756.105,10,13.422744750978381,74.97640371541559,-61.553658964437204,2020-03-27
BANKNIFTY01APR2021000CE,CE,2020-03-27 12:43:00,2020-03-27 12:53:00,744.0555122375488,693.2625,10,-1015.8602447509747,73.30648780683441,-1089.1667325578092,2020-03-27
BANKNIFTY01APR2021000CE,CE,2020-03-27 12:56:00,2020-03-27 13:06:00,708.015625,663.6367378234863,10,-887.5777435302734,72.13813747487336,-959.7158810051468,2020-03-27
BANKNIFTY01APR2021000CE,CE,2020-03-27 13:07:00,2020-03-27 13:17:00,649.8205122375488,614.5098628234864,10,-706.2129882812474,70.22020221520776,-776.4331904964552,2020-03-27
BANKNIFTY01APR2021000CE,CE,2020-03-27 13:19:00,2020-03-27 13:29:00,614.6327255249023,577.801875,10,-736.617010498046,68.89017281558117,-805.5071833136273,2020-03-27
BANKNIFTY01APR2021000CE,CE,2020-03-27 13:30:00,2020-03-27 13:40:00,552.0266494750977,676.3548628234863,10,2486.564266967773,70.50954342379218,2416.054723543981,2020-03-27
BANKNIFTY01APR2021000CE,CE,2020-03-27 13:48:00,2020-03-27 13:52:00,698.2412499999999,705.8808993530274,4,152.79298706054988,73.0442346370033,79.74875242354658,2020-03-27
BANKNIFTY01APR2021000CE,CE,2020-03-27 13:57:00,2020-03-27 14:03:00,599.3446005249023,673.2127743530274,6,1477.3634765625025,71.02097581733446,1406.342500745168,2020-03-27
BANKNIFTY01APR2021000CE,CE,2020-03-27 14:22:00,2020-03-27 14:32:00,733.9302255249023,741.4916006469726,10,151.2275024414066,74.35380064732789,76.87370179407873,2020-03-27
BANKNIFTY01APR2021000CE,CE,2020-03-27 14:33:00,2020-03-27 14:43:00,709.7198872375488,588.525,10,-2423.8977447509774,70.3323226810844,-2494.230067432062,2020-03-27
BANKNIFTY01APR2021000CE,CE,2020-03-27 14:44:00,2020-03-27 14:54:00,572.8285244750977,569.6223628234864,10,-64.12323303222593,68.17185896104216,-132.2950919932681,2020-03-27
BANKNIFTY01APR2021000CE,CE,2020-03-27 15:01:00,2020-03-27 15:11:00,577.5402255249023,588.6746493530273,10,222.68847656250045,68.69381544683448,153.99466111566596,2020-03-27
BANKNIFTY01APR2021000PE,PE,2020-03-27 09:17:00,2020-03-27 09:27:00,1393.475,1400.8391006469728,10,147.28201293945858,98.5854259584967,48.69658698096188,2020-03-27
BANKNIFTY01APR2021000PE,PE,2020-03-27 09:28:00,2020-03-27 09:36:00,1438.5874999999999,1407.7717987060548,8,-616.3140258789008,99.3145137880066,-715.6285396669074,2020-03-27
BANKNIFTY01APR2021000PE,PE,2020-03-27 10:08:00,2020-03-27 10:16:00,1272.4732989501952,1596.0,8,6470.534020996097,101.82916487683765,6368.70485611926,2020-03-27
BANKNIFTY01APR2021000PE,PE,2020-03-27 10:23:00,2020-03-27 10:29:00,1504.7524999999998,1563.6809756469727,6,1178.5695129394571,103.92879373824671,1074.6407192012105,2020-03-27
BANKNIFTY01APR2021000PE,PE,2020-03-27 13:44:00,2020-03-27 13:54:00,1929.9127255249023,1923.2299237060547,10,-133.6560363769513,117.95633910908776,-251.61237548603907,2020-03-27
BANKNIFTY01APR2021000PE,PE,2020-03-27 14:02:00,2020-03-27 14:12:00,1934.7247744750975,1847.3700000000001,10,-1747.0954895019486,116.17093564016882,-1863.2664251421174,2020-03-27
BANKNIFTY01APR2021000PE,PE,2020-03-27 14:16:00,2020-03-27 14:23:00,1700.5407989501953,1757.5450762939454,7,1140.0855468750024,111.07666208758104,1029.0088847874213,2020-03-27
BANKNIFTY01APR2021000PE,PE,2020-03-27 14:29:00,2020-03-27 14:33:00,1604.0,1745.625,4,2832.5,109.58733865,2722.91266135,2020-03-27
BANKNIFTY01APR2019100CE,CE,2020-03-30 11:58:00,2020-03-30 12:10:00,1036.0335760498047,972.5625,10,-1269.421520996093,83.72748796041236,-1353.1490089565054,2020-03-30
BANKNIFTY01APR2019100CE,CE,2020-03-30 12:24:00,2020-03-30 12:38:00,990.0188627624511,942.7372256469727,10,-945.6327423095695,82.43036152516228,-1028.0631038347317,2020-03-30
BANKNIFTY01APR2019100CE,CE,2020-03-30 13:04:00,2020-03-30 13:14:00,833.9797744750977,829.6207621765137,10,-87.18024597167869,77.74039469704547,-164.92064066872416,2020-03-30
BANKNIFTY01APR2019100CE,CE,2020-03-30 14:35:00,2020-03-30 14:45:00,671.675,602.1408993530274,10,-1390.682012939451,70.19085590950331,-1460.8728688489543,2020-03-30
BANKNIFTY01APR2019100CE,CE,2020-03-30 14:47:00,2020-03-30 14:53:00,579.3948872375488,588.02625,6,172.62725524902407,68.70108561558442,103.92616963343966,2020-03-30
BANKNIFTY01APR2019100PE,PE,2020-03-30 09:16:00,2020-03-30 09:26:00,1086.0082989501952,1057.3000762939453,10,-574.1644531249995,86.40947683858106,-660.5739299635806,2020-03-30
BANKNIFTY01APR2019100PE,PE,2020-03-30 09:27:00,2020-03-30 09:37:00,1078.7401739501952,917.7,10,-3220.803479003903,82.92360414508764,-3303.7270831489905,2020-03-30
BANKNIFTY01APR2019100PE,PE,2020-03-30 09:38:00,2020-03-30 09:48:00,905.2073872375488,917.3009756469727,10,241.87176818847774,80.7579965073311,161.11377168114666,2020-03-30
BANKNIFTY01APR2019100PE,PE,2020-03-30 09:53:00,2020-03-30 10:03:00,902.25,847.875,10,-1087.5,79.03256544999999,-1166.53256545,2020-03-30
BANKNIFTY01APR2019100PE,PE,2020-03-30 10:04:00,2020-03-30 10:14:00,826.1101127624511,902.3883993530274,10,1525.5657318115254,79.41259606741889,1446.1531357441065,2020-03-30
BANKNIFTY01APR2019100PE,PE,2020-03-30 10:39:00,2020-03-30 10:49:00,802.5012499999999,751.8157621765137,10,-1013.7097564697251,75.45682040237664,-1089.1665768721018,2020-03-30
BANKNIFTY01APR2019100PE,PE,2020-03-30 10:53:00,2020-03-30 11:04:00,748.8675,763.0875000000001,10,284.4000000000028,75.06466538800001,209.3353346120028,2020-03-30
BANKNIFTY01APR2019100PE,PE,2020-03-30 11:12:00,2020-03-30 11:23:00,779.3435244750976,799.8952743530274,10,411.034997558595,76.33858490592212,334.6964126526729,2020-03-30
BANKNIFTY01APR2019100PE,PE,2020-03-30 11:49:00,2020-03-30 11:59:00,751.875,823.2866006469727,10,1428.2320129394543,76.5662882094967,1351.6657247299577,2020-03-30
BANKNIFTY01APR2019100PE,PE,2020-03-30 12:40:00,2020-03-30 12:50:00,822.05,858.7976371765137,10,734.9527435302753,78.30187058762664,656.6508729426487,2020-03-30
BANKNIFTY01APR2019100PE,PE,2020-03-30 13:01:00,2020-03-30 13:11:00,853.2277255249023,912.7125000000001,10,1189.6954895019553,80.00061373583117,1109.6948757661241,2020-03-30
BANKNIFTY01APR2019100PE,PE,2020-03-30 13:33:00,2020-03-30 13:43:00,892.2249999999999,849.6704878234864,10,-851.0902435302705,78.95169158762337,-930.0419351178939,2020-03-30
BANKNIFTY01APR2019100PE,PE,2020-03-30 14:12:00,2020-03-30 14:22:00,895.2325,900.3933993530273,10,103.21798706054778,80.22281937550329,22.995167685044493,2020-03-30
BANKNIFTY01APR2019100PE,PE,2020-03-30 14:30:00,2020-03-30 14:35:00,815.3833505249023,901.0417378234864,5,1713.167745971682,79.24657540770453,1633.9211705639775,2020-03-30
BANKNIFTY01APR2019100PE,PE,2020-03-30 14:54:00,2020-03-30 15:05:00,1030.6201739501953,1011.465,10,-383.10347900390525,84.60648286708765,-467.7099618709929,2020-03-30
BANKNIFTY01APR2019100PE,PE,2020-03-30 15:11:00,2020-03-30 15:22:00,987.4625,992.3628506469727,10,98.00701293945394,83.60567614899671,14.401336790457236,2020-03-30
BANKNIFTY01APR2019100CE,CE,2020-03-31 12:24:00,2020-03-31 12:34:00,482.6536372375488,455.45850608825685,10,-543.9026229858393,64.27468624627274,-608.1773092321121,2020-03-31
BANKNIFTY01APR2019100PE,PE,2020-03-31 09:15:00,2020-03-31 09:25:00,902.1497744750976,688.7737500000001,10,-4267.520489501951,75.16140512366881,-4342.681894625619,2020-03-31
BANKNIFTY01APR2019100PE,PE,2020-03-31 11:32:00,2020-03-31 11:35:00,549.0692622375489,573.7620121765137,3,493.8549987792976,67.97737456571106,425.87762421358656,2020-03-31
BANKNIFTY01APR2019100PE,PE,2020-03-31 12:10:00,2020-03-31 12:13:00,440.348125,457.65298782348634,3,346.0972564697272,63.80247718037335,282.29477928935387,2020-03-31
BANKNIFTY01APR2019100PE,PE,2020-03-31 12:16:00,2020-03-31 12:23:00,401.85213111877437,406.78048782348634,7,98.56713409423946,62.08681600979055,36.48031808444891,2020-03-31
BANKNIFTY01APR2019100PE,PE,2020-03-31 13:47:00,2020-03-31 13:57:00,435.38573776245113,378.2520121765137,10,-1142.6745117187488,61.809508895042235,-1204.484020613791,2020-03-31
BANKNIFTY01APR2019100PE,PE,2020-03-31 14:00:00,2020-03-31 14:10:00,358.69448776245116,335.75850608825687,10,-458.7196334838859,59.82313243685392,-518.5427659207398,2020-03-31
