symbol,option_type,entry_time,exit_time,entry_price,exit_price,bars_held,gross,charges,pnl,test_day
BANKNIFTY16JAN2031900CE,CE,2020-01-15 13:27:00,2020-01-15 13:32:00,82.65612194061279,87.73012195587158,5,101.48000030517579,50.360798990947245,51.11920131422855,2020-01-15
BANKNIFTY16JAN2031900CE,CE,2020-01-15 13:42:00,2020-01-15 13:52:00,70.0747515296936,68.62800304412842,10,-28.93496971130361,49.739860777948465,-78.67483048925207,2020-01-15
BANKNIFTY16JAN2031900PE,PE,2020-01-15 09:39:00,2020-01-15 09:49:00,206.0638780593872,217.4051219558716,10,226.824877929688,55.04813041986444,171.77674750982356,2020-01-15
BANKNIFTY16JAN2031900PE,PE,2020-01-15 10:05:00,2020-01-15 10:15:00,196.0388780593872,213.86399391174317,10,356.5023170471193,54.837450847770285,301.664866199349,2020-01-15
BANKNIFTY16JAN2031900PE,PE,2020-01-15 10:30:00,2020-01-15 10:40:00,202.2042469406128,211.32038108825685,10,182.32268295288122,54.852177103729716,127.47050584915151,2020-01-15
BANKNIFTY16JAN2031900PE,PE,2020-01-15 10:41:00,2020-01-15 10:51:00,214.535,217.25550304412843,10,54.4100608825687,55.14973297984416,-0.7396720972754594,2020-01-15
BANKNIFTY16JAN2031900PE,PE,2020-01-15 10:52:00,2020-01-15 11:02:00,215.93849388122558,211.220625,10,-94.3573776245114,55.0203794668328,-149.3777570913442,2020-01-15
BANKNIFTY16JAN2031900PE,PE,2020-01-15 11:04:00,2020-01-15 11:14:00,213.7329969406128,202.24312500000002,10,-229.79743881225545,54.77461413604139,-284.57205294829686,2020-01-15
BANKNIFTY16JAN2031900PE,PE,2020-01-15 11:15:00,2020-01-15 11:25:00,195.48749999999998,197.30550304412841,10,36.36006088256863,54.42783863884416,-18.067777756275525,2020-01-15
BANKNIFTY16JAN2031900PE,PE,2020-01-15 11:37:00,2020-01-15 11:47:00,198.3446311187744,191.9688719558716,10,-127.51518325805591,54.33352841307305,-181.84871167112897,2020-01-15
BANKNIFTY16JAN2031900PE,PE,2020-01-15 12:17:00,2020-01-15 12:27:00,215.1365061187744,207.62961891174317,10,-150.13774414062482,54.92306969597888,-205.0608138366037,2020-01-15
BANKNIFTY16JAN2031900PE,PE,2020-01-15 12:52:00,2020-01-15 12:58:00,192.12911888122557,205.6844969558716,6,271.1075614929206,54.589922751488636,216.51763874143194,2020-01-15
BANKNIFTY16JAN2031900PE,PE,2020-01-15 13:58:00,2020-01-15 14:08:00,240.9508811187744,211.47,10,-589.6176223754878,55.3371890586672,-644.954811434155,2020-01-15
BANKNIFTY16JAN2031900PE,PE,2020-01-15 14:09:00,2020-01-15 14:19:00,207.9686219406128,211.12086891174317,10,63.04493942260763,54.91893853860307,8.126000884004554,2020-01-15
BANKNIFTY16JAN2031900PE,PE,2020-01-15 14:23:00,2020-01-15 14:28:00,177.59286888122557,166.2832469558716,5,-226.1924385070796,53.450949951488624,-279.6433884585682,2020-01-15
BANKNIFTY16JAN2031900PE,PE,2020-01-15 15:05:00,2020-01-15 15:15:00,159.89874999999998,133.21612804412842,10,-533.6524391174311,52.42681392259416,-586.0792530400253,2020-01-15
BANKNIFTY16JAN2031900PE,PE,2020-01-15 15:20:00,2020-01-15 15:24:00,132.8813780593872,128.6775,4,-84.07756118774387,51.980765127458604,-136.05832631520246,2020-01-15
BANKNIFTY16JAN2031900CE,CE,2020-01-16 09:17:00,2020-01-16 09:20:00,109.72362194061279,125.53537347793579,3,316.2350307464601,51.616634599869315,264.6183961465908,2020-01-16
BANKNIFTY16JAN2031900CE,CE,2020-01-16 10:00:00,2020-01-16 10:05:00,90.07462347030639,94.61287347793579,5,90.76500015258802,50.620376781473624,40.14462337111439,2020-01-16
BANKNIFTY16JAN2031900CE,CE,2020-01-16 10:20:00,2020-01-16 10:30:00,72.53087347030639,46.28400152206421,10,-524.9374389648436,49.22688809906778,-574.1643270639114,2020-01-16
BANKNIFTY16JAN2031900CE,CE,2020-01-16 10:32:00,2020-01-16 10:42:00,50.5761257648468,41.146875,10,-188.58501529693598,48.829177684802154,-237.41419298173813,2020-01-16
BANKNIFTY16JAN2031900CE,CE,2020-01-16 10:43:00,2020-01-16 10:46:00,44.0598757648468,48.478498477935794,3,88.37245426177986,48.926553878130065,39.4459003836498,2020-01-16
BANKNIFTY16JAN2031900CE,CE,2020-01-16 10:53:00,2020-01-16 11:03:00,42.0548757648468,19.401375761032106,10,-453.0700000762938,48.194384258013194,-501.264384334307,2020-01-16
BANKNIFTY16JAN2031900CE,CE,2020-01-16 12:54:00,2020-01-16 13:04:00,23.6088742351532,41.6954992389679,10,361.732500076294,48.5074918552368,313.2250082210572,2020-01-16
BANKNIFTY16JAN2031900CE,CE,2020-01-16 13:10:00,2020-01-16 13:17:00,38.846875,42.643125000000005,7,75.92500000000015,48.71985235150001,27.205147648500144,2020-01-16
BANKNIFTY16JAN2031900CE,CE,2020-01-16 13:18:00,2020-01-16 13:27:00,37.1426242351532,37.356375761032105,9,4.275030517578102,48.570086647908894,-44.29505613033079,2020-01-16
BANKNIFTY16JAN2031900CE,CE,2020-01-16 14:17:00,2020-01-16 14:25:00,55.3380007648468,35.910000000000004,8,-388.56001529693583,48.760957662302154,-437.32097295923796,2020-01-16
BANKNIFTY16JAN2031900CE,CE,2020-01-16 14:29:00,2020-01-16 14:39:00,24.661500382423398,22.194375,10,-49.342507648467944,48.04623171590108,-97.38873936436903,2020-01-16
BANKNIFTY16JAN2031900CE,CE,2020-01-16 14:42:00,2020-01-16 14:51:00,11.3282501912117,13.266750190258026,9,38.769999980926535,47.6634327740033,-8.893432793076762,2020-01-16
BANKNIFTY16JAN2031900PE,PE,2020-01-16 09:20:00,2020-01-16 09:24:00,53.9344992351532,52.817625761032104,4,-22.337469482421852,49.154775446658896,-71.49224492908075,2020-01-16
BANKNIFTY16JAN2031900PE,PE,2020-01-16 09:47:00,2020-01-16 09:52:00,41.8042507648468,46.682999238967895,5,97.57496948242192,48.85485789009111,48.72011159233081,2020-01-16
BANKNIFTY16JAN2031900PE,PE,2020-01-16 13:04:00,2020-01-16 13:07:00,67.8191265296936,67.68037347793579,3,-2.775061035156341,49.688788032682226,-52.46384906783857,2020-01-16
BANKNIFTY16JAN2031900PE,PE,2020-01-16 13:08:00,2020-01-16 13:10:00,60.400625,62.892374238967896,2,49.83498477935797,49.48016215878896,0.3548226205690099,2020-01-16
BANKNIFTY16JAN2031900PE,PE,2020-01-16 14:01:00,2020-01-16 14:04:00,24.4108753824234,20.84774961948395,3,-71.262515258789,48.01036327404555,-119.27287853283454,2020-01-16
BANKNIFTY23JAN2031500PE,PE,2020-01-17 09:15:00,2020-01-17 09:25:00,252.4295030593872,232.41750000000002,10,-400.24006118774366,55.98931347720861,-456.2293746649523,2020-01-17
BANKNIFTY23JAN2031500PE,PE,2020-01-17 09:26:00,2020-01-17 09:36:00,234.0336219406128,241.44487804412844,10,148.2251220703131,55.98034874113555,92.24477332917755,2020-01-17
BANKNIFTY23JAN2031500PE,PE,2020-01-17 09:37:00,2020-01-17 09:47:00,236.53987194061278,182.19336891174316,10,-1086.9300605773924,54.57027538110307,-1141.5003359584955,2020-01-17
BANKNIFTY23JAN2031500PE,PE,2020-01-17 09:48:00,2020-01-17 09:58:00,182.6053688812256,166.08375,10,-330.43237762451156,53.5083707623328,-383.94074838684435,2020-01-17
BANKNIFTY23JAN2031500PE,PE,2020-01-17 10:00:00,2020-01-17 10:10:00,159.3473719406128,173.565,10,284.3525611877442,53.40139364404139,230.9511675437028,2020-01-17
BANKNIFTY23JAN2031500PE,PE,2020-01-17 10:14:00,2020-01-17 10:24:00,166.91625,172.2682469558716,10,107.03993911743225,53.46388465515584,53.57605446227642,2020-01-17
BANKNIFTY23JAN2031500PE,PE,2020-01-17 10:25:00,2020-01-17 10:35:00,169.2721311187744,150.6225,10,-372.99262237548817,52.96665068916721,-425.95927306465535,2020-01-17
BANKNIFTY23JAN2031500PE,PE,2020-01-17 10:36:00,2020-01-17 10:46:00,143.3575,144.58762195587158,10,24.602439117431913,52.49790771840584,-27.895468600973928,2020-01-17
BANKNIFTY23JAN2031500PE,PE,2020-01-17 10:47:00,2020-01-17 10:57:00,144.7108811187744,153.21600608825685,10,170.10249938964876,52.72459494835554,117.37790444129323,2020-01-17
BANKNIFTY23JAN2031500PE,PE,2020-01-17 11:02:00,2020-01-17 11:12:00,150.82612194061278,159.94913108825685,10,182.46018295288138,52.964342093479715,129.49584085940165,2020-01-17
BANKNIFTY23JAN2031500PE,PE,2020-01-17 11:20:00,2020-01-17 11:30:00,165.81349388122558,174.5625,10,174.98012237548835,53.5059889475828,121.47413342790554,2020-01-17
BANKNIFTY23JAN2031500PE,PE,2020-01-17 11:46:00,2020-01-17 11:56:00,172.93124999999998,161.89425304412842,10,-220.73993911743116,53.286279730844164,-274.02621884827533,2020-01-17
BANKNIFTY23JAN2031500PE,PE,2020-01-17 11:57:00,2020-01-17 12:07:00,163.65812499999998,174.5625,10,218.08750000000032,53.47921150675,164.6082884932503,2020-01-17
BANKNIFTY23JAN2031500PE,PE,2020-01-17 12:11:00,2020-01-17 12:21:00,173.7833811187744,167.38050304412843,10,-128.05756149291938,53.43031161751137,-181.48787311043074,2020-01-17
BANKNIFTY23JAN2031500PE,PE,2020-01-17 12:34:00,2020-01-17 12:37:00,157.39249999999998,165.33562500000002,3,158.86250000000075,53.17693907125,105.68556092875076,2020-01-17
BANKNIFTY23JAN2031500PE,PE,2020-01-17 12:48:00,2020-01-17 12:58:00,160.04911888122558,166.5326219558716,10,129.67006149292047,53.23905911673862,76.43100237618185,2020-01-17
BANKNIFTY23JAN2031500PE,PE,2020-01-17 13:41:00,2020-01-17 13:51:00,162.90625,155.16112804412842,10,-154.90243911743164,52.99795930159416,-207.9003984190258,2020-01-17
BANKNIFTY23JAN2031500PE,PE,2020-01-17 13:54:00,2020-01-17 14:04:00,159.99900611877442,160.846875,10,16.957377624511878,53.100138701167204,-36.142761076655326,2020-01-17
BANKNIFTY23JAN2031500PE,PE,2020-01-17 14:09:00,2020-01-17 14:19:00,161.10174694061277,190.2232469558716,10,582.4300003051763,53.82837783294723,528.6016224722291,2020-01-17
BANKNIFTY23JAN2031500PE,PE,2020-01-17 14:20:00,2020-01-17 14:30:00,186.715625,185.83425304412842,10,-17.627439117431436,54.03983827609416,-71.6672773935256,2020-01-17
BANKNIFTY23JAN2031500PE,PE,2020-01-17 14:33:00,2020-01-17 14:43:00,173.33224388122557,173.565,10,4.655122375488645,53.5751360990828,-48.92001372359415,2020-01-17
BANKNIFTY23JAN2031500PE,PE,2020-01-17 14:51:00,2020-01-17 15:01:00,176.6404969406128,162.24336891174318,10,-287.9425605773923,53.34085368585307,-341.2834142632454,2020-01-17
BANKNIFTY23JAN2031700CE,CE,2020-01-20 09:24:00,2020-01-20 09:27:00,216.08887805938718,226.63199695587159,3,210.86237792968802,55.39710782661443,155.46527010307358,2020-01-20
BANKNIFTY23JAN2031700CE,CE,2020-01-20 09:32:00,2020-01-20 09:38:00,192.8308811187744,191.07112804412841,6,-35.19506149291999,54.24319142476138,-89.43825291768137,2020-01-20
BANKNIFTY23JAN2031700CE,CE,2020-01-20 09:48:00,2020-01-20 09:58:00,160.1995030593872,153.365625,10,-136.67756118774435,52.9206586624586,-189.59821985020295,2020-01-20
BANKNIFTY23JAN2031700CE,CE,2020-01-20 10:35:00,2020-01-20 10:42:00,131.7786219406128,127.72987804412843,7,-80.97487792968735,51.94401534913556,-132.9188932788229,2020-01-20
BANKNIFTY23JAN2031700CE,CE,2020-01-20 14:25:00,2020-01-20 14:35:00,69.6236219406128,66.9821265220642,10,-52.82990837097174,49.69422248221348,-102.52413085318523,2020-01-20
BANKNIFTY23JAN2031700CE,CE,2020-01-20 14:45:00,2020-01-20 14:55:00,61.50337347030639,66.7327515220642,10,104.58756103515626,49.587274065567776,55.00028696958848,2020-01-20
BANKNIFTY23JAN2031700CE,CE,2020-01-20 14:56:00,2020-01-20 15:06:00,68.921875,68.578125,10,-6.875,49.7243246875,-56.5993246875,2020-01-20
BANKNIFTY23JAN2031700CE,CE,2020-01-20 15:07:00,2020-01-20 15:17:00,68.1198719406128,69.17662347793579,10,21.135030746459904,49.728918559869314,-28.59388781340941,2020-01-20
BANKNIFTY23JAN2031700PE,PE,2020-01-20 09:23:00,2020-01-20 09:32:00,259.4971311187744,320.8458689117432,9,1226.9747558593758,58.22801513522889,1168.746740724147,2020-01-20
BANKNIFTY23JAN2031700PE,PE,2020-01-20 09:38:00,2020-01-20 09:39:00,295.2863627624512,319.69875,1,488.24774475097684,58.64474417191559,429.60300057906124,2020-01-20
BANKNIFTY23JAN2031700PE,PE,2020-01-20 09:40:00,2020-01-20 09:46:00,306.06323776245114,325.185,6,382.4352447509773,58.912077106665585,323.5231676443117,2020-01-20
BANKNIFTY23JAN2031700PE,PE,2020-01-20 09:59:00,2020-01-20 10:04:00,353.6819877624512,368.12736282348635,5,288.9075012207036,60.54818626553893,228.35931495516465,2020-01-20
BANKNIFTY23JAN2031700PE,PE,2020-01-20 10:07:00,2020-01-20 10:12:00,340.9502561187744,357.1548628234863,5,324.0921340942384,60.12312162329056,263.96901247094786,2020-01-20
BANKNIFTY23JAN2031700PE,PE,2020-01-20 10:22:00,2020-01-20 10:23:00,343.0053688812256,349.125,1,122.39262237548814,59.9533383508328,62.43928402465534,2020-01-20
BANKNIFTY23JAN2031700PE,PE,2020-01-20 10:32:00,2020-01-20 10:35:00,397.1403688812256,422.6407621765137,3,510.0078659057624,62.41405792970944,447.593807976053,2020-01-20
BANKNIFTY23JAN2031700PE,PE,2020-01-20 10:44:00,2020-01-20 10:54:00,424.0073872375488,394.01250000000005,10,-599.8977447509753,62.051500621084415,-661.9492453720597,2020-01-20
BANKNIFTY23JAN2031700PE,PE,2020-01-20 11:18:00,2020-01-20 11:28:00,403.25562499999995,397.005,10,-125.01249999999914,61.86647740075,-186.87897740074914,2020-01-20
BANKNIFTY23JAN2031700PE,PE,2020-01-20 13:16:00,2020-01-20 13:22:00,535.4352255249023,553.7122256469727,6,365.5400024414075,67.32030775957789,298.21969468182965,2020-01-20
BANKNIFTY23JAN2031700PE,PE,2020-01-20 13:55:00,2020-01-20 14:05:00,516.2875,478.9995121765137,10,-745.7597564697267,65.26514191937665,-811.0248983891033,2020-01-20
BANKNIFTY23JAN2031700PE,PE,2020-01-20 14:06:00,2020-01-20 14:14:00,460.89937499999996,543.2883993530273,8,1647.7804870605473,66.14075918575328,1581.639727874794,2020-01-20
BANKNIFTY23JAN2030900CE,CE,2020-01-21 09:36:00,2020-01-21 09:42:00,309.32136276245114,342.5414939117432,6,664.4026229858412,59.37472716372727,605.0278958221139,2020-01-21
BANKNIFTY23JAN2030900PE,PE,2020-01-21 09:21:00,2020-01-21 09:31:00,199.6979969406128,164.38800304412842,10,-706.1998779296874,53.67947606563556,-759.879353995323,2020-01-21
BANKNIFTY23JAN2030900PE,PE,2020-01-21 09:33:00,2020-01-21 09:34:00,164.35987194061278,181.54500000000002,1,343.7025611877448,53.657769267041395,290.0447919207034,2020-01-21
BANKNIFTY23JAN2030900PE,PE,2020-01-21 09:42:00,2020-01-21 09:52:00,151.12687499999998,134.21362804412843,10,-338.26493911743114,52.34209844734417,-390.6070375647753,2020-01-21
BANKNIFTY23JAN2030900PE,PE,2020-01-21 09:56:00,2020-01-21 09:57:00,130.2748719406128,133.71487804412843,1,68.80012207031257,52.07091010663556,16.72921196367701,2020-01-21
BANKNIFTY23JAN2030900PE,PE,2020-01-21 10:38:00,2020-01-21 10:48:00,190.12411888122557,190.12350608825685,10,-0.01225585937447704,54.18651411602112,-54.1987699753956,2020-01-21
BANKNIFTY23JAN2030900PE,PE,2020-01-21 10:51:00,2020-01-21 11:01:00,194.18424694061278,196.85663108825685,10,53.44768295288134,54.400729362229725,-0.9530464093483886,2020-01-21
BANKNIFTY23JAN2030900PE,PE,2020-01-21 11:02:00,2020-01-21 11:12:00,193.733125,174.0138719558716,10,-394.38506088256815,53.83950666765584,-448.224567550224,2020-01-21
BANKNIFTY23JAN2030900PE,PE,2020-01-21 11:13:00,2020-01-21 11:20:00,171.42749999999998,176.35800304412842,7,98.61006088256886,53.61940821184416,44.9906526707247,2020-01-21
BANKNIFTY23JAN2030900PE,PE,2020-01-21 11:31:00,2020-01-21 11:37:00,178.79588111877442,175.56,6,-64.7176223754883,53.6915397246672,-118.4091621001555,2020-01-21
BANKNIFTY23JAN2030900PE,PE,2020-01-21 12:01:00,2020-01-21 12:11:00,145.06174694061278,130.27350608825685,10,-295.7648170471185,52.17090977197972,-347.93572681909825,2020-01-21
BANKNIFTY23JAN2030900PE,PE,2020-01-21 12:47:00,2020-01-21 12:57:00,158.4952561187744,153.615,10,-97.60512237548767,52.9055514779172,-150.51067385340485,2020-01-21
BANKNIFTY23JAN2030900PE,PE,2020-01-21 12:59:00,2020-01-21 13:09:00,149.4727561187744,141.395625,10,-161.54262237548835,52.49624035716721,-214.03886273265556,2020-01-21
BANKNIFTY23JAN2030900PE,PE,2020-01-21 13:12:00,2020-01-21 13:17:00,133.081875,142.04399391174317,5,179.2423782348635,52.30837727256168,126.93400096230184,2020-01-21
BANKNIFTY23JAN2030900PE,PE,2020-01-21 13:27:00,2020-01-21 13:33:00,146.51536888122558,152.3182469558716,6,116.05756149292006,52.725176448488625,63.33238504443143,2020-01-21
BANKNIFTY23JAN2030900PE,PE,2020-01-21 14:33:00,2020-01-21 14:43:00,157.39249999999998,138.40312500000002,10,-379.78749999999934,52.521843714250004,-432.30934371424934,2020-01-21
BANKNIFTY23JAN2030900PE,PE,2020-01-21 14:48:00,2020-01-21 14:58:00,140.19963111877442,140.5976219558716,10,7.959816741943655,52.36162445457305,-44.40180771262939,2020-01-21
BANKNIFTY23JAN2030900PE,PE,2020-01-21 15:20:00,2020-01-21 15:24:00,148.6707530593872,147.97913108825685,4,-13.832439422607195,52.64641116064693,-66.47885058325411,2020-01-21
BANKNIFTY23JAN2031100CE,CE,2020-01-22 09:16:00,2020-01-22 09:26:00,202.95612194061277,166.08375,10,-737.4474388122553,53.7612003780414,-791.2086391902967,2020-01-22
BANKNIFTY23JAN2031100CE,CE,2020-01-22 11:49:00,2020-01-22 11:59:00,47.7691265296936,50.8725,10,62.067469406128026,49.0308668613543,13.036602544773729,2020-01-22
BANKNIFTY23JAN2031100CE,CE,2020-01-22 12:08:00,2020-01-22 12:17:00,48.72149847030639,50.37375,9,33.045030593872156,49.0305673538957,-15.985536760023543,2020-01-22
BANKNIFTY23JAN2031100CE,CE,2020-01-22 13:05:00,2020-01-22 13:15:00,59.9494992351532,58.503376522064215,10,-28.92245426177965,49.36780132786993,-78.29025558964958,2020-01-22
BANKNIFTY23JAN2031100CE,CE,2020-01-22 13:19:00,2020-01-22 13:27:00,54.235248470306395,55.361250000000005,8,22.520030593872207,49.22038193339571,-26.7003513395235,2020-01-22
BANKNIFTY23JAN2031100CE,CE,2020-01-22 13:30:00,2020-01-22 13:36:00,51.0272515296936,51.969748477935795,6,18.849938964843886,49.09803353618222,-30.248094571338335,2020-01-22
BANKNIFTY23JAN2031100CE,CE,2020-01-22 13:56:00,2020-01-22 13:57:00,48.3205007648468,51.07200076103211,1,55.029999923706185,49.04256949101319,5.987430432692996,2020-01-22
BANKNIFTY23JAN2031100CE,CE,2020-01-22 14:24:00,2020-01-22 14:34:00,27.318125,27.08212461948395,10,-4.720007610320991,48.19812422414448,-52.91813183446547,2020-01-22
BANKNIFTY23JAN2031100CE,CE,2020-01-22 14:35:00,2020-01-22 14:38:00,26.9672496175766,29.925,3,59.15500764846804,48.26291405234892,10.892093596119125,2020-01-22
BANKNIFTY23JAN2031100CE,CE,2020-01-22 14:52:00,2020-01-22 15:02:00,31.328125,34.81275152206421,10,69.69253044128422,48.435979536672086,21.256550904612133,2020-01-22
BANKNIFTY23JAN2031100CE,CE,2020-01-22 15:10:00,2020-01-22 15:20:00,30.475999617576598,28.678125,10,-35.957492351531926,48.27617687009892,-84.23366922163085,2020-01-22
BANKNIFTY23JAN2031100PE,PE,2020-01-22 10:07:00,2020-01-22 10:08:00,203.25687499999998,213.81413108825686,1,211.14512176513756,54.92591151118833,156.21921025394923,2020-01-22
BANKNIFTY23JAN2031100PE,PE,2020-01-22 10:24:00,2020-01-22 10:33:00,327.8175,332.66625,9,96.97499999999991,59.3643142915,37.61068570849991,2020-01-22
BANKNIFTY23JAN2031100PE,PE,2020-01-22 11:22:00,2020-01-22 11:26:00,349.8223872375488,356.0077439117432,4,123.7071334838879,60.20544336989609,63.50169011399181,2020-01-22
BANKNIFTY23JAN2031100PE,PE,2020-01-22 11:30:00,2020-01-22 11:35:00,325.71224388122556,339.19986282348634,5,269.7523788452156,59.49708041645614,210.2552984287595,2020-01-22
BANKNIFTY23JAN2031100PE,PE,2020-01-22 11:58:00,2020-01-22 12:08:00,351.4765061187744,357.5538871765137,10,121.54762115478547,60.26360125154385,61.28401990324163,2020-01-22
BANKNIFTY23JAN2031100PE,PE,2020-01-22 15:06:00,2020-01-22 15:09:00,354.2834938812256,370.07250000000005,3,315.7801223754893,60.60297187558278,255.17715049990653,2020-01-22
BANKNIFTY23JAN2030700CE,CE,2020-01-23 09:51:00,2020-01-23 09:53:00,183.5577561187744,197.80425304412842,2,284.92993850708046,54.29175966826137,230.6381788388191,2020-01-23
BANKNIFTY23JAN2030700CE,CE,2020-01-23 11:11:00,2020-01-23 11:20:00,92.73124999999999,96.8572484779358,9,82.51996955871618,50.70797292657792,31.81199663213826,2020-01-23
BANKNIFTY23JAN2030700CE,CE,2020-01-23 11:43:00,2020-01-23 11:53:00,125.6633734703064,136.45800304412842,10,215.89259147644043,52.08034136948986,163.81225010695056,2020-01-23
BANKNIFTY23JAN2030700CE,CE,2020-01-23 12:28:00,2020-01-23 12:29:00,202.2042469406128,214.4625,1,245.1650611877443,54.928604747291395,190.2364564404529,2020-01-23
BANKNIFTY23JAN2030700CE,CE,2020-01-23 13:32:00,2020-01-23 13:40:00,300.5494877624512,318.20250000000004,8,353.0602447509773,58.67373694516559,294.3865078058117,2020-01-23
BANKNIFTY23JAN2030700CE,CE,2020-01-23 14:01:00,2020-01-23 14:05:00,271.72761276245114,306.78111282348635,4,701.0700012207042,58.037856245788944,643.0321449749152,2020-01-23
BANKNIFTY23JAN2030700CE,CE,2020-01-23 15:08:00,2020-01-23 15:09:00,317.8927561187744,318.00298782348636,1,2.2046340942392817,58.88434991954056,-56.67971582530128,2020-01-23
BANKNIFTY23JAN2030700PE,PE,2020-01-23 09:30:00,2020-01-23 09:40:00,46.516001529693604,38.60325076103211,10,-158.25501537322992,48.71686622681534,-206.97188160004526,2020-01-23
BANKNIFTY23JAN2030700PE,PE,2020-01-23 09:42:00,2020-01-23 09:51:00,33.43337347030639,44.8875,9,229.0825305938722,48.7071884536457,180.3753421402265,2020-01-23
BANKNIFTY23JAN2030700PE,PE,2020-01-23 11:21:00,2020-01-23 11:23:00,39.0975,40.54837652206421,2,29.017530441284265,48.67201419217207,-19.654483750887806,2020-01-23
BANKNIFTY23JAN2030700PE,PE,2020-01-23 11:38:00,2020-01-23 11:41:00,26.4158753824234,26.184375000000003,3,-4.630007648467966,48.16507853315109,-52.795086181619055,2020-01-23
BANKNIFTY23JAN2030700PE,PE,2020-01-23 12:15:00,2020-01-23 12:22:00,10.726749808788298,9.775500190258027,7,-19.024992370605425,47.57104020535222,-66.59603257595765,2020-01-23
BANKNIFTY23JAN2030700PE,PE,2020-01-23 12:44:00,2020-01-23 12:48:00,5.212999808788299,5.386500095129013,2,3.4700057268142714,47.39578329813834,-43.92577757132407,2020-01-23
BANKNIFTY30JAN2031100CE,CE,2020-01-24 09:31:00,2020-01-24 09:33:00,277.6925,274.1129878234863,2,-71.59024353027348,57.31735521362335,-128.90759874389684,2020-01-24
BANKNIFTY30JAN2031100CE,CE,2020-01-24 10:35:00,2020-01-24 10:37:00,386.6642622375488,381.1946189117432,2,-109.39286651611269,61.27578756089609,-170.6686540770088,2020-01-24
BANKNIFTY30JAN2031100CE,CE,2020-01-24 11:10:00,2020-01-24 11:13:00,376.18812499999996,387.3791310882569,3,223.82012176513854,61.29606582268833,162.52405594245022,2020-01-24
BANKNIFTY30JAN2031100CE,CE,2020-01-24 14:33:00,2020-01-24 14:43:00,387.9675,394.06236282348635,10,121.89725646972761,61.604968321373356,60.29228814835425,2020-01-24
BANKNIFTY30JAN2031100PE,PE,2020-01-24 09:22:00,2020-01-24 09:31:00,350.0228688812256,259.6991310882569,9,-1806.474755859374,57.86536189877111,-1864.3401177581452,2020-01-24
BANKNIFTY30JAN2031100PE,PE,2020-01-24 09:46:00,2020-01-24 09:52:00,248.01849388122557,252.41737804412844,6,87.97768325805748,56.42098189717696,31.556701360880524,2020-01-24
BANKNIFTY30JAN2031100PE,PE,2020-01-24 09:58:00,2020-01-24 10:04:00,241.05112194061277,242.79149391174317,6,34.80743942260801,56.10028589985308,-21.292846477245064,2020-01-24
BANKNIFTY30JAN2031100PE,PE,2020-01-24 10:11:00,2020-01-24 10:21:00,203.45737194061277,194.16336891174316,10,-185.88006057739221,54.45042512610307,-240.3304857034953,2020-01-24
BANKNIFTY30JAN2031100PE,PE,2020-01-24 10:42:00,2020-01-24 10:50:00,159.54786888122558,166.43288108825683,8,137.70024414062505,53.230405730271116,84.46983841035393,2020-01-24
BANKNIFTY30JAN2031100PE,PE,2020-01-24 11:26:00,2020-01-24 11:36:00,190.6754969406128,191.32050304412843,10,12.900122070312818,54.22247949163556,-41.32235742132274,2020-01-24
BANKNIFTY30JAN2031100PE,PE,2020-01-24 11:37:00,2020-01-24 11:47:00,192.48,170.62237804412842,10,-437.1524391174313,53.74144500259416,-490.89388412002546,2020-01-24
BANKNIFTY30JAN2031100PE,PE,2020-01-24 11:48:00,2020-01-24 11:58:00,172.179375,176.80687500000002,10,92.55000000000052,53.639667388,38.91033261200052,2020-01-24
BANKNIFTY30JAN2031100PE,PE,2020-01-24 12:26:00,2020-01-24 12:36:00,181.4525,178.45274391174317,10,-59.99512176513633,53.79490644081167,-113.790028205948,2020-01-24
BANKNIFTY30JAN2031100PE,PE,2020-01-24 12:44:00,2020-01-24 12:54:00,177.84349388122558,181.2457469558716,10,68.04506149292024,53.818005481238636,14.227056011681604,2020-01-24
BANKNIFTY30JAN2031100PE,PE,2020-01-24 12:55:00,2020-01-24 13:05:00,179.94875,157.00649391174318,10,-458.84512176513624,53.25457444581167,-512.099696210948,2020-01-24
BANKNIFTY30JAN2031100PE,PE,2020-01-24 13:06:00,2020-01-24 13:16:00,156.28974388122558,158.15362804412842,10,37.27768325805698,52.98854684917696,-15.710863591119981,2020-01-24
BANKNIFTY30JAN2031100PE,PE,2020-01-24 13:20:00,2020-01-24 13:30:00,163.90875,155.95913108825684,10,-158.99237823486317,53.02982426743833,-212.0222025023015,2020-01-24
BANKNIFTY30JAN2031100PE,PE,2020-01-24 13:31:00,2020-01-24 13:41:00,152.32987194061278,152.96663108825683,10,12.735182952881132,52.81318454497972,-40.07800159209859,2020-01-24
BANKNIFTY30JAN2031100PE,PE,2020-01-24 13:42:00,2020-01-24 13:52:00,152.02911888122557,147.28086891174317,10,-94.96499938964803,52.67114990439447,-147.6361492940425,2020-01-24
BANKNIFTY30JAN2031100PE,PE,2020-01-24 13:56:00,2020-01-24 14:06:00,148.37,134.51288108825685,10,-277.14237823486314,52.31512704643833,-329.45750528130145,2020-01-24
BANKNIFTY30JAN2031100PE,PE,2020-01-24 14:07:00,2020-01-24 14:17:00,134.8863780593872,130.6725,10,-84.27756118774369,52.054200027458606,-136.33176121520228,2020-01-24
BANKNIFTY30JAN2031100PE,PE,2020-01-24 14:18:00,2020-01-24 14:28:00,134.8863780593872,123.34087652206422,10,-230.91003074645954,51.875868550630685,-282.7858992970902,2020-01-24
BANKNIFTY30JAN2031100PE,PE,2020-01-24 14:29:00,2020-01-24 14:39:00,129.1220030593872,143.64000000000001,10,290.35993881225636,52.298002021208596,238.06193679104777,2020-01-24
BANKNIFTY30JAN2031100PE,PE,2020-01-24 14:40:00,2020-01-24 14:50:00,143.0066188812256,143.19112804412842,10,3.6901832580565497,52.45958075242696,-48.76939749437041,2020-01-24
BANKNIFTY30JAN2031100PE,PE,2020-01-24 14:51:00,2020-01-24 15:01:00,141.80362194061277,150.27336891174318,10,169.3949394226081,52.61690079360308,116.77803862900502,2020-01-24
BANKNIFTY30JAN2031100PE,PE,2020-01-24 15:02:00,2020-01-24 15:12:00,152.4301280593872,152.6175,10,3.747438812256405,52.8059379619586,-49.05849914970219,2020-01-24
BANKNIFTY30JAN2031100PE,PE,2020-01-24 15:13:00,2020-01-24 15:23:00,153.23213111877442,153.3157469558716,10,1.6723167419434048,52.83288560682305,-51.16056886487964,2020-01-24
BANKNIFTY30JAN2031100CE,CE,2020-01-27 09:47:00,2020-01-27 09:53:00,254.2340061187744,256.3575,6,42.469877624512264,56.594038885417206,-14.124161260904941,2020-01-27
BANKNIFTY30JAN2031100CE,CE,2020-01-27 11:22:00,2020-01-27 11:30:00,243.10625,238.4025,8,-94.0749999999997,56.019061856499995,-150.0940618564997,2020-01-27
BANKNIFTY30JAN2031100CE,CE,2020-01-27 12:44:00,2020-01-27 12:54:00,246.9658811187744,222.29288108825685,10,-493.46000061035113,55.675168443105534,-549.1351690534567,2020-01-27
BANKNIFTY30JAN2031100CE,CE,2020-01-27 13:00:00,2020-01-27 13:02:00,203.55762805938718,212.26800304412842,2,174.20749969482472,54.89204054680277,119.31545914802194,2020-01-27
BANKNIFTY30JAN2031100CE,CE,2020-01-27 13:17:00,2020-01-27 13:23:00,197.99374999999998,196.50750000000002,6,-29.724999999999113,54.439564979500005,-84.16456497949912,2020-01-27
BANKNIFTY30JAN2031100CE,CE,2020-01-27 13:40:00,2020-01-27 13:45:00,177.2921311187744,178.85175304412843,5,31.192438507080738,53.75292502051136,-22.560486513430625,2020-01-27
BANKNIFTY30JAN2031100CE,CE,2020-01-27 13:47:00,2020-01-27 13:48:00,163.85862194061278,166.333125,1,49.490061187744345,53.2815343747914,-3.7914731870470533,2020-01-27
BANKNIFTY30JAN2031100CE,CE,2020-01-27 14:29:00,2020-01-27 14:39:00,174.93625,147.879375,10,-541.1374999999998,52.97029676125,-594.1077967612498,2020-01-27
BANKNIFTY30JAN2031100CE,CE,2020-01-27 14:40:00,2020-01-27 14:50:00,142.355,136.95675304412842,10,-107.96493911743141,52.29984285634416,-160.26478197377557,2020-01-27
BANKNIFTY30JAN2031100CE,CE,2020-01-27 14:58:00,2020-01-27 15:03:00,137.84375,143.54024391174318,5,113.92987823486351,52.403931089311676,61.52594714555183,2020-01-27
BANKNIFTY30JAN2031100PE,PE,2020-01-27 09:17:00,2020-01-27 09:20:00,263.1061372375488,297.85350608825684,3,694.9473770141606,57.71359494727273,637.2337820668878,2020-01-27
BANKNIFTY30JAN2031100PE,PE,2020-01-27 09:53:00,2020-01-27 10:03:00,248.870625,232.26788108825684,10,-332.05487823486294,55.94146012918833,-387.99633836405127,2020-01-27
BANKNIFTY30JAN2031100PE,PE,2020-01-27 10:04:00,2020-01-27 10:14:00,216.1390061187744,211.719375,10,-88.3926223754878,55.03500194616721,-143.427624321655,2020-01-27
BANKNIFTY30JAN2031100PE,PE,2020-01-27 10:16:00,2020-01-27 10:26:00,198.59525611877442,195.46012195587159,10,-62.702683258056595,54.42156184632305,-117.12424510437964,2020-01-27
BANKNIFTY30JAN2031100PE,PE,2020-01-27 10:31:00,2020-01-27 10:41:00,199.14661888122558,220.74675304412844,10,432.00268325805723,55.04347365667695,376.9592096013803,2020-01-27
BANKNIFTY30JAN2031100PE,PE,2020-01-27 10:57:00,2020-01-27 11:07:00,225.71286888122557,234.21300304412844,10,170.00268325805735,55.701069798676954,114.30161345938039,2020-01-27
BANKNIFTY30JAN2031100PE,PE,2020-01-27 11:11:00,2020-01-27 11:21:00,241.4521311187744,233.41500000000002,10,-160.74262237548737,55.8771977901672,-216.61982016565457,2020-01-27
BANKNIFTY30JAN2031100PE,PE,2020-01-27 11:56:00,2020-01-27 12:04:00,210.82575305938718,224.4375,8,272.23493881225636,55.27834280070861,216.95659601154776,2020-01-27
BANKNIFTY30JAN2031100PE,PE,2020-01-27 12:32:00,2020-01-27 12:42:00,217.79312499999997,221.195625,10,68.05000000000064,55.286048572000006,12.763951428000631,2020-01-27
BANKNIFTY30JAN2031100PE,PE,2020-01-27 13:06:00,2020-01-27 13:16:00,256.3392469406128,275.75888717651367,10,388.3928047180177,57.09210513641805,331.30069958159964,2020-01-27
BANKNIFTY30JAN2031100PE,PE,2020-01-27 13:22:00,2020-01-27 13:29:00,274.13363723754884,279.3,7,103.32725524902344,57.399308135584405,45.92794711343903,2020-01-27
BANKNIFTY30JAN2031100PE,PE,2020-01-27 13:34:00,2020-01-27 13:40:00,260.9507377624512,298.1527439117432,6,744.0401229858401,57.69409566747727,686.3460273183628,2020-01-27
BANKNIFTY30JAN2031100PE,PE,2020-01-27 14:17:00,2020-01-27 14:23:00,287.46687499999996,292.06798782348636,6,92.02225646972806,57.87551837687336,34.146738092854704,2020-01-27
BANKNIFTY30JAN2031100PE,PE,2020-01-27 14:52:00,2020-01-27 14:58:00,343.606875,351.868125,6,165.22500000000036,60.02753389749999,105.19746610250037,2020-01-27
BANKNIFTY30JAN2031100PE,PE,2020-01-27 15:04:00,2020-01-27 15:07:00,332.83,341.64375,3,176.27500000000055,59.644952705499996,116.63004729450054,2020-01-27
BANKNIFTY30JAN2030900CE,CE,2020-01-28 09:26:00,2020-01-28 09:36:00,259.39687499999997,270.42225608825686,10,220.50762176513786,57.00028580443833,163.50733596069952,2020-01-28
BANKNIFTY30JAN2030900CE,CE,2020-01-28 09:37:00,2020-01-28 09:46:00,254.13375,286.7313871765137,9,651.952743530274,57.331595625626655,594.6211479046474,2020-01-28
BANKNIFTY30JAN2030900CE,CE,2020-01-28 09:53:00,2020-01-28 10:03:00,282.705,255.0108689117432,10,-553.8826217651359,56.91499620906168,-610.7976179741976,2020-01-28
BANKNIFTY30JAN2030900CE,CE,2020-01-28 10:04:00,2020-01-28 10:14:00,235.73786888122558,215.1607469558716,10,-411.54243850707985,55.36219693248864,-466.9046354395685,2020-01-28
BANKNIFTY30JAN2030900CE,CE,2020-01-28 10:18:00,2020-01-28 10:26:00,213.48237194061278,196.00875000000002,8,-349.4724388122552,54.6198580275414,-404.0922968397966,2020-01-28
BANKNIFTY30JAN2030900CE,CE,2020-01-28 11:25:00,2020-01-28 11:35:00,229.32187499999998,235.6094969558716,10,125.75243911743257,55.779874406405845,69.97256471102673,2020-01-28
BANKNIFTY30JAN2030900CE,CE,2020-01-28 11:45:00,2020-01-28 11:55:00,228.2692469406128,221.8938719558716,10,-127.50749969482399,55.43318360019724,-182.94068329502124,2020-01-28
BANKNIFTY30JAN2030900CE,CE,2020-01-28 12:18:00,2020-01-28 12:28:00,234.08374999999998,233.21550304412844,10,-17.364939117430822,55.78080348634416,-73.14574260377498,2020-01-28
BANKNIFTY30JAN2030900CE,CE,2020-01-28 12:37:00,2020-01-28 12:47:00,221.55249999999998,210.07350608825683,10,-229.57987823486292,55.06222357168832,-284.64210180655124,2020-01-28
BANKNIFTY30JAN2030900CE,CE,2020-01-28 12:50:00,2020-01-28 13:00:00,224.6101280593872,236.25788108825685,10,232.95506057739317,55.73710858339693,177.21795199399622,2020-01-28
BANKNIFTY30JAN2030900CE,CE,2020-01-28 14:54:00,2020-01-28 15:02:00,121.25237194061279,124.8869969558716,8,72.69250030517611,51.744092327197244,20.948407977978867,2020-01-28
BANKNIFTY30JAN2030900PE,PE,2020-01-28 09:15:00,2020-01-28 09:17:00,214.6352561187744,224.8863719558716,2,205.02231674194377,55.33658872482304,149.68572801712074,2020-01-28
BANKNIFTY30JAN2030900PE,PE,2020-01-28 09:49:00,2020-01-28 09:59:00,156.2396311187744,179.64975608825685,10,468.2024993896488,53.51078748835553,414.6917119012933,2020-01-28
BANKNIFTY30JAN2030900PE,PE,2020-01-28 10:26:00,2020-01-28 10:36:00,236.8907530593872,220.04850608825686,10,-336.844939422607,55.49540780239693,-392.34034722500394,2020-01-28
BANKNIFTY30JAN2030900PE,PE,2020-01-28 10:38:00,2020-01-28 10:40:00,206.264375,213.31538108825686,2,141.0201217651371,54.951144092688324,86.06897767244878,2020-01-28
BANKNIFTY30JAN2030900PE,PE,2020-01-28 10:53:00,2020-01-28 11:03:00,186.16424694061277,193.86413108825684,10,153.9976829528814,54.22830371722973,99.76937923565168,2020-01-28
BANKNIFTY30JAN2030900PE,PE,2020-01-28 11:04:00,2020-01-28 11:14:00,201.6027561187744,202.39274391174317,10,15.799755859375182,54.62755214672889,-38.827796287353706,2020-01-28
BANKNIFTY30JAN2030900PE,PE,2020-01-28 11:19:00,2020-01-28 11:25:00,188.72062499999998,189.37538108825686,6,13.095121765137492,54.15088057618833,-41.055758811050836,2020-01-28
BANKNIFTY30JAN2030900PE,PE,2020-01-28 11:54:00,2020-01-28 12:04:00,191.97875,194.31300304412844,10,46.685060882568905,54.311458959344165,-7.62639807677526,2020-01-28
BANKNIFTY30JAN2030900PE,PE,2020-01-28 12:09:00,2020-01-28 12:17:00,182.2545030593872,177.30562500000002,8,-98.97756118774339,53.7769681444586,-152.754529332202,2020-01-28
BANKNIFTY30JAN2030900PE,PE,2020-01-28 13:09:00,2020-01-28 13:19:00,155.3373719406128,140.24850608825685,10,-301.777317047119,52.541197936729716,-354.31851498384873,2020-01-28
BANKNIFTY30JAN2030900PE,PE,2020-01-28 13:20:00,2020-01-28 13:30:00,144.610625,158.3032469558716,10,273.852439117432,52.84708941840584,221.0053496990262,2020-01-28
BANKNIFTY30JAN2030900PE,PE,2020-01-28 13:33:00,2020-01-28 13:43:00,161.2521311187744,159.20100608825683,10,-41.02250061035136,53.07567356785553,-94.09817417820689,2020-01-28
BANKNIFTY30JAN2030900PE,PE,2020-01-28 13:53:00,2020-01-28 14:03:00,162.6054969406128,201.495,10,777.7900611877442,54.12122943379139,723.6688317539528,2020-01-28
BANKNIFTY30JAN2030900PE,PE,2020-01-28 14:17:00,2020-01-28 14:27:00,204.00875,196.90649391174318,10,-142.04512176513617,54.52399790181167,-196.56911966694784,2020-01-28
BANKNIFTY30JAN2030900PE,PE,2020-01-28 14:39:00,2020-01-28 14:45:00,244.1588780593872,265.9833689117432,6,436.4898170471196,56.70300530952028,379.7868117375993,2020-01-28
BANKNIFTY30JAN2030900PE,PE,2020-01-28 15:12:00,2020-01-28 15:22:00,260.7502561187744,249.5744969558716,10,-223.51518325805614,56.51000711607305,-280.0251903741292,2020-01-28
BANKNIFTY30JAN2030900CE,CE,2020-01-29 14:44:00,2020-01-29 14:54:00,157.89374999999998,152.5676219558716,10,-106.52256088256763,52.872602601905825,-159.39516348447347,2020-01-29
BANKNIFTY30JAN2030900PE,PE,2020-01-29 09:20:00,2020-01-29 09:30:00,158.79599388122557,154.56262195587158,10,-84.66743850707985,52.932337300988635,-137.5997758080685,2020-01-29
BANKNIFTY30JAN2030900PE,PE,2020-01-29 09:31:00,2020-01-29 09:33:00,151.62812499999998,172.96649391174319,2,426.76737823486405,53.29093498506168,373.4764432498024,2020-01-29
BANKNIFTY30JAN2030900PE,PE,2020-01-29 10:01:00,2020-01-29 10:11:00,124.9616265296936,121.69500000000001,10,-65.33253059387192,51.7125337653543,-117.04506435922622,2020-01-29
BANKNIFTY30JAN2030900PE,PE,2020-01-29 10:13:00,2020-01-29 10:23:00,118.49549694061278,124.48800304412842,10,119.85012207031275,51.70013704663556,68.14998502367719,2020-01-29
BANKNIFTY30JAN2030900PE,PE,2020-01-29 10:24:00,2020-01-29 10:34:00,125.06187499999999,87.92962652206421,10,-742.6449695587155,50.89248377392208,-793.5374533326376,2020-01-29
BANKNIFTY30JAN2030900PE,PE,2020-01-29 10:36:00,2020-01-29 10:46:00,89.82399847030639,88.12912347793579,10,-33.89749984741201,50.45955497522362,-84.35705482263563,2020-01-29
BANKNIFTY30JAN2030900PE,PE,2020-01-29 10:57:00,2020-01-29 11:07:00,83.3077484703064,80.59800304412842,10,-54.19490852355949,50.19541573073987,-104.39032425429936,2020-01-29
BANKNIFTY30JAN2030900PE,PE,2020-01-29 12:36:00,2020-01-29 12:46:00,100.4504969406128,88.32862804412842,10,-242.43737792968744,50.596427010885556,-293.033804940573,2020-01-29
BANKNIFTY30JAN2030900PE,PE,2020-01-29 13:42:00,2020-01-29 13:52:00,119.7486219406128,95.26125,10,-489.7474388122558,51.004805520041394,-540.7522443322972,2020-01-29
BANKNIFTY30JAN2030900PE,PE,2020-01-29 13:53:00,2020-01-29 14:02:00,71.87924694061279,75.16162347793579,9,65.64753074646006,49.921200277119326,15.726330469340738,2020-01-29
BANKNIFTY30JAN2030900PE,PE,2020-01-29 14:16:00,2020-01-29 14:26:00,77.5935015296936,84.68775152206422,10,141.88499984741242,50.223901618526384,91.66109822888603,2020-01-29
BANKNIFTY30JAN2030900PE,PE,2020-01-29 14:58:00,2020-01-29 15:08:00,107.0670030593872,126.33337652206421,10,385.3274692535402,51.603040136380685,333.7244291171595,2020-01-29
BANKNIFTY30JAN2030900PE,PE,2020-01-29 15:16:00,2020-01-29 15:21:00,114.1346234703064,116.5578734779358,5,48.46500015258812,51.45306999947362,-2.9880698468855016,2020-01-29
BANKNIFTY30JAN2030700CE,CE,2020-01-30 09:30:00,2020-01-30 09:40:00,103.2575,87.92962652206421,10,-306.55746955871564,50.62159494067208,-357.1790644993877,2020-01-30
BANKNIFTY30JAN2030700CE,CE,2020-01-30 10:01:00,2020-01-30 10:11:00,91.92924694061279,66.4334984779358,10,-509.9149692535397,49.95799403586931,-559.872963289409,2020-01-30
BANKNIFTY30JAN2030700CE,CE,2020-01-30 10:25:00,2020-01-30 10:26:00,58.7966265296936,59.2016234779358,1,8.099938964844,49.37046237818222,-41.27052341333822,2020-01-30
BANKNIFTY30JAN2030700CE,CE,2020-01-30 10:40:00,2020-01-30 10:45:00,47.1175,50.423624238967896,5,66.12248477935793,49.011853039538956,17.110631739818977,2020-01-30
BANKNIFTY30JAN2030700CE,CE,2020-01-30 11:45:00,2020-01-30 11:55:00,55.5385015296936,60.8973742389679,10,107.17745418548603,49.371231499643265,57.80622268584276,2020-01-30
BANKNIFTY30JAN2030700CE,CE,2020-01-30 11:56:00,2020-01-30 12:06:00,60.2001242351532,39.251623477935794,10,-418.97001514434805,48.90264305227577,-467.87265819662383,2020-01-30
BANKNIFTY30JAN2030700CE,CE,2020-01-30 12:16:00,2020-01-30 12:26:00,36.2905007648468,37.007248477935796,10,14.334954261779984,48.55100817438008,-34.216053912600096,2020-01-30
BANKNIFTY30JAN2030700CE,CE,2020-01-30 12:28:00,2020-01-30 12:38:00,44.2102484703064,31.969874238967897,10,-244.80748462677,48.52687287593466,-293.3343575027046,2020-01-30
BANKNIFTY30JAN2030700CE,CE,2020-01-30 12:48:00,2020-01-30 12:58:00,27.0173757648468,20.348999619483948,10,-133.36752290725707,48.03061399669663,-181.39813690395368,2020-01-30
BANKNIFTY30JAN2030700CE,CE,2020-01-30 13:04:00,2020-01-30 13:14:00,18.195374617576597,21.994874238967896,10,75.98999242782597,47.961046579137886,28.028945848688082,2020-01-30
BANKNIFTY30JAN2030700CE,CE,2020-01-30 13:25:00,2020-01-30 13:35:00,21.303124999999998,19.301625380516054,10,-40.02999238967888,47.93414651885553,-87.96413890853441,2020-01-30
BANKNIFTY30JAN2030700CE,CE,2020-01-30 13:42:00,2020-01-30 13:52:00,18.1452503824234,16.159500761032106,10,-39.71499242782585,47.818486565362115,-87.53347899318797,2020-01-30
BANKNIFTY30JAN2030700CE,CE,2020-01-30 13:59:00,2020-01-30 14:09:00,15.8896253824234,6.9825,10,-178.142507648468,47.56724588690107,-225.7097535353691,2020-01-30
BANKNIFTY30JAN2030700CE,CE,2020-01-30 15:01:00,2020-01-30 15:02:00,6.0651251912117,12.718125,1,133.059996175766,47.584701274575536,85.47529490119047,2020-01-30
BANKNIFTY30JAN2030700PE,PE,2020-01-30 11:10:00,2020-01-30 11:15:00,152.9815061187744,148.67737804412843,5,-86.08256149291947,52.71695011201137,-138.79951160493084,2020-01-30
BANKNIFTY30JAN2030700PE,PE,2020-01-30 11:23:00,2020-01-30 11:29:00,131.9791188812256,128.428125,6,-71.01987762451188,51.96349012258279,-122.98336774709466,2020-01-30
BANKNIFTY30JAN2030700PE,PE,2020-01-30 13:58:00,2020-01-30 14:03:00,114.3852484703064,148.378125,5,679.8575305938723,52.2301667341457,627.6273638597266,2020-01-30
BANKNIFTY30JAN2030700PE,PE,2020-01-30 14:25:00,2020-01-30 14:31:00,167.26713111877442,162.24336891174318,6,-100.4752441406248,53.22440273822888,-153.69964687885368,2020-01-30
BANKNIFTY30JAN2030700PE,PE,2020-01-30 14:38:00,2020-01-30 14:48:00,120.3501280593872,88.7775,10,-631.452561187744,50.854570249958606,-682.3071314377025,2020-01-30
BANKNIFTY30JAN2030700PE,PE,2020-01-30 14:50:00,2020-01-30 15:00:00,70.62612194061279,80.049375,10,188.46506118774414,50.0245196662914,138.44054152145276,2020-01-30
BANKNIFTY06FEB2030900CE,CE,2020-01-31 09:26:00,2020-01-31 09:36:00,540.2973872375488,540.8943750000001,10,11.939755249024984,67.06893703983442,-55.12918179080944,2020-01-31
BANKNIFTY06FEB2030900CE,CE,2020-01-31 09:38:00,2020-01-31 09:48:00,519.1947744750976,505.7325,10,-269.24548950195117,65.95150323716882,-335.19699273912,2020-01-31
BANKNIFTY06FEB2030900CE,CE,2020-01-31 09:49:00,2020-01-31 09:59:00,491.87661888122557,502.3908689117432,10,210.28500061035288,65.53083290139448,144.7541677089584,2020-01-31
BANKNIFTY06FEB2030900CE,CE,2020-01-31 12:57:00,2020-01-31 13:05:00,446.8142622375488,467.82750000000004,8,420.2647552490248,64.13029064733442,356.1344646016904,2020-01-31
BANKNIFTY06FEB2030900CE,CE,2020-01-31 13:22:00,2020-01-31 13:24:00,461.15,461.69288108825685,2,10.857621765137537,64.15917610243832,-53.301554337300786,2020-01-31
BANKNIFTY06FEB2030900PE,PE,2020-01-31 09:15:00,2020-01-31 09:20:00,480.49823776245114,491.4682621765137,5,219.400488281251,65.12379532854224,154.27669295270874,2020-01-31
BANKNIFTY06FEB2030900PE,PE,2020-01-31 11:01:00,2020-01-31 11:10:00,492.22749999999996,535.9567378234864,9,874.5847564697283,66.35163487712335,808.2331215926049,2020-01-31
BANKNIFTY06FEB2030900PE,PE,2020-01-31 13:28:00,2020-01-31 13:36:00,489.97187499999995,488.77500000000003,8,-23.93749999999841,65.17598217625,-89.11348217624841,2020-01-31
BANKNIFTY06FEB2030900PE,PE,2020-01-31 13:40:00,2020-01-31 13:50:00,467.16499999999996,438.99975608825685,10,-563.3048782348624,63.68192556118833,-626.9868037960507,2020-01-31
BANKNIFTY06FEB2030900PE,PE,2020-01-31 14:17:00,2020-01-31 14:27:00,396.4386372375488,414.06225608825685,10,352.4723770141611,62.196679745772734,290.2756972683884,2020-01-31
BANKNIFTY06FEB2030900PE,PE,2020-01-31 14:35:00,2020-01-31 14:40:00,405.6115061187744,428.32649391174317,5,454.2997558593754,62.65759741472888,391.6421584446465,2020-01-31
BANKNIFTY06FEB2030900PE,PE,2020-01-31 15:01:00,2020-01-31 15:03:00,445.61125,490.77000000000004,2,903.1750000000011,64.67338909749999,838.501610902501,2020-01-31
BANKNIFTY06FEB2030600CE,CE,2020-02-01 09:20:00,2020-02-01 09:30:00,518.9441494750977,551.3182621765137,10,647.4822540283208,67.05719941729546,580.4250546110253,2020-02-01
BANKNIFTY06FEB2030600CE,CE,2020-02-01 09:38:00,2020-02-01 09:41:00,536.2873872375488,559.6473628234863,3,467.1995117187498,67.47525857845775,399.72425314029203,2020-02-01
BANKNIFTY06FEB2030600CE,CE,2020-02-01 11:02:00,2020-02-01 11:04:00,577.94125,623.2379878234864,2,905.9347564697282,69.53950243412336,836.3952540356048,2020-02-01
BANKNIFTY06FEB2030600CE,CE,2020-02-01 12:09:00,2020-02-01 12:18:00,551.375,543.4878506469727,9,-157.7429870605465,67.2696435339967,-225.01263059454323,2020-02-01
BANKNIFTY06FEB2030600CE,CE,2020-02-01 12:23:00,2020-02-01 12:24:00,523.305,543.6375,1,406.6500000000019,66.924553093,339.7254469070019,2020-02-01
BANKNIFTY06FEB2030600CE,CE,2020-02-01 12:27:00,2020-02-01 12:30:00,529.8713627624511,570.3704878234863,3,809.9825012207043,67.65637346003894,742.3261277606654,2020-02-01
BANKNIFTY06FEB2030600CE,CE,2020-02-01 12:44:00,2020-02-01 12:54:00,537.4402255249023,512.4157621765137,10,-500.48926696777244,66.34073841870782,-566.8300053864803,2020-02-01
BANKNIFTY06FEB2030600CE,CE,2020-02-01 12:55:00,2020-02-01 13:03:00,474.58349388122554,528.6750000000001,8,1081.8301223754906,65.95531472458279,1015.8748076509079,2020-02-01
BANKNIFTY06FEB2030600CE,CE,2020-02-01 13:07:00,2020-02-01 13:12:00,469.1198872375488,512.3658993530273,5,864.9202423095699,65.4907410205877,799.4295012889821,2020-02-01
BANKNIFTY06FEB2030600CE,CE,2020-02-01 13:15:00,2020-02-01 13:25:00,462.8542622375488,325.53413108825686,10,-2746.402622985839,60.86847820327273,-2807.271101189112,2020-02-01
BANKNIFTY06FEB2030600CE,CE,2020-02-01 13:26:00,2020-02-01 13:32:00,310.4742622375488,268.8761128234863,6,-831.9629882812501,57.59724306220777,-889.5602313434579,2020-02-01
BANKNIFTY06FEB2030600CE,CE,2020-02-01 13:37:00,2020-02-01 13:47:00,252.9808811187744,183.04125000000002,10,-1398.7926223754876,54.7951554231672,-1453.5877777986548,2020-02-01
BANKNIFTY06FEB2030600CE,CE,2020-02-01 13:48:00,2020-02-01 13:49:00,193.2820030593872,190.32300304412843,1,-59.18000030517533,54.23059889005277,-113.41059919522809,2020-02-01
BANKNIFTY06FEB2030600CE,CE,2020-02-01 14:02:00,2020-02-01 14:05:00,247.0661219406128,279.99826217651366,3,658.6428047180175,57.08001640241805,601.5627883155994,2020-02-01
BANKNIFTY06FEB2030600CE,CE,2020-02-01 14:10:00,2020-02-01 14:20:00,247.6676280593872,228.77663108825683,10,-377.81993942260726,55.841594807896925,-433.6615342305042,2020-02-01
BANKNIFTY06FEB2030600CE,CE,2020-02-01 14:25:00,2020-02-01 14:35:00,227.9183811187744,197.15586891174317,10,-615.2502441406244,54.82710729272888,-670.0773514333533,2020-02-01
BANKNIFTY06FEB2030600CE,CE,2020-02-01 14:36:00,2020-02-01 14:46:00,190.475,159.94913108825685,10,-610.5173782348629,53.45692389493833,-663.9743021298012,2020-02-01
BANKNIFTY06FEB2030600CE,CE,2020-02-01 14:47:00,2020-02-01 14:57:00,164.6104969406128,133.76475608825683,10,-616.9148170471192,52.49869539097972,-669.4135124380989,2020-02-01
BANKNIFTY06FEB2030600CE,CE,2020-02-01 14:58:00,2020-02-01 15:04:00,122.054375,134.3632469558716,6,246.1774391174322,51.98455260690584,194.19288651052636,2020-02-01
BANKNIFTY06FEB2030600CE,CE,2020-02-01 15:08:00,2020-02-01 15:18:00,117.44287652969359,92.26875000000001,10,-503.4825305938716,50.9033714883543,-554.3859020822259,2020-02-01
BANKNIFTY06FEB2030600PE,PE,2020-02-01 10:11:00,2020-02-01 10:21:00,411.025,426.93,10,318.1000000000006,62.690884738,255.4091152620006,2020-02-01
BANKNIFTY06FEB2030600PE,PE,2020-02-01 10:23:00,2020-02-01 10:33:00,443.355625,408.975,10,-687.612499999999,62.65581725275,-750.2683172527491,2020-02-01
BANKNIFTY06FEB2030600PE,PE,2020-02-01 10:35:00,2020-02-01 10:42:00,417.44099388122555,422.09211891174317,7,93.02250061035238,62.65291979514447,30.36958081520791,2020-02-01
BANKNIFTY06FEB2030600PE,PE,2020-02-01 10:56:00,2020-02-01 11:02:00,384.25823776245113,431.9673628234863,6,954.1825012207039,62.480871989038945,891.7016292316649,2020-02-01
BANKNIFTY06FEB2030600PE,PE,2020-02-01 11:08:00,2020-02-01 11:09:00,400.04761276245114,399.0,1,-20.952255249022755,61.875147921915584,-82.82740317093834,2020-02-01
BANKNIFTY06FEB2030600PE,PE,2020-02-01 11:12:00,2020-02-01 11:22:00,365.2608811187744,394.16211891174316,10,578.0247558593749,61.32529679822888,516.699459061146,2020-02-01
BANKNIFTY06FEB2030600PE,PE,2020-02-01 11:57:00,2020-02-01 12:04:00,396.03761276245115,412.6158689117432,7,331.5651229858406,62.15651623497726,269.4086067508633,2020-02-01
BANKNIFTY06FEB2030600PE,PE,2020-02-01 12:19:00,2020-02-01 12:29:00,438.2930122375488,415.80788108825686,10,-449.7026229858386,62.75912164327273,-512.4617446291113,2020-02-01
BANKNIFTY06FEB2030600PE,PE,2020-02-01 13:04:00,2020-02-01 13:07:00,383.50636276245115,437.3039939117432,3,1075.952622985841,62.60133707472727,1013.3512859111136,2020-02-01
BANKNIFTY06FEB2030600PE,PE,2020-02-01 13:12:00,2020-02-01 13:17:00,389.72187499999995,475.9571189117432,5,1724.7048782348645,63.618739263811676,1661.0861389710528,2020-02-01
BANKNIFTY06FEB2030600PE,PE,2020-02-01 14:05:00,2020-02-01 14:10:00,498.6936372375488,527.5278506469726,5,576.6842681884771,66.2269466995811,510.45732148889596,2020-02-01
BANKNIFTY06FEB2029900CE,CE,2020-02-03 09:16:00,2020-02-03 09:26:00,293.6823872375488,297.75375,10,81.42725524902403,58.09103561958442,23.33621962943961,2020-02-03
BANKNIFTY06FEB2029900CE,CE,2020-02-03 09:27:00,2020-02-03 09:37:00,284.86036888122555,182.7419969558716,10,-2042.367438507079,55.18393451598864,-2097.5513730230678,2020-02-03
BANKNIFTY06FEB2029900CE,CE,2020-02-03 09:38:00,2020-02-03 09:48:00,193.0815061187744,252.3675,10,1185.7198776245123,55.737253522417205,1129.982624102095,2020-02-03
BANKNIFTY06FEB2029900CE,CE,2020-02-03 09:54:00,2020-02-03 10:00:00,216.43974388122558,254.66175304412843,6,764.440183258057,56.083251418426954,708.3569318396301,2020-02-03
BANKNIFTY06FEB2029900CE,CE,2020-02-03 10:01:00,2020-02-03 10:06:00,245.61249999999998,282.94086891174317,5,746.5673782348637,57.133531974061675,689.4338462608019,2020-02-03
BANKNIFTY06FEB2029900CE,CE,2020-02-03 11:15:00,2020-02-03 11:21:00,275.98823776245115,254.46225608825685,6,-430.51963348388597,56.81820560285391,-487.3378390867399,2020-02-03
BANKNIFTY06FEB2029900CE,CE,2020-02-03 11:30:00,2020-02-03 11:36:00,236.53987194061278,246.03336891174317,6,189.86993942260767,56.12309400510307,133.7468454175046,2020-02-03
BANKNIFTY06FEB2029900CE,CE,2020-02-03 11:49:00,2020-02-03 11:56:00,226.9158811187744,237.90375,7,219.75737762451217,55.80578779416721,163.95158983034497,2020-02-03
BANKNIFTY06FEB2029900PE,PE,2020-02-03 09:48:00,2020-02-03 09:54:00,336.63948776245115,375.65850608825684,6,780.3803665161138,60.51964157885392,719.8607249372599,2020-02-03
BANKNIFTY06FEB2029900PE,PE,2020-02-03 09:59:00,2020-02-03 10:09:00,359.8473872375488,309.97312500000004,10,-997.485244750975,59.21026230333442,-1056.6955070543095,2020-02-03
BANKNIFTY06FEB2029900PE,PE,2020-02-03 10:12:00,2020-02-03 10:22:00,284.45937499999997,265.9335060882569,10,-370.5173782348618,57.20246971993832,-427.7198479548001,2020-02-03
BANKNIFTY06FEB2029900PE,PE,2020-02-03 10:23:00,2020-02-03 10:31:00,259.34676223754883,241.54461891174319,8,-356.0428665161129,56.29725512789609,-412.340121644009,2020-02-03
BANKNIFTY06FEB2029900PE,PE,2020-02-03 10:32:00,2020-02-03 10:40:00,231.27674694061278,266.33250000000004,8,701.1150611877451,56.55145499029139,644.5636061974537,2020-02-03
BANKNIFTY06FEB2029900PE,PE,2020-02-03 10:46:00,2020-02-03 10:56:00,247.4671311187744,241.3451219558716,10,-122.44018325805598,56.14481485857304,-178.58499811662904,2020-02-03
BANKNIFTY06FEB2029900PE,PE,2020-02-03 11:00:00,2020-02-03 11:10:00,242.605,233.46487804412843,10,-182.80243911743128,55.89273378559416,-238.69517290302542,2020-02-03
BANKNIFTY06FEB2029900PE,PE,2020-02-03 11:11:00,2020-02-03 11:15:00,236.28924694061277,279.59923782348636,4,866.1998176574718,56.936423109414754,809.2633945480571,2020-02-03
BANKNIFTY06FEB2029900PE,PE,2020-02-03 11:22:00,2020-02-03 11:26:00,285.76261276245117,299.25,4,269.7477447509766,58.02903769591559,211.71870705506103,2020-02-03
BANKNIFTY06FEB2029900PE,PE,2020-02-03 11:36:00,2020-02-03 11:43:00,303.8577561187744,301.494375,7,-47.26762237548769,58.308435798667205,-105.5760581741549,2020-02-03
BANKNIFTY06FEB2029900PE,PE,2020-02-03 12:43:00,2020-02-03 12:53:00,257.6425,258.7016310882569,10,21.18262176513781,56.693402356938336,-35.510780591800525,2020-02-03
BANKNIFTY06FEB2029900PE,PE,2020-02-03 13:17:00,2020-02-03 13:24:00,244.9608811187744,275.2102439117432,7,604.9872558593756,56.937399891478876,548.0498559678967,2020-02-03
BANKNIFTY06FEB2029900PE,PE,2020-02-03 13:31:00,2020-02-03 13:41:00,263.406875,270.2726371765137,10,137.3152435302734,57.04646516987664,80.26877836039675,2020-02-03
BANKNIFTY06FEB2029900PE,PE,2020-02-03 13:58:00,2020-02-03 14:08:00,253.3317469406128,263.48961891174315,10,203.15743942260724,56.75630838585308,146.40113103675415,2020-02-03
BANKNIFTY06FEB2029900PE,PE,2020-02-03 14:20:00,2020-02-03 14:30:00,255.6375,244.138125,10,-229.98749999999973,56.31425614225,-286.3017561422497,2020-02-03
BANKNIFTY06FEB2029900PE,PE,2020-02-03 14:44:00,2020-02-03 14:54:00,211.3771311187744,193.764375,10,-352.255122375488,54.53911207791721,-406.7942344534052,2020-02-03
BANKNIFTY06FEB2029900PE,PE,2020-02-03 14:55:00,2020-02-03 15:05:00,180.95125,214.4625,10,670.2250000000004,54.664566014500004,615.5604339855004,2020-02-03
BANKNIFTY06FEB2030200CE,CE,2020-02-04 09:26:00,2020-02-04 09:36:00,231.02612194061277,232.41750000000002,10,27.827561187745005,55.72340643154139,-27.895845243796387,2020-02-04
BANKNIFTY06FEB2030200CE,CE,2020-02-04 12:31:00,2020-02-04 12:34:00,468.7188627624511,489.77250000000004,3,421.07274475097825,64.9362060444156,356.13653870656265,2020-02-04
BANKNIFTY06FEB2030200CE,CE,2020-02-04 12:48:00,2020-02-04 12:58:00,441.50099388122555,463.38861282348637,10,437.7523788452163,63.95631101045615,373.79606783476015,2020-02-04
BANKNIFTY06FEB2030200PE,PE,2020-02-04 10:54:00,2020-02-04 11:04:00,91.3778765296936,59.301375761032105,10,-641.5300153732298,49.777665130315334,-691.3076805035452,2020-02-04
BANKNIFTY06FEB2030200PE,PE,2020-02-04 11:15:00,2020-02-04 11:22:00,47.2177484703064,48.07950076103211,7,17.235045814514223,48.95608096460674,-31.72103515009252,2020-02-04
BANKNIFTY06FEB2030200PE,PE,2020-02-04 11:33:00,2020-02-04 11:43:00,45.5135015296936,38.85262576103211,10,-133.21751537322982,48.71047726556534,-181.92799263879516,2020-02-04
BANKNIFTY06FEB2030200PE,PE,2020-02-04 11:44:00,2020-02-04 11:50:00,37.3932492351532,43.54087652206421,6,122.95254573822021,48.723629635369925,74.22891610285029,2020-02-04
BANKNIFTY06FEB2030200PE,PE,2020-02-04 12:05:00,2020-02-04 12:15:00,42.105,45.236623477935794,10,62.63246955871594,48.823413212827916,13.809056345888024,2020-02-04
BANKNIFTY06FEB2030200PE,PE,2020-02-04 13:06:00,2020-02-04 13:16:00,44.4107492351532,47.88,10,69.3850152969361,48.916355352197854,20.46865994473825,2020-02-04
BANKNIFTY06FEB2030200PE,PE,2020-02-04 13:17:00,2020-02-04 13:26:00,46.365624999999994,47.58075076103211,9,24.30251522064225,48.93336312796104,-24.63084790731879,2020-02-04
BANKNIFTY06FEB2030200PE,PE,2020-02-04 13:31:00,2020-02-04 13:41:00,44.0598757648468,40.99724847793579,10,-61.25254573822019,48.74458294563007,-109.99712868385026,2020-02-04
BANKNIFTY06FEB2030200PE,PE,2020-02-04 13:43:00,2020-02-04 13:53:00,40.5010015296936,36.7079992389679,10,-75.86004581451405,48.59603893289326,-124.45608474740732,2020-02-04
BANKNIFTY06FEB2030200PE,PE,2020-02-04 13:54:00,2020-02-04 14:04:00,36.0398757648468,41.39625,10,107.12748470306408,48.65465082705215,58.47283387601193,2020-02-04
BANKNIFTY06FEB2030200PE,PE,2020-02-04 14:15:00,2020-02-04 14:25:00,40.8017507648468,38.9025,10,-37.985015296935956,48.65315347980216,-86.63816877673811,2020-02-04
BANKNIFTY06FEB2030200PE,PE,2020-02-04 14:52:00,2020-02-04 15:02:00,43.6588742351532,42.992248477935796,10,-13.332515144348065,48.78812664502577,-62.120641789373835,2020-02-04
BANKNIFTY06FEB2030200PE,PE,2020-02-04 15:07:00,2020-02-04 15:17:00,38.59625,41.29650152206421,10,54.005030441284276,48.68398395592208,5.321046485362196,2020-02-04
BANKNIFTY06FEB2030700CE,CE,2020-02-05 09:23:00,2020-02-05 09:29:00,212.1290061187744,207.230625,6,-97.96762237548819,54.87600075066721,-152.8436231261554,2020-02-05
BANKNIFTY06FEB2030700CE,CE,2020-02-05 09:31:00,2020-02-05 09:41:00,229.07125,248.02836891174317,10,379.1423782348636,56.07883241556167,323.0635458193019,2020-02-05
BANKNIFTY06FEB2030700CE,CE,2020-02-05 09:52:00,2020-02-05 09:57:00,189.6729969406128,216.55725608825685,5,537.6851829528812,54.823873518979724,482.86130943390145,2020-02-05
BANKNIFTY06FEB2030700CE,CE,2020-02-05 10:11:00,2020-02-05 10:21:00,219.296875,219.45000000000002,10,3.062500000000341,55.26227067625,-52.199770676249656,2020-02-05
BANKNIFTY06FEB2030700CE,CE,2020-02-05 10:25:00,2020-02-05 10:35:00,248.4696311187744,263.5395121765137,10,301.3976211547862,56.69711698754386,244.70050416724231,2020-02-05
BANKNIFTY06FEB2030700CE,CE,2020-02-05 10:45:00,2020-02-05 10:55:00,252.7302561187744,242.79149391174317,10,-198.77524414062464,56.245382791228884,-255.0206269318535,2020-02-05
BANKNIFTY06FEB2030700CE,CE,2020-02-05 10:56:00,2020-02-05 11:06:00,242.605,227.08086891174318,10,-310.4826217651362,55.73745170106169,-366.22007346619785,2020-02-05
BANKNIFTY06FEB2030700CE,CE,2020-02-05 11:19:00,2020-02-05 11:29:00,220.75049694061278,217.455,10,-65.90993881225529,55.231804311791386,-121.14174312404668,2020-02-05
BANKNIFTY06FEB2030700CE,CE,2020-02-05 11:30:00,2020-02-05 11:40:00,208.67036888122558,179.89913108825684,10,-575.424755859375,54.16823169977113,-629.5929875591461,2020-02-05
BANKNIFTY06FEB2030700CE,CE,2020-02-05 11:43:00,2020-02-05 11:53:00,174.8359938812256,176.25824695587158,10,28.445061492919876,53.65932754923864,-25.214266056318763,2020-02-05
BANKNIFTY06FEB2030700CE,CE,2020-02-05 11:54:00,2020-02-05 12:04:00,171.32724388122557,142.09387195587158,10,-584.6674385070799,52.78473565098864,-637.4521741580685,2020-02-05
BANKNIFTY06FEB2030700CE,CE,2020-02-05 12:06:00,2020-02-05 12:16:00,119.6483734703064,132.56774391174318,10,258.38740882873566,51.91098830845738,206.47642052027828,2020-02-05
BANKNIFTY06FEB2030700CE,CE,2020-02-05 12:23:00,2020-02-05 12:32:00,139.3475,166.18350608825685,9,536.720121765137,52.97337872968832,483.74674303544873,2020-02-05
BANKNIFTY06FEB2030700CE,CE,2020-02-05 12:41:00,2020-02-05 12:51:00,173.7332530593872,172.5675,10,-23.315061187744277,53.5558552857086,-76.87091647345288,2020-02-05
BANKNIFTY06FEB2030700CE,CE,2020-02-05 12:52:00,2020-02-05 13:02:00,167.31724388122558,152.21850608825685,10,-301.9747558593747,52.981184565771116,-354.9559404251458,2020-02-05
BANKNIFTY06FEB2030700CE,CE,2020-02-05 13:26:00,2020-02-05 13:36:00,178.94625,208.27800304412844,10,586.635060882569,54.48922746634416,532.1458334162248,2020-02-05
BANKNIFTY06FEB2030700PE,PE,2020-02-05 13:08:00,2020-02-05 13:18:00,105.0620030593872,92.01937500000001,10,-260.8525611877437,50.7434907709586,-311.5960519587023,2020-02-05
BANKNIFTY06FEB2030700PE,PE,2020-02-05 13:19:00,2020-02-05 13:28:00,96.490625,108.27862804412842,9,235.7600608825686,51.032486965844164,184.72757391672445,2020-02-05
BANKNIFTY06FEB2030700PE,PE,2020-02-05 13:37:00,2020-02-05 13:47:00,81.6536219406128,87.43087652206421,10,115.54509162902832,50.34106560571348,65.20402602331484,2020-02-05
BANKNIFTY06FEB2030700PE,PE,2020-02-05 13:55:00,2020-02-05 14:05:00,76.5408734703064,54.862500000000004,10,-433.56746940612777,49.4853667006457,-483.0528361067735,2020-02-05
BANKNIFTY06FEB2030700PE,PE,2020-02-05 14:06:00,2020-02-05 14:12:00,49.22274847030639,52.019626522064215,6,55.93756103515645,49.076828325567774,6.8607327095886745,2020-02-05
BANKNIFTY06FEB2030700PE,PE,2020-02-05 14:17:00,2020-02-05 14:23:00,43.45837347030639,45.9348742389679,6,49.530015373230185,48.85721095568466,0.6728044175455281,2020-02-05
BANKNIFTY06FEB2030700PE,PE,2020-02-05 14:47:00,2020-02-05 14:57:00,32.180248470306395,34.663125,10,49.65753059387211,48.442926522145704,1.2146040717264057,2020-02-05
BANKNIFTY06FEB2030700PE,PE,2020-02-05 15:16:00,2020-02-05 15:24:00,27.719124617576597,28.927500000000002,8,24.167507648468103,48.24799225559892,-24.08048460713082,2020-02-05
BANKNIFTY06FEB2031100CE,CE,2020-02-06 09:30:00,2020-02-06 09:32:00,91.1272515296936,91.1216234779358,2,-0.11256103515592031,50.54853444293222,-50.66109547808814,2020-02-06
BANKNIFTY06FEB2031100CE,CE,2020-02-06 10:59:00,2020-02-06 11:00:00,67.01712347030639,70.62300304412842,1,72.11759147644074,49.750399611989856,22.36719186445088,2020-02-06
BANKNIFTY06FEB2031100CE,CE,2020-02-06 13:10:00,2020-02-06 13:15:00,195.38724388122557,214.36274391174317,5,379.5100006103519,54.84148660089446,324.6685140094574,2020-02-06
BANKNIFTY06FEB2031100CE,CE,2020-02-06 13:56:00,2020-02-06 13:57:00,239.54737194061278,262.14298782348635,1,451.9123176574715,56.55230190866475,395.36001574880675,2020-02-06
BANKNIFTY06FEB2031100CE,CE,2020-02-06 14:04:00,2020-02-06 14:14:00,219.9986219406128,218.95125000000002,10,-20.94743881225554,55.258857504041394,-76.20629631629694,2020-02-06
BANKNIFTY06FEB2031100CE,CE,2020-02-06 14:27:00,2020-02-06 14:37:00,247.61749999999998,205.1857469558716,10,-848.6350608825677,55.26715680765584,-903.9022176902236,2020-02-06
BANKNIFTY06FEB2031100CE,CE,2020-02-06 14:53:00,2020-02-06 15:01:00,205.0613780593872,230.3726219558716,8,506.224877929688,55.35109204386444,450.8737858858235,2020-02-06
BANKNIFTY06FEB2031100CE,CE,2020-02-06 15:21:00,2020-02-06 15:24:00,204.15911888122557,203.1907469558716,3,-19.367438507079555,54.678721681988634,-74.04616018906819,2020-02-06
BANKNIFTY06FEB2031100PE,PE,2020-02-06 09:38:00,2020-02-06 09:47:00,113.0820030593872,119.00175304412842,9,118.39499969482432,51.499436613552774,66.89556308127155,2020-02-06
BANKNIFTY06FEB2031100PE,PE,2020-02-06 10:15:00,2020-02-06 10:16:00,131.52799694061278,147.97913108825685,1,329.0226829528814,52.433436415729716,276.58924653715167,2020-02-06
BANKNIFTY06FEB2031100PE,PE,2020-02-06 11:46:00,2020-02-06 11:56:00,121.50299694061279,41.54587652206421,10,-1599.1424083709717,49.72004991496348,-1648.8624582859352,2020-02-06
BANKNIFTY06FEB2031100PE,PE,2020-02-06 11:57:00,2020-02-06 12:05:00,44.0598757648468,33.3663757610321,8,-213.87000007629396,48.55897265001319,-262.42897272630717,2020-02-06
BANKNIFTY06FEB2031100PE,PE,2020-02-06 12:08:00,2020-02-06 12:13:00,30.977249617576597,34.114500761032104,5,62.74502286911016,48.41463642905997,14.33038644005019,2020-02-06
BANKNIFTY06FEB2031100PE,PE,2020-02-06 12:17:00,2020-02-06 12:22:00,27.1677503824234,29.974874238967896,5,56.14247713088993,48.26661811469003,7.875859016199897,2020-02-06
BANKNIFTY06FEB2031100PE,PE,2020-02-06 12:27:00,2020-02-06 12:37:00,25.9146253824234,14.812875380516052,10,-222.03500003814693,47.8822553955066,-269.9172554336535,2020-02-06
BANKNIFTY06FEB2031100PE,PE,2020-02-06 12:38:00,2020-02-06 12:47:00,14.9873748087883,13.266750190258026,9,-34.41249237060546,47.70889227460222,-82.12138464520768,2020-02-06
BANKNIFTY06FEB2031100PE,PE,2020-02-06 12:53:00,2020-02-06 13:03:00,7.719249808788299,6.034875190258027,10,-33.68749237060545,47.442690762102224,-81.13018313270767,2020-02-06
BANKNIFTY06FEB2031100PE,PE,2020-02-06 13:05:00,2020-02-06 13:08:00,5.41350009560585,6.832874904870987,3,28.38749618530274,47.43345527582388,-19.04595909052114,2020-02-06
BANKNIFTY13FEB2031200CE,CE,2020-02-07 09:57:00,2020-02-07 10:06:00,253.6325,239.25038108825686,9,-287.6423782348627,56.17045929643833,-343.812837531301,2020-02-07
BANKNIFTY13FEB2031200CE,CE,2020-02-07 10:28:00,2020-02-07 10:36:00,226.565,265.43475608825685,8,777.395121765137,56.47108176718833,720.9240399979486,2020-02-07
BANKNIFTY13FEB2031200CE,CE,2020-02-07 12:30:00,2020-02-07 12:33:00,268.06849388122555,274.3125,3,124.88012237548901,57.20264326558279,67.67747910990622,2020-02-07
BANKNIFTY13FEB2031200CE,CE,2020-02-07 12:55:00,2020-02-07 13:05:00,295.4367622375488,296.2575,10,16.414755249023756,58.07643708633441,-41.66168183731065,2020-02-07
BANKNIFTY13FEB2031200CE,CE,2020-02-07 13:20:00,2020-02-07 13:26:00,265.66249999999997,249.42487804412843,6,-324.75243911743064,56.56739559859416,-381.3198347160248,2020-02-07
BANKNIFTY13FEB2031200PE,PE,2020-02-07 09:16:00,2020-02-07 09:25:00,306.4141188812256,332.01788108825684,9,512.075244140625,59.08263657977111,452.9926075608539,2020-02-07
BANKNIFTY13FEB2031200PE,PE,2020-02-07 10:44:00,2020-02-07 10:54:00,300.4492622375488,296.65649391174315,10,-75.85536651611278,58.148415349646086,-134.00378186575887,2020-02-07
BANKNIFTY13FEB2031200PE,PE,2020-02-07 12:45:00,2020-02-07 12:55:00,235.98849388122557,234.1132469558716,10,-37.50493850707926,55.826303626238634,-93.33124213331789,2020-02-07
BANKNIFTY13FEB2031200PE,PE,2020-02-07 13:05:00,2020-02-07 13:15:00,230.3745030593872,241.99350608825685,10,232.38006057739312,55.948233920896925,176.43182665649618,2020-02-07
BANKNIFTY13FEB2031200PE,PE,2020-02-07 14:25:00,2020-02-07 14:35:00,250.57487194061278,239.05086891174318,10,-230.480060577392,56.12761969410308,-286.6076802714951,2020-02-07
BANKNIFTY13FEB2031200PE,PE,2020-02-07 15:06:00,2020-02-07 15:16:00,242.80549694061278,260.5470121765137,10,354.8303047180184,56.55395967716804,298.27634504085034,2020-02-07
BANKNIFTY13FEB2031100CE,CE,2020-02-10 09:16:00,2020-02-10 09:26:00,225.71286888122557,199.4501219558716,10,-525.2549385070796,54.855511384238625,-580.1104498913182,2020-02-10
BANKNIFTY13FEB2031100CE,CE,2020-02-10 10:25:00,2020-02-10 10:35:00,189.0213780593872,176.20836891174318,10,-256.2601829528802,53.834347874520276,-310.0945308274005,2020-02-10
BANKNIFTY13FEB2031100CE,CE,2020-02-10 11:02:00,2020-02-10 11:08:00,185.8133811187744,203.39024391174317,6,351.53725585937536,54.455654058478885,297.08160180089646,2020-02-10
BANKNIFTY13FEB2031100CE,CE,2020-02-10 11:16:00,2020-02-10 11:26:00,191.1767469406128,191.37038108825683,10,3.8726829528809503,54.229920034729716,-50.357237081848766,2020-02-10
BANKNIFTY13FEB2031100CE,CE,2020-02-10 11:59:00,2020-02-10 12:09:00,200.5,215.9088719558716,10,308.1774391174321,54.94261283790585,253.23482627952623,2020-02-10
BANKNIFTY13FEB2031100CE,CE,2020-02-10 12:14:00,2020-02-10 12:24:00,205.8132530593872,218.35274391174318,10,250.78981704711964,55.06806633252028,195.72175071459935,2020-02-10
BANKNIFTY13FEB2031100CE,CE,2020-02-10 12:26:00,2020-02-10 12:36:00,211.8783811187744,196.80675304412844,10,-301.43256149291915,54.61934099401137,-356.05190248693054,2020-02-10
BANKNIFTY13FEB2031100CE,CE,2020-02-10 12:57:00,2020-02-10 13:07:00,202.6052561187744,199.35038108825685,10,-65.09750061035106,54.566005589355534,-119.6635061997066,2020-02-10
BANKNIFTY13FEB2031100CE,CE,2020-02-10 13:14:00,2020-02-10 13:24:00,196.9411219406128,199.4501219558716,10,50.18000030517612,54.49806270894724,-4.3180624037711155,2020-02-10
BANKNIFTY13FEB2031100CE,CE,2020-02-10 13:31:00,2020-02-10 13:41:00,184.66049694061277,188.27812500000002,10,72.35256118774487,54.07374995104139,18.278811236703476,2020-02-10
BANKNIFTY13FEB2031100CE,CE,2020-02-10 13:48:00,2020-02-10 13:58:00,187.216875,180.5475,10,-133.38749999999948,53.91747273925,-187.30497273924948,2020-02-10
BANKNIFTY13FEB2031100CE,CE,2020-02-10 14:01:00,2020-02-10 14:11:00,193.2820030593872,181.19586891174316,10,-241.72268295288063,54.00859413027028,-295.7312770831509,2020-02-10
BANKNIFTY13FEB2031100CE,CE,2020-02-10 14:16:00,2020-02-10 14:26:00,164.41,170.42288108825684,10,120.25762176513695,53.38786206643833,66.86975969869862,2020-02-10
BANKNIFTY13FEB2031100CE,CE,2020-02-10 14:28:00,2020-02-10 14:33:00,165.0115061187744,166.43288108825683,5,28.427499389648574,53.29828377385554,-24.870784384206964,2020-02-10
BANKNIFTY13FEB2031100PE,PE,2020-02-10 11:07:00,2020-02-10 11:17:00,248.31924694061277,250.72163108825686,10,48.0476829528817,56.38347166222972,-8.335788709348016,2020-02-10
BANKNIFTY13FEB2031100PE,PE,2020-02-10 12:02:00,2020-02-10 12:12:00,243.9082530593872,228.97612804412844,10,-298.64250030517496,55.79974232080276,-354.4422426259777,2020-02-10
BANKNIFTY13FEB2031100PE,PE,2020-02-10 12:53:00,2020-02-10 13:03:00,222.55499999999998,227.72925304412843,10,103.48506088256897,55.50412955734417,47.9809313252248,2020-02-10
BANKNIFTY13FEB2031100PE,PE,2020-02-10 14:21:00,2020-02-10 14:26:00,239.3970030593872,254.76149391174317,5,307.2898170471194,56.37088928052029,250.91892776659913,2020-02-10
BANKNIFTY13FEB2031100PE,PE,2020-02-10 14:29:00,2020-02-10 14:39:00,261.80286888122555,244.98600608825686,10,-336.33725585937384,56.41147573952112,-392.74873159889495,2020-02-10
BANKNIFTY13FEB2031100PE,PE,2020-02-10 14:41:00,2020-02-10 14:51:00,240.6,247.38000000000002,10,135.6000000000006,56.20629032800001,79.39370967200058,2020-02-10
BANKNIFTY13FEB2031100PE,PE,2020-02-10 14:58:00,2020-02-10 15:08:00,245.1613780593872,226.78163108825686,10,-367.5949394226069,55.76193257839693,-423.3568720010038,2020-02-10
BANKNIFTY13FEB2031300CE,CE,2020-02-11 09:15:00,2020-02-11 09:25:00,172.7307530593872,204.98625,10,645.109938812256,54.33194133420861,590.7779974780474,2020-02-11
BANKNIFTY13FEB2031300CE,CE,2020-02-11 13:08:00,2020-02-11 13:12:00,210.5751280593872,217.55475608825685,4,139.5925605773931,55.107816026146935,84.48474455124617,2020-02-11
BANKNIFTY13FEB2031300CE,CE,2020-02-11 13:47:00,2020-02-11 13:57:00,229.22161888122557,225.435,10,-75.73237762451129,55.531148470332795,-131.26352609484408,2020-02-11
BANKNIFTY13FEB2031300CE,CE,2020-02-11 14:00:00,2020-02-11 14:10:00,218.8457530593872,221.44500000000002,10,51.98493881225659,55.3051916997086,-3.320252887452014,2020-02-11
BANKNIFTY13FEB2031300CE,CE,2020-02-11 14:11:00,2020-02-11 14:21:00,219.94849388122557,184.38788108825685,10,-711.2122558593745,54.41752917302112,-765.6297850323956,2020-02-11
BANKNIFTY13FEB2031300CE,CE,2020-02-11 14:34:00,2020-02-11 14:44:00,183.7582530593872,176.10862804412844,10,-152.99250030517499,53.76653485780276,-206.75903516297774,2020-02-11
BANKNIFTY13FEB2031300CE,CE,2020-02-11 14:55:00,2020-02-11 15:05:00,179.1467469406128,174.11362804412843,10,-100.66237792968707,53.66071776838555,-154.32309569807262,2020-02-11
BANKNIFTY13FEB2031300PE,PE,2020-02-11 09:24:00,2020-02-11 09:34:00,162.8059938812256,134.21362804412843,10,-571.8473167419432,52.48719514867695,-624.3345118906202,2020-02-11
BANKNIFTY13FEB2031300PE,PE,2020-02-11 10:41:00,2020-02-11 10:44:00,129.82375,126.13387195587158,3,-73.79756088256812,51.88090818840583,-125.67846907097396,2020-02-11
BANKNIFTY13FEB2031300PE,PE,2020-02-11 12:28:00,2020-02-11 12:38:00,140.35,126.0341234779358,10,-286.317530441284,52.00925586582791,-338.32678630711195,2020-02-11
BANKNIFTY13FEB2031300PE,PE,2020-02-11 12:49:00,2020-02-11 12:59:00,134.43525611877442,128.57774391174317,10,-117.15024414062498,51.99764345972888,-169.14788760035384,2020-02-11
BANKNIFTY13FEB2031300PE,PE,2020-02-11 13:00:00,2020-02-11 13:09:00,129.67338111877442,136.6575,9,139.68237762451167,52.13501258466721,87.54736503984446,2020-02-11
BANKNIFTY13FEB2031300PE,PE,2020-02-11 13:12:00,2020-02-11 13:22:00,128.26987194061277,130.52288108825684,10,45.06018295288129,51.968359931479725,-6.9081769785984335,2020-02-11
BANKNIFTY13FEB2031300PE,PE,2020-02-11 13:28:00,2020-02-11 13:38:00,132.83124999999998,121.2959984779358,10,-230.70503044128372,51.80059766607792,-282.50562810736164,2020-02-11
BANKNIFTY13FEB2031300PE,PE,2020-02-11 13:40:00,2020-02-11 13:42:00,118.29499999999999,122.69250000000001,2,87.95000000000044,51.653973055,36.29602694500044,2020-02-11
BANKNIFTY13FEB2031300PE,PE,2020-02-11 15:04:00,2020-02-11 15:14:00,142.25474388122558,122.44312500000001,10,-396.2323776245114,51.945573631332785,-448.17795125584416,2020-02-11
BANKNIFTY13FEB2031400CE,CE,2020-02-12 11:37:00,2020-02-12 11:41:00,187.4675,189.4751219558716,4,40.15243911743198,54.13773830940583,-13.985299191973851,2020-02-12
BANKNIFTY13FEB2031400CE,CE,2020-02-12 12:18:00,2020-02-12 12:28:00,168.4701280593872,176.90663108825686,10,168.73006057739303,53.59601161489692,115.13404896249611,2020-02-12
BANKNIFTY13FEB2031400CE,CE,2020-02-12 14:52:00,2020-02-12 14:55:00,188.62036888122557,191.4701219558716,3,56.99506149292063,54.200586673238625,2.7944748196820015,2020-02-12
BANKNIFTY13FEB2031400PE,PE,2020-02-12 09:15:00,2020-02-12 09:25:00,102.85649847030639,82.8922484779358,10,-399.28499984741194,50.494085889473624,-449.7790857368856,2020-02-12
BANKNIFTY13FEB2031400PE,PE,2020-02-12 09:42:00,2020-02-12 09:48:00,78.195,87.23137195587158,6,180.72743911743174,50.293244400905834,130.4341947165259,2020-02-12
BANKNIFTY13FEB2031400PE,PE,2020-02-12 09:55:00,2020-02-12 10:05:00,77.4932530593872,73.4658765220642,10,-80.54753074645987,49.949699772880685,-130.49723051934055,2020-02-12
BANKNIFTY13FEB2031400PE,PE,2020-02-12 10:08:00,2020-02-12 10:18:00,70.2752484703064,62.4434984779358,10,-156.63499984741193,49.59192225647362,-206.22692210388556,2020-02-12
BANKNIFTY13FEB2031400PE,PE,2020-02-12 10:31:00,2020-02-12 10:39:00,61.8041265296936,61.745251522064216,8,-1.1775001525876405,49.469696546276374,-50.647196698864015,2020-02-12
BANKNIFTY13FEB2031400PE,PE,2020-02-12 11:07:00,2020-02-12 11:17:00,67.86924694061278,69.52574695587158,10,33.130000305176,49.73429683494724,-16.60429652977124,2020-02-12
BANKNIFTY13FEB2031400PE,PE,2020-02-12 11:28:00,2020-02-12 11:38:00,70.175,66.33375000000001,10,-76.82499999999976,49.685301731500005,-126.51030173149977,2020-02-12
BANKNIFTY13FEB2031400PE,PE,2020-02-12 12:38:00,2020-02-12 12:48:00,67.86924694061278,64.4384984779358,10,-68.61496925353975,49.610556637869315,-118.22552589140906,2020-02-12
BANKNIFTY13FEB2031400PE,PE,2020-02-12 13:06:00,2020-02-12 13:16:00,69.423125,70.62300304412842,10,23.997560882568507,49.78029081259416,-25.782729930025653,2020-02-12
BANKNIFTY13FEB2031400PE,PE,2020-02-12 13:20:00,2020-02-12 13:30:00,70.425625,68.67787347793579,10,-34.95503044128412,49.745432918077924,-84.70046335936205,2020-02-12
BANKNIFTY13FEB2031400PE,PE,2020-02-12 13:32:00,2020-02-12 13:39:00,66.66624999999999,76.6578734779358,7,199.83246955871607,49.892830274827915,149.93963928388814,2020-02-12
BANKNIFTY13FEB2031400PE,PE,2020-02-12 14:37:00,2020-02-12 14:47:00,49.7741265296936,50.57325076103211,10,15.98248462677006,49.04849736056534,-33.06601273379528,2020-02-12
BANKNIFTY13FEB2031400PE,PE,2020-02-12 14:56:00,2020-02-12 15:05:00,50.62625,52.76775152206421,9,42.83003044128421,49.112461960422074,-6.282431519137866,2020-02-12
BANKNIFTY13FEB2031500CE,CE,2020-02-13 09:35:00,2020-02-13 09:45:00,41.6538742351532,31.770375380516054,10,-197.66997709274284,48.49026097455337,-246.1602380672962,2020-02-13
BANKNIFTY13FEB2031500CE,CE,2020-02-13 09:51:00,2020-02-13 10:01:00,24.2605007648468,16.159500761032106,10,-162.02000007629385,47.89445999001318,-209.91446006630704,2020-02-13
BANKNIFTY13FEB2031500CE,CE,2020-02-13 10:55:00,2020-02-13 11:05:00,14.8370001912117,15.361499619483949,10,10.489988565444968,47.75797592772002,-37.26798736227505,2020-02-13
BANKNIFTY13FEB2031500PE,PE,2020-02-13 09:20:00,2020-02-13 09:30:00,136.9415061187744,128.72737804412841,10,-164.28256149291997,52.032419748011364,-216.31498124093133,2020-02-13
BANKNIFTY13FEB2031500PE,PE,2020-02-13 11:04:00,2020-02-13 11:14:00,200.3997438812256,180.94649391174318,10,-389.0649993896483,54.09095639739447,-443.1559557870427,2020-02-13
BANKNIFTY20FEB2031400CE,CE,2020-02-14 09:21:00,2020-02-14 09:31:00,246.26411888122558,255.26024391174317,10,179.9225006103518,56.46833497614447,123.45416563420733,2020-02-14
BANKNIFTY20FEB2031400CE,CE,2020-02-14 09:41:00,2020-02-14 09:51:00,229.1715061187744,219.10086891174316,10,-201.4127441406248,55.376457018478874,-256.78920115910364,2020-02-14
BANKNIFTY20FEB2031400CE,CE,2020-02-14 09:53:00,2020-02-14 10:03:00,219.54749999999999,208.97625000000002,10,-211.42499999999927,55.0106250355,-266.43562503549924,2020-02-14
BANKNIFTY20FEB2031400CE,CE,2020-02-14 10:04:00,2020-02-14 10:14:00,205.3621311187744,204.4875,10,-17.492622375488054,54.725209127167204,-72.21783150265526,2020-02-14
BANKNIFTY20FEB2031400CE,CE,2020-02-14 10:17:00,2020-02-14 10:27:00,203.3070030593872,207.230625,10,78.47243881225609,54.76639971345861,23.706039098797476,2020-02-14
BANKNIFTY20FEB2031400CE,CE,2020-02-14 10:28:00,2020-02-14 10:38:00,205.5125,202.6919969558716,10,-56.41006088256802,54.68340415215583,-111.09346503472385,2020-02-14
BANKNIFTY20FEB2031400CE,CE,2020-02-14 10:39:00,2020-02-14 10:49:00,201.3020030593872,161.64487804412843,10,-793.1425003051754,53.632680920802756,-846.7751812259781,2020-02-14
BANKNIFTY20FEB2031400CE,CE,2020-02-14 10:50:00,2020-02-14 11:00:00,157.6932530593872,87.82987804412842,10,-1397.2675003051754,51.295456720302774,-1448.5629570254782,2020-02-14
BANKNIFTY20FEB2031400CE,CE,2020-02-14 11:08:00,2020-02-14 11:18:00,71.3278765296936,85.68525152206422,10,287.14749984741246,50.17032279077638,236.9771770566361,2020-02-14
BANKNIFTY20FEB2031400CE,CE,2020-02-14 11:36:00,2020-02-14 11:46:00,120.550625,117.0566234779358,10,-69.8800304412839,51.54491123157791,-121.42494167286182,2020-02-14
BANKNIFTY20FEB2031400CE,CE,2020-02-14 11:47:00,2020-02-14 11:57:00,115.23737194061279,110.92199695587159,10,-86.30749969482395,51.32968529919723,-137.63718499402117,2020-02-14
BANKNIFTY20FEB2031400CE,CE,2020-02-14 11:59:00,2020-02-14 12:03:00,110.37524847030639,115.16137195587159,4,95.72246971130397,51.372397083801545,44.35007262750243,2020-02-14
BANKNIFTY20FEB2031400CE,CE,2020-02-14 12:14:00,2020-02-14 12:24:00,114.23487194061279,110.52300304412843,10,-74.23737792968723,51.307525671885564,-125.5449036015728,2020-02-14
BANKNIFTY20FEB2031400CE,CE,2020-02-14 12:26:00,2020-02-14 12:36:00,111.67850152969359,107.13150152206421,10,-90.94000015258757,51.19327282202639,-142.13327297461396,2020-02-14
BANKNIFTY20FEB2031400CE,CE,2020-02-14 12:38:00,2020-02-14 12:48:00,105.86399847030638,105.38587652206421,10,-9.562438964843523,51.078575877567786,-60.64101484241131,2020-02-14
BANKNIFTY20FEB2031400CE,CE,2020-02-14 12:50:00,2020-02-14 12:55:00,102.70612194061279,106.483125,5,75.54006118774424,51.066032715791394,24.47402847195285,2020-02-14
BANKNIFTY20FEB2031400CE,CE,2020-02-14 12:59:00,2020-02-14 13:09:00,100.75125,106.63275152206421,10,117.63003044128425,51.04538562442208,66.58464481686217,2020-02-14
BANKNIFTY20FEB2031400CE,CE,2020-02-14 13:10:00,2020-02-14 13:20:00,105.56325305938721,104.03925304412843,10,-30.480000305175565,51.04208480605277,-81.52208511122834,2020-02-14
BANKNIFTY20FEB2031400CE,CE,2020-02-14 13:23:00,2020-02-14 13:33:00,97.2926280593872,94.41337652206421,10,-57.58503074645972,50.70519789913069,-108.29022864559042,2020-02-14
BANKNIFTY20FEB2031400CE,CE,2020-02-14 13:35:00,2020-02-14 13:45:00,89.2225,89.3759984779358,10,3.069969558715968,50.482410687577925,-47.41244112886196,2020-02-14
BANKNIFTY20FEB2031400CE,CE,2020-02-14 13:53:00,2020-02-14 14:03:00,90.475625,98.25375000000001,10,155.56250000000034,50.713917888249995,104.84858211175035,2020-02-14
BANKNIFTY20FEB2031400CE,CE,2020-02-14 14:11:00,2020-02-14 14:21:00,92.12975152969359,94.66275152206421,10,50.659999847412394,50.64712208402638,0.012877763386015317,2020-02-14
BANKNIFTY20FEB2031400CE,CE,2020-02-14 14:22:00,2020-02-14 14:32:00,94.5858734703064,83.69025152206422,10,-217.9124389648436,50.410745259567776,-268.32318422441136,2020-02-14
BANKNIFTY20FEB2031400CE,CE,2020-02-14 14:33:00,2020-02-14 14:43:00,86.26512805938721,75.16162347793579,10,-222.07009162902835,50.099924709786514,-272.1700163388149,2020-02-14
BANKNIFTY20FEB2031400CE,CE,2020-02-14 14:44:00,2020-02-14 14:54:00,71.1775,75.11175304412842,10,78.68506088256851,49.91126902534417,28.77379185722434,2020-02-14
BANKNIFTY20FEB2031400CE,CE,2020-02-14 15:05:00,2020-02-14 15:15:00,77.1925,79.4508765220642,10,45.167530441284214,50.091540083172085,-4.924009641887871,2020-02-14
BANKNIFTY20FEB2031400CE,CE,2020-02-14 15:18:00,2020-02-14 15:23:00,77.8441265296936,77.25637195587159,5,-11.755091476440214,50.04625737926014,-61.801348855700354,2020-02-14
BANKNIFTY20FEB2031400PE,PE,2020-02-14 09:31:00,2020-02-14 09:41:00,201.9034938812256,225.13574695587158,10,464.6450614929199,55.184480101238634,409.4605813916813,2020-02-14
BANKNIFTY20FEB2031400PE,PE,2020-02-14 09:51:00,2020-02-14 09:57:00,235.23661888122558,244.73663108825684,6,190.00024414062523,56.07536157827112,133.9248825623541,2020-02-14
BANKNIFTY20FEB2031400PE,PE,2020-02-14 11:00:00,2020-02-14 11:10:00,571.425,631.8663871765137,10,1208.8277435302757,69.66842088512665,1139.1593226451491,2020-02-14
BANKNIFTY20FEB2031400PE,PE,2020-02-14 11:14:00,2020-02-14 11:24:00,614.4823872375488,580.5450000000001,10,-678.7477447509741,68.95502774808442,-747.7027724990585,2020-02-14
BANKNIFTY20FEB2031400PE,PE,2020-02-14 11:26:00,2020-02-14 11:35:00,567.164375,467.12923782348633,9,-2000.7027435302723,65.60848805837335,-2066.3112315886456,2020-02-14
BANKNIFTY20FEB2031400PE,PE,2020-02-14 11:41:00,2020-02-14 11:43:00,431.22536888122556,467.4783689117432,2,725.0600006103525,63.92812834689447,661.131872263458,2020-02-14
BANKNIFTY20FEB2031400PE,PE,2020-02-14 13:47:00,2020-02-14 13:52:00,525.560625,535.15875,5,191.9625000000019,66.74634235225,125.21615764775191,2020-02-14
BANKNIFTY20FEB2031400PE,PE,2020-02-14 13:55:00,2020-02-14 14:05:00,511.9266188812256,497.05423782348635,10,-297.44762115478466,65.65012000145614,-363.0977411562408,2020-02-14
BANKNIFTY20FEB2030900CE,CE,2020-02-17 09:16:00,2020-02-17 09:23:00,276.4894877624512,167.48024391174317,7,-2180.18487701416,54.70871726097726,-2234.8935942751373,2020-02-17
BANKNIFTY20FEB2030900CE,CE,2020-02-17 09:25:00,2020-02-17 09:35:00,158.09424694061278,170.72211891174317,10,252.55743942260779,53.31667621785307,199.24076320475473,2020-02-17
BANKNIFTY20FEB2030900CE,CE,2020-02-17 09:50:00,2020-02-17 10:00:00,183.60786888122558,207.97875000000002,10,487.4176223754887,54.539862643332796,432.8777597321559,2020-02-17
BANKNIFTY20FEB2030900CE,CE,2020-02-17 10:04:00,2020-02-17 10:14:00,186.06400611877442,185.68461891174317,10,-7.587744140624864,54.02810318297888,-61.615847323603745,2020-02-17
BANKNIFTY20FEB2030900CE,CE,2020-02-17 10:15:00,2020-02-17 10:25:00,170.9763780593872,177.7544969558716,10,135.56237792968773,53.64777141261444,81.91460651707328,2020-02-17
BANKNIFTY20FEB2030900CE,CE,2020-02-17 10:48:00,2020-02-17 10:52:00,205.5125,188.27812500000002,4,-344.68749999999943,54.33280689624999,-399.0203068962494,2020-02-17
BANKNIFTY20FEB2030900CE,CE,2020-02-17 12:20:00,2020-02-17 12:30:00,168.8711219406128,163.59,10,-105.62243881225584,53.2770849945414,-158.89952380679722,2020-02-17
BANKNIFTY20FEB2030900CE,CE,2020-02-17 13:20:00,2020-02-17 13:25:00,146.46525611877442,149.52524391174316,5,61.19975585937482,52.65661797872889,8.54313788064593,2020-02-17
BANKNIFTY20FEB2030900CE,CE,2020-02-17 14:35:00,2020-02-17 14:37:00,133.6833811187744,134.3632469558716,2,13.597316741943928,52.129026727323044,-38.531709985379116,2020-02-17
BANKNIFTY20FEB2030900CE,CE,2020-02-17 14:46:00,2020-02-17 14:56:00,139.29737194061278,157.10625000000002,10,356.1775611877448,52.7519644125414,303.4255967752034,2020-02-17
BANKNIFTY20FEB2030900CE,CE,2020-02-17 15:01:00,2020-02-17 15:11:00,154.1845030593872,149.52524391174316,10,-93.18518295288072,52.75251881502029,-145.93770176790102,2020-02-17
BANKNIFTY20FEB2030900PE,PE,2020-02-17 09:38:00,2020-02-17 09:42:00,266.66499999999996,281.3448628234863,4,293.5972564697272,57.356259199373355,236.24099727035383,2020-02-17
BANKNIFTY20FEB2030900PE,PE,2020-02-17 10:33:00,2020-02-17 10:43:00,303.25624999999997,297.40461891174317,10,-117.0326217651359,58.201485336061666,-175.23410710119757,2020-02-17
BANKNIFTY20FEB2030900PE,PE,2020-02-17 11:16:00,2020-02-17 11:26:00,273.5321311187744,253.21538108825686,10,-406.3350006103502,56.75736342760553,-463.09236403795575,2020-02-17
BANKNIFTY20FEB2030900PE,PE,2020-02-17 11:27:00,2020-02-17 11:32:00,253.6325,266.63173782348633,5,259.9847564697268,56.83647246512336,203.14828400460343,2020-02-17
BANKNIFTY20FEB2030900PE,PE,2020-02-17 13:15:00,2020-02-17 13:21:00,299.6973872375488,320.1975,6,410.0022552490236,58.71167637108441,351.2905788779392,2020-02-17
BANKNIFTY20FEB2030900PE,PE,2020-02-17 13:25:00,2020-02-17 13:28:00,322.05312499999997,330.3221189117432,3,165.37987823486446,59.235682295311676,106.14419593955279,2020-02-17
BANKNIFTY20FEB2030900PE,PE,2020-02-17 13:46:00,2020-02-17 13:49:00,290.72499999999997,300.1477439117432,3,188.4548782348645,58.11252477381167,130.34235346105282,2020-02-17
BANKNIFTY20FEB2030900PE,PE,2020-02-17 14:05:00,2020-02-17 14:15:00,314.73488723754883,329.72361282348635,10,299.7745117187503,59.13020561395777,240.64430610479255,2020-02-17
BANKNIFTY20FEB2030900PE,PE,2020-02-17 14:37:00,2020-02-17 14:47:00,328.2184938812256,321.49423782348634,10,-134.4851211547848,59.09755252370614,-193.58267367849095,2020-02-17
BANKNIFTY20FEB2030900PE,PE,2020-02-17 14:48:00,2020-02-17 14:51:00,309.52187499999997,309.225,3,-5.937499999998863,58.56684117625,-64.50434117624886,2020-02-17
BANKNIFTY20FEB2030900PE,PE,2020-02-17 15:05:00,2020-02-17 15:15:00,300.75,302.74125000000004,10,39.82500000000073,58.30015476850001,-18.47515476849928,2020-02-17
BANKNIFTY20FEB2030900PE,PE,2020-02-17 15:16:00,2020-02-17 15:20:00,298.64474388122557,296.9058689117432,4,-34.777499389647346,58.13206243314447,-92.90956182279182,2020-02-17
BANKNIFTY20FEB2030600CE,CE,2020-02-18 09:15:00,2020-02-18 09:25:00,212.22924694061277,152.01899391174317,10,-1204.205060577392,53.53430047260307,-1257.739361049995,2020-02-18
BANKNIFTY20FEB2030600CE,CE,2020-02-18 09:38:00,2020-02-18 09:42:00,150.1745030593872,147.43050304412841,4,-54.88000030517583,52.65174854005278,-107.5317488452286,2020-02-18
BANKNIFTY20FEB2030600CE,CE,2020-02-18 10:19:00,2020-02-18 10:27:00,129.2723719406128,120.7972484779358,8,-169.50246925354008,51.74425219311932,-221.24672144665942,2020-02-18
BANKNIFTY20FEB2030600CE,CE,2020-02-18 10:38:00,2020-02-18 10:46:00,117.24237194061278,100.89712652206421,8,-326.90490837097144,51.11075367871348,-378.0156620496849,2020-02-18
BANKNIFTY20FEB2030600CE,CE,2020-02-18 11:08:00,2020-02-18 11:18:00,100.5507530593872,103.19137195587159,10,52.81237792968767,50.95918799061444,1.853189939073232,2020-02-18
BANKNIFTY20FEB2030600CE,CE,2020-02-18 11:21:00,2020-02-18 11:30:00,98.24499999999999,96.75750000000001,9,-29.74999999999966,50.774047309,-80.52404730899966,2020-02-18
BANKNIFTY20FEB2030600CE,CE,2020-02-18 11:46:00,2020-02-18 11:56:00,100.3502484703064,94.7625,10,-111.75496940612788,50.751676491895694,-162.50664589802358,2020-02-18
BANKNIFTY20FEB2030600CE,CE,2020-02-18 12:01:00,2020-02-18 12:11:00,93.3828765296936,84.6378734779358,10,-174.9000610351561,50.41884928418222,-225.31891031933833,2020-02-18
BANKNIFTY20FEB2030600CE,CE,2020-02-18 12:20:00,2020-02-18 12:28:00,77.4932530593872,75.95962652206421,8,-30.672530746459756,50.01035675038069,-80.68288749684044,2020-02-18
BANKNIFTY20FEB2030600CE,CE,2020-02-18 12:30:00,2020-02-18 12:40:00,75.1373719406128,77.20650152206422,10,41.38259162902841,50.01141671446348,-8.628825085435068,2020-02-18
BANKNIFTY20FEB2030600CE,CE,2020-02-18 12:45:00,2020-02-18 12:49:00,74.936875,80.34862804412842,4,108.23506088256835,50.08535364934416,58.14970723322419,2020-02-18
BANKNIFTY20FEB2030600CE,CE,2020-02-18 13:04:00,2020-02-18 13:14:00,75.438125,74.41349847793579,10,-20.492530441284202,49.947217261327914,-70.43974770261212,2020-02-18
BANKNIFTY20FEB2030600CE,CE,2020-02-18 13:21:00,2020-02-18 13:31:00,66.0647515296936,60.8973742389679,10,-103.34754581451392,49.502005419143266,-152.8495512336572,2020-02-18
BANKNIFTY20FEB2030600PE,PE,2020-02-18 10:46:00,2020-02-18 10:56:00,298.8452561187744,288.526875,10,-206.36762237548737,57.9307462206672,-264.29836859615455,2020-02-18
BANKNIFTY20FEB2030600PE,PE,2020-02-18 12:58:00,2020-02-18 13:02:00,316.2386372375488,333.5639939117432,4,346.5071334838876,59.24229949589609,287.26483398799155,2020-02-18
BANKNIFTY20FEB2030600PE,PE,2020-02-18 14:23:00,2020-02-18 14:33:00,304.3590061187744,297.85350608825684,10,-130.11000061035134,58.226104089105526,-188.33610469945685,2020-02-18
BANKNIFTY20FEB2030600PE,PE,2020-02-18 14:57:00,2020-02-18 15:07:00,273.6323872375488,229.32524391174317,10,-886.1428665161128,56.17751482889608,-942.3203813450089,2020-02-18
BANKNIFTY20FEB2030600PE,PE,2020-02-18 15:08:00,2020-02-18 15:18:00,218.9961219406128,165.43538108825683,10,-1071.2148170471191,53.944704255979715,-1125.159521303099,2020-02-18
BANKNIFTY20FEB2030600PE,PE,2020-02-18 15:22:00,2020-02-18 15:24:00,162.9563780593872,153.0663719558716,2,-197.80012207031177,52.94763006336444,-250.74775213367622,2020-02-18
BANKNIFTY20FEB2030900CE,CE,2020-02-19 09:33:00,2020-02-19 09:38:00,88.470625,90.97199695587159,5,50.02743911743181,50.511890121905836,-0.48445100447402467,2020-02-19
BANKNIFTY20FEB2030900CE,CE,2020-02-19 09:47:00,2020-02-19 09:57:00,81.1022515296936,77.555625,10,-70.93253059387195,50.0940139323543,-121.02654452622625,2020-02-19
BANKNIFTY20FEB2030900CE,CE,2020-02-19 10:03:00,2020-02-19 10:12:00,72.28024847030639,68.32875,9,-79.0299694061278,49.759982078395694,-128.7899514845235,2020-02-19
BANKNIFTY20FEB2030900CE,CE,2020-02-19 10:24:00,2020-02-19 10:33:00,61.403124999999996,58.9522484779358,9,-49.01753044128398,49.396778774827915,-98.41430921611189,2020-02-19
BANKNIFTY20FEB2030900CE,CE,2020-02-19 13:54:00,2020-02-19 14:04:00,73.73387805938721,79.35112804412842,10,112.34499969482414,50.046145305552756,62.29885438927138,2020-02-19
BANKNIFTY20FEB2030900CE,CE,2020-02-19 15:19:00,2020-02-19 15:24:00,94.8364984703064,99.25125,5,88.29503059387207,50.792358426895696,37.502672166976375,2020-02-19
BANKNIFTY20FEB2030900PE,PE,2020-02-19 09:43:00,2020-02-19 09:47:00,194.9361219406128,234.41250000000002,4,789.5275611877446,55.3235642895414,734.2039968982032,2020-02-19
BANKNIFTY20FEB2030900PE,PE,2020-02-19 10:13:00,2020-02-19 10:18:00,237.04112194061278,248.37750000000003,5,226.72756118774487,56.18633904154141,170.54122214620347,2020-02-19
BANKNIFTY20FEB2030900PE,PE,2020-02-19 10:34:00,2020-02-19 10:44:00,250.2240061187744,261.24524391174316,10,220.42475585937495,56.66310777722889,163.76164808214605,2020-02-19
BANKNIFTY20FEB2030900PE,PE,2020-02-19 10:46:00,2020-02-19 10:56:00,244.4596311187744,241.3451219558716,10,-62.29018325805612,56.107450881573044,-118.39763413962916,2020-02-19
BANKNIFTY20FEB2030900PE,PE,2020-02-19 11:00:00,2020-02-19 11:10:00,225.3620030593872,241.49475608825685,10,322.6550605773929,55.87382923039692,266.7812313469959,2020-02-19
BANKNIFTY20FEB2030900PE,PE,2020-02-19 11:36:00,2020-02-19 11:46:00,243.35687499999997,242.19300304412843,10,-23.277439117430845,56.114374201094165,-79.39181331852501,2020-02-19
BANKNIFTY20FEB2030900PE,PE,2020-02-19 11:47:00,2020-02-19 11:57:00,231.47724388122558,240.64687500000002,10,183.39262237548894,55.92917901583279,127.46344335965615,2020-02-19
BANKNIFTY20FEB2030900PE,PE,2020-02-19 12:00:00,2020-02-19 12:10:00,235.4371311187744,233.41500000000002,10,-40.442622375487645,55.802469836167205,-96.24509221165485,2020-02-19
BANKNIFTY20FEB2030900PE,PE,2020-02-19 12:12:00,2020-02-19 12:22:00,234.58499999999998,213.61461891174318,10,-419.407621765136,55.31026675056168,-474.7178885156977,2020-02-19
BANKNIFTY20FEB2030900PE,PE,2020-02-19 12:26:00,2020-02-19 12:34:00,186.41487194061278,193.764375,8,146.99006118774435,54.2289909547914,92.76107023295295,2020-02-19
BANKNIFTY20FEB2030900PE,PE,2020-02-19 12:41:00,2020-02-19 12:51:00,171.62799694061277,163.59,10,-160.75993881225543,53.311335306791406,-214.07127411904685,2020-02-19
BANKNIFTY20FEB2030900PE,PE,2020-02-19 13:10:00,2020-02-19 13:20:00,164.66062499999998,169.17600608825686,10,90.30762176513747,53.360647242438326,36.94697452269914,2020-02-19
BANKNIFTY20FEB2030900PE,PE,2020-02-19 13:42:00,2020-02-19 13:46:00,203.5075,222.3926219558716,4,377.70243911743194,55.137684956405835,322.5647541610261,2020-02-19
BANKNIFTY20FEB2030900PE,PE,2020-02-19 14:08:00,2020-02-19 14:18:00,182.6053688812256,183.68961891174317,10,21.685000610351608,53.93660887539448,-32.25160826504287,2020-02-19
BANKNIFTY20FEB2030900PE,PE,2020-02-19 14:45:00,2020-02-19 14:55:00,171.62799694061277,147.53024391174318,10,-481.9550605773918,52.920704223603074,-534.8757648009948,2020-02-19
BANKNIFTY20FEB2030700CE,CE,2020-02-20 14:59:00,2020-02-20 15:09:00,226.4146311187744,242.49225608825685,10,321.55249938964914,55.91116945135553,265.6413299382936,2020-02-20
BANKNIFTY20FEB2030700PE,PE,2020-02-20 09:52:00,2020-02-20 10:02:00,27.117624235153198,29.4761242389679,10,47.170000076294016,48.2538639719868,-1.0838638956927866,2020-02-20
BANKNIFTY20FEB2030700PE,PE,2020-02-20 10:10:00,2020-02-20 10:20:00,25.313125,16.558500380516055,10,-175.0924923896789,47.91724247960552,-223.00973486928444,2020-02-20
BANKNIFTY20FEB2030700PE,PE,2020-02-20 10:21:00,2020-02-20 10:31:00,11.779375,12.718125,10,18.775000000000013,47.655692828499994,-28.88069282849998,2020-02-20
BANKNIFTY20FEB2030700PE,PE,2020-02-20 10:47:00,2020-02-20 10:57:00,10.5763751912117,8.029875190258027,10,-50.930000019073454,47.5267121270033,-98.45671214607675,2020-02-20
BANKNIFTY20FEB2030700PE,PE,2020-02-20 11:06:00,2020-02-20 11:07:00,6.766875,7.082249904870987,1,6.307498097419746,47.45633476203613,-41.14883666461638,2020-02-20
BANKNIFTY27FEB2030500CE,CE,2020-02-24 14:28:00,2020-02-24 14:30:00,225.6627561187744,233.41500000000002,2,155.0448776245122,55.6810369109172,99.363840713595,2020-02-24
BANKNIFTY27FEB2030500CE,CE,2020-02-24 14:35:00,2020-02-24 14:45:00,210.32450305938718,212.4675,10,42.85993881225636,54.9809619792086,-12.121023166952241,2020-02-24
BANKNIFTY27FEB2030500CE,CE,2020-02-24 14:51:00,2020-02-24 15:01:00,208.269375,215.75925304412843,10,149.79756088256863,55.03549717459416,94.76206370797448,2020-02-24
BANKNIFTY27FEB2030500CE,CE,2020-02-24 15:13:00,2020-02-24 15:23:00,211.42724388122556,207.82913108825684,10,-71.96225585937441,54.88184016002112,-126.84409601939552,2020-02-24
BANKNIFTY27FEB2030500PE,PE,2020-02-24 09:21:00,2020-02-24 09:31:00,231.07625,228.8763719558716,10,-43.997560882567655,55.63789622040584,-99.6354571029735,2020-02-24
BANKNIFTY27FEB2030500PE,PE,2020-02-24 09:32:00,2020-02-24 09:42:00,219.54749999999999,197.80425304412842,10,-434.8649391174314,54.73888185034416,-489.60382096777556,2020-02-24
BANKNIFTY27FEB2030500PE,PE,2020-02-24 09:43:00,2020-02-24 09:53:00,210.17411888122558,216.95625,10,135.6426223754886,55.0882762258328,80.5543461496558,2020-02-24
BANKNIFTY27FEB2030500PE,PE,2020-02-24 09:55:00,2020-02-24 10:05:00,214.03375,210.82163108825685,10,-64.24237823486294,54.98701072243832,-119.22938895730127,2020-02-24
BANKNIFTY27FEB2030500PE,PE,2020-02-24 10:06:00,2020-02-24 10:16:00,205.5626280593872,217.85399391174317,10,245.82731704711932,55.05282127227028,190.77449577484904,2020-02-24
BANKNIFTY27FEB2030500PE,PE,2020-02-24 10:49:00,2020-02-24 10:59:00,193.38224388122558,192.7169969558716,10,-13.304938507079669,54.29007479223863,-67.5950132993183,2020-02-24
BANKNIFTY27FEB2030500PE,PE,2020-02-24 11:00:00,2020-02-24 11:10:00,202.505,189.4751219558716,10,-260.5975608825679,54.32455819440583,-314.92211907697373,2020-02-24
BANKNIFTY27FEB2030500PE,PE,2020-02-24 11:19:00,2020-02-24 11:29:00,202.3045030593872,202.59225608825685,10,5.7550605773928964,54.64112322439693,-48.88606264700403,2020-02-24
BANKNIFTY27FEB2030500PE,PE,2020-02-24 11:30:00,2020-02-24 11:40:00,204.15911888122557,191.27062500000002,10,-257.76987762451085,54.3887814035828,-312.15865902809367,2020-02-24
BANKNIFTY27FEB2030500PE,PE,2020-02-24 11:43:00,2020-02-24 11:53:00,197.49249999999998,192.11850608825685,10,-107.47987823486255,54.326581517688325,-161.8064597525509,2020-02-24
BANKNIFTY27FEB2030500PE,PE,2020-02-24 11:54:00,2020-02-24 12:04:00,178.445,177.45524391174317,10,-19.795121765136514,53.733279672811676,-73.52840143794819,2020-02-24
BANKNIFTY27FEB2030500PE,PE,2020-02-24 12:05:00,2020-02-24 12:15:00,177.4425,180.796875,10,67.08750000000009,53.80210551175,13.285394488250091,2020-02-24
BANKNIFTY27FEB2030500PE,PE,2020-02-24 12:17:00,2020-02-24 12:27:00,177.89362194061277,160.39800304412842,10,-349.9123779296872,53.31153606838556,-403.22391399807276,2020-02-24
BANKNIFTY27FEB2030500PE,PE,2020-02-24 12:38:00,2020-02-24 12:48:00,171.7783811187744,184.9863719558716,10,264.1598167419437,53.83364041257305,210.32617632937064,2020-02-24
BANKNIFTY27FEB2030500PE,PE,2020-02-24 12:49:00,2020-02-24 12:59:00,182.45499999999998,183.58987804412843,10,22.697560882568837,53.93231469559416,-31.23475381302532,2020-02-24
BANKNIFTY27FEB2030500PE,PE,2020-02-24 13:04:00,2020-02-24 13:14:00,183.8083811187744,176.80687500000002,10,-140.03012237548774,53.78414150841719,-193.8142638839049,2020-02-24
BANKNIFTY27FEB2030500PE,PE,2020-02-24 13:18:00,2020-02-24 13:28:00,179.4475,193.36538108825684,10,278.35762176513697,54.132726144438315,224.22489562069865,2020-02-24
BANKNIFTY27FEB2030500PE,PE,2020-02-24 13:47:00,2020-02-24 13:51:00,198.745625,205.485,4,134.78750000000048,54.66727109275,80.12022890725048,2020-02-24
BANKNIFTY27FEB2030500PE,PE,2020-02-24 14:06:00,2020-02-24 14:13:00,189.4725,205.734375,7,325.23750000000007,54.558131194750004,270.6793688052501,2020-02-24
BANKNIFTY27FEB2030500PE,PE,2020-02-24 14:42:00,2020-02-24 14:47:00,258.19386276245115,275.40975608825687,5,344.31786651611446,57.10665401660391,287.21121249951057,2020-02-24
BANKNIFTY27FEB2030400CE,CE,2020-02-25 12:53:00,2020-02-25 12:54:00,274.685,283.14038108825685,1,169.10762176513686,57.499569939438324,111.60805182569854,2020-02-25
BANKNIFTY27FEB2030400CE,CE,2020-02-25 12:55:00,2020-02-25 13:02:00,276.13863723754883,275.95836891174315,7,-3.6053665161136905,57.34293695564608,-60.94830347175977,2020-02-25
BANKNIFTY27FEB2030400CE,CE,2020-02-25 13:09:00,2020-02-25 13:12:00,256.64,262.34250000000003,3,114.05000000000086,56.76950673699999,57.28049326300087,2020-02-25
BANKNIFTY27FEB2030400CE,CE,2020-02-25 13:59:00,2020-02-25 14:06:00,254.83549694061279,231.22050304412844,7,-472.299877929687,55.99008930763556,-528.2899672373226,2020-02-25
BANKNIFTY27FEB2030400CE,CE,2020-02-25 14:09:00,2020-02-25 14:19:00,204.15911888122557,187.92899391174316,10,-324.6024993896481,54.30750090564447,-378.91000029529255,2020-02-25
BANKNIFTY27FEB2030400CE,CE,2020-02-25 14:37:00,2020-02-25 14:45:00,251.57737194061278,247.38000000000002,8,-83.94743881225509,56.3426688060414,-140.29010761829647,2020-02-25
BANKNIFTY27FEB2030400CE,CE,2020-02-25 15:00:00,2020-02-25 15:10:00,220.3495030593872,212.66699695587158,10,-153.65012207031214,55.11036105336444,-208.76048312367658,2020-02-25
BANKNIFTY27FEB2030400PE,PE,2020-02-25 10:05:00,2020-02-25 10:11:00,149.7233811187744,161.0463719558716,6,226.45981674194388,52.97733093057304,173.48248581137085,2020-02-25
BANKNIFTY27FEB2030400PE,PE,2020-02-25 10:13:00,2020-02-25 10:23:00,159.09674694061277,161.99399391174316,10,57.94493942260772,53.11683145560308,4.828107967004641,2020-02-25
BANKNIFTY27FEB2030400PE,PE,2020-02-25 11:08:00,2020-02-25 11:18:00,162.405,147.82949695587158,10,-291.5100608825685,52.813400310155835,-344.3234611927243,2020-02-25
BANKNIFTY27FEB2030400PE,PE,2020-02-25 11:46:00,2020-02-25 11:56:00,147.26724388122557,134.4630030441284,10,-256.0848167419431,52.30021363192695,-308.38503037387005,2020-02-25
BANKNIFTY27FEB2030400PE,PE,2020-02-25 11:57:00,2020-02-25 12:07:00,136.7409938812256,129.47550304412843,10,-145.30981674194322,52.04812575742696,-197.35794249937018,2020-02-25
BANKNIFTY27FEB2030400PE,PE,2020-02-25 12:08:00,2020-02-25 12:18:00,124.76112194061278,117.60525152206422,10,-143.1174083709712,51.61056537046348,-194.72797374143468,2020-02-25
BANKNIFTY27FEB2030400PE,PE,2020-02-25 12:25:00,2020-02-25 12:35:00,122.90649847030639,130.6725,10,155.3200305938725,51.90536679539569,103.41466379847681,2020-02-25
BANKNIFTY27FEB2030400PE,PE,2020-02-25 13:12:00,2020-02-25 13:15:00,169.2721311187744,175.85925304412842,3,131.74243850708024,53.58049937551137,78.16193913156886,2020-02-25
BANKNIFTY27FEB2030400PE,PE,2020-02-25 13:20:00,2020-02-25 13:29:00,158.6957530593872,152.71725608825685,9,-119.56993942260681,52.886206007896924,-172.45614543050374,2020-02-25
BANKNIFTY27FEB2030400PE,PE,2020-02-25 13:32:00,2020-02-25 13:37:00,147.36749999999998,155.21100608825685,5,156.87012176513747,52.80612530068832,104.06399646444915,2020-02-25
BANKNIFTY27FEB2030400PE,PE,2020-02-25 13:44:00,2020-02-25 13:49:00,163.9588780593872,162.74211891174318,5,-24.335182952880245,53.19543372102028,-77.53061667390052,2020-02-25
BANKNIFTY27FEB2030400PE,PE,2020-02-25 13:50:00,2020-02-25 13:55:00,156.79099388122557,160.69725608825684,5,78.12524414062523,53.05664436977113,25.0685997708541,2020-02-25
BANKNIFTY27FEB2030400PE,PE,2020-02-25 14:26:00,2020-02-25 14:36:00,184.10911888122558,150.6225,10,-669.7323776245116,53.1509794903328,-722.8833571148444,2020-02-25
BANKNIFTY27FEB2030400PE,PE,2020-02-25 15:15:00,2020-02-25 15:19:00,160.3498719406128,168.2782469558716,4,158.56750030517617,53.285255436697234,105.28224486847893,2020-02-25
BANKNIFTY27FEB2030300CE,CE,2020-02-26 10:51:00,2020-02-26 10:57:00,139.79862194061278,144.43800304412844,6,92.7876220703132,52.45005437038556,40.33756769992765,2020-02-26
BANKNIFTY27FEB2030300CE,CE,2020-02-26 11:52:00,2020-02-26 12:02:00,127.9691265296936,134.16375,10,123.89246940612793,52.053182629854305,71.83928677627362,2020-02-26
BANKNIFTY27FEB2030300CE,CE,2020-02-26 12:12:00,2020-02-26 12:22:00,132.32999999999998,138.85199695587158,10,130.439939117432,52.22139542115584,78.21854369627616,2020-02-26
BANKNIFTY27FEB2030300CE,CE,2020-02-26 12:23:00,2020-02-26 12:33:00,139.5479969406128,133.3657469558716,10,-123.64499969482381,52.17762357744723,-175.82262327227104,2020-02-26
BANKNIFTY27FEB2030300CE,CE,2020-02-26 12:34:00,2020-02-26 12:44:00,136.3901280593872,136.00913108825685,10,-7.619939422606876,52.20268809589693,-59.82262751850381,2020-02-26
BANKNIFTY27FEB2030300CE,CE,2020-02-26 12:45:00,2020-02-26 12:55:00,135.3876280593872,149.47538108825685,10,281.7550605773931,52.51778111539693,229.2372794619962,2020-02-26
BANKNIFTY27FEB2030300CE,CE,2020-02-26 14:14:00,2020-02-26 14:15:00,158.8461219406128,158.95163108825685,1,2.1101829528811322,53.03971657447972,-50.92953362159859,2020-02-26
BANKNIFTY27FEB2030300CE,CE,2020-02-26 14:17:00,2020-02-26 14:27:00,155.1870030593872,140.6475,10,-290.79006118774373,52.5490347822086,-343.3390959699523,2020-02-26
BANKNIFTY27FEB2030300CE,CE,2020-02-26 14:28:00,2020-02-26 14:38:00,126.81625,104.73750000000001,10,-441.5749999999997,51.323107418499994,-492.8981074184997,2020-02-26
BANKNIFTY27FEB2030300CE,CE,2020-02-26 14:39:00,2020-02-26 14:49:00,95.0871234703064,109.62525152206422,10,290.76256103515647,51.04780515506778,239.7147558800887,2020-02-26
BANKNIFTY27FEB2030300CE,CE,2020-02-26 14:50:00,2020-02-26 15:00:00,104.71112194061278,110.97187500000001,10,125.21506118774454,51.20012459329139,74.01493659445315,2020-02-26
BANKNIFTY27FEB2030300PE,PE,2020-02-26 09:46:00,2020-02-26 09:56:00,182.45499999999998,176.35800304412842,10,-121.93993911743121,53.75640946084416,-175.69634857827538,2020-02-26
BANKNIFTY27FEB2030300PE,PE,2020-02-26 10:07:00,2020-02-26 10:17:00,170.82599388122557,166.23336891174318,10,-91.85249938964773,53.36566778964447,-145.2181671792922,2020-02-26
BANKNIFTY27FEB2030300PE,PE,2020-02-26 12:08:00,2020-02-26 12:18:00,180.95125,174.5625,10,-127.77499999999975,53.694054374500006,-181.46905437449976,2020-02-26
BANKNIFTY27FEB2030300PE,PE,2020-02-26 13:11:00,2020-02-26 13:21:00,166.26463111877442,126.931875,10,-786.6551223754882,52.35304542591721,-839.0081678014054,2020-02-26
BANKNIFTY27FEB2030300PE,PE,2020-02-26 13:27:00,2020-02-26 13:37:00,114.285,122.69250000000001,10,168.15000000000026,51.60415441899999,116.54584558100026,2020-02-26
BANKNIFTY27FEB2030300PE,PE,2020-02-26 13:44:00,2020-02-26 13:50:00,101.70362194061279,106.23375,6,90.60256118774419,51.0475123590414,39.55504882870279,2020-02-26
BANKNIFTY27FEB2030200CE,CE,2020-02-27 09:27:00,2020-02-27 09:37:00,79.59850152969359,60.54825076103211,10,-381.0050153732297,49.66165137581534,-430.666666749045,2020-02-27
BANKNIFTY27FEB2030200CE,CE,2020-02-27 12:35:00,2020-02-27 12:40:00,15.438499617576598,16.35899961948395,5,18.410000038147025,47.7897115069934,-29.379711468846374,2020-02-27
BANKNIFTY27FEB2030200CE,CE,2020-02-27 13:26:00,2020-02-27 13:31:00,11.7292498087883,11.421374809741975,5,-6.157499980926495,47.6235284602467,-53.7810284411732,2020-02-27
BANKNIFTY27FEB2030200CE,CE,2020-02-27 13:39:00,2020-02-27 13:46:00,6.41600009560585,6.1844998097419746,7,-4.6300057172775055,47.43013911836001,-52.060144835637516,2020-02-27
BANKNIFTY27FEB2030200CE,CE,2020-02-27 13:54:00,2020-02-27 14:51:00,5.6139999043941495,5.536125190258026,5,-1.5574942827224625,47.40440458388999,-48.96189886661246,2020-02-27
BANKNIFTY27FEB2030200CE,CE,2020-02-27 14:58:00,2020-02-27 15:05:00,7.2681249999999995,15.012375190258027,7,154.88500380516055,47.655451286927764,107.2295525182328,2020-02-27
BANKNIFTY27FEB2030200PE,PE,2020-02-27 10:34:00,2020-02-27 10:44:00,227.1163780593872,223.53975608825684,10,-71.53243942260701,55.45889464564692,-126.99133406825393,2020-02-27
BANKNIFTY27FEB2030200PE,PE,2020-02-27 12:16:00,2020-02-27 12:23:00,211.72799694061277,212.61711891174318,7,17.78243942260815,55.00203769635308,-37.21959827374493,2020-02-27
BANKNIFTY27FEB2030200PE,PE,2020-02-27 12:25:00,2020-02-27 12:35:00,205.96362194061277,216.4575,10,209.87756118774485,55.0238353005414,154.85372588720344,2020-02-27
BANKNIFTY27FEB2030200PE,PE,2020-02-27 13:22:00,2020-02-27 13:26:00,118.3451280593872,182.7419969558716,4,1287.937377929688,53.115215770114446,1234.8221621595735,2020-02-27
BANKNIFTY27FEB2030200PE,PE,2020-02-27 13:45:00,2020-02-27 13:53:00,215.5375,201.9438719558716,8,-271.8725608825679,54.78975364890584,-326.6623145314737,2020-02-27
BANKNIFTY27FEB2030200PE,PE,2020-02-27 14:07:00,2020-02-27 14:16:00,206.515,207.43012195587158,9,18.30243911743196,54.81110706840583,-36.50866795097387,2020-02-27
BANKNIFTY27FEB2030200PE,PE,2020-02-27 14:35:00,2020-02-27 14:40:00,124.46037652969359,147.67987804412843,5,464.3900302886968,52.33835221544846,412.0516780732483,2020-02-27
BANKNIFTY27FEB2030200PE,PE,2020-02-27 14:42:00,2020-02-27 14:52:00,116.99174694061279,91.27125000000001,10,-514.4099388122555,50.87350404379139,-565.2834428560469,2020-02-27
BANKNIFTY27FEB2030200PE,PE,2020-02-27 14:56:00,2020-02-27 15:06:00,81.3027484703064,18.10462461948395,10,-1263.962477016449,48.650442473290184,-1312.6129194897392,2020-02-27
BANKNIFTY27FEB2030200PE,PE,2020-02-27 15:09:00,2020-02-27 15:17:00,18.2455007648468,14.164499809741974,7,-81.6200191020965,47.77120643087439,-129.3912255329709,2020-02-27
BANKNIFTY27FEB2030200PE,PE,2020-02-27 15:23:00,2020-02-27 15:24:00,11.278125,9.376499619483948,1,-38.032507610321034,47.568185139894474,-85.6006927502155,2020-02-27
BANKNIFTY05MAR2029500CE,CE,2020-02-28 09:15:00,2020-02-28 09:19:00,472.0271311187744,488.4757621765137,4,328.9726211547861,64.94576531504384,264.02685583974227,2020-02-28
BANKNIFTY05MAR2029500CE,CE,2020-02-28 09:48:00,2020-02-28 09:58:00,357.8423872375488,313.9132621765137,10,-878.5825012207022,59.28119130596105,-937.8636925266633,2020-02-28
BANKNIFTY05MAR2029500CE,CE,2020-02-28 11:56:00,2020-02-28 12:06:00,297.9430122375488,310.5716310882569,10,252.57237701416102,58.45574493277273,194.11663208138827,2020-02-28
BANKNIFTY05MAR2029500CE,CE,2020-02-28 12:09:00,2020-02-28 12:19:00,299.0958811187744,296.9058689117432,10,-43.800244140624045,58.137667181728894,-101.93791132235293,2020-02-28
BANKNIFTY05MAR2029500CE,CE,2020-02-28 12:43:00,2020-02-28 12:53:00,310.775,328.02788108825683,10,345.0576217651371,59.03976325843831,286.0178585066988,2020-02-28
BANKNIFTY05MAR2029500CE,CE,2020-02-28 13:09:00,2020-02-28 13:19:00,332.078125,343.38937500000003,10,226.2250000000006,59.6780715955,166.5469284045006,2020-02-28
BANKNIFTY05MAR2029500CE,CE,2020-02-28 14:11:00,2020-02-28 14:21:00,312.32886276245114,303.73875000000004,10,-171.80225524902198,58.46826871891559,-230.27052396793758,2020-02-28
BANKNIFTY05MAR2029500CE,CE,2020-02-28 14:38:00,2020-02-28 14:48:00,301.4517622375488,300.1477439117432,10,-26.080366516112008,58.24578977714609,-84.3261562932581,2020-02-28
BANKNIFTY05MAR2029500CE,CE,2020-02-28 14:50:00,2020-02-28 15:00:00,294.53448776245114,243.34012195587158,10,-1023.8873161315911,56.778086452571415,-1080.6654025841626,2020-02-28
BANKNIFTY05MAR2029500CE,CE,2020-02-28 15:02:00,2020-02-28 15:12:00,243.9583811187744,246.88125000000002,10,58.45737762451222,56.235882116167204,2.221495508345015,2020-02-28
BANKNIFTY05MAR2029500CE,CE,2020-02-28 15:17:00,2020-02-28 15:19:00,256.890625,262.7913871765137,2,118.01524353027389,56.78353895387664,61.23170457639725,2020-02-28
BANKNIFTY05MAR2029500PE,PE,2020-02-28 12:49:00,2020-02-28 12:56:00,487.9167622375488,488.82486282348634,7,18.162011718750364,65.15166312070777,-46.9896514019574,2020-02-28
BANKNIFTY05MAR2029500PE,PE,2020-02-28 13:29:00,2020-02-28 13:30:00,485.4105122375488,515.8571493530274,1,608.932742309571,65.7780489978377,543.1546933117334,2020-02-28
BANKNIFTY05MAR2029500PE,PE,2020-02-28 13:33:00,2020-02-28 13:43:00,477.03963111877437,480.4957621765137,10,69.12262115478711,64.81393628204385,4.308684872743257,2020-02-28
BANKNIFTY05MAR2029500PE,PE,2020-02-28 13:49:00,2020-02-28 13:59:00,487.8165061187744,486.4807621765137,10,-26.714878845214116,65.09340061229386,-91.80827945750798,2020-02-28
BANKNIFTY05MAR2029500PE,PE,2020-02-28 14:25:00,2020-02-28 14:35:00,571.425,518.7,10,-1054.4999999999982,66.91580695,-1121.4158069499981,2020-02-28
BANKNIFTY05MAR2029500PE,PE,2020-02-28 15:15:00,2020-02-28 15:20:00,581.4499999999999,568.824375,5,-252.512499999998,68.25955878775001,-320.772058787748,2020-02-28
BANKNIFTY05MAR2029700CE,CE,2020-03-02 12:25:00,2020-03-02 12:31:00,201.4022438812256,202.4426219558716,6,20.807561492920286,54.62627427648864,-33.81871278356835,2020-03-02
BANKNIFTY05MAR2029700CE,CE,2020-03-02 13:30:00,2020-03-02 13:32:00,227.5675,233.06586891174317,2,109.96737823486342,55.696208562061685,54.27116967280173,2020-03-02
BANKNIFTY05MAR2029700CE,CE,2020-03-02 13:47:00,2020-03-02 13:50:00,231.5775,229.92375,3,-33.07499999999948,55.669599554499996,-88.74459955449947,2020-03-02
BANKNIFTY05MAR2029700CE,CE,2020-03-02 14:44:00,2020-03-02 14:46:00,157.59299694061278,148.52774391174316,2,-181.3050605773924,52.77060178860307,-234.07566236599547,2020-03-02
BANKNIFTY05MAR2029700CE,CE,2020-03-02 14:57:00,2020-03-02 15:06:00,136.0392469406128,94.46324695587158,9,-831.5199996948243,51.18778342194724,-882.7077831167715,2020-03-02
BANKNIFTY05MAR2029700CE,CE,2020-03-02 15:09:00,2020-03-02 15:16:00,87.8189984703064,65.83500000000001,7,-439.6799694061278,49.8923723153957,-489.57234172152346,2020-03-02
BANKNIFTY05MAR2029700PE,PE,2020-03-02 09:25:00,2020-03-02 09:34:00,458.1425,484.38600608825686,9,524.8701217651376,64.67379062068834,460.19633114444923,2020-03-02
BANKNIFTY05MAR2029700PE,PE,2020-03-02 09:54:00,2020-03-02 09:59:00,406.4134938812256,451.618125,5,904.0926223754889,63.23409730783279,840.858525067656,2020-03-02
BANKNIFTY05MAR2029700PE,PE,2020-03-02 10:04:00,2020-03-02 10:05:00,451.4758811187744,472.36611282348633,1,417.80463409423874,64.29860013854055,353.5060339556982,2020-03-02
BANKNIFTY05MAR2029700PE,PE,2020-03-02 10:20:00,2020-03-02 10:30:00,455.1851127624511,463.58812500000005,10,168.06024475097843,64.13116988416559,103.92907486681284,2020-03-02
BANKNIFTY05MAR2029700PE,PE,2020-03-02 10:35:00,2020-03-02 10:42:00,446.71400611877436,450.0221189117432,7,66.16225585937627,63.69595413797889,2.466301721397386,2020-03-02
BANKNIFTY05MAR2029700PE,PE,2020-03-02 10:56:00,2020-03-02 11:06:00,408.0676127624512,412.06725608825684,10,79.99286651611328,62.29262790410391,17.70023861200937,2020-03-02
BANKNIFTY05MAR2029700PE,PE,2020-03-02 11:21:00,2020-03-02 11:31:00,411.025,424.7853810882569,10,275.20762176513813,62.63871988543831,212.5689018796998,2020-03-02
BANKNIFTY05MAR2029700PE,PE,2020-03-02 11:48:00,2020-03-02 11:58:00,442.15261276245116,420.3464939117432,10,-436.12237701415893,62.91746717922726,-499.0398441933862,2020-03-02
BANKNIFTY05MAR2029700PE,PE,2020-03-02 12:28:00,2020-03-02 12:38:00,464.20761276245116,438.90000000000003,10,-506.1522552490226,63.64275773791559,-569.7950129869382,2020-03-02
BANKNIFTY05MAR2029700PE,PE,2020-03-02 12:39:00,2020-03-02 12:49:00,434.1326127624512,466.9796189117432,10,656.9401229858408,63.95211538647727,592.9880075993635,2020-03-02
BANKNIFTY05MAR2029700PE,PE,2020-03-02 12:59:00,2020-03-02 13:09:00,465.7615061187744,463.78763717651367,10,-39.47737884521416,64.26741961904386,-103.74479846425803,2020-03-02
BANKNIFTY05MAR2029700PE,PE,2020-03-02 13:15:00,2020-03-02 13:25:00,447.8167622375488,378.2520121765137,10,-1391.2950012207023,61.96394697071106,-1453.2589481914133,2020-03-02
BANKNIFTY05MAR2029700PE,PE,2020-03-02 13:26:00,2020-03-02 13:36:00,365.7621311187744,390.2220121765137,10,489.1976211547865,61.23568654754386,427.9619346072426,2020-03-02
BANKNIFTY05MAR2029700PE,PE,2020-03-02 13:37:00,2020-03-02 13:47:00,374.83474388122556,383.04,10,164.10512237548915,61.173708668082796,102.93141370740635,2020-03-02
BANKNIFTY05MAR2029700PE,PE,2020-03-02 13:53:00,2020-03-02 14:03:00,386.1630122375488,373.2146189117432,10,-258.9678665161125,61.07545790339608,-320.04332441950856,2020-03-02
BANKNIFTY05MAR2029700PE,PE,2020-03-02 14:04:00,2020-03-02 14:14:00,356.89,381.4938871765137,10,492.0777435302739,60.91316331812665,431.16458021214726,2020-03-02
BANKNIFTY05MAR2029700PE,PE,2020-03-02 14:15:00,2020-03-02 14:25:00,382.5540061187744,435.5583689117432,10,1060.0872558593755,62.54704549247888,997.5402103668966,2020-03-02
BANKNIFTY05MAR2029700PE,PE,2020-03-02 14:27:00,2020-03-02 14:37:00,424.95974388122556,462.1417378234864,10,743.6398788452163,63.72048064820615,679.9193981970102,2020-03-02
BANKNIFTY05MAR2029100CE,CE,2020-03-03 09:34:00,2020-03-03 09:35:00,322.4040061187744,345.5838871765137,1,463.5976211547859,59.61126264854386,403.986358506242,2020-03-03
BANKNIFTY05MAR2029100CE,CE,2020-03-03 09:38:00,2020-03-03 09:47:00,366.96511276245116,379.59861282348635,9,252.67000122070385,60.99223259378894,191.6777686269149,2020-03-03
BANKNIFTY05MAR2029100CE,CE,2020-03-03 10:35:00,2020-03-03 10:45:00,241.25161888122557,237.05586891174318,10,-83.91499938964785,55.96326574539447,-139.8782651350423,2020-03-03
BANKNIFTY05MAR2029100CE,CE,2020-03-03 10:47:00,2020-03-03 10:56:00,228.72036888122557,264.33750000000003,9,712.3426223754893,56.471169989832795,655.8714523856565,2020-03-03
BANKNIFTY05MAR2029100CE,CE,2020-03-03 11:13:00,2020-03-03 11:23:00,248.61999999999998,238.55211891174318,10,-201.35762176513595,56.09120175156167,-257.44882351669764,2020-03-03
BANKNIFTY05MAR2029100CE,CE,2020-03-03 11:39:00,2020-03-03 11:43:00,198.64536888122558,214.51237804412844,4,317.3401832580572,54.88560388342696,262.45457937463027,2020-03-03
BANKNIFTY05MAR2029100CE,CE,2020-03-03 12:36:00,2020-03-03 12:38:00,267.7677561187744,262.34250000000003,2,-108.50512237548742,56.90775352791721,-165.41287590340463,2020-03-03
BANKNIFTY05MAR2029100CE,CE,2020-03-03 13:00:00,2020-03-03 13:03:00,265.7627561187744,269.325,3,71.24487762451167,57.05268374691721,14.192193877594462,2020-03-03
BANKNIFTY05MAR2029100CE,CE,2020-03-03 13:04:00,2020-03-03 13:13:00,240.49974388122558,256.20788108825684,9,314.16274414062514,56.41977063452113,257.742973506104,2020-03-03
BANKNIFTY05MAR2029100CE,CE,2020-03-03 13:58:00,2020-03-03 14:00:00,297.54198776245113,316.50673782348633,2,379.2950012207041,58.59512592728894,320.6998752934151,2020-03-03
BANKNIFTY05MAR2029100CE,CE,2020-03-03 14:25:00,2020-03-03 14:34:00,292.8302561187744,291.519375,9,-26.217622375487508,57.9288066396672,-84.14642901515471,2020-03-03
BANKNIFTY05MAR2029100PE,PE,2020-03-03 12:42:00,2020-03-03 12:52:00,377.7921311187744,342.29211891174316,10,-710.0002441406252,60.219314903728886,-770.2195590443541,2020-03-03
BANKNIFTY05MAR2029100PE,PE,2020-03-03 13:49:00,2020-03-03 13:57:00,296.74,324.63638717651367,8,557.9277435302731,58.78290469112665,499.1448388391465,2020-03-03
BANKNIFTY05MAR2029100PE,PE,2020-03-03 14:00:00,2020-03-03 14:10:00,332.7798872375488,315.1601371765137,10,-352.3950012207024,59.00015331971107,-411.39515454041344,2020-03-03
BANKNIFTY05MAR2029100PE,PE,2020-03-03 14:12:00,2020-03-03 14:22:00,303.1559938812256,363.04013717651367,10,1197.6828659057617,59.79673188620945,1137.8861340195522,2020-03-03
BANKNIFTY05MAR2029100PE,PE,2020-03-03 14:41:00,2020-03-03 14:51:00,265.8128688812256,297.50437500000004,10,633.8301223754888,57.738730173582795,576.091392201906,2020-03-03
BANKNIFTY05MAR2029100PE,PE,2020-03-03 15:14:00,2020-03-03 15:22:00,267.8178688812256,225.435,8,-847.6573776245118,56.010652841832794,-903.6680304663446,2020-03-03
BANKNIFTY05MAR2029100CE,CE,2020-03-04 09:19:00,2020-03-04 09:20:00,249.9733811187744,250.52211891174318,1,10.974755859375591,56.39916910922888,-45.42441324985329,2020-03-04
BANKNIFTY05MAR2029100CE,CE,2020-03-04 09:22:00,2020-03-04 09:26:00,229.6727561187744,237.90375,4,164.61987762451201,55.840038106417204,108.7798395180948,2020-03-04
BANKNIFTY05MAR2029100CE,CE,2020-03-04 09:31:00,2020-03-04 09:36:00,212.42974388122556,208.12836891174317,5,-86.02749938964791,54.90157336014447,-140.9290727497924,2020-03-04
BANKNIFTY05MAR2029100CE,CE,2020-03-04 10:14:00,2020-03-04 10:24:00,176.44,157.25586891174316,10,-383.6826217651367,53.217048837061675,-436.89967060219834,2020-03-04
BANKNIFTY05MAR2029100CE,CE,2020-03-04 10:27:00,2020-03-04 10:33:00,148.37,160.9964939117432,6,252.52987823486365,52.959303851311674,199.57057438355196,2020-03-04
BANKNIFTY05MAR2029100CE,CE,2020-03-04 10:52:00,2020-03-04 11:02:00,126.7160015296936,124.83712652206421,10,-37.57750015258779,51.810757247276385,-89.38825739986417,2020-03-04
BANKNIFTY05MAR2029100CE,CE,2020-03-04 11:25:00,2020-03-04 11:35:00,123.3576280593872,127.82961891174317,10,89.43981704711945,51.841822346520274,37.59799470059917,2020-03-04
BANKNIFTY05MAR2029100CE,CE,2020-03-04 11:50:00,2020-03-04 12:00:00,109.47299694061279,106.93199695587158,10,-50.819999694824105,51.16101984594724,-101.98101954077134,2020-03-04
BANKNIFTY05MAR2029100CE,CE,2020-03-04 12:36:00,2020-03-04 12:46:00,108.3702484703064,114.16387195587158,10,115.87246971130384,51.32322497480154,64.54924473650229,2020-03-04
BANKNIFTY05MAR2029100CE,CE,2020-03-04 12:50:00,2020-03-04 13:00:00,107.96924694061279,65.33625,10,-852.6599388122556,50.1305795467914,-902.790518359047,2020-03-04
BANKNIFTY05MAR2029100CE,CE,2020-03-04 13:08:00,2020-03-04 13:18:00,45.8142507648468,44.73787347793579,10,-21.527545738220084,48.85736406513006,-70.38490980335014,2020-03-04
BANKNIFTY05MAR2029100CE,CE,2020-03-04 13:21:00,2020-03-04 13:31:00,43.40824923515319,32.668125,10,-214.80248470306378,48.53389313044785,-263.3363778335116,2020-03-04
BANKNIFTY05MAR2029100CE,CE,2020-03-04 13:32:00,2020-03-04 13:42:00,33.483501529693605,24.438750000000002,10,-180.89503059387204,48.210424009104294,-229.10545460297632,2020-03-04
BANKNIFTY05MAR2029100CE,CE,2020-03-04 13:43:00,2020-03-04 13:46:00,21.8544992351532,26.034750380516055,3,83.60502290725712,48.104770411053366,35.50025249620376,2020-03-04
BANKNIFTY05MAR2029100CE,CE,2020-03-04 13:56:00,2020-03-04 14:06:00,34.9872515296936,27.730499238967898,10,-145.13504581451406,48.30917318939327,-193.44421900390734,2020-03-04
BANKNIFTY05MAR2029100CE,CE,2020-03-04 14:08:00,2020-03-04 14:18:00,27.819374999999997,31.82024961948395,10,80.01749238967903,48.31959981089449,31.697892578784547,2020-03-04
BANKNIFTY05MAR2029100CE,CE,2020-03-04 14:25:00,2020-03-04 14:35:00,33.0323757648468,33.56587652206421,10,10.670015144348213,48.426823977724226,-37.75680883337601,2020-03-04
BANKNIFTY05MAR2029100CE,CE,2020-03-04 14:38:00,2020-03-04 14:44:00,30.075,50.6729992389679,6,411.95998477935797,48.80618953428896,363.153795245069,2020-03-04
BANKNIFTY05MAR2029100CE,CE,2020-03-04 14:48:00,2020-03-04 14:58:00,37.4935015296936,46.234123477935796,10,174.81243896484386,48.79038459143222,126.02205437341163,2020-03-04
BANKNIFTY05MAR2029100CE,CE,2020-03-04 15:19:00,2020-03-04 15:24:00,61.75399847030639,63.49087652206421,5,34.7375610351564,49.51153365956778,-14.773972624411378,2020-03-04
BANKNIFTY05MAR2029100PE,PE,2020-03-04 09:37:00,2020-03-04 09:47:00,302.003125,310.97062500000004,10,179.3500000000006,58.515891118,120.83410888200059,2020-03-04
BANKNIFTY05MAR2029100PE,PE,2020-03-04 09:52:00,2020-03-04 10:02:00,310.9755122375488,276.058125,10,-698.3477447509756,57.77816278308442,-756.12590753406,2020-03-04
BANKNIFTY05MAR2029100PE,PE,2020-03-04 10:30:00,2020-03-04 10:40:00,348.11812499999996,356.1075,10,159.78750000000105,60.18669672475,99.60080327525105,2020-03-04
BANKNIFTY05MAR2028900CE,CE,2020-03-05 10:17:00,2020-03-05 10:22:00,21.9547496175766,25.33649961948395,5,67.63500003814698,48.08903190949341,19.545968128653577,2020-03-05
BANKNIFTY05MAR2028900CE,CE,2020-03-05 11:45:00,2020-03-05 11:55:00,159.6982530593872,115.01175304412843,10,-893.7300003051757,51.98152709305277,-945.7115273982286,2020-03-05
BANKNIFTY05MAR2028900PE,PE,2020-03-05 10:42:00,2020-03-05 10:44:00,279.0959938812256,190.62225608825685,2,-1769.4747558593747,55.30399649777112,-1824.7787523571458,2020-03-05
BANKNIFTY05MAR2028900PE,PE,2020-03-05 10:46:00,2020-03-05 10:56:00,147.7183811187744,110.87212652206422,10,-736.9250919342037,51.73200333633929,-788.657095270543,2020-03-05
BANKNIFTY05MAR2028900PE,PE,2020-03-05 11:00:00,2020-03-05 11:10:00,98.79637805938721,80.29875,10,-369.9525611877442,50.380561357958605,-420.3331225457028,2020-03-05
BANKNIFTY05MAR2028900PE,PE,2020-03-05 11:22:00,2020-03-05 11:32:00,90.6260015296936,46.73287347793579,10,-877.8625610351561,49.46261291393222,-927.3251739490884,2020-03-05
BANKNIFTY05MAR2028900PE,PE,2020-03-05 11:39:00,2020-03-05 11:45:00,48.5210015296936,56.408624238967896,6,157.75245418548593,49.174866327143256,108.57758785834267,2020-03-05
BANKNIFTY05MAR2028900PE,PE,2020-03-05 11:56:00,2020-03-05 12:06:00,60.250248470306396,37.25662347793579,10,-459.8724998474121,48.854740193723615,-508.7272400411357,2020-03-05
BANKNIFTY05MAR2028900PE,PE,2020-03-05 12:07:00,2020-03-05 12:17:00,38.0448757648468,35.760373477935794,10,-45.690045738220135,48.54247533888007,-94.2325210771002,2020-03-05
BANKNIFTY05MAR2028900PE,PE,2020-03-05 12:18:00,2020-03-05 12:28:00,31.077499999999997,34.712999238967896,10,72.70998477935798,48.43043953728896,24.27954524206902,2020-03-05
BANKNIFTY05MAR2028900PE,PE,2020-03-05 12:31:00,2020-03-05 12:41:00,35.438373470306395,53.416124238967896,10,359.55501537323005,48.939544616184655,310.6154707570454,2020-03-05
BANKNIFTY05MAR2028900PE,PE,2020-03-05 12:43:00,2020-03-05 12:53:00,51.2778765296936,39.35137576103211,10,-238.53001537322982,48.79422295031534,-287.32423832354516,2020-03-05
BANKNIFTY05MAR2028900PE,PE,2020-03-05 12:54:00,2020-03-05 13:04:00,42.8067507648468,40.099500761032104,10,-54.145000076293854,48.70717816551319,-102.85217824180705,2020-03-05
BANKNIFTY05MAR2028900PE,PE,2020-03-05 13:05:00,2020-03-05 13:15:00,32.631374235153196,33.715499238967894,10,21.682500076293962,48.42548145823681,-26.742981381942847,2020-03-05
BANKNIFTY05MAR2028900PE,PE,2020-03-05 13:16:00,2020-03-05 13:26:00,37.0925,37.905,10,16.25,48.582808441000005,-32.332808441000005,2020-03-05
BANKNIFTY05MAR2028900PE,PE,2020-03-05 13:27:00,2020-03-05 13:35:00,32.0298757648468,75.560625,8,870.614984703064,49.43583278280215,821.1791519202618,2020-03-05
BANKNIFTY05MAR2028900PE,PE,2020-03-05 13:41:00,2020-03-05 13:42:00,57.2928765296936,65.53574695587159,1,164.85740852355974,49.50584907551014,115.3515594480496,2020-03-05
BANKNIFTY05MAR2028900PE,PE,2020-03-05 13:53:00,2020-03-05 14:00:00,76.8416265296936,81.74512195587158,7,98.06990852355966,50.14298527976014,47.92692324379952,2020-03-05
BANKNIFTY05MAR2028900PE,PE,2020-03-05 14:05:00,2020-03-05 14:10:00,57.7941265296936,74.064375,5,325.404969406128,49.7195233421043,275.68544606402367,2020-03-05
BANKNIFTY05MAR2028900PE,PE,2020-03-05 14:26:00,2020-03-05 14:27:00,60.0998757648468,62.49337652206421,1,47.8700151443482,49.46672070972422,-1.5967055653760198,2020-03-05
BANKNIFTY12MAR2027300CE,CE,2020-03-06 10:39:00,2020-03-06 10:44:00,681.6999999999999,696.8036128234863,1,302.072256469728,72.61794047687334,229.45431599285467,2020-03-06
BANKNIFTY12MAR2027300PE,PE,2020-03-06 09:37:00,2020-03-06 09:47:00,424.1577561187744,426.1320121765137,10,39.48512115478593,62.83463091029385,-23.349509755507924,2020-03-06
BANKNIFTY12MAR2027300PE,PE,2020-03-06 09:48:00,2020-03-06 09:58:00,427.4158811187744,423.48861282348633,10,-78.54536590576117,62.81081156354056,-141.35617746930174,2020-03-06
BANKNIFTY12MAR2027300PE,PE,2020-03-06 10:01:00,2020-03-06 10:11:00,368.0678688812256,371.5188871765137,10,69.02036590576245,60.80940477995945,8.210961125802996,2020-03-06
BANKNIFTY12MAR2027300PE,PE,2020-03-06 10:20:00,2020-03-06 10:30:00,394.5338627624512,432.3663871765137,10,756.6504882812501,62.61823795254224,694.0322503287078,2020-03-06
BANKNIFTY12MAR2027300PE,PE,2020-03-06 10:42:00,2020-03-06 10:52:00,435.085,434.46111282348636,10,-12.477743530272392,63.17298032987335,-75.65072386014575,2020-03-06
BANKNIFTY12MAR2027300PE,PE,2020-03-06 10:54:00,2020-03-06 11:04:00,451.5761372375488,440.0970121765137,10,-229.58250122070126,63.51494498396106,-293.09744620466233,2020-03-06
BANKNIFTY12MAR2027300PE,PE,2020-03-06 11:14:00,2020-03-06 11:24:00,448.76911888122555,435.8576371765137,10,-258.22963409423664,63.37695484895944,-321.6065889431961,2020-03-06
BANKNIFTY12MAR2027300PE,PE,2020-03-06 11:25:00,2020-03-06 11:32:00,425.1602561187744,449.97225608825687,7,496.2399993896497,63.42696612610553,432.8130332635442,2020-03-06
BANKNIFTY12MAR2027300PE,PE,2020-03-06 11:40:00,2020-03-06 11:50:00,448.8192622375488,439.94736282348634,10,-177.4379882812491,63.477054660707765,-240.91504294195687,2020-03-06
BANKNIFTY12MAR2027300PE,PE,2020-03-06 11:57:00,2020-03-06 11:59:00,440.14761276245116,434.46111282348636,2,-113.72999877929601,63.23587620578894,-176.96587498508495,2020-03-06
BANKNIFTY12MAR2027300PE,PE,2020-03-06 12:33:00,2020-03-06 12:43:00,363.155625,385.6833689117432,10,450.55487823486374,61.09290821481168,389.46197002005204,2020-03-06
BANKNIFTY12MAR2027300PE,PE,2020-03-06 12:56:00,2020-03-06 13:06:00,388.96999999999997,375.9577439117432,10,-260.24512176513554,61.177053471811675,-321.4221752369472,2020-03-06
BANKNIFTY12MAR2027300PE,PE,2020-03-06 13:07:00,2020-03-06 13:17:00,368.1180122375488,287.529375,10,-1611.7727447509753,58.76710044258442,-1670.5398451935598,2020-03-06
BANKNIFTY12MAR2027300PE,PE,2020-03-06 13:18:00,2020-03-06 13:28:00,303.05573776245114,314.8608689117432,10,236.10262298584075,58.623593094727255,177.4790298911135,2020-03-06
BANKNIFTY12MAR2027300PE,PE,2020-03-06 13:34:00,2020-03-06 13:44:00,332.57937499999997,335.06024391174316,10,49.617378234863736,59.48170447206168,-9.864326237197943,2020-03-06
BANKNIFTY12MAR2027300PE,PE,2020-03-06 13:46:00,2020-03-06 13:56:00,328.6194877624512,334.1126371765137,10,109.86298828125086,59.40945920979223,50.45352907145863,2020-03-06
BANKNIFTY12MAR2027300PE,PE,2020-03-06 13:58:00,2020-03-06 14:04:00,315.1358811187744,289.27500000000003,6,-517.2176223754877,58.15133152266721,-575.3689538981549,2020-03-06
BANKNIFTY12MAR2027300PE,PE,2020-03-06 14:09:00,2020-03-06 14:19:00,311.7775,343.7385060882568,10,639.220121765137,59.43435687568834,579.7857648894487,2020-03-06
BANKNIFTY12MAR2027300PE,PE,2020-03-06 14:23:00,2020-03-06 14:33:00,341.40136276245113,308.97562500000004,10,-648.5147552490218,58.95683348266559,-707.4715887316875,2020-03-06
BANKNIFTY12MAR2027300PE,PE,2020-03-06 14:35:00,2020-03-06 14:45:00,284.20875,298.2525,10,280.8749999999998,57.9854703355,222.88952966449978,2020-03-06
BANKNIFTY12MAR2027300PE,PE,2020-03-06 14:46:00,2020-03-06 14:56:00,302.80511276245113,294.86100608825683,10,-158.88213348388604,58.13401076660392,-217.01614425048996,2020-03-06
BANKNIFTY12MAR2027300PE,PE,2020-03-06 14:57:00,2020-03-06 15:06:00,297.04073776245116,303.2898628234863,9,124.98250122070317,58.26741661703894,66.71508460366422,2020-03-06
BANKNIFTY12MAR2027300PE,PE,2020-03-06 15:17:00,2020-03-06 15:24:00,302.1534938812256,297.65399391174316,7,-89.98999938964857,58.19385083289447,-148.18385022254304,2020-03-06
BANKNIFTY12MAR2026900CE,CE,2020-03-09 09:37:00,2020-03-09 09:40:00,439.09499999999997,412.6657621765137,3,-528.5847564697258,62.692657574876655,-591.2774140446024,2020-03-09
BANKNIFTY12MAR2026900CE,CE,2020-03-09 10:40:00,2020-03-09 10:50:00,350.875,333.81336891174317,10,-341.2326217651366,59.67867351006168,-400.9112952751983,2020-03-09
BANKNIFTY12MAR2026900CE,CE,2020-03-09 12:09:00,2020-03-09 12:14:00,371.82724388122557,381.4439939117432,5,192.33500061035215,61.097524077394475,131.2374765329577,2020-03-09
BANKNIFTY12MAR2026900CE,CE,2020-03-09 12:23:00,2020-03-09 12:33:00,378.19312499999995,366.2820121765137,10,-238.2222564697247,60.80781725912665,-299.03007372885133,2020-03-09
BANKNIFTY12MAR2026900CE,CE,2020-03-09 12:39:00,2020-03-09 12:49:00,339.59687499999995,291.8685060882569,10,-954.5673782348615,58.51830853093833,-1013.0856867657999,2020-03-09
BANKNIFTY12MAR2026900CE,CE,2020-03-09 12:51:00,2020-03-09 12:54:00,310.775,293.7138871765137,3,-341.2222564697254,58.20512339612665,-399.427379865852,2020-03-09
BANKNIFTY12MAR2026900CE,CE,2020-03-09 12:55:00,2020-03-09 12:57:00,212.279375,255.0607469558716,2,855.6274391174321,56.041269627905834,799.5861694895262,2020-03-09
BANKNIFTY12MAR2026900CE,CE,2020-03-09 13:04:00,2020-03-09 13:14:00,249.77286888122558,217.6544969558716,10,-642.3674385070797,55.59721913598863,-697.9646576430683,2020-03-09
BANKNIFTY12MAR2026900CE,CE,2020-03-09 14:00:00,2020-03-09 14:03:00,217.19161888122557,247.28024391174318,3,601.7725006103524,55.913047537144465,545.8594530732079,2020-03-09
BANKNIFTY12MAR2026900CE,CE,2020-03-09 14:22:00,2020-03-09 14:26:00,231.9283811187744,252.3675,4,408.7823776245119,56.21987155866721,352.56250606584473,2020-03-09
BANKNIFTY12MAR2026900CE,CE,2020-03-09 14:42:00,2020-03-09 14:46:00,244.25911888122556,251.91862804412844,4,153.19018325805757,56.36214553042696,96.82803772763062,2020-03-09
BANKNIFTY12MAR2026900CE,CE,2020-03-09 15:06:00,2020-03-09 15:13:00,258.2440061187744,298.9008689117432,7,813.1372558593762,57.67866540947889,755.4585904498973,2020-03-09
BANKNIFTY12MAR2026900CE,CE,2020-03-09 15:20:00,2020-03-09 15:24:00,270.07349388122555,261.89361282348636,4,-163.5976211547836,56.92548053945614,-220.52310169423976,2020-03-09
BANKNIFTY12MAR2026900PE,PE,2020-03-09 09:20:00,2020-03-09 09:21:00,389.8722438812256,403.9875,1,282.3051223754885,61.8700471640828,220.43507521140572,2020-03-09
BANKNIFTY12MAR2026900PE,PE,2020-03-09 09:23:00,2020-03-09 09:29:00,401.0,410.1720121765137,6,183.44024353027407,62.15872355537665,121.28151997489742,2020-03-09
BANKNIFTY12MAR2026900PE,PE,2020-03-09 10:10:00,2020-03-09 10:20:00,465.66125,456.106875,10,-191.08749999999986,64.07935029025,-255.16685029024987,2020-03-09
BANKNIFTY12MAR2026900PE,PE,2020-03-09 11:03:00,2020-03-09 11:13:00,539.5956249999999,537.1537500000001,10,-48.83749999999736,66.96923316025,-115.80673316024736,2020-03-09
BANKNIFTY12MAR2026900PE,PE,2020-03-09 11:41:00,2020-03-09 11:51:00,490.9242622375488,508.725,10,356.0147552490241,65.67307007433442,290.3416851746897,2020-03-09
BANKNIFTY12MAR2026900PE,PE,2020-03-09 12:15:00,2020-03-09 12:19:00,468.96948776245114,500.6452439117432,4,633.5151229858411,65.20378398297726,568.3113390028639,2020-03-09
BANKNIFTY12MAR2026900PE,PE,2020-03-09 14:04:00,2020-03-09 14:16:00,963.90375,919.695,10,-884.1749999999979,81.5454479305,-965.7204479304979,2020-03-09
BANKNIFTY12MAR2026900PE,PE,2020-03-09 14:28:00,2020-03-09 14:39:00,841.7491494750976,841.5907621765137,10,-3.1677459716775047,78.12807179629547,-81.29581776797298,2020-03-09
BANKNIFTY12MAR2026900PE,PE,2020-03-09 14:54:00,2020-03-09 15:04:00,648.9182377624511,603.4875000000001,10,-908.6147552490206,69.9408891736656,-978.5556444226862,2020-03-09
BANKNIFTY12MAR2026400CE,CE,2020-03-11 09:44:00,2020-03-11 09:50:00,465.71136276245113,463.93725608825685,6,-35.48213348388572,64.2704359286039,-99.75256941248962,2020-03-11
BANKNIFTY12MAR2026400CE,CE,2020-03-11 10:09:00,2020-03-11 10:19:00,362.3536372375488,307.72875,10,-1092.4977447509764,59.18680767108441,-1151.6845524220607,2020-03-11
BANKNIFTY12MAR2026400CE,CE,2020-03-11 10:32:00,2020-03-11 10:42:00,292.479375,276.5070121765137,10,-319.4472564697264,57.559292724626644,-377.00654919435306,2020-03-11
BANKNIFTY12MAR2026400CE,CE,2020-03-11 11:09:00,2020-03-11 11:19:00,354.7346311187744,303.78861282348635,10,-1018.9203659057614,58.99631386604055,-1077.916679771802,2020-03-11
BANKNIFTY12MAR2026400CE,CE,2020-03-11 11:36:00,2020-03-11 11:41:00,363.155625,393.5636128234863,5,608.1597564697267,61.28458411562336,546.8751723541034,2020-03-11
BANKNIFTY12MAR2026400CE,CE,2020-03-11 12:03:00,2020-03-11 12:13:00,403.05511276245113,379.05,10,-480.1022552490224,61.42725607891559,-541.5295113279379,2020-03-11
BANKNIFTY12MAR2026400CE,CE,2020-03-11 12:14:00,2020-03-11 12:24:00,371.17562499999997,346.38187500000004,10,-495.87499999999864,60.2365916695,-556.1115916694987,2020-03-11
BANKNIFTY12MAR2026400CE,CE,2020-03-11 12:25:00,2020-03-11 12:35:00,357.7421311187744,419.04975608825686,10,1226.152499389649,61.837243787355526,1164.3152556022935,2020-03-11
BANKNIFTY12MAR2026400CE,CE,2020-03-11 13:02:00,2020-03-11 13:06:00,431.97724388122555,474.2613871765137,4,845.6828659057635,64.10245676420945,781.580409141554,2020-03-11
BANKNIFTY12MAR2026400CE,CE,2020-03-11 13:20:00,2020-03-11 13:29:00,393.3308811187744,443.88750000000005,9,1011.1323776245126,62.883527529667205,948.2488500948455,2020-03-11
BANKNIFTY12MAR2026400CE,CE,2020-03-11 13:46:00,2020-03-11 13:56:00,412.37838111877437,302.84100608825685,10,-2190.7475006103505,59.68940755135553,-2250.436908161706,2020-03-11
BANKNIFTY12MAR2026400CE,CE,2020-03-11 13:57:00,2020-03-11 14:04:00,309.8226127624512,321.44437500000004,7,232.4352447509773,58.86779661166559,173.5674481393117,2020-03-11
BANKNIFTY12MAR2026400CE,CE,2020-03-11 14:10:00,2020-03-11 14:15:00,276.7902561187744,361.4939939117432,5,1694.0747558593762,59.43156673622888,1634.6431891231473,2020-03-11
BANKNIFTY12MAR2026400CE,CE,2020-03-11 14:26:00,2020-03-11 14:36:00,390.223125,306.3821189117432,10,-1676.8201217651358,59.500292123311674,-1736.3204138884475,2020-03-11
BANKNIFTY12MAR2026400CE,CE,2020-03-11 14:38:00,2020-03-11 14:48:00,312.27875,316.1576371765137,10,77.57774353027344,58.769718182126645,18.808025348146792,2020-03-11
BANKNIFTY12MAR2026400CE,CE,2020-03-11 14:50:00,2020-03-11 15:00:00,335.8375,390.02250000000004,10,1083.7000000000012,60.859062046,1022.8409379540012,2020-03-11
BANKNIFTY12MAR2026400CE,CE,2020-03-11 15:03:00,2020-03-11 15:13:00,342.7547438812256,268.7264939117432,10,-1480.5649993896475,57.99464358339447,-1538.559642973042,2020-03-11
BANKNIFTY12MAR2026400PE,PE,2020-03-11 09:20:00,2020-03-11 09:30:00,305.86275611877437,291.9682621765137,10,-277.8898788452136,58.10163575879386,-335.9915146040075,2020-03-11
BANKNIFTY12MAR2026400PE,PE,2020-03-11 11:33:00,2020-03-11 11:35:00,355.38624999999996,363.4889939117432,2,162.05487823486465,60.45653750781167,101.59834072705297,2020-03-11
BANKNIFTY12MAR2026400PE,PE,2020-03-11 11:44:00,2020-03-11 11:54:00,310.775,277.554375,10,-664.4124999999997,57.812065885749995,-722.2245658857497,2020-03-11
BANKNIFTY12MAR2026400PE,PE,2020-03-11 12:40:00,2020-03-11 12:50:00,220.0988780593872,226.83149391174317,10,134.65231704711925,55.45177894677028,79.20053810034898,2020-03-11
BANKNIFTY12MAR2026400PE,PE,2020-03-11 12:51:00,2020-03-11 12:59:00,218.74549694061278,247.3301219558716,8,571.6925003051762,55.93356551019724,515.7589347949789,2020-03-11
BANKNIFTY12MAR2026400PE,PE,2020-03-11 13:06:00,2020-03-11 13:16:00,201.5526280593872,216.10836891174318,10,291.1148170471199,54.960542752020274,236.15427429509964,2020-03-11
BANKNIFTY12MAR2026400PE,PE,2020-03-11 13:29:00,2020-03-11 13:35:00,219.3971311187744,209.37524391174318,6,-200.43774414062455,55.01846188097888,-255.45620602160344,2020-03-11
BANKNIFTY12MAR2026400PE,PE,2020-03-11 13:36:00,2020-03-11 13:46:00,203.5075,225.53475608825684,10,440.54512176513697,55.214112970188324,385.3310087949486,2020-03-11
BANKNIFTY12MAR2026400PE,PE,2020-03-11 15:00:00,2020-03-11 15:01:00,187.36724388122556,209.77425304412844,1,448.1401832580576,54.630240712426954,393.5099425456307,2020-03-11
BANKNIFTY12MAR2024900CE,CE,2020-03-12 10:15:00,2020-03-12 10:25:00,224.76049694061277,236.20800304412842,10,228.950122070313,55.73776349263556,173.21235857767743,2020-03-12
BANKNIFTY12MAR2024900CE,CE,2020-03-12 10:38:00,2020-03-12 10:48:00,217.04125,132.76725608825683,10,-1685.4798782348632,53.12581130368833,-1738.6056895385516,2020-03-12
BANKNIFTY12MAR2024900CE,CE,2020-03-12 10:50:00,2020-03-12 11:00:00,138.2447438812256,105.18637195587159,10,-661.1674385070799,51.47600863698864,-712.6434471440684,2020-03-12
BANKNIFTY12MAR2024900CE,CE,2020-03-12 11:03:00,2020-03-12 11:13:00,79.59850152969359,100.34849847793579,10,414.999938964844,50.629736681182216,364.37020228366174,2020-03-12
BANKNIFTY12MAR2024900CE,CE,2020-03-12 11:38:00,2020-03-12 11:48:00,73.48325305938721,70.9222484779358,10,-51.220091629028275,49.83801094578652,-101.0581025748148,2020-03-12
BANKNIFTY12MAR2024900CE,CE,2020-03-12 11:52:00,2020-03-12 12:00:00,59.7991265296936,57.25650152206421,8,-50.852500152587794,49.335604668776384,-100.18810482136418,2020-03-12
BANKNIFTY12MAR2024900CE,CE,2020-03-12 12:07:00,2020-03-12 12:10:00,35.839375,37.855125761032106,3,40.31501522064218,48.56602699621104,-8.251011775568863,2020-03-12
BANKNIFTY12MAR2024900CE,CE,2020-03-12 12:39:00,2020-03-12 12:42:00,53.984623470306396,60.74775152206421,3,135.26256103515635,49.34828737706778,85.91427365808858,2020-03-12
BANKNIFTY12MAR2024900CE,CE,2020-03-12 13:49:00,2020-03-12 13:59:00,37.844375,11.770500190258026,10,-521.4774961948394,47.956464315677756,-569.4339605105172,2020-03-12
BANKNIFTY12MAR2024900CE,CE,2020-03-12 14:01:00,2020-03-12 14:10:00,12.0801251912117,5.236875,9,-136.86500382423398,47.47745829607553,-184.3424621203095,2020-03-12
BANKNIFTY12MAR2024900PE,PE,2020-03-12 09:48:00,2020-03-12 09:58:00,142.75599388122558,139.94925304412843,10,-56.13481674194304,52.37761301692695,-108.51242975886998,2020-03-12
BANKNIFTY12MAR2024900PE,PE,2020-03-12 10:12:00,2020-03-12 10:15:00,135.73849388122557,163.14112804412844,3,548.0526832580574,52.85454029467695,495.19814296338046,2020-03-12
BANKNIFTY12MAR2024900PE,PE,2020-03-12 12:04:00,2020-03-12 12:05:00,603.3044877624511,660.5445121765138,1,1144.800488281253,70.76203413054223,1074.0384541507108,2020-03-12
BANKNIFTY12MAR2024900PE,PE,2020-03-12 12:17:00,2020-03-12 12:27:00,506.91411888122553,392.5661128234863,10,-2286.9601211547842,63.046319349206144,-2350.0064405039902,2020-03-12
BANKNIFTY19MAR2022400PE,PE,2020-03-13 10:42:00,2020-03-13 10:52:00,781.8998872375488,567.4278506469727,10,-4289.440731811521,70.71589950708112,-4360.156631318602,2020-03-13
BANKNIFTY19MAR2022400PE,PE,2020-03-13 11:03:00,2020-03-13 11:14:00,800.6967622375488,765.2321493530274,10,-709.2922576904289,75.76073700333771,-785.0529946937665,2020-03-13
BANKNIFTY19MAR2022400PE,PE,2020-03-13 11:17:00,2020-03-13 11:27:00,788.46625,714.9082621765137,10,-1471.159756469724,74.38473190937664,-1545.5444883791006,2020-03-13
BANKNIFTY19MAR2022400PE,PE,2020-03-13 11:28:00,2020-03-13 11:38:00,711.775,705.7811128234864,10,-119.87774353027135,73.20994536587335,-193.0876888961447,2020-03-13
BANKNIFTY19MAR2022400PE,PE,2020-03-13 11:40:00,2020-03-13 11:50:00,715.8852255249024,671.6666006469727,10,-884.3724975585928,72.43122141532788,-956.8037189739207,2020-03-13
BANKNIFTY19MAR2022400PE,PE,2020-03-13 11:51:00,2020-03-13 12:02:00,648.2164755249023,529.0740243530274,10,-2382.8490234374976,68.12216714408447,-2450.971190581582,2020-03-13
BANKNIFTY19MAR2022400PE,PE,2020-03-13 12:03:00,2020-03-13 12:13:00,554.4326127624512,460.44600608825687,10,-1879.7321334838864,65.28775348160391,-1945.0198869654903,2020-03-13
BANKNIFTY19MAR2022400PE,PE,2020-03-13 12:18:00,2020-03-13 12:28:00,435.23536888122555,475.9072560882569,10,813.4377441406264,64.18296786302112,749.2547762776053,2020-03-13
BANKNIFTY19MAR2022400PE,PE,2020-03-13 12:29:00,2020-03-13 12:39:00,450.9244877624511,365.334375,10,-1711.802255249022,61.68835266991559,-1773.4906079189375,2020-03-13
BANKNIFTY19MAR2022400PE,PE,2020-03-13 12:40:00,2020-03-13 12:51:00,384.70937499999997,384.53625,10,-3.462499999999409,61.33278132174999,-64.7952813217494,2020-03-13
BANKNIFTY19MAR2022400PE,PE,2020-03-13 12:55:00,2020-03-13 13:05:00,389.92238723754883,306.03298782348634,10,-1677.78798828125,59.488063752707774,-1737.2760520339577,2020-03-13
BANKNIFTY19MAR2022400PE,PE,2020-03-13 13:06:00,2020-03-13 13:13:00,303.4066188812256,295.45951217651367,7,-158.94213409423855,58.156041460709446,-217.098175554948,2020-03-13
BANKNIFTY19MAR2022400PE,PE,2020-03-13 13:18:00,2020-03-13 13:28:00,276.74011276245113,287.28000000000003,10,210.79774475097793,57.625792272915604,153.17195247806234,2020-03-13
BANKNIFTY19MAR2022400PE,PE,2020-03-13 13:29:00,2020-03-13 13:40:00,273.93312499999996,285.4845121765137,10,231.02774353027485,57.547246652126645,173.4804968781482,2020-03-13
BANKNIFTY19MAR2022400PE,PE,2020-03-13 13:51:00,2020-03-13 14:02:00,296.8903688812256,333.5639939117432,10,733.472500610352,59.001924349144474,674.4705762612075,2020-03-13
BANKNIFTY19MAR2022400PE,PE,2020-03-13 14:03:00,2020-03-13 14:17:00,316.28875,364.63611282348637,10,966.9472564697276,59.99870786837335,906.9485486013542,2020-03-13
BANKNIFTY19MAR2022400PE,PE,2020-03-13 14:18:00,2020-03-13 14:28:00,331.8275,377.45399391174317,10,912.5298782348636,60.50353209531168,852.026346139552,2020-03-13
BANKNIFTY19MAR2022400PE,PE,2020-03-13 14:34:00,2020-03-13 14:35:00,414.98488723754883,498.10163108825685,1,1662.3348770141604,64.47123107902273,1597.8636459351376,2020-03-13
BANKNIFTY19MAR2022400PE,PE,2020-03-13 14:36:00,2020-03-13 14:46:00,473.58099388122554,344.43673782348634,10,-2582.885121154784,61.461522271706144,-2644.34664342649,2020-03-13
BANKNIFTY19MAR2022400PE,PE,2020-03-13 14:47:00,2020-03-13 14:58:00,366.664375,339.5489939117432,10,-542.3076217651362,60.01434543756168,-602.3219672026979,2020-03-13
BANKNIFTY19MAR2022400PE,PE,2020-03-13 14:59:00,2020-03-13 15:10:00,335.98786888122555,312.71625,10,-465.432377624511,58.980563866332794,-524.4129414908438,2020-03-13
BANKNIFTY19MAR2022400PE,PE,2020-03-13 15:11:00,2020-03-13 15:21:00,295.7375,267.8786128234863,10,-557.1777435302738,57.38989663187334,-614.5676401621472,2020-03-13
BANKNIFTY19MAR2022400PE,PE,2020-03-13 15:23:00,2020-03-13 15:24:00,264.8103688812256,269.2751371765137,1,89.29536590576163,57.03963882545944,32.25572708030219,2020-03-13
BANKNIFTY19MAR2023900CE,CE,2020-03-16 12:03:00,2020-03-16 12:13:00,716.0857377624511,734.65875,10,371.46024475097875,73.96590834316558,297.4943364078132,2020-03-16
BANKNIFTY19MAR2023900CE,CE,2020-03-16 12:16:00,2020-03-16 12:26:00,740.2961372375488,701.8908993530274,10,-768.104757690428,73.4696565700877,-841.5744142605156,2020-03-16
BANKNIFTY19MAR2023900CE,CE,2020-03-16 12:27:00,2020-03-16 12:37:00,689.21875,756.4541006469727,10,1344.7070129394547,74.16226502499671,1270.544747914458,2020-03-16
BANKNIFTY19MAR2023900CE,CE,2020-03-16 13:32:00,2020-03-16 13:41:00,799.744375,778.0998628234863,9,-432.89024353027344,76.06189404062334,-508.95213757089675,2020-03-16
BANKNIFTY19MAR2023900CE,CE,2020-03-16 13:50:00,2020-03-16 13:51:00,727.9653994750976,734.908125,1,138.85451049804942,74.11956220616882,64.7349482918806,2020-03-16
BANKNIFTY19MAR2023900CE,CE,2020-03-16 14:05:00,2020-03-16 14:06:00,655.8355122375488,680.5443750000001,1,494.1772552490261,71.90112722958442,422.27612801944167,2020-03-16
BANKNIFTY19MAR2023900CE,CE,2020-03-16 14:20:00,2020-03-16 14:30:00,602.8533505249023,639.646875,10,735.8704895019537,70.24812361433118,665.6223658876224,2020-03-16
BANKNIFTY19MAR2023900CE,CE,2020-03-16 14:55:00,2020-03-16 15:05:00,650.0210244750976,612.3652743530274,10,-753.1150024414046,70.17052918692212,-823.2855316283267,2020-03-16
BANKNIFTY19MAR2023900PE,PE,2020-03-16 09:18:00,2020-03-16 09:19:00,948.1644877624511,966.328125,1,363.2727447509774,82.48419511141557,280.7885496395618,2020-03-16
BANKNIFTY19MAR2023900PE,PE,2020-03-16 12:39:00,2020-03-16 12:42:00,1069.918125,1165.6784756469726,3,1915.2070129394542,88.84573178799671,1826.3612811514574,2020-03-16
BANKNIFTY19MAR2023900PE,PE,2020-03-16 13:56:00,2020-03-16 14:08:00,1222.4485244750977,1332.5602743530274,10,2202.234997558594,94.79987457792211,2107.4351229806716,2020-03-16
BANKNIFTY19MAR2023900PE,PE,2020-03-16 14:26:00,2020-03-16 14:36:00,1504.4016494750977,1438.3450762939453,2,-1321.1314636230463,100.87581463016222,-1422.0072782532086,2020-03-16
BANKNIFTY19MAR2022900CE,CE,2020-03-17 10:04:00,2020-03-17 10:06:00,1123.4516494750976,1172.0125762939454,2,971.218536376955,89.66487901316223,881.5536573637927,2020-03-17
BANKNIFTY19MAR2022900CE,CE,2020-03-17 11:17:00,2020-03-17 11:22:00,962.4,905.5803506469728,5,-1136.3929870605443,81.18344685699671,-1217.576433917541,2020-03-17
BANKNIFTY19MAR2022900CE,CE,2020-03-17 11:25:00,2020-03-17 11:33:00,855.8342622375487,837.7004878234864,8,-362.67548828124745,78.20843412595777,-440.8839224072052,2020-03-17
BANKNIFTY19MAR2022900CE,CE,2020-03-17 14:11:00,2020-03-17 14:14:00,610.3219877624512,663.9359756469727,3,1072.2797576904304,70.9317093444123,1001.3480483460181,2020-03-17
BANKNIFTY19MAR2022900CE,CE,2020-03-17 14:20:00,2020-03-17 14:21:00,616.8883505249023,630.3202743530273,1,268.6384765625007,70.19563233683448,198.44284422566625,2020-03-17
BANKNIFTY19MAR2022900CE,CE,2020-03-17 14:23:00,2020-03-17 14:33:00,599.5952255249023,547.5277743530273,10,-1041.349023437499,67.96697781608447,-1109.3160012535834,2020-03-17
BANKNIFTY19MAR2022900CE,CE,2020-03-17 14:39:00,2020-03-17 14:49:00,561.7508505249023,539.6973628234864,10,-441.0697540283172,67.30635064095453,-508.37610466927174,2020-03-17
BANKNIFTY19MAR2022900CE,CE,2020-03-17 14:55:00,2020-03-17 15:05:00,493.22999999999996,426.1320121765137,10,-1341.9597564697256,63.69275683937664,-1405.6525133091022,2020-03-17
BANKNIFTY19MAR2022900CE,CE,2020-03-17 15:06:00,2020-03-17 15:16:00,409.4711372375488,382.0425,10,-548.572744750976,61.5797545735844,-610.1524993245604,2020-03-17
BANKNIFTY19MAR2022900CE,CE,2020-03-17 15:23:00,2020-03-17 15:24:00,362.7546311187744,357.20475608825683,1,-110.99750061035138,60.39522404035553,-171.3927246507069,2020-03-17
BANKNIFTY19MAR2022900PE,PE,2020-03-17 09:31:00,2020-03-17 09:41:00,1062.0985760498047,942.3382621765137,10,-2395.20627746582,83.316146823289,-2478.522424289109,2020-03-17
BANKNIFTY19MAR2022900PE,PE,2020-03-17 09:53:00,2020-03-17 10:03:00,858.4407377624511,826.9773628234864,10,-629.2674987792952,77.97999093203894,-707.2474897113342,2020-03-17
BANKNIFTY19MAR2022900PE,PE,2020-03-17 10:10:00,2020-03-17 10:20:00,813.779375,857.5008993530274,10,874.4304870605492,78.1675783187533,796.262908741796,2020-03-17
BANKNIFTY19MAR2022900PE,PE,2020-03-17 10:25:00,2020-03-17 10:35:00,824.9071005249023,784.9327743530274,10,-799.486523437497,76.54070668433448,-876.0272301218315,2020-03-17
BANKNIFTY19MAR2022900PE,PE,2020-03-17 10:36:00,2020-03-17 10:44:00,835.0825,813.2118750000001,8,-437.4124999999981,77.35497130974998,-514.7674713097481,2020-03-17
BANKNIFTY19MAR2022900PE,PE,2020-03-17 10:50:00,2020-03-17 11:00:00,779.5941494750977,818.8976371765137,10,786.0697540283218,76.80390444304547,709.2658495852763,2020-03-17
BANKNIFTY19MAR2022900PE,PE,2020-03-17 11:06:00,2020-03-17 11:16:00,860.145,866.7776371765137,10,132.65274353027507,78.96924995762664,53.68349357264843,2020-03-17
BANKNIFTY19MAR2022900PE,PE,2020-03-17 12:06:00,2020-03-17 12:16:00,773.7294877624512,785.53125,10,236.0352447509763,75.9194535766656,160.1157911743107,2020-03-17
BANKNIFTY19MAR2022900PE,PE,2020-03-17 12:20:00,2020-03-17 12:30:00,781.5489755249023,786.0300000000001,10,89.62048950195594,76.02873116033118,13.591758341624768,2020-03-17
BANKNIFTY19MAR2022900PE,PE,2020-03-17 12:32:00,2020-03-17 12:42:00,782.2507377624511,819.2966006469727,10,740.9172576904325,76.84661306116229,664.0706446292702,2020-03-17
BANKNIFTY19MAR2022900PE,PE,2020-03-17 13:04:00,2020-03-17 13:14:00,769.1681249999999,731.7659756469727,10,-748.042987060544,74.5550200029967,-822.5980070635406,2020-03-17
BANKNIFTY19MAR2022900PE,PE,2020-03-17 13:16:00,2020-03-17 13:26:00,727.8149999999999,674.7588871765137,10,-1061.1222564697255,72.65464770212665,-1133.776904171852,2020-03-17
BANKNIFTY19MAR2022900PE,PE,2020-03-17 13:27:00,2020-03-17 13:37:00,676.2864755249024,785.7307621765137,10,2188.8857330322276,74.71371342420784,2114.1720196080196,2020-03-17
BANKNIFTY19MAR2022900PE,PE,2020-03-17 13:40:00,2020-03-17 13:50:00,807.764375,806.8777743530273,10,-17.73201293945249,76.86151372150329,-94.59352666095577,2020-03-17
BANKNIFTY19MAR2022900PE,PE,2020-03-17 13:57:00,2020-03-17 14:07:00,843.1025,854.0096493530274,10,218.14298706054842,78.44695732600329,139.69602973454514,2020-03-17
BANKNIFTY19MAR2022900PE,PE,2020-03-17 14:14:00,2020-03-17 14:23:00,879.2426127624511,952.6125000000001,9,1467.3977447509787,81.2943239289156,1386.103420822063,2020-03-17
BANKNIFTY19MAR2022900PE,PE,2020-03-17 14:34:00,2020-03-17 14:39:00,898.6911372375488,967.575,5,1377.6772552490252,81.8998864825844,1295.7773687664408,2020-03-17
BANKNIFTY19MAR2022400CE,CE,2020-03-18 09:20:00,2020-03-18 09:30:00,431.97724388122555,349.62375000000003,10,-1647.0698776245104,61.07082073258279,-1708.1406983570932,2020-03-18
BANKNIFTY19MAR2022400CE,CE,2020-03-18 09:32:00,2020-03-18 09:34:00,363.05536888122555,341.6936128234863,2,-427.23512115478457,60.02167344170615,-487.2567945964907,2020-03-18
BANKNIFTY19MAR2022400CE,CE,2020-03-18 10:56:00,2020-03-18 10:57:00,151.3775,154.21350608825685,1,56.72012176513704,52.83168114568832,3.8884406194487156,2020-03-18
BANKNIFTY19MAR2022400CE,CE,2020-03-18 11:03:00,2020-03-18 11:10:00,142.7058811187744,141.894375,7,-16.23012237548835,52.42430280441721,-68.65442517990556,2020-03-18
BANKNIFTY19MAR2022400CE,CE,2020-03-18 11:35:00,2020-03-18 11:41:00,124.30999999999999,120.89699695587159,6,-68.26006088256804,51.68502791115583,-119.94508879372387,2020-03-18
BANKNIFTY19MAR2022400CE,CE,2020-03-18 11:56:00,2020-03-18 11:58:00,105.8138780593872,112.7175,2,138.07243881225588,51.2562846784586,86.81615413379728,2020-03-18
BANKNIFTY19MAR2022400CE,CE,2020-03-18 12:10:00,2020-03-18 12:19:00,94.93674694061279,103.69012195587159,9,175.06750030517594,50.90157321969723,124.16592708547871,2020-03-18
BANKNIFTY19MAR2022400CE,CE,2020-03-18 12:23:00,2020-03-18 12:33:00,90.67612194061279,70.22400152206421,10,-409.0424083709715,50.034624391963476,-459.07703276293495,2020-03-18
BANKNIFTY19MAR2022400CE,CE,2020-03-18 12:35:00,2020-03-18 12:45:00,69.1725,83.59050304412843,10,288.3600608825685,50.09259343084416,238.26746745172437,2020-03-18
BANKNIFTY19MAR2022400CE,CE,2020-03-18 12:50:00,2020-03-18 13:00:00,75.2376280593872,67.03199695587159,10,-164.11262207031228,49.76518167711444,-213.87780374742673,2020-03-18
BANKNIFTY19MAR2022400CE,CE,2020-03-18 13:03:00,2020-03-18 13:13:00,68.7213780593872,71.9197484779358,10,63.96740837097184,49.803114106536526,14.164294264435313,2020-03-18
BANKNIFTY19MAR2022400CE,CE,2020-03-18 13:21:00,2020-03-18 13:27:00,65.3128765296936,61.346250000000005,6,-79.33253059387184,49.503582699354304,-128.83611329322613,2020-03-18
BANKNIFTY19MAR2022400CE,CE,2020-03-18 13:45:00,2020-03-18 13:52:00,69.3729969406128,67.33125,7,-40.83493881225593,49.6996007572914,-90.53453956954732,2020-03-18
BANKNIFTY19MAR2022400CE,CE,2020-03-18 13:59:00,2020-03-18 14:04:00,38.4960015296936,40.199249238967894,5,34.064954185485874,48.65604938339325,-14.591095197907379,2020-03-18
BANKNIFTY19MAR2022400CE,CE,2020-03-18 14:29:00,2020-03-18 14:34:00,36.69149847030639,43.29150152206421,5,132.00006103515634,48.70884566681779,83.29121536833856,2020-03-18
BANKNIFTY19MAR2022400CE,CE,2020-03-18 14:58:00,2020-03-18 15:02:00,27.969749617576596,25.33649961948395,4,-52.664999961852956,48.163759863493404,-100.82875982534637,2020-03-18
BANKNIFTY19MAR2022400PE,PE,2020-03-18 09:15:00,2020-03-18 09:20:00,774.1305122375488,835.2566006469727,5,1222.5217681884783,77.13393528333111,1145.3878329051472,2020-03-18
BANKNIFTY19MAR2022400PE,PE,2020-03-18 10:24:00,2020-03-18 10:30:00,1027.5625,1043.2353506469726,6,313.4570129394524,85.34126484999672,228.11574808945568,2020-03-18
BANKNIFTY19MAR2022400PE,PE,2020-03-18 10:32:00,2020-03-18 10:42:00,983.703125,982.5375,10,-23.312499999999545,83.31998327875,-106.63248327874955,2020-03-18
BANKNIFTY19MAR2022400PE,PE,2020-03-18 12:19:00,2020-03-18 12:23:00,1791.8183505249021,2044.875,1,5061.132989501957,119.19955600958117,4941.933433492376,2020-03-18
BANKNIFTY19MAR2022400PE,PE,2020-03-18 13:09:00,2020-03-18 15:12:00,1870.4645489501952,2052.156798706055,2,3633.8449951171924,120.35374447934424,3513.491250637848,2020-03-18
BANKNIFTY19MAR2019100CE,CE,2020-03-19 09:32:00,2020-03-19 09:36:00,460.7490061187744,428.925,4,-636.4801223754876,63.357161482417204,-699.8372838579047,2020-03-19
BANKNIFTY19MAR2019100CE,CE,2020-03-19 11:18:00,2020-03-19 11:23:00,939.4427255249022,944.1337500000001,5,93.82048950195667,81.8359923263312,11.984497175625478,2020-03-19
BANKNIFTY19MAR2019100CE,CE,2020-03-19 11:57:00,2020-03-19 11:59:00,855.4332377624511,903.4357621765138,2,960.0504882812538,79.80237047754224,880.2481178037116,2020-03-19
BANKNIFTY19MAR2019100CE,CE,2020-03-19 12:02:00,2020-03-19 12:06:00,748.9176127624511,873.1117378234864,4,2483.8825012207053,77.74147352003895,2406.141027700666,2020-03-19
BANKNIFTY19MAR2019100CE,CE,2020-03-19 14:28:00,2020-03-19 14:29:00,1508.7624999999998,1549.9155487060548,1,823.0609741210992,103.64378763550661,719.4171864855925,2020-03-19
BANKNIFTY19MAR2019100PE,PE,2020-03-19 10:33:00,2020-03-19 10:43:00,430.22286888122557,446.03211891174317,10,316.18500061035206,63.394023681394465,252.7909769289576,2020-03-19
BANKNIFTY19MAR2019100PE,PE,2020-03-19 10:56:00,2020-03-19 11:06:00,402.65411888122554,220.198125,10,-3649.119877624511,57.558424824582794,-3706.6783024490937,2020-03-19
BANKNIFTY19MAR2019100PE,PE,2020-03-19 11:12:00,2020-03-19 11:15:00,176.59036888122557,186.68211891174317,3,201.83500061035204,53.934669294394475,147.90033131595757,2020-03-19
BANKNIFTY19MAR2019100PE,PE,2020-03-19 11:34:00,2020-03-19 11:40:00,170.42499999999998,198.15336891174317,6,554.5673782348638,54.13709531406167,500.43028292080214,2020-03-19
BANKNIFTY19MAR2019100PE,PE,2020-03-19 12:47:00,2020-03-19 12:57:00,153.1820030593872,71.570625,10,-1632.227561187744,50.843927187458604,-1683.0714883752025,2020-03-19
BANKNIFTY19MAR2019100PE,PE,2020-03-19 12:58:00,2020-03-19 13:08:00,61.0522515296936,35.660625,10,-507.8325305938719,48.8258835303543,-556.6584141242262,2020-03-19
BANKNIFTY19MAR2019100PE,PE,2020-03-19 13:09:00,2020-03-19 13:10:00,33.2328765296936,45.485998477935794,1,245.06243896484392,48.719255197432226,196.3431837674117,2020-03-19
BANKNIFTY19MAR2019100PE,PE,2020-03-19 13:31:00,2020-03-19 13:36:00,29.072499999999998,43.39125,5,286.375,48.6166165195,237.75838348050002,2020-03-19
BANKNIFTY19MAR2019100PE,PE,2020-03-19 13:42:00,2020-03-19 13:52:00,37.4935015296936,19.700625000000002,10,-355.857530593872,48.14499438785429,-404.0025249817263,2020-03-19
BANKNIFTY19MAR2019100PE,PE,2020-03-19 14:22:00,2020-03-19 14:28:00,6.466124808788299,10.573500380516053,6,82.14751143455508,47.53751814202998,34.609993292525104,2020-03-19
BANKNIFTY26MAR2019500CE,CE,2020-03-20 09:25:00,2020-03-20 09:35:00,1478.7877255249023,1173.808125,10,-6099.592010498045,94.12310649608116,-6193.715116994126,2020-03-20
BANKNIFTY26MAR2019500CE,CE,2020-03-20 09:37:00,2020-03-20 09:38:00,1154.5792010498046,1205.8278506469728,1,1024.972991943364,90.87410447015907,934.0988874732049,2020-03-20
BANKNIFTY26MAR2019500CE,CE,2020-03-20 09:45:00,2020-03-20 09:55:00,1169.8172744750975,1282.785,10,2259.3545104980512,92.93529111716882,2166.4192193808826,2020-03-20
BANKNIFTY26MAR2019500CE,CE,2020-03-20 10:02:00,2020-03-20 10:05:00,1221.5964239501952,1360.3905487060547,3,2775.882495117189,95.46622088309424,2680.416274234095,2020-03-20
BANKNIFTY26MAR2019500CE,CE,2020-03-20 10:12:00,2020-03-20 10:22:00,1298.9392010498045,1292.4108993530274,10,-130.5660339355427,94.77358680966564,-225.33962074520832,2020-03-20
BANKNIFTY26MAR2019500CE,CE,2020-03-20 10:24:00,2020-03-20 10:29:00,1243.1,1295.6028506469727,5,1050.0570129394555,94.15750265799672,955.8995102814588,2020-03-20
BANKNIFTY26MAR2019500CE,CE,2020-03-20 10:36:00,2020-03-20 10:46:00,1224.8545489501953,1168.0225762939453,10,-1136.639453124999,90.82761691108108,-1227.46707003608,2020-03-20
BANKNIFTY26MAR2019500CE,CE,2020-03-20 12:34:00,2020-03-20 12:44:00,1604.0501739501951,1597.9450762939455,10,-122.10195312499309,105.99585459883106,-228.09780772382413,2020-03-20
BANKNIFTY26MAR2019500CE,CE,2020-03-20 13:53:00,2020-03-20 14:03:00,1736.6307989501952,1532.9081250000002,10,-4074.4534790039006,106.06105046308764,-4180.514529466988,2020-03-20
BANKNIFTY26MAR2019500CE,CE,2020-03-20 14:06:00,2020-03-20 14:14:00,1443.0485760498045,1367.0238262939454,8,-1520.494995117183,98.37879903065577,-1618.8737941478387,2020-03-20
BANKNIFTY26MAR2019500CE,CE,2020-03-20 15:09:00,2020-03-20 15:15:00,1562.646875,1527.67125,6,-699.5124999999962,103.77216413274999,-803.2846641327462,2020-03-20
BANKNIFTY26MAR2019500PE,PE,2020-03-20 09:15:00,2020-03-20 09:25:00,1153.8273260498047,974.3579878234864,10,-3589.3867645263663,85.23458312053572,-3674.621347646902,2020-03-20
BANKNIFTY26MAR2019500PE,PE,2020-03-20 10:06:00,2020-03-20 10:08:00,1021.9485244750977,1093.8584756469727,2,1438.1990234375007,86.50285570691553,1351.696167730585,2020-03-20
BANKNIFTY26MAR2019500PE,PE,2020-03-20 11:29:00,2020-03-20 11:39:00,1040.4947744750975,1025.92875,10,-291.32048950194985,85.08097142366883,-376.40146092561866,2020-03-20
BANKNIFTY26MAR2019500PE,PE,2020-03-20 11:44:00,2020-03-20 11:54:00,1007.2618749999999,1029.8190243530273,10,451.14298706054797,84.76272465100331,366.3802624095447,2020-03-20
BANKNIFTY26MAR2019500PE,PE,2020-03-20 11:59:00,2020-03-20 12:09:00,1009.6177255249023,892.7625,10,-2337.1045104980453,81.45828471983117,-2418.5627952178766,2020-03-20
BANKNIFTY26MAR2019500PE,PE,2020-03-20 12:10:00,2020-03-20 12:14:00,837.8393749999999,896.4033993530273,4,1171.2804870605487,79.41273898375329,1091.8677480767954,2020-03-20
BANKNIFTY26MAR2019500PE,PE,2020-03-20 13:44:00,2020-03-20 13:54:00,696.1861372375488,851.865,10,3113.5772552490243,76.56956160858441,3037.00769364044,2020-03-20
BANKNIFTY26MAR2019500PE,PE,2020-03-20 14:29:00,2020-03-20 14:33:00,887.3127255249022,989.7195121765137,4,2048.1357330322294,82.29715990320784,1965.8385731290216,2020-03-20
BANKNIFTY26MAR2019500PE,PE,2020-03-20 15:03:00,2020-03-20 15:10:00,797.5889755249023,839.39625,7,836.1454895019551,77.52606502283118,758.619424479124,2020-03-20
BANKNIFTY26MAR2019500PE,PE,2020-03-20 15:15:00,2020-03-20 15:24:00,777.5389755249023,736.0053506469727,9,-830.6724975585917,74.76213296332789,-905.4346305219195,2020-03-20
BANKNIFTY26MAR2018400CE,CE,2020-03-23 09:34:00,2020-03-23 09:45:00,1062.6499999999999,881.7900000000001,10,-3617.1999999999957,81.85024578400001,-3699.0502457839957,2020-03-23
BANKNIFTY26MAR2018400CE,CE,2020-03-23 09:46:00,2020-03-23 09:49:00,838.9922744750976,852.7627743530273,3,275.409997558595,78.36556503942212,197.04443251917291,2020-03-23
BANKNIFTY26MAR2018400CE,CE,2020-03-23 09:50:00,2020-03-23 11:06:00,828.6163627624511,818.44875,10,-203.3522552490217,77.40201825991558,-280.7542735089373,2020-03-23
BANKNIFTY26MAR2018400CE,CE,2020-03-23 11:08:00,2020-03-23 11:18:00,798.1905122375488,754.8581250000001,10,-866.6477447509737,75.47726673708442,-942.1250114880581,2020-03-23
BANKNIFTY26MAR2018400CE,CE,2020-03-23 11:19:00,2020-03-23 11:30:00,701.75,704.6838871765137,10,58.67774353027471,73.05871029812664,-14.38096676785193,2020-03-23
BANKNIFTY26MAR2018400CE,CE,2020-03-23 11:31:00,2020-03-23 11:42:00,703.25375,783.0375,10,1595.675000000001,74.9832342235,1520.6917657765011,2020-03-23
BANKNIFTY26MAR2018400CE,CE,2020-03-23 11:46:00,2020-03-23 12:10:00,768.3160244750976,744.135,10,-483.6204895019523,74.84529304766883,-558.4657825496212,2020-03-23
BANKNIFTY26MAR2018400CE,CE,2020-03-23 12:17:00,2020-03-23 12:33:00,712.9780122375488,726.429375,10,269.0272552490251,73.7271311785844,195.3001240704407,2020-03-23
BANKNIFTY26MAR2018400CE,CE,2020-03-23 13:04:00,2020-03-23 13:19:00,653.6801127624511,671.4172256469727,10,354.74225769043187,71.65234427866228,283.0899134117696,2020-03-23
BANKNIFTY26MAR2018400CE,CE,2020-03-23 13:32:00,2020-03-23 13:44:00,625.1589755249023,625.3826371765138,10,4.473233032229018,70.17828216195782,-65.7050491297288,2020-03-23
BANKNIFTY26MAR2018400CE,CE,2020-03-23 13:46:00,2020-03-23 13:59:00,593.9311372375488,533.3133993530274,10,-1212.3547576904275,67.5508646770877,-1279.9056223675152,2020-03-23
BANKNIFTY26MAR2018400CE,CE,2020-03-23 14:00:00,2020-03-23 14:03:00,539.1444877624511,568.575,3,588.6102447509779,67.72790632816559,520.8823384228124,2020-03-23
BANKNIFTY26MAR2018400CE,CE,2020-03-23 14:07:00,2020-03-23 14:18:00,482.75386276245115,535.15875,8,1048.097744750978,66.21452826091559,981.8832164900625,2020-03-23
BANKNIFTY26MAR2018400CE,CE,2020-03-23 14:23:00,2020-03-23 14:34:00,535.3349999999999,555.4079878234863,10,401.4597564697283,67.36030963862335,334.09944683110496,2020-03-23
BANKNIFTY26MAR2018400CE,CE,2020-03-23 14:37:00,2020-03-23 14:57:00,548.5178994750976,526.2809756469727,10,-444.73847656249745,66.81561491516553,-511.55409147766295,2020-03-23
BANKNIFTY26MAR2018400CE,CE,2020-03-23 15:05:00,2020-03-23 15:16:00,503.10463111877436,418.95000000000005,10,-1683.0926223754864,63.6407429151672,-1746.7333652906536,2020-03-23
BANKNIFTY26MAR2018400CE,CE,2020-03-23 15:17:00,2020-03-23 15:24:00,404.759375,403.8877439117432,7,-17.432621765135536,62.05257249906167,-79.4851942641972,2020-03-23
BANKNIFTY26MAR2018400PE,PE,2020-03-23 09:16:00,2020-03-23 09:26:00,856.5360244750976,1003.235625,10,2933.992010498048,82.24356300191883,2851.748447496129,2020-03-23
BANKNIFTY26MAR2018400PE,PE,2020-03-23 09:28:00,2020-03-23 09:38:00,1022.55,1184.9302743530275,10,3247.6054870605503,88.72552220125331,3158.879964859297,2020-03-23
BANKNIFTY26MAR2018400PE,PE,2020-03-23 10:57:00,2020-03-23 11:00:00,1192.3735244750976,1626.174375,2,8676.01701049805,101.56798674641884,8574.449023751631,2020-03-23
BANKNIFTY26MAR2018400PE,PE,2020-03-23 11:05:00,2020-03-23 11:10:00,1431.6201739501953,1596.0,5,3287.596520996094,103.80634199308766,3183.7901790030064,2020-03-23
BANKNIFTY26MAR2018400PE,PE,2020-03-23 11:37:00,2020-03-23 11:44:00,1670.6160760498046,1529.7659756469727,6,-2817.0020080566383,105.16448156765907,-2922.1664896242974,2020-03-23
BANKNIFTY26MAR2018400PE,PE,2020-03-23 13:43:00,2020-03-23 13:46:00,1781.2921005249023,1855.3500000000001,2,1481.1579895019577,114.45885180008116,1366.6991377018765,2020-03-23
BANKNIFTY26MAR2018400PE,PE,2020-03-23 14:14:00,2020-03-23 14:27:00,1920.2385760498046,2052.904923706055,4,2653.326953125006,120.99031417566894,2532.336638949337,2020-03-23
BANKNIFTY26MAR2017600CE,CE,2020-03-24 09:24:00,2020-03-24 09:34:00,904.9066494750977,706.23,10,-3973.5329895019527,75.62025427841881,-4049.1532437803717,2020-03-24
BANKNIFTY26MAR2017600CE,CE,2020-03-24 09:50:00,2020-03-24 09:56:00,658.3417622375488,664.335,6,119.86475524902517,71.5379935233344,48.32676172569076,2020-03-24
BANKNIFTY26MAR2017600CE,CE,2020-03-24 10:03:00,2020-03-24 10:13:00,612.276875,620.5946493530274,10,166.35548706054806,69.9017789972533,96.45370806329475,2020-03-24
BANKNIFTY26MAR2017600CE,CE,2020-03-24 10:21:00,2020-03-24 10:26:00,541.35,571.7171493530274,5,607.3429870605469,67.8317351140033,539.5112519465436,2020-03-24
BANKNIFTY26MAR2017600CE,CE,2020-03-24 11:02:00,2020-03-24 11:12:00,761.2483505249023,817.0522256469727,10,1116.077502441408,76.53109652332788,1039.54640591808,2020-03-24
BANKNIFTY26MAR2017600CE,CE,2020-03-24 11:54:00,2020-03-24 12:04:00,860.5460244750976,749.1225000000001,10,-2228.4704895019513,76.11243563066883,-2304.58292513262,2020-03-24
BANKNIFTY26MAR2017600CE,CE,2020-03-24 14:34:00,2020-03-24 14:43:00,861.1474999999999,786.1796493530273,9,-1499.3570129394516,77.02127140000329,-1576.378284339455,2020-03-24
BANKNIFTY26MAR2017600CE,CE,2020-03-24 14:56:00,2020-03-24 15:06:00,732.8275,538.9991006469727,10,-3876.567987060546,69.4147542534967,-3945.9827413140424,2020-03-24
BANKNIFTY26MAR2017600CE,CE,2020-03-24 15:07:00,2020-03-24 15:11:00,541.5505122375488,610.5697256469726,4,1380.384268188477,68.77926072258111,1311.605007465896,2020-03-24
BANKNIFTY26MAR2017600PE,PE,2020-03-24 09:15:00,2020-03-24 09:24:00,914.78125,1254.1068750000002,9,6786.5125000000035,89.06927032225,6697.443229677753,2020-03-24
BANKNIFTY26MAR2017600PE,PE,2020-03-24 10:29:00,2020-03-24 10:39:00,1840.1889755249022,1615.95,10,-4484.779510498042,109.36749317633118,-4594.147003674373,2020-03-24
BANKNIFTY26MAR2017600PE,PE,2020-03-24 10:49:00,2020-03-24 10:59:00,1536.4314755249022,1496.25,10,-803.6295104980445,102.68219657933118,-906.3117070773757,2020-03-24
BANKNIFTY26MAR2017600PE,PE,2020-03-24 12:16:00,2020-03-24 12:26:00,1375.1292010498046,1409.3677743530275,10,684.7714660644579,98.56495313841566,586.2065129260423,2020-03-24
BANKNIFTY26MAR2017600PE,PE,2020-03-24 12:32:00,2020-03-24 12:43:00,1323.6508505249024,1216.1021493530275,10,-2150.9740234374976,93.2244909465845,-2244.198514384082,2020-03-24
BANKNIFTY26MAR2017600PE,PE,2020-03-24 12:44:00,2020-03-24 12:56:00,1221.4460244750976,1226.925,10,109.57951049804706,92.21798975966884,17.361520738378218,2020-03-24
BANKNIFTY26MAR2017600PE,PE,2020-03-24 13:15:00,2020-03-24 13:28:00,1205.3057989501951,1160.5912500000002,10,-894.2909790038993,90.40399445233764,-984.694973456237,2020-03-24
BANKNIFTY26MAR2017600PE,PE,2020-03-24 13:29:00,2020-03-24 13:39:00,1116.2837499999998,1126.4767987060548,10,203.86097412109848,88.46823385750659,115.39274026359189,2020-03-24
BANKNIFTY26MAR2017600PE,PE,2020-03-24 13:41:00,2020-03-24 13:51:00,1115.28125,1124.1825000000001,10,178.02500000000236,88.39997359450001,89.62502640550235,2020-03-24
BANKNIFTY26MAR2017600PE,PE,2020-03-24 13:53:00,2020-03-24 14:03:00,1161.4464239501951,1057.5494512939454,10,-2077.9394531249955,87.35275562608103,-2165.2922087510765,2020-03-24
BANKNIFTY26MAR2017600PE,PE,2020-03-24 14:04:00,2020-03-24 14:13:00,1114.9303994750976,1206.725625,9,1835.9045104980487,90.4033607231688,1745.5011497748799,2020-03-24
BANKNIFTY26MAR2017600PE,PE,2020-03-24 14:48:00,2020-03-24 14:53:00,1152.875,1188.1721493530274,5,705.9429870605481,90.42348194200329,615.5195051185449,2020-03-24
BANKNIFTY26MAR2017300CE,CE,2020-03-25 10:15:00,2020-03-25 10:17:00,566.4125,564.585,2,-36.54999999999973,67.969622041,-104.51962204099972,2020-03-25
BANKNIFTY26MAR2017300CE,CE,2020-03-25 11:25:00,2020-03-25 11:28:00,412.42849388122556,495.05923782348634,3,1652.6148788452156,64.36546951370615,1588.2494093315095,2020-03-25
BANKNIFTY26MAR2017300CE,CE,2020-03-25 13:35:00,2020-03-25 13:42:00,1439.9910244750977,1491.4619512939455,6,1029.4185363769566,101.36759641016222,928.0509399667943,2020-03-25
BANKNIFTY26MAR2017300PE,PE,2020-03-25 09:15:00,2020-03-25 09:25:00,815.5337499999999,1059.7440243530275,10,4884.205487060552,83.1086548472533,4801.0968322132985,2020-03-25
BANKNIFTY26MAR2017300PE,PE,2020-03-25 11:08:00,2020-03-25 11:19:00,852.125,817.95,10,-683.4999999999991,77.68194877,-761.181948769999,2020-03-25
BANKNIFTY26MAR2017300PE,PE,2020-03-25 11:28:00,2020-03-25 11:38:00,741.8499999999999,628.0259756469727,10,-2276.480487060544,71.6923002812467,-2348.172787341791,2020-03-25
BANKNIFTY26MAR2017300PE,PE,2020-03-25 12:19:00,2020-03-25 12:29:00,595.7356249999999,616.4051371765137,10,413.39024353027526,69.59437310537665,343.7958704248986,2020-03-25
BANKNIFTY26MAR2017300PE,PE,2020-03-25 12:37:00,2020-03-25 12:47:00,526.9139755249023,448.5258689117432,10,-1567.762132263182,64.65593229139286,-1632.4180645545748,2020-03-25
BANKNIFTY26MAR2017300PE,PE,2020-03-25 13:03:00,2020-03-25 13:13:00,402.0025,322.9904878234863,10,-1580.2402435302736,60.050609688623354,-1640.290853218897,2020-03-25
BANKNIFTY26MAR2017300PE,PE,2020-03-25 13:14:00,2020-03-25 13:24:00,320.2486372375488,261.7439939117432,10,-1170.092866516112,57.54519717989609,-1227.6380636960082,2020-03-25
BANKNIFTY26MAR2017300PE,PE,2020-03-25 13:29:00,2020-03-25 13:33:00,244.30924694061278,299.25,4,1098.8150611877445,57.51403766029139,1041.301023527453,2020-03-25
BANKNIFTY26MAR2017300PE,PE,2020-03-25 13:39:00,2020-03-25 13:49:00,313.78249999999997,287.9782621765137,10,-516.0847564697258,58.10297632487665,-574.1877327946024,2020-03-25
BANKNIFTY26MAR2017300PE,PE,2020-03-25 13:55:00,2020-03-25 14:05:00,290.5746311187744,305.235,10,293.20737762451245,58.2343970331672,234.97298059134525,2020-03-25
BANKNIFTY26MAR2017300PE,PE,2020-03-25 14:12:00,2020-03-25 14:23:00,298.39411888122555,282.89100608825686,10,-310.06225585937386,57.78805685102111,-367.850312710395,2020-03-25
BANKNIFTY26MAR2017300PE,PE,2020-03-25 14:25:00,2020-03-25 14:35:00,243.05612194061277,283.2401371765137,10,803.6803047180189,57.10905183716805,746.5712528808508,2020-03-25
BANKNIFTY26MAR2017300PE,PE,2020-03-25 14:40:00,2020-03-25 14:50:00,246.51474388122557,234.31274391174318,10,-244.03999938964773,55.96193002989447,-300.0019294195422,2020-03-25
BANKNIFTY26MAR2017300PE,PE,2020-03-25 14:51:00,2020-03-25 15:01:00,227.9183811187744,215.21062500000002,10,-254.1551223754874,55.26626395791721,-309.4213863334046,2020-03-25
BANKNIFTY26MAR2017300PE,PE,2020-03-25 15:07:00,2020-03-25 15:16:00,200.6002561187744,178.30312500000002,9,-445.94262237548776,54.029151233167205,-499.971773608655,2020-03-25
BANKNIFTY26MAR2017300PE,PE,2020-03-25 15:22:00,2020-03-25 15:24:00,168.670625,159.60000000000002,2,-181.41249999999957,53.17754293675,-234.59004293674957,2020-03-25
BANKNIFTY26MAR2018600CE,CE,2020-03-26 09:58:00,2020-03-26 10:01:00,791.9749999999999,986.278125,3,3886.0625000000027,81.02901521125,3805.0334847887525,2020-03-26
BANKNIFTY26MAR2018600CE,CE,2020-03-26 10:03:00,2020-03-26 10:10:00,1052.625,1140.0925762939453,7,1749.3515258789057,88.0085477387434,1661.3429781401624,2020-03-26
BANKNIFTY26MAR2018600CE,CE,2020-03-26 10:27:00,2020-03-26 10:38:00,1299.5407989501953,1346.1761737060547,10,932.707495117188,96.08882584859423,836.6186692685939,2020-03-26
BANKNIFTY26MAR2018600CE,CE,2020-03-26 10:41:00,2020-03-26 11:04:00,1486.5070489501952,1286.7250762939454,10,-3995.6394531249953,96.96555503908107,-4092.6050081640765,2020-03-26
BANKNIFTY26MAR2018600CE,CE,2020-03-26 11:06:00,2020-03-26 11:19:00,1226.1076739501952,1248.6705487060547,10,451.2574951171882,92.80483425659422,358.452660860594,2020-03-26
BANKNIFTY26MAR2018600CE,CE,2020-03-26 11:35:00,2020-03-26 11:45:00,1022.55,1371.4128506469726,10,6977.2570129394535,93.2614497939967,6883.995563145457,2020-03-26
BANKNIFTY26MAR2018600CE,CE,2020-03-26 12:00:00,2020-03-26 12:12:00,1489.1635760498045,1484.8784756469727,10,-85.70200805663717,101.81836269365905,-187.52037075029622,2020-03-26
BANKNIFTY26MAR2018600CE,CE,2020-03-26 12:13:00,2020-03-26 12:39:00,1543.85,1509.5167987060547,10,-686.6640258789039,103.0970576650066,-789.7610835439104,2020-03-26
BANKNIFTY26MAR2018600CE,CE,2020-03-26 12:41:00,2020-03-26 13:09:00,1493.2739239501952,1640.0894512939453,10,2936.310546875002,105.64471769908104,2830.665829175921,2020-03-26
BANKNIFTY26MAR2018600CE,CE,2020-03-26 13:10:00,2020-03-26 13:27:00,1578.9375,1189.6683993530273,10,-7785.3820129394535,95.7531062035033,-7881.135119142957,2020-03-26
BANKNIFTY26MAR2018600CE,CE,2020-03-26 13:29:00,2020-03-26 13:42:00,1052.625,1006.2779878234863,10,-926.9402435302732,84.75369521462335,-1011.6939387448965,2020-03-26
BANKNIFTY26MAR2018600CE,CE,2020-03-26 13:43:00,2020-03-26 13:55:00,1052.625,788.4240243530273,10,-5284.019512939453,79.45470254875329,-5363.474215488207,2020-03-26
BANKNIFTY26MAR2018600CE,CE,2020-03-26 14:01:00,2020-03-26 14:13:00,571.425,776.5038871765137,10,4101.577743530274,73.18652558012664,4028.3912179501476,2020-03-26
BANKNIFTY26MAR2018600CE,CE,2020-03-26 14:17:00,2020-03-26 14:27:00,640.7478994750976,628.5746493530273,10,-243.46500244140543,70.44959394492211,-313.91459638632756,2020-03-26
BANKNIFTY26MAR2018600PE,PE,2020-03-26 09:16:00,2020-03-26 09:26:00,464.65875,439.0496189117432,10,-512.1826217651358,63.65200175706168,-575.8346235221975,2020-03-26
BANKNIFTY26MAR2018600PE,PE,2020-03-26 09:27:00,2020-03-26 09:37:00,437.59125,348.62625,10,-1779.2999999999995,61.116304107999994,-1840.4163041079994,2020-03-26
BANKNIFTY26MAR2018600PE,PE,2020-03-26 09:54:00,2020-03-26 10:04:00,221.6026280593872,135.26100608825683,10,-1726.8324394226074,53.24313701764693,-1780.0755764402543,2020-03-26
BANKNIFTY26MAR2018600PE,PE,2020-03-26 10:12:00,2020-03-26 10:22:00,112.0795030593872,80.29875,10,-635.6150611877442,50.54558558970861,-686.1606467774528,2020-03-26
BANKNIFTY01APR2021000CE,CE,2020-03-27 09:44:00,2020-03-27 09:54:00,1149.0654510498046,1193.50875,10,888.8659790039083,90.50595896916234,798.360020034746,2020-03-27
BANKNIFTY01APR2021000CE,CE,2020-03-27 10:13:00,2020-03-27 10:23:00,1074.2289239501952,1127.3744512939454,10,1062.910546875005,87.96759566308106,974.9429512119239,2020-03-27
BANKNIFTY01APR2021000CE,CE,2020-03-27 10:29:00,2020-03-27 10:39:00,1115.0306249999999,1067.6242987060548,10,-948.1265258789017,87.0211608647566,-1035.1476867436584,2020-03-27
BANKNIFTY01APR2021000CE,CE,2020-03-27 10:45:00,2020-03-27 10:46:00,968.0641494750976,997.5,1,588.7170104980487,83.48963276741884,505.2273777306299,2020-03-27
BANKNIFTY01APR2021000CE,CE,2020-03-27 10:49:00,2020-03-27 10:59:00,1001.6980122375488,713.4120121765137,10,-5765.720001220702,76.99744384421106,-5842.717445064914,2020-03-27
BANKNIFTY01APR2021000CE,CE,2020-03-27 11:09:00,2020-03-27 11:19:00,753.9802255249023,648.375,10,-2112.1045104980453,72.33796287983117,-2184.4424733778765,2020-03-27
BANKNIFTY01APR2021000CE,CE,2020-03-27 11:24:00,2020-03-27 11:27:00,716.7874999999999,832.9125,3,2322.5000000000023,76.36451167,2246.1354883300023,2020-03-27
BANKNIFTY01APR2021000CE,CE,2020-03-27 11:38:00,2020-03-27 11:48:00,751.3236372375488,720.69375,10,-612.5977447509763,74.06401083708442,-686.6617555880607,2020-03-27
BANKNIFTY01APR2021000CE,CE,2020-03-27 12:06:00,2020-03-27 12:16:00,817.0374999999999,792.015,10,-500.44999999999845,76.615203139,-577.0652031389984,2020-03-27
BANKNIFTY01APR2021000CE,CE,2020-03-27 12:17:00,2020-03-27 12:21:00,767.4638627624512,817.5509756469727,4,1001.74225769043,76.6204469566623,925.1218107337677,2020-03-27
BANKNIFTY01APR2021000CE,CE,2020-03-27 12:32:00,2020-03-27 12:42:00,755.4338627624511,756.105,10,13.422744750978381,74.97640371541559,-61.553658964437204,2020-03-27
BANKNIFTY01APR2021000CE,CE,2020-03-27 12:43:00,2020-03-27 12:53:00,744.0555122375488,693.2625,10,-1015.8602447509747,73.30648780683441,-1089.1667325578092,2020-03-27
BANKNIFTY01APR2021000CE,CE,2020-03-27 12:56:00,2020-03-27 13:06:00,708.015625,663.6367378234863,10,-887.5777435302734,72.13813747487336,-959.7158810051468,2020-03-27
BANKNIFTY01APR2021000CE,CE,2020-03-27 13:07:00,2020-03-27 13:17:00,649.8205122375488,614.5098628234864,10,-706.2129882812474,70.22020221520776,-776.4331904964552,2020-03-27
BANKNIFTY01APR2021000CE,CE,2020-03-27 13:19:00,2020-03-27 13:29:00,614.6327255249023,577.801875,10,-736.617010498046,68.89017281558117,-805.5071833136273,2020-03-27
BANKNIFTY01APR2021000CE,CE,2020-03-27 13:30:00,2020-03-27 13:40:00,552.0266494750977,676.3548628234863,10,2486.564266967773,70.50954342379218,2416.054723543981,2020-03-27
BANKNIFTY01APR2021000CE,CE,2020-03-27 13:48:00,2020-03-27 13:52:00,698.2412499999999,705.8808993530274,4,152.79298706054988,73.0442346370033,79.74875242354658,2020-03-27
BANKNIFTY01APR2021000CE,CE,2020-03-27 13:57:00,2020-03-27 14:03:00,599.3446005249023,673.2127743530274,6,1477.3634765625025,71.02097581733446,1406.342500745168,2020-03-27
BANKNIFTY01APR2021000CE,CE,2020-03-27 14:22:00,2020-03-27 14:32:00,733.9302255249023,741.4916006469726,10,151.2275024414066,74.35380064732789,76.87370179407873,2020-03-27
BANKNIFTY01APR2021000CE,CE,2020-03-27 14:33:00,2020-03-27 14:43:00,709.7198872375488,588.525,10,-2423.8977447509774,70.3323226810844,-2494.230067432062,2020-03-27
BANKNIFTY01APR2021000CE,CE,2020-03-27 14:44:00,2020-03-27 14:54:00,572.8285244750977,569.6223628234864,10,-64.12323303222593,68.17185896104216,-132.2950919932681,2020-03-27
BANKNIFTY01APR2021000CE,CE,2020-03-27 15:01:00,2020-03-27 15:11:00,577.5402255249023,588.6746493530273,10,222.68847656250045,68.69381544683448,153.99466111566596,2020-03-27
BANKNIFTY01APR2021000PE,PE,2020-03-27 09:17:00,2020-03-27 09:27:00,1393.475,1400.8391006469728,10,147.28201293945858,98.5854259584967,48.69658698096188,2020-03-27
BANKNIFTY01APR2021000PE,PE,2020-03-27 09:28:00,2020-03-27 09:36:00,1438.5874999999999,1407.7717987060548,8,-616.3140258789008,99.3145137880066,-715.6285396669074,2020-03-27
BANKNIFTY01APR2021000PE,PE,2020-03-27 10:08:00,2020-03-27 10:16:00,1272.4732989501952,1596.0,8,6470.534020996097,101.82916487683765,6368.70485611926,2020-03-27
BANKNIFTY01APR2021000PE,PE,2020-03-27 10:23:00,2020-03-27 10:29:00,1504.7524999999998,1563.6809756469727,6,1178.5695129394571,103.92879373824671,1074.6407192012105,2020-03-27
BANKNIFTY01APR2021000PE,PE,2020-03-27 13:44:00,2020-03-27 13:54:00,1929.9127255249023,1923.2299237060547,10,-133.6560363769513,117.95633910908776,-251.61237548603907,2020-03-27
BANKNIFTY01APR2021000PE,PE,2020-03-27 14:02:00,2020-03-27 14:12:00,1934.7247744750975,1847.3700000000001,10,-1747.0954895019486,116.17093564016882,-1863.2664251421174,2020-03-27
BANKNIFTY01APR2021000PE,PE,2020-03-27 14:16:00,2020-03-27 14:23:00,1700.5407989501953,1757.5450762939454,7,1140.0855468750024,111.07666208758104,1029.0088847874213,2020-03-27
BANKNIFTY01APR2021000PE,PE,2020-03-27 14:29:00,2020-03-27 14:33:00,1604.0,1745.625,4,2832.5,109.58733865,2722.91266135,2020-03-27
BANKNIFTY01APR2019100CE,CE,2020-03-30 11:58:00,2020-03-30 12:10:00,1036.0335760498047,972.5625,10,-1269.421520996093,83.72748796041236,-1353.1490089565054,2020-03-30
BANKNIFTY01APR2019100CE,CE,2020-03-30 12:24:00,2020-03-30 12:38:00,990.0188627624511,942.7372256469727,10,-945.6327423095695,82.43036152516228,-1028.0631038347317,2020-03-30
BANKNIFTY01APR2019100CE,CE,2020-03-30 13:04:00,2020-03-30 13:14:00,833.9797744750977,829.6207621765137,10,-87.18024597167869,77.74039469704547,-164.92064066872416,2020-03-30
BANKNIFTY01APR2019100CE,CE,2020-03-30 14:35:00,2020-03-30 14:45:00,671.675,602.1408993530274,10,-1390.682012939451,70.19085590950331,-1460.8728688489543,2020-03-30
BANKNIFTY01APR2019100CE,CE,2020-03-30 14:47:00,2020-03-30 14:53:00,579.3948872375488,588.02625,6,172.62725524902407,68.70108561558442,103.92616963343966,2020-03-30
BANKNIFTY01APR2019100PE,PE,2020-03-30 09:16:00,2020-03-30 09:26:00,1086.0082989501952,1057.3000762939453,10,-574.1644531249995,86.40947683858106,-660.5739299635806,2020-03-30
BANKNIFTY01APR2019100PE,PE,2020-03-30 09:27:00,2020-03-30 09:37:00,1078.7401739501952,917.7,10,-3220.803479003903,82.92360414508764,-3303.7270831489905,2020-03-30
BANKNIFTY01APR2019100PE,PE,2020-03-30 09:38:00,2020-03-30 09:48:00,905.2073872375488,917.3009756469727,10,241.87176818847774,80.7579965073311,161.11377168114666,2020-03-30
BANKNIFTY01APR2019100PE,PE,2020-03-30 09:53:00,2020-03-30 10:03:00,902.25,847.875,10,-1087.5,79.03256544999999,-1166.53256545,2020-03-30
BANKNIFTY01APR2019100PE,PE,2020-03-30 10:04:00,2020-03-30 10:14:00,826.1101127624511,902.3883993530274,10,1525.5657318115254,79.41259606741889,1446.1531357441065,2020-03-30
BANKNIFTY01APR2019100PE,PE,2020-03-30 10:39:00,2020-03-30 10:49:00,802.5012499999999,751.8157621765137,10,-1013.7097564697251,75.45682040237664,-1089.1665768721018,2020-03-30
BANKNIFTY01APR2019100PE,PE,2020-03-30 10:53:00,2020-03-30 11:04:00,748.8675,763.0875000000001,10,284.4000000000028,75.06466538800001,209.3353346120028,2020-03-30
BANKNIFTY01APR2019100PE,PE,2020-03-30 11:12:00,2020-03-30 11:23:00,779.3435244750976,799.8952743530274,10,411.034997558595,76.33858490592212,334.6964126526729,2020-03-30
BANKNIFTY01APR2019100PE,PE,2020-03-30 11:49:00,2020-03-30 11:59:00,751.875,823.2866006469727,10,1428.2320129394543,76.5662882094967,1351.6657247299577,2020-03-30
BANKNIFTY01APR2019100PE,PE,2020-03-30 12:40:00,2020-03-30 12:50:00,822.05,858.7976371765137,10,734.9527435302753,78.30187058762664,656.6508729426487,2020-03-30
BANKNIFTY01APR2019100PE,PE,2020-03-30 13:01:00,2020-03-30 13:11:00,853.2277255249023,912.7125000000001,10,1189.6954895019553,80.00061373583117,1109.6948757661241,2020-03-30
BANKNIFTY01APR2019100PE,PE,2020-03-30 13:33:00,2020-03-30 13:43:00,892.2249999999999,849.6704878234864,10,-851.0902435302705,78.95169158762337,-930.0419351178939,2020-03-30
BANKNIFTY01APR2019100PE,PE,2020-03-30 14:12:00,2020-03-30 14:22:00,895.2325,900.3933993530273,10,103.21798706054778,80.22281937550329,22.995167685044493,2020-03-30
BANKNIFTY01APR2019100PE,PE,2020-03-30 14:30:00,2020-03-30 14:35:00,815.3833505249023,901.0417378234864,5,1713.167745971682,79.24657540770453,1633.9211705639775,2020-03-30
BANKNIFTY01APR2019100PE,PE,2020-03-30 14:54:00,2020-03-30 15:05:00,1030.6201739501953,1011.465,10,-383.10347900390525,84.60648286708765,-467.7099618709929,2020-03-30
BANKNIFTY01APR2019100PE,PE,2020-03-30 15:11:00,2020-03-30 15:22:00,987.4625,992.3628506469727,10,98.00701293945394,83.60567614899671,14.401336790457236,2020-03-30
BANKNIFTY01APR2019100CE,CE,2020-03-31 12:24:00,2020-03-31 12:34:00,482.6536372375488,455.45850608825685,10,-543.9026229858393,64.27468624627274,-608.1773092321121,2020-03-31
BANKNIFTY01APR2019100PE,PE,2020-03-31 09:15:00,2020-03-31 09:25:00,902.1497744750976,688.7737500000001,10,-4267.520489501951,75.16140512366881,-4342.681894625619,2020-03-31
BANKNIFTY01APR2019100PE,PE,2020-03-31 11:32:00,2020-03-31 11:35:00,549.0692622375489,573.7620121765137,3,493.8549987792976,67.97737456571106,425.87762421358656,2020-03-31
BANKNIFTY01APR2019100PE,PE,2020-03-31 12:10:00,2020-03-31 12:13:00,440.348125,457.65298782348634,3,346.0972564697272,63.80247718037335,282.29477928935387,2020-03-31
BANKNIFTY01APR2019100PE,PE,2020-03-31 12:16:00,2020-03-31 12:23:00,401.85213111877437,406.78048782348634,7,98.56713409423946,62.08681600979055,36.48031808444891,2020-03-31
BANKNIFTY01APR2019100PE,PE,2020-03-31 13:47:00,2020-03-31 13:57:00,435.38573776245113,378.2520121765137,10,-1142.6745117187488,61.809508895042235,-1204.484020613791,2020-03-31
BANKNIFTY01APR2019100PE,PE,2020-03-31 14:00:00,2020-03-31 14:10:00,358.69448776245116,335.75850608825687,10,-458.7196334838859,59.82313243685392,-518.5427659207398,2020-03-31
BANKNIFTY01APR2019000CE,CE,2020-04-01 09:54:00,2020-04-01 09:55:00,47.5185015296936,49.625625,1,42.14246940612796,48.9974247078543,-6.854955301726342,2020-04-01
BANKNIFTY01APR2019000CE,CE,2020-04-01 10:07:00,2020-04-01 10:17:00,47.2678765296936,42.6929992389679,10,-91.49754581451404,48.82568462714326,-140.3232304416573,2020-04-01
BANKNIFTY01APR2019000CE,CE,2020-04-01 10:51:00,2020-04-01 11:01:00,14.0851251912117,12.119624619483949,10,-39.31001143455504,47.669780862720025,-86.97979229727505,2020-04-01
BANKNIFTY01APR2019000CE,CE,2020-04-01 11:35:00,2020-04-01 11:45:00,10.8270001912117,11.820375380516053,10,19.867503786087042,47.622024402181054,-27.754520616094013,2020-04-01
BANKNIFTY01APR2019000CE,CE,2020-04-01 11:51:00,2020-04-01 12:12:00,10.1252503824234,5.6358750951290135,10,-89.78750574588774,47.46287683211496,-137.2503825780027,2020-04-01
BANKNIFTY01APR2019000CE,CE,2020-04-01 12:13:00,2020-04-01 12:23:00,5.41350009560585,7.132125095129013,10,34.37249999046326,47.44073411775165,-13.068234127288392,2020-04-01
BANKNIFTY01APR2019000CE,CE,2020-04-01 12:24:00,2020-04-01 12:34:00,5.9648748087882995,5.885250095129013,10,-1.592494273185725,47.41725568788834,-49.009749961074064,2020-04-01
BANKNIFTY01APR2019000CE,CE,2020-04-01 12:36:00,2020-04-01 12:46:00,5.11274990439415,6.3840000951290135,10,25.425003814697273,47.41880062442611,-21.99379680972884,2020-04-01
BANKNIFTY01APR2019000PE,PE,2020-04-01 09:16:00,2020-04-01 09:26:00,413.9823872375488,413.6133689117432,10,-7.3803665161119625,62.403717726146084,-69.78408424225805,2020-04-01
BANKNIFTY01APR2019000PE,PE,2020-04-01 11:59:00,2020-04-01 12:09:00,814.03,786.3292378234863,10,-554.015243530273,76.43954095712334,-630.4547844873963,2020-04-01
BANKNIFTY01APR2019000PE,PE,2020-04-01 12:10:00,2020-04-01 12:20:00,775.8347744750976,681.541875,10,-1885.8579895019511,73.41621285491884,-1959.2742023568699,2020-04-01
BANKNIFTY01APR2019000PE,PE,2020-04-01 12:41:00,2020-04-01 12:51:00,729.0180122375488,693.2625,10,-715.1102447509743,73.11966792183442,-788.2299126728087,2020-04-01
BANKNIFTY01APR2019000PE,PE,2020-04-01 14:34:00,2020-04-01 14:44:00,927.3125,869.6204878234864,10,-1153.8402435302714,79.87286047262336,-1233.7131040028949,2020-04-01
BANKNIFTY01APR2019000PE,PE,2020-04-01 14:47:00,2020-04-01 14:57:00,905.2574999999999,841.2915243530274,10,-1279.3195129394508,78.90979559875329,-1358.2293085382041,2020-04-01
BANKNIFTY09APR2017800CE,CE,2020-04-03 09:18:00,2020-04-03 09:20:00,604.0563627624512,567.0288871765136,2,-740.5495117187502,68.49673846854223,-809.0462501872925,2020-04-03
BANKNIFTY09APR2017800CE,CE,2020-04-03 09:25:00,2020-04-03 09:35:00,571.425,510.0716310882569,10,-1227.0673782348615,66.70593395593832,-1293.7733121907997,2020-04-03
BANKNIFTY09APR2017800CE,CE,2020-04-03 09:37:00,2020-04-03 09:47:00,494.984375,543.6375,10,973.0625000000009,66.57270897625,906.489791023751,2020-04-03
BANKNIFTY09APR2017800CE,CE,2020-04-03 09:54:00,2020-04-03 10:04:00,582.4023872375489,532.0665243530274,10,-1006.7172576904295,67.37730760983771,-1074.0945653002673,2020-04-03
BANKNIFTY09APR2017800CE,CE,2020-04-03 10:06:00,2020-04-03 10:16:00,539.1946005249023,578.05125,10,777.132989501954,67.95902542358118,709.1739640783728,2020-04-03
BANKNIFTY09APR2017800CE,CE,2020-04-03 10:17:00,2020-04-03 10:27:00,576.8385244750976,513.5628506469727,10,-1265.5134765624985,66.85810844666553,-1332.371585009164,2020-04-03
BANKNIFTY09APR2017800CE,CE,2020-04-03 10:30:00,2020-04-03 10:40:00,489.62099388122556,457.70288108825685,10,-638.3622558593743,64.41583717802112,-702.7780930373954,2020-04-03
BANKNIFTY09APR2017800CE,CE,2020-04-03 10:44:00,2020-04-03 10:52:00,451.62624999999997,450.7702439117432,8,-17.120121765135536,63.77517898431167,-80.89530074944722,2020-04-03
BANKNIFTY09APR2017800CE,CE,2020-04-03 10:59:00,2020-04-03 11:09:00,407.2155122375488,420.94500000000005,10,274.58975524902485,62.497980439834414,212.09177480919044,2020-04-03
BANKNIFTY09APR2017800CE,CE,2020-04-03 11:24:00,2020-04-03 11:34:00,437.7917622375488,426.43125000000003,10,-227.2102447509758,63.01129288983441,-290.2215376408102,2020-04-03
BANKNIFTY09APR2017800CE,CE,2020-04-03 11:37:00,2020-04-03 11:47:00,415.83698776245114,411.96750000000003,10,-77.3897552490223,62.38672508416559,-139.7764803331879,2020-04-03
BANKNIFTY09APR2017800CE,CE,2020-04-03 11:48:00,2020-04-03 11:58:00,403.005,415.9076371765137,10,258.0527435302736,62.32314392162665,195.72959960864694,2020-04-03
BANKNIFTY09APR2017800CE,CE,2020-04-03 11:59:00,2020-04-03 12:09:00,417.03999999999996,413.76298782348636,10,-65.54024353027216,62.445343554623356,-127.98558708489551,2020-04-03
BANKNIFTY09APR2017800CE,CE,2020-04-03 12:10:00,2020-04-03 12:18:00,417.9422438812256,427.8776371765137,8,198.70786590576245,62.79987175670944,135.907994149053,2020-04-03
BANKNIFTY09APR2017800CE,CE,2020-04-03 12:36:00,2020-04-03 12:46:00,386.2632377624511,376.7058689117432,10,-191.14737701415834,61.161622833727264,-252.30899984788562,2020-04-03
BANKNIFTY09APR2017800CE,CE,2020-04-03 12:47:00,2020-04-03 12:57:00,370.8748872375488,372.5163871765137,10,32.829998779297966,60.86854084421106,-28.038542064913095,2020-04-03
BANKNIFTY09APR2017800CE,CE,2020-04-03 13:16:00,2020-04-03 13:26:00,401.0,369.07500000000005,10,-638.4999999999991,61.159096270000006,-699.659096269999,2020-04-03
BANKNIFTY09APR2017800CE,CE,2020-04-03 13:27:00,2020-04-03 13:37:00,372.93,420.4961128234863,10,951.3222564697264,62.061112397873345,889.2611440718531,2020-04-03
BANKNIFTY09APR2017800CE,CE,2020-04-03 14:10:00,2020-04-03 14:20:00,293.38161888122556,270.0232621765137,10,-467.1671340942373,57.41279370020944,-524.5799277944468,2020-04-03
BANKNIFTY09APR2017800CE,CE,2020-04-03 14:31:00,2020-04-03 14:41:00,251.6776280593872,232.41750000000002,10,-385.2025611877434,55.97997248295861,-441.182533670702,2020-04-03
BANKNIFTY09APR2017800CE,CE,2020-04-03 14:50:00,2020-04-03 15:00:00,233.48224388122557,232.96612804412842,10,-10.322316741942927,55.76726491717696,-66.08958165911989,2020-04-03
BANKNIFTY09APR2017800CE,CE,2020-04-03 15:14:00,2020-04-03 15:18:00,258.0434938812256,279.3,4,425.1301223754888,57.19941063058279,367.930711744906,2020-04-03
BANKNIFTY09APR2017800PE,PE,2020-04-03 09:20:00,2020-04-03 09:30:00,882.951875,868.8225,10,-282.58749999999964,79.30233187525,-361.8898318752496,2020-04-03
BANKNIFTY09APR2017800PE,PE,2020-04-03 13:36:00,2020-04-03 13:46:00,691.7249999999999,718.2,10,529.5000000000027,73.26292423,456.2370757700027,2020-04-03
BANKNIFTY09APR2017800PE,PE,2020-04-03 13:47:00,2020-04-03 13:57:00,690.1210244750977,822.8377743530274,10,2654.3349975585943,75.78816444792213,2578.546833110672,2020-04-03
BANKNIFTY09APR2017800PE,PE,2020-04-03 14:47:00,2020-04-03 14:57:00,921.6985244750977,904.9320121765137,10,-335.33024597167923,80.66201808004548,-415.9922640517247,2020-04-03
BANKNIFTY09APR2017800PE,PE,2020-04-03 15:14:00,2020-04-03 15:20:00,952.375,929.5702743530273,6,-456.0945129394531,81.64242157525331,-537.7369345147065,2020-04-03
BANKNIFTY09APR2018300CE,CE,2020-04-07 09:16:00,2020-04-07 09:23:00,369.32099388122555,328.82586891174316,7,-809.9024993896478,59.78652520464447,-869.6890245942923,2020-04-07
BANKNIFTY09APR2018300CE,CE,2020-04-07 09:34:00,2020-04-07 09:44:00,328.2184938812256,397.005,10,1375.7301223754882,60.9342460985828,1314.7958762769053,2020-04-07
BANKNIFTY09APR2018300CE,CE,2020-04-07 12:39:00,2020-04-07 12:49:00,555.385,624.0359756469727,10,1373.0195129394542,69.2786825432467,1303.7408303962075,2020-04-07
BANKNIFTY09APR2018300CE,CE,2020-04-07 13:13:00,2020-04-07 13:23:00,631.9760244750976,648.2253506469727,10,324.98652343750337,70.81859147666552,254.16793196083785,2020-04-07
BANKNIFTY09APR2018300CE,CE,2020-04-07 13:30:00,2020-04-07 13:39:00,635.1338627624511,738.1500000000001,9,2060.322744750979,73.04511439741559,1987.2776303535634,2020-04-07
BANKNIFTY09APR2018300CE,CE,2020-04-07 14:21:00,2020-04-07 14:27:00,988.3647744750976,958.7471493530273,6,-592.3525024414062,82.79923077417213,-675.1517332155782,2020-04-07
BANKNIFTY09APR2018300CE,CE,2020-04-07 15:07:00,2020-04-07 15:17:00,1001.4975,1049.3200762939455,10,956.4515258789106,85.16544614874341,871.2860797301672,2020-04-07
BANKNIFTY09APR2018300CE,CE,2020-04-07 15:18:00,2020-04-07 15:24:00,1027.4121005249024,1037.5994512939453,6,203.747015380859,85.20231098557457,118.54470439528444,2020-04-07
BANKNIFTY09APR2018300PE,PE,2020-04-07 09:17:00,2020-04-07 09:27:00,561.4,572.1659756469727,10,215.3195129394544,68.09174536524671,147.2277675742077,2020-04-07
BANKNIFTY09APR2018300PE,PE,2020-04-07 09:54:00,2020-04-07 10:04:00,422.45349388122554,462.4908689117432,10,800.7475006103527,63.69783612564447,737.0496644847083,2020-04-07
BANKNIFTY09APR2018300PE,PE,2020-04-07 10:11:00,2020-04-07 10:19:00,495.38536888122553,592.5648628234864,8,1943.5898788452164,67.76778036620615,1875.8220984790103,2020-04-07
BANKNIFTY09APR2018300PE,PE,2020-04-07 11:03:00,2020-04-07 11:13:00,512.2774999999999,507.52798782348634,10,-94.99024353027153,65.90923851362335,-160.89948204389486,2020-04-07
BANKNIFTY09APR2018300PE,PE,2020-04-07 11:25:00,2020-04-07 11:35:00,433.08,467.32875,10,684.9750000000006,63.94753027150001,621.0274697285006,2020-04-07
BANKNIFTY09APR2018300PE,PE,2020-04-07 12:18:00,2020-04-07 12:28:00,435.7366188812256,404.236875,10,-629.9948776245117,62.4459135110828,-692.4407911355945,2020-04-07
BANKNIFTY09APR2018300PE,PE,2020-04-07 13:07:00,2020-04-07 13:13:00,333.8325,343.43923782348634,6,192.1347564697271,59.701080092123355,132.43367637760375,2020-04-07
BANKNIFTY09APR2018300PE,PE,2020-04-07 13:38:00,2020-04-07 13:48:00,303.1058811187744,289.27500000000003,10,-276.61762237548714,58.0018756146672,-334.61949799015434,2020-04-07
BANKNIFTY09APR2018300PE,PE,2020-04-07 14:31:00,2020-04-07 14:39:00,275.6875,283.4895121765137,8,156.04024353027398,57.520516723376645,98.51972680689734,2020-04-07
BANKNIFTY09APR2018300PE,PE,2020-04-07 14:44:00,2020-04-07 14:54:00,245.9132530593872,225.93375,10,-399.5900611877437,55.7506500522086,-455.34071123995227,2020-04-07
BANKNIFTY09APR2018300PE,PE,2020-04-07 15:01:00,2020-04-07 15:07:00,228.57,227.82899391174317,6,-14.820121765136491,55.58128356831168,-70.40140533344817,2020-04-07
BANKNIFTY09APR2018600CE,CE,2020-04-08 09:59:00,2020-04-08 10:09:00,936.9364755249023,967.575,10,612.7704895019542,82.37503126733117,530.395458234623,2020-04-08
BANKNIFTY09APR2018600CE,CE,2020-04-08 10:10:00,2020-04-08 10:20:00,1034.2291494750975,1446.9236737060548,10,8253.890484619147,95.2432419311754,8158.647242687972,2020-04-08
BANKNIFTY09APR2018600CE,CE,2020-04-08 10:29:00,2020-04-08 10:39:00,1543.85,1307.2736737060548,10,-4731.526525878903,98.17777678975659,-4829.70430266866,2020-04-08
BANKNIFTY09APR2018600CE,CE,2020-04-08 10:41:00,2020-04-08 10:52:00,1321.2448260498047,1226.925,10,-1886.3965209960952,93.45785015091236,-1979.8543711470077,2020-04-08
BANKNIFTY09APR2018600CE,CE,2020-04-08 10:57:00,2020-04-08 11:07:00,1132.073125,1087.275,10,-895.962499999996,87.71086586575,-983.673365865746,2020-04-08
BANKNIFTY09APR2018600CE,CE,2020-04-08 11:08:00,2020-04-08 11:21:00,1088.3641494750975,1296.6502743530275,10,4165.7224975586,92.26060346067212,4073.4618940979276,2020-04-08
BANKNIFTY09APR2018600CE,CE,2020-04-08 11:27:00,2020-04-08 11:40:00,1233.2754510498046,887.9745121765137,10,-6906.018777465817,84.120457738039,-6990.139235203856,2020-04-08
BANKNIFTY09APR2018600CE,CE,2020-04-08 11:41:00,2020-04-08 11:51:00,860.1951127624511,714.5591006469726,10,-2912.7202423095696,75.26736974341229,-2987.987612052982,2020-04-08
BANKNIFTY09APR2018600CE,CE,2020-04-08 12:03:00,2020-04-08 12:15:00,835.2830122375487,862.4384756469727,10,543.1092681884797,78.55483053708112,464.55443765139864,2020-04-08
BANKNIFTY09APR2018600CE,CE,2020-04-08 12:18:00,2020-04-08 12:30:00,807.8144877624511,818.44875,10,212.6852447509782,77.1435840856656,135.5416606653126,2020-04-08
BANKNIFTY09APR2018600CE,CE,2020-04-08 12:31:00,2020-04-08 12:45:00,780.0953994750976,690.27,10,-1796.5079895019517,73.68144457691882,-1870.1894340788706,2020-04-08
BANKNIFTY09APR2018600CE,CE,2020-04-08 12:48:00,2020-04-08 13:00:00,589.4699999999999,584.4851371765137,10,-99.69725646972392,68.74012217462665,-168.4373786443506,2020-04-08
BANKNIFTY09APR2018600CE,CE,2020-04-08 13:02:00,2020-04-08 13:12:00,570.4726127624511,807.0772256469727,10,4732.09225769043,73.91834715766231,4658.173910532768,2020-04-08
BANKNIFTY09APR2018600CE,CE,2020-04-08 13:16:00,2020-04-08 13:26:00,660.2966494750976,733.8607621765137,10,1471.2822540283219,73.25339708929548,1398.0288569390264,2020-04-08
BANKNIFTY09APR2018600CE,CE,2020-04-08 13:31:00,2020-04-08 13:41:00,652.6274999999999,617.5522256469727,10,-701.5054870605445,70.3290763247467,-771.8345633852912,2020-04-08
BANKNIFTY09APR2018600CE,CE,2020-04-08 13:42:00,2020-04-08 13:52:00,587.4649999999999,498.75,10,-1774.2999999999984,66.629825674,-1840.9298256739983,2020-04-08
BANKNIFTY09APR2018600CE,CE,2020-04-08 13:56:00,2020-04-08 14:06:00,497.23999999999995,384.68586891174317,10,-2251.0826217651356,62.73445606506168,-2313.8170778301974,2020-04-08
BANKNIFTY09APR2018600CE,CE,2020-04-08 14:08:00,2020-04-08 14:18:00,398.3433811187744,572.3156250000001,10,3479.4448776245135,66.0696351659172,3413.3752424585964,2020-04-08
BANKNIFTY09APR2018600CE,CE,2020-04-08 14:25:00,2020-04-08 14:35:00,509.3201127624511,426.6307621765137,10,-1653.787011718748,63.90478535979224,-1717.6917970785403,2020-04-08
BANKNIFTY09APR2018600CE,CE,2020-04-08 14:47:00,2020-04-08 14:57:00,591.0739755249023,538.65,10,-1048.4795104980458,67.64517378233117,-1116.1246842803769,2020-04-08
BANKNIFTY09APR2018600CE,CE,2020-04-08 15:13:00,2020-04-08 15:23:00,511.82636276245114,543.6375,10,636.2227447509781,66.78194709541559,569.4407976555625,2020-04-08
BANKNIFTY09APR2018600PE,PE,2020-04-08 09:45:00,2020-04-08 09:55:00,293.93301223754884,220.04850608825686,10,-1477.6901229858395,56.20407801352274,-1533.8942009993623,2020-04-08
BANKNIFTY09APR2018600PE,PE,2020-04-08 10:20:00,2020-04-08 10:27:00,100.25,97.65525152206422,7,-51.894969558715616,50.820793175922084,-102.7157627346377,2020-04-08
BANKNIFTY09APR2018600PE,PE,2020-04-08 10:42:00,2020-04-08 10:50:00,113.2323719406128,143.04149391174317,8,596.1824394226076,52.08603777735306,544.0964016452544,2020-04-08
BANKNIFTY09APR2018600PE,PE,2020-04-08 10:58:00,2020-04-08 11:08:00,127.1170030593872,143.24100608825685,10,322.48006057739303,52.26338773489693,270.2166728424961,2020-04-08
BANKNIFTY09APR2018600PE,PE,2020-04-08 11:11:00,2020-04-08 11:21:00,131.3275,111.86962652206421,10,-389.15746955871555,51.55263237667208,-440.7101019353876,2020-04-08
BANKNIFTY09APR2018600PE,PE,2020-04-08 11:53:00,2020-04-08 12:03:00,229.77299694061279,221.44500000000002,10,-166.55993881225527,55.440947406791395,-222.00088621904666,2020-04-08
BANKNIFTY09APR2019400CE,CE,2020-04-09 09:29:00,2020-04-09 09:39:00,414.7342622375488,478.4508689117432,10,1274.332133483888,63.990140135396096,1210.3419933484918,2020-04-09
BANKNIFTY09APR2019400CE,CE,2020-04-09 09:40:00,2020-04-09 09:50:00,430.0725,387.03000000000003,10,-860.8499999999992,61.95701161899999,-922.8070116189992,2020-04-09
BANKNIFTY09APR2019400CE,CE,2020-04-09 10:00:00,2020-04-09 10:10:00,384.96,354.1125,10,-616.9499999999994,60.595879861,-677.5458798609993,2020-04-09
BANKNIFTY09APR2019400CE,CE,2020-04-09 10:16:00,2020-04-09 10:26:00,427.8669877624512,388.82548782348636,10,-780.8299987792964,61.97328394478894,-842.8032827240853,2020-04-09
BANKNIFTY09APR2019400CE,CE,2020-04-09 10:27:00,2020-04-09 10:37:00,387.4161372375488,363.43913108825683,10,-479.5401229858396,60.85325117152273,-540.3933741573624,2020-04-09
BANKNIFTY09APR2019400CE,CE,2020-04-09 11:02:00,2020-04-09 11:10:00,149.7734938812256,181.49512195587158,8,634.4325614929198,53.47534072698863,580.9572207659312,2020-04-09
BANKNIFTY09APR2019400CE,CE,2020-04-09 11:56:00,2020-04-09 12:06:00,315.1358811187744,182.99137195587159,10,-2642.890183258057,55.56613106757304,-2698.45631432563,2020-04-09
BANKNIFTY09APR2019400CE,CE,2020-04-09 12:08:00,2020-04-09 12:11:00,169.82349388122557,213.61461891174318,3,875.8225006103521,54.505695703144475,821.3168049072076,2020-04-09
BANKNIFTY09APR2019400CE,CE,2020-04-09 12:23:00,2020-04-09 12:30:00,206.4648719406128,260.9958689117432,7,1090.6199394226076,56.113396100103074,1034.5065433225045,2020-04-09
BANKNIFTY09APR2019400CE,CE,2020-04-09 13:06:00,2020-04-09 13:07:00,387.76698776245115,364.08750000000003,1,-473.58975524902235,60.87338066416559,-534.4631359131879,2020-04-09
BANKNIFTY09APR2019400CE,CE,2020-04-09 15:20:00,2020-04-09 15:24:00,508.76874999999995,509.82225608825684,4,21.07012176513763,65.92145207068833,-44.851330305550704,2020-04-09
BANKNIFTY09APR2019400PE,PE,2020-04-09 09:17:00,2020-04-09 09:20:00,291.37661888122557,256.70663108825687,3,-693.399755859374,57.06397597427113,-750.463731833645,2020-04-09
BANKNIFTY09APR2019400PE,PE,2020-04-09 10:46:00,2020-04-09 10:52:00,283.1059938812256,305.6838871765137,6,451.5578659057621,58.15252822370944,393.4053376820527,2020-04-09
BANKNIFTY09APR2019400PE,PE,2020-04-09 10:59:00,2020-04-09 11:04:00,339.9477561187744,342.8407621765137,5,57.8601211547857,59.76249650579386,-1.9023753510081605,2020-04-09
BANKNIFTY09APR2019400PE,PE,2020-04-09 11:30:00,2020-04-09 11:40:00,243.4070030593872,167.43038108825684,10,-1519.5324394226072,54.29650086064692,-1573.8289402832543,2020-04-09
BANKNIFTY09APR2019400PE,PE,2020-04-09 12:10:00,2020-04-09 12:20:00,169.42249999999999,139.65,10,-595.4499999999996,52.70162811099999,-648.1516281109996,2020-04-09
BANKNIFTY09APR2019400PE,PE,2020-04-09 12:45:00,2020-04-09 12:55:00,142.4051280593872,105.9344969558716,10,-729.4126220703123,51.54589267911444,-780.9585147494267,2020-04-09
BANKNIFTY16APR2019700CE,CE,2020-04-13 09:34:00,2020-04-13 09:44:00,460.7991188812256,388.02750000000003,10,-1455.432377624511,62.36300963233279,-1517.7953872568437,2020-04-13
BANKNIFTY16APR2019700CE,CE,2020-04-13 09:45:00,2020-04-13 09:55:00,401.0,391.31923782348633,10,-193.61524353027335,61.70015621312336,-255.3153997433967,2020-04-13
BANKNIFTY16APR2019700CE,CE,2020-04-13 10:05:00,2020-04-13 10:15:00,430.1727561187744,419.29913108825684,10,-217.4725006103506,62.74315859785554,-280.21565920820615,2020-04-13
BANKNIFTY16APR2019700CE,CE,2020-04-13 11:35:00,2020-04-13 11:36:00,483.6059938812256,548.874375,1,1305.3676223754883,66.55872817333278,1238.8088942021554,2020-04-13
BANKNIFTY16APR2019700CE,CE,2020-04-13 13:00:00,2020-04-13 13:10:00,497.23999999999995,496.05673782348634,10,-23.665243530272164,65.44339653212334,-89.10864006239551,2020-04-13
BANKNIFTY16APR2019700CE,CE,2020-04-13 13:17:00,2020-04-13 13:27:00,446.11249999999995,411.71812500000004,10,-687.8874999999982,62.756790240250005,-750.6442902402482,2020-04-13
BANKNIFTY16APR2019700CE,CE,2020-04-13 13:28:00,2020-04-13 13:38:00,431.075,433.2641310882569,10,43.78262176513772,63.09404678893833,-19.31142502380061,2020-04-13
BANKNIFTY16APR2019700CE,CE,2020-04-13 13:43:00,2020-04-13 13:53:00,424.0575,428.9748628234864,10,98.34725646972743,62.90253373037335,35.44472273935408,2020-04-13
BANKNIFTY16APR2019700CE,CE,2020-04-13 14:04:00,2020-04-13 14:14:00,415.38588111877436,383.9377439117432,10,-628.962744140623,61.69933614047888,-690.6620802811019,2020-04-13
BANKNIFTY16APR2019700CE,CE,2020-04-13 15:16:00,2020-04-13 15:24:00,455.3355122375488,476.805,8,429.3897552490239,64.4545203678344,364.9352348811895,2020-04-13
BANKNIFTY16APR2019700PE,PE,2020-04-13 09:17:00,2020-04-13 09:22:00,731.7748872375488,745.2322256469727,5,269.1467681884774,74.41800905283111,194.72875913564627,2020-04-13
BANKNIFTY16APR2019700PE,PE,2020-04-13 10:41:00,2020-04-13 10:51:00,731.8249999999999,775.4565243530274,10,872.6304870605486,75.15379538575328,797.4766916747953,2020-04-13
BANKNIFTY16APR2019700PE,PE,2020-04-13 12:22:00,2020-04-13 12:32:00,651.5748872375488,714.1102743530274,10,1250.7077423095734,72.6646384383377,1178.0431038712356,2020-04-13
BANKNIFTY16APR2019700PE,PE,2020-04-13 12:41:00,2020-04-13 12:51:00,659.7452255249023,661.7913871765137,10,40.923233032228836,71.49355976895782,-30.570326736728987,2020-04-13
BANKNIFTY16APR2019700PE,PE,2020-04-13 13:06:00,2020-04-13 13:14:00,655.7352255249023,755.1075000000001,8,1987.4454895019562,73.71352493483118,1913.731964567125,2020-04-13
BANKNIFTY16APR2019700PE,PE,2020-04-13 14:30:00,2020-04-13 14:40:00,674.8830122375488,688.7737500000001,10,277.8147552490259,72.33793377633441,205.47682147269148,2020-04-13
BANKNIFTY16APR2019700PE,PE,2020-04-13 14:45:00,2020-04-13 14:55:00,643.8055122375488,718.2,10,1487.8897552490253,72.66759168183441,1415.2221635671908,2020-04-13
BANKNIFTY16APR2019700PE,PE,2020-04-13 14:57:00,2020-04-13 15:07:00,676.3366494750976,694.8584756469727,10,370.4365234375018,72.50399561666553,297.9325278208363,2020-04-13
BANKNIFTY16APR2019900CE,CE,2020-04-15 09:43:00,2020-04-15 09:48:00,396.0877561187744,435.45861282348636,5,787.4171340942394,62.71275696179056,724.7043771324488,2020-04-15
BANKNIFTY16APR2019900CE,CE,2020-04-15 10:07:00,2020-04-15 10:17:00,524.3576127624511,525.18375,10,16.522744750977836,66.48876869941559,-49.96602394843775,2020-04-15
BANKNIFTY16APR2019900CE,CE,2020-04-15 10:18:00,2020-04-15 10:28:00,494.5833811187744,523.6875,10,582.0823776245118,66.0824713686672,515.9999062558445,2020-04-15
BANKNIFTY16APR2019900CE,CE,2020-04-15 10:31:00,2020-04-15 10:41:00,511.42536888122555,493.76250000000005,10,-353.2573776245101,65.56382575783279,-418.8212033823429,2020-04-15
BANKNIFTY16APR2019900CE,CE,2020-04-15 10:54:00,2020-04-15 11:04:00,515.1847744750976,472.06687500000004,10,-862.3579895019509,65.08281540491882,-927.4408049068697,2020-04-15
BANKNIFTY16APR2019900CE,CE,2020-04-15 11:05:00,2020-04-15 11:15:00,478.944375,491.6677439117432,10,254.46737823486387,65.10934287306168,189.3580353618022,2020-04-15
BANKNIFTY16APR2019900CE,CE,2020-04-15 11:16:00,2020-04-15 11:26:00,516.0869877624511,438.45111282348637,10,-1552.7174987792955,64.27636778903894,-1616.9938665683344,2020-04-15
BANKNIFTY16APR2019900CE,CE,2020-04-15 11:46:00,2020-04-15 11:56:00,413.53125,386.6808689117432,10,-537.0076217651365,61.74301762056168,-598.7506393856982,2020-04-15
BANKNIFTY16APR2019900CE,CE,2020-04-15 12:03:00,2020-04-15 12:13:00,398.89474388122557,428.77538108825684,10,597.6127441406254,62.58506959952111,535.0276745411043,2020-04-15
BANKNIFTY16APR2019900CE,CE,2020-04-15 12:14:00,2020-04-15 12:16:00,451.4758811187744,450.0221189117432,2,-29.075244140624363,63.75511376822889,-92.83035790885324,2020-04-15
BANKNIFTY16APR2019900CE,CE,2020-04-15 13:14:00,2020-04-15 13:24:00,306.765,222.34274391174318,10,-1688.445121765136,56.41930161981168,-1744.8644233849477,2020-04-15
BANKNIFTY16APR2019900CE,CE,2020-04-15 13:44:00,2020-04-15 13:46:00,202.00375,182.89163108825684,2,-382.24237823486305,54.15819666643833,-436.4005749013014,2020-04-15
BANKNIFTY16APR2019900CE,CE,2020-04-15 14:05:00,2020-04-15 14:15:00,126.4653765296936,73.4658765220642,10,-1059.990000152588,50.55810984602638,-1110.5481099986143,2020-04-15
BANKNIFTY16APR2019900CE,CE,2020-04-15 14:16:00,2020-04-15 14:26:00,71.5785015296936,67.92974847793579,10,-72.97506103515616,49.74155870168221,-122.71661973683837,2020-04-15
BANKNIFTY16APR2019900CE,CE,2020-04-15 14:27:00,2020-04-15 14:37:00,64.0096234703064,60.34875,10,-73.21746940612783,49.463128813645696,-122.68059821977353,2020-04-15
BANKNIFTY16APR2019900CE,CE,2020-04-15 14:38:00,2020-04-15 14:48:00,64.4607530593872,66.83250000000001,10,47.43493881225618,49.6264416087086,-2.1915027964524256,2020-04-15
BANKNIFTY16APR2019900CE,CE,2020-04-15 14:50:00,2020-04-15 15:00:00,54.936999235153195,55.111875000000005,10,3.4975152969362,49.223034506447846,-45.725519209511646,2020-04-15
BANKNIFTY16APR2019900CE,CE,2020-04-15 15:04:00,2020-04-15 15:14:00,57.5936257648468,52.9672484779358,10,-92.52754573822003,49.20387433413008,-141.7314200723501,2020-04-15
BANKNIFTY16APR2019900PE,PE,2020-04-15 09:16:00,2020-04-15 09:26:00,508.56823776245113,456.9547560882569,10,-1032.269633483885,64.63303306385392,-1096.9026665477388,2020-04-15
BANKNIFTY16APR2019900PE,PE,2020-04-15 09:37:00,2020-04-15 09:47:00,498.29261276245114,466.68038108825687,10,-632.2446334838855,64.74193502135391,-696.9865685052395,2020-04-15
BANKNIFTY16APR2019900PE,PE,2020-04-15 09:48:00,2020-04-15 09:58:00,450.52349388122553,405.0348628234864,10,-909.7726211547831,62.64902966795616,-972.4216508227393,2020-04-15
BANKNIFTY16APR2019900PE,PE,2020-04-15 09:59:00,2020-04-15 10:09:00,390.97499999999997,348.9753810882569,10,-839.9923782348617,60.545654589438335,-900.5380328243,2020-04-15
BANKNIFTY16APR2019900PE,PE,2020-04-15 10:17:00,2020-04-15 10:27:00,365.86238723754883,347.42923782348635,10,-368.6629882812497,60.19605776320776,-428.85904604445744,2020-04-15
BANKNIFTY16APR2019900PE,PE,2020-04-15 10:29:00,2020-04-15 10:39:00,346.3136372375488,363.09000000000003,10,335.52725524902485,60.33411802758442,275.19313722144045,2020-04-15
BANKNIFTY16APR2019900PE,PE,2020-04-15 10:43:00,2020-04-15 10:53:00,348.6694877624511,332.1675,10,-330.03975524902216,59.61123965116559,-389.65099490018775,2020-04-15
BANKNIFTY16APR2019900PE,PE,2020-04-15 11:12:00,2020-04-15 11:22:00,336.89011276245117,349.37437500000004,10,249.68524475097752,59.88343055266559,189.80181419831194,2020-04-15
BANKNIFTY16APR2019900PE,PE,2020-04-15 11:50:00,2020-04-15 12:00:00,405.0601127624511,382.0425,10,-460.35225524902216,61.524953769915584,-521.8772090189377,2020-04-15
BANKNIFTY16APR2019900PE,PE,2020-04-15 12:02:00,2020-04-15 12:05:00,374.43375,393.4638871765137,3,380.60274353027467,61.42227334262665,319.180470187648,2020-04-15
BANKNIFTY16APR2019900PE,PE,2020-04-15 12:15:00,2020-04-15 12:25:00,340.9502561187744,364.2870121765137,10,466.73512115478616,60.29660117129385,406.4385199834923,2020-04-15
BANKNIFTY16APR2019900PE,PE,2020-04-15 12:44:00,2020-04-15 12:48:00,371.82724388122557,410.3216310882569,4,769.8877441406262,61.79993217302112,708.087811967605,2020-04-15
BANKNIFTY16APR2019900PE,PE,2020-04-15 13:54:00,2020-04-15 14:04:00,704.3063627624512,778.0500000000001,10,1474.8727447509782,74.87499750841559,1399.9977472425626,2020-04-15
BANKNIFTY16APR2018900CE,CE,2020-04-16 12:24:00,2020-04-16 12:34:00,516.2875,400.745625,10,-2310.8375,63.36172566925,-2374.19922566925,2020-04-16
BANKNIFTY16APR2018900CE,CE,2020-04-16 12:59:00,2020-04-16 13:02:00,325.66213111877437,394.16211891174316,3,1369.999755859376,60.833337767728885,1309.166418091647,2020-04-16
BANKNIFTY16APR2018900CE,CE,2020-04-16 13:07:00,2020-04-16 13:17:00,379.5465061187744,316.35711891174316,10,-1263.787744140625,59.61027799097888,-1323.3980221316037,2020-04-16
BANKNIFTY16APR2018900CE,CE,2020-04-16 14:15:00,2020-04-16 14:25:00,421.04999999999995,454.5108689117432,10,669.2173782348652,63.48629735106168,605.7310808838035,2020-04-16
BANKNIFTY16APR2018900CE,CE,2020-04-16 14:32:00,2020-04-16 14:42:00,458.7440061187744,450.8201371765137,10,-158.47737884521393,63.864820723043856,-222.3421995682578,2020-04-16
BANKNIFTY16APR2018900CE,CE,2020-04-16 14:47:00,2020-04-16 14:49:00,486.2125,523.6376371765137,2,748.5027435302754,65.97726204662665,682.5254814836488,2020-04-16
BANKNIFTY16APR2018900CE,CE,2020-04-16 14:53:00,2020-04-16 15:03:00,526.6132377624511,377.7033689117432,10,-2978.1973770141585,62.929537884727274,-3041.126914898886,2020-04-16
BANKNIFTY16APR2018900CE,CE,2020-04-16 15:04:00,2020-04-16 15:11:00,421.801875,480.09673782348636,7,1165.8972564697274,64.11797878637336,1101.779277683354,2020-04-16
BANKNIFTY16APR2018900PE,PE,2020-04-16 09:48:00,2020-04-16 09:51:00,181.0013780593872,211.1707469558716,3,603.387377929688,54.58512150111444,548.8022564285735,2020-04-16
BANKNIFTY16APR2018900PE,PE,2020-04-16 10:31:00,2020-04-16 10:36:00,160.04911888122558,208.12836891174317,5,961.5850006103517,54.250817427394466,907.3341831829572,2020-04-16
BANKNIFTY16APR2018900PE,PE,2020-04-16 10:42:00,2020-04-16 10:52:00,199.2970030593872,206.233125,10,138.72243881225586,54.6923182864586,84.03012052579726,2020-04-16
BANKNIFTY16APR2018900PE,PE,2020-04-16 10:53:00,2020-04-16 11:03:00,197.9436219406128,164.63737804412844,10,-666.1248779296869,53.663746110135556,-719.7886240398225,2020-04-16
BANKNIFTY16APR2018900PE,PE,2020-04-16 11:12:00,2020-04-16 11:22:00,126.8663780593872,95.3609984779358,10,-630.1075916290281,51.09565991703652,-681.2032515460646,2020-04-16
BANKNIFTY16APR2018900PE,PE,2020-04-16 11:23:00,2020-04-16 11:33:00,89.5733734703064,75.51074695587158,10,-281.2525302886962,50.14951696730154,-331.4020472559978,2020-04-16
BANKNIFTY16APR2018900PE,PE,2020-04-16 11:35:00,2020-04-16 11:45:00,78.2451280593872,72.1691234779358,10,-121.520091629028,49.927499064786524,-171.44759069381453,2020-04-16
BANKNIFTY16APR2018900PE,PE,2020-04-16 11:58:00,2020-04-16 12:08:00,66.16499999999999,64.63800304412842,10,-30.539939117431345,49.59423642484417,-80.13417554227551,2020-04-16
BANKNIFTY16APR2018900PE,PE,2020-04-16 12:15:00,2020-04-16 12:25:00,39.398249235153195,27.08212461948395,10,-246.3224923133849,48.34820285559232,-294.6706951689772,2020-04-16
BANKNIFTY23APR2020300CE,CE,2020-04-17 09:30:00,2020-04-17 09:40:00,728.7172744750976,716.7536128234864,10,-239.27323303222465,73.68732010804217,-312.9605531402668,2020-04-17
BANKNIFTY23APR2020300CE,CE,2020-04-17 10:29:00,2020-04-17 10:33:00,595.3847744750976,540.9442378234863,4,-1088.810733032226,67.75453354729217,-1156.565266579518,2020-04-17
BANKNIFTY23APR2020300CE,CE,2020-04-17 15:16:00,2020-04-17 15:24:00,942.5505122375488,920.5927743530274,8,-439.15475769042814,81.3020009500877,-520.4567586405159,2020-04-17
BANKNIFTY23APR2020300PE,PE,2020-04-17 09:15:00,2020-04-17 09:25:00,807.1127255249023,736.7534756469727,10,-1407.1849975585928,75.14774249707787,-1482.3327400556707,2020-04-17
BANKNIFTY23APR2020300PE,PE,2020-04-17 09:26:00,2020-04-17 09:36:00,723.805,711.4170121765137,10,-247.75975646972483,73.49648663537664,-321.2562431051015,2020-04-17
BANKNIFTY23APR2020300PE,PE,2020-04-17 10:42:00,2020-04-17 10:46:00,832.9772744750976,934.0091006469727,4,2020.6365234375016,80.26704022766553,1940.369483209836,2020-04-17
BANKNIFTY23APR2020300PE,PE,2020-04-17 11:18:00,2020-04-17 11:28:00,772.2758505249024,826.5284756469727,10,1085.052502441406,76.89859428682789,1008.1539081545781,2020-04-17
BANKNIFTY23APR2020300PE,PE,2020-04-17 11:55:00,2020-04-17 11:58:00,885.7588627624511,949.5202743530274,2,1275.228231811525,81.30006515266889,1193.928166658856,2020-04-17
BANKNIFTY23APR2020300PE,PE,2020-04-17 12:19:00,2020-04-17 12:30:00,866.16,937.7996493530273,10,1432.7929870605476,80.7714889270033,1352.0214981335444,2020-04-17
BANKNIFTY23APR2020300PE,PE,2020-04-17 12:44:00,2020-04-17 12:55:00,905.5582377624511,801.6907621765137,10,-2077.3495117187485,77.95029874554224,-2155.2998104642907,2020-04-17
BANKNIFTY23APR2020300PE,PE,2020-04-17 12:56:00,2020-04-17 13:07:00,824.5061372375487,867.825,10,866.3772552490263,78.5519626165844,787.8252926324419,2020-04-17
BANKNIFTY23APR2020300PE,PE,2020-04-17 13:43:00,2020-04-17 13:53:00,859.5936372375488,814.5584756469727,10,-900.7032318115216,77.69224204983111,-978.3954738613527,2020-04-17
BANKNIFTY23APR2020300PE,PE,2020-04-17 13:58:00,2020-04-17 14:08:00,796.6867622375488,741.890625,10,-1095.922744750976,75.1431684655844,-1171.0659132165606,2020-04-17
BANKNIFTY23APR2020300PE,PE,2020-04-17 14:12:00,2020-04-17 14:23:00,780.7469877624511,660.1454878234864,10,-2412.029998779294,72.95680306478894,-2484.986801844083,2020-04-17
BANKNIFTY23APR2020300PE,PE,2020-04-17 14:45:00,2020-04-17 14:55:00,638.1413627624512,586.0811128234864,10,-1041.2049987792966,69.38361559028894,-1110.5886143695855,2020-04-17
BANKNIFTY23APR2020300PE,PE,2020-04-17 14:56:00,2020-04-17 15:06:00,577.7407377624511,469.07437500000003,10,-2173.327255249021,65.78719729741559,-2239.114452546437,2020-04-17
BANKNIFTY23APR2020300PE,PE,2020-04-17 15:07:00,2020-04-17 15:17:00,475.6361372375488,454.111875,10,-430.48524475097565,64.15474871733441,-494.6399934683101,2020-04-17
BANKNIFTY23APR2020300PE,PE,2020-04-17 15:18:00,2020-04-17 15:24:00,446.76411888122556,444.5358689117432,6,-44.564999389647255,63.563131368394465,-108.12813075804172,2020-04-17
BANKNIFTY23APR2020900CE,CE,2020-04-20 10:00:00,2020-04-20 10:02:00,454.78411888122554,474.7601371765137,2,399.52036590576313,64.39793165195944,335.1224342538037,2020-04-20
BANKNIFTY23APR2020900CE,CE,2020-04-20 11:07:00,2020-04-20 11:17:00,510.67349388122557,465.9821189117432,10,-893.8274993896471,64.87876588614446,-958.7062652757916,2020-04-20
BANKNIFTY23APR2020900CE,CE,2020-04-20 11:21:00,2020-04-20 11:31:00,491.475625,439.8476371765137,10,-1032.5597564697262,64.00457456237665,-1096.5643310321027,2020-04-20
BANKNIFTY23APR2020900CE,CE,2020-04-20 12:34:00,2020-04-20 12:44:00,471.2752561187744,443.68798782348637,10,-551.7453659057605,63.84702441254056,-615.5923903183011,2020-04-20
BANKNIFTY23APR2020900CE,CE,2020-04-20 13:38:00,2020-04-20 13:48:00,471.17499999999995,492.81486282348635,10,432.7972564697279,65.04072132737335,367.75653514235455,2020-04-20
BANKNIFTY23APR2020900CE,CE,2020-04-20 14:09:00,2020-04-20 14:19:00,456.9896311187744,507.0791310882569,10,1001.7899993896492,65.21144633410553,936.5785530555437,2020-04-20
BANKNIFTY23APR2020900CE,CE,2020-04-20 14:51:00,2020-04-20 15:01:00,414.08261276245116,384.0375,10,-600.9022552490228,61.68557128291559,-662.5878265319384,2020-04-20
BANKNIFTY23APR2020900CE,CE,2020-04-20 15:05:00,2020-04-20 15:15:00,362.65437499999996,386.98013717651367,10,486.5152435302741,61.118222957876654,425.3970205723975,2020-04-20
BANKNIFTY23APR2020900PE,PE,2020-04-20 09:22:00,2020-04-20 09:30:00,631.8757377624512,548.874375,8,-1660.0272552490242,68.40077216341558,-1728.4280274124399,2020-04-20
BANKNIFTY23APR2020900PE,PE,2020-04-20 13:23:00,2020-04-20 13:33:00,636.7378994750976,650.6692378234864,10,278.626766967775,70.93719524104218,207.68957172673282,2020-04-20
BANKNIFTY23APR2020900PE,PE,2020-04-20 13:55:00,2020-04-20 14:05:00,713.7298872375488,678.6491006469727,10,-701.6157318115233,72.5742838915811,-774.1900157031045,2020-04-20
BANKNIFTY23APR2020900PE,PE,2020-04-20 15:15:00,2020-04-20 15:22:00,778.2407377624511,796.005,7,355.2852447509781,76.2302588476656,279.0549859033125,2020-04-20
BANKNIFTY23APR2019800CE,CE,2020-04-21 09:55:00,2020-04-21 10:05:00,410.8746311187744,416.9051371765137,10,120.61012115478547,62.44517586179386,58.16494529299162,2020-04-21
BANKNIFTY23APR2019800CE,CE,2020-04-21 10:59:00,2020-04-21 11:07:00,370.92499999999995,363.7882621765137,8,-142.73475646972543,60.656864003876635,-203.39162047360207,2020-04-21
BANKNIFTY23APR2019800CE,CE,2020-04-21 12:08:00,2020-04-21 12:18:00,340.39886276245113,324.0378810882569,10,-327.219633483885,59.310747115853914,-386.5303805997389,2020-04-21
BANKNIFTY23APR2019800CE,CE,2020-04-21 12:24:00,2020-04-21 12:34:00,326.564375,273.56437500000004,10,-1059.9999999999989,57.911175601,-1117.9111756009988,2020-04-21
BANKNIFTY23APR2019800CE,CE,2020-04-21 15:08:00,2020-04-21 15:18:00,258.34426223754883,265.83375,10,149.78975524902353,56.87559957783441,92.91415567118912,2020-04-21
BANKNIFTY23APR2019800PE,PE,2020-04-21 10:50:00,2020-04-21 10:59:00,559.4952255249024,579.5475,9,401.04548950195294,68.24762645483118,332.7978630471218,2020-04-21
BANKNIFTY23APR2019800PE,PE,2020-04-21 11:25:00,2020-04-21 11:35:00,600.4975,604.485,10,79.75000000000136,69.363592087,10.386407913001364,2020-04-21
BANKNIFTY23APR2019800PE,PE,2020-04-21 11:36:00,2020-04-21 11:46:00,621.4998872375488,608.0261128234864,10,-269.4754882812481,69.71064995695777,-339.18613823820584,2020-04-21
BANKNIFTY23APR2019800PE,PE,2020-04-21 11:51:00,2020-04-21 12:01:00,584.0063627624511,571.1684756469726,10,-256.75774230956904,68.3483349826623,-325.10607729223136,2020-04-21
BANKNIFTY23APR2019800PE,PE,2020-04-21 12:15:00,2020-04-21 12:25:00,601.6503994750976,633.7117378234864,10,641.2267669677749,70.08881472904217,571.1379522387327,2020-04-21
BANKNIFTY23APR2019800PE,PE,2020-04-21 13:41:00,2020-04-21 13:51:00,771.1230122375488,786.6284756469727,10,310.1092681884779,75.9137602450811,234.19550794339682,2020-04-21
BANKNIFTY23APR2019800PE,PE,2020-04-21 13:54:00,2020-04-21 14:04:00,798.8421005249023,809.0722256469727,10,204.60250244140752,76.80404390782789,127.79845853357963,2020-04-21
BANKNIFTY23APR2019800PE,PE,2020-04-21 14:18:00,2020-04-21 14:28:00,725.5593749999999,703.7861128234864,10,-435.4652435302705,73.33267134512334,-508.7979148753939,2020-04-21
BANKNIFTY23APR2019800PE,PE,2020-04-21 14:29:00,2020-04-21 14:39:00,701.75,713.2125000000001,10,229.25000000000182,73.26615686500001,155.9838431350018,2020-04-21
BANKNIFTY23APR2019800PE,PE,2020-04-21 15:03:00,2020-04-21 15:08:00,739.8951127624512,749.4217378234864,5,190.53250122070494,74.62079550503894,115.911705715666,2020-04-21
BANKNIFTY23APR2019200CE,CE,2020-04-22 09:35:00,2020-04-22 09:45:00,357.69198776245116,297.2051371765137,10,-1209.7370117187495,58.87292105379224,-1268.6099327725417,2020-04-22
BANKNIFTY23APR2019200CE,CE,2020-04-22 10:01:00,2020-04-22 10:11:00,276.0383811187744,279.00076217651366,10,59.24762115478529,57.41569337054384,1.8319277842414508,2020-04-22
BANKNIFTY23APR2019200CE,CE,2020-04-22 10:19:00,2020-04-22 10:29:00,297.4417622375488,313.5142378234863,10,321.4495117187505,58.52109239245776,262.9284193262927,2020-04-22
BANKNIFTY23APR2019200CE,CE,2020-04-22 10:30:00,2020-04-22 10:38:00,337.34125,437.45361282348637,8,2002.2472564697273,62.031439450373355,1940.2158170193538,2020-04-22
BANKNIFTY23APR2019200CE,CE,2020-04-22 12:36:00,2020-04-22 12:46:00,514.2825,477.2538871765137,10,-740.5722564697271,65.19777271712664,-805.7700291868538,2020-04-22
BANKNIFTY23APR2019200CE,CE,2020-04-22 12:59:00,2020-04-22 13:09:00,490.02198776245115,473.06437500000004,10,-339.1522552490221,64.7944657989156,-403.94672104793773,2020-04-22
BANKNIFTY23APR2019200CE,CE,2020-04-22 13:34:00,2020-04-22 13:41:00,354.8348872375488,354.46163108825687,7,-7.465122985838661,60.230109635022735,-67.69523262086139,2020-04-22
BANKNIFTY23APR2019200CE,CE,2020-04-22 15:02:00,2020-04-22 15:12:00,565.7608505249024,588.3254878234864,10,451.2927459716798,68.53898033820452,382.75376563347527,2020-04-22
BANKNIFTY23APR2019200CE,CE,2020-04-22 15:16:00,2020-04-22 15:24:00,578.4425,601.0934756469727,8,453.0195129394542,69.0070955072467,384.0124174322075,2020-04-22
BANKNIFTY23APR2019200PE,PE,2020-04-22 09:15:00,2020-04-22 09:23:00,439.14511276245116,406.0323628234863,8,-662.2549987792968,62.531932003288944,-724.7869307825857,2020-04-22
BANKNIFTY23APR2019200PE,PE,2020-04-22 10:35:00,2020-04-22 10:45:00,371.0753688812256,292.76625,10,-1566.1823776245114,58.9312211113328,-1625.1135987358443,2020-04-22
BANKNIFTY23APR2019200PE,PE,2020-04-22 11:24:00,2020-04-22 11:34:00,267.2665061187744,303.1901371765137,10,718.4726211547866,57.89508778604386,660.5775333687427,2020-04-22
BANKNIFTY23APR2019200PE,PE,2020-04-22 11:38:00,2020-04-22 11:48:00,296.3390061187744,259.7489939117432,10,-731.8002441406247,57.19962790472888,-788.9998720453536,2020-04-22
BANKNIFTY23APR2019200PE,PE,2020-04-22 12:05:00,2020-04-22 12:09:00,259.14625,255.16050304412843,4,-79.71493911743153,56.62595136334416,-136.34089048077567,2020-04-22
BANKNIFTY23APR2019200PE,PE,2020-04-22 13:02:00,2020-04-22 13:12:00,220.54999999999998,263.0407621765137,10,849.815243530274,56.33812326287665,793.4771202673974,2020-04-22
BANKNIFTY23APR2019200PE,PE,2020-04-22 13:49:00,2020-04-22 13:59:00,323.8075,292.516875,10,-625.8124999999995,58.337918317749995,-684.1504183177495,2020-04-22
BANKNIFTY23APR2019200PE,PE,2020-04-22 14:00:00,2020-04-22 14:10:00,284.86036888122555,222.49237804412843,10,-1247.3598167419425,56.15080688542696,-1303.5106236273696,2020-04-22
BANKNIFTY23APR2019200PE,PE,2020-04-22 14:30:00,2020-04-22 14:40:00,184.35974388122557,161.595,10,-455.2948776245114,53.42098385608279,-508.7158614805942,2020-04-22
BANKNIFTY23APR2019200PE,PE,2020-04-22 14:42:00,2020-04-22 14:52:00,156.2396311187744,122.64262195587159,10,-671.9401832580564,52.12416876057304,-724.0643520186295,2020-04-22
BANKNIFTY23APR2019200PE,PE,2020-04-22 14:56:00,2020-04-22 15:06:00,114.4353765296936,138.75225608825684,10,486.3375911712649,51.99665372004263,434.34093745122226,2020-04-22
BANKNIFTY23APR2019700CE,CE,2020-04-23 09:39:00,2020-04-23 09:49:00,230.1740061187744,235.90875000000003,10,114.69487762451251,55.79773985391721,58.89713777059531,2020-04-23
BANKNIFTY23APR2019700CE,CE,2020-04-23 09:52:00,2020-04-23 10:02:00,231.6777561187744,292.31736282348635,10,1212.792134094239,57.188482377290555,1155.6036517169484,2020-04-23
BANKNIFTY23APR2019700CE,CE,2020-04-23 10:20:00,2020-04-23 10:30:00,311.32636276245114,291.36975608825685,10,-399.1321334838858,58.15495559960391,-457.2870890834897,2020-04-23
BANKNIFTY23APR2019700CE,CE,2020-04-23 11:29:00,2020-04-23 11:39:00,325.8125,340.44673782348633,10,292.6847564697266,59.528654447123344,233.15610202260325,2020-04-23
BANKNIFTY23APR2019700CE,CE,2020-04-23 11:42:00,2020-04-23 11:52:00,389.52136276245113,399.9476371765137,10,208.52548828125123,61.767423950042236,146.758064331209,2020-04-23
BANKNIFTY23APR2019700CE,CE,2020-04-23 11:56:00,2020-04-23 12:06:00,389.97249999999997,388.37663108825683,10,-31.91737823486278,61.49158017493832,-93.4089584098011,2020-04-23
BANKNIFTY23APR2019700CE,CE,2020-04-23 12:09:00,2020-04-23 12:19:00,400.4486372375488,455.70788108825684,10,1105.1848770141612,63.25946990602273,1041.9254071081384,2020-04-23
BANKNIFTY23APR2019700CE,CE,2020-04-23 12:20:00,2020-04-23 12:30:00,465.96198776245114,433.9125,10,-640.9897552490224,63.543239436165585,-704.532994685188,2020-04-23
BANKNIFTY23APR2019700CE,CE,2020-04-23 12:32:00,2020-04-23 12:40:00,465.91187499999995,501.34350608825685,8,708.6326217651379,65.18278167493833,643.4498400901996,2020-04-23
BANKNIFTY23APR2019700CE,CE,2020-04-23 13:21:00,2020-04-23 13:26:00,334.63448776245116,373.31437500000004,5,773.5977447509777,60.43771455391558,713.160030197062,2020-04-23
BANKNIFTY23APR2019700CE,CE,2020-04-23 13:38:00,2020-04-23 13:42:00,315.9378688812256,334.1625,4,364.4926223754885,59.25312069283279,305.2395016826557,2020-04-23
BANKNIFTY23APR2019700CE,CE,2020-04-23 14:03:00,2020-04-23 14:13:00,439.7967622375488,466.33125,10,530.6897552490238,64.0067138478344,466.6830414011894,2020-04-23
BANKNIFTY23APR2019700CE,CE,2020-04-23 14:27:00,2020-04-23 14:37:00,481.2,494.6602439117432,10,269.2048782348638,65.21015422881167,203.99472400605214,2020-04-23
BANKNIFTY23APR2019700CE,CE,2020-04-23 14:38:00,2020-04-23 14:48:00,509.57073776245113,558.6,10,980.5852447509778,67.11786597766559,913.4673787733122,2020-04-23
BANKNIFTY23APR2019700CE,CE,2020-04-23 14:50:00,2020-04-23 14:59:00,593.7306249999999,628.4250000000001,9,693.887500000003,69.86183012275,624.025669877253,2020-04-23
BANKNIFTY23APR2019700CE,CE,2020-04-23 15:00:00,2020-04-23 15:06:00,623.555,579.6472256469727,6,-878.1554870605441,69.04590515574671,-947.2013922162909,2020-04-23
BANKNIFTY23APR2019700CE,CE,2020-04-23 15:14:00,2020-04-23 15:15:00,579.5953994750977,571.5675,1,-160.55798950195367,68.30324064791883,-228.86123014987248,2020-04-23
BANKNIFTY23APR2019700CE,CE,2020-04-23 15:20:00,2020-04-23 15:24:00,560.9488627624511,557.9017378234863,4,-60.94249877929542,67.73918300153893,-128.68168178083437,2020-04-23
BANKNIFTY23APR2019700PE,PE,2020-04-23 09:16:00,2020-04-23 09:22:00,251.6776280593872,178.15350608825685,6,-1470.4824394226068,54.66007680064693,-1525.1425162232538,2020-04-23
BANKNIFTY30APR2019700CE,CE,2020-04-24 09:20:00,2020-04-24 09:30:00,512.1271311187744,460.7452439117432,10,-1027.6377441406237,64.7694456409789,-1092.4071897816025,2020-04-24
BANKNIFTY30APR2019700CE,CE,2020-04-24 09:31:00,2020-04-24 09:35:00,474.934375,508.0766310882569,4,662.8451217651377,65.45864744518832,597.3864743199495,2020-04-24
BANKNIFTY30APR2019700CE,CE,2020-04-24 09:55:00,2020-04-24 10:05:00,553.88125,553.4628506469727,10,-8.367987060546511,67.54340809149672,-75.91139515204323,2020-04-24
BANKNIFTY30APR2019700CE,CE,2020-04-24 10:07:00,2020-04-24 10:17:00,550.2221005249023,545.4329878234863,10,-95.78225402832004,67.30263311070453,-163.08488713902457,2020-04-24
BANKNIFTY30APR2019700CE,CE,2020-04-24 10:28:00,2020-04-24 10:38:00,557.7910244750976,528.6750000000001,10,-582.3204895019512,66.98905180166881,-649.30954130362,2020-04-24
BANKNIFTY30APR2019700CE,CE,2020-04-24 12:32:00,2020-04-24 12:36:00,583.3547744750977,633.4125,4,1001.1545104980473,69.85423866116882,931.3002718368786,2020-04-24
BANKNIFTY30APR2019700CE,CE,2020-04-24 12:46:00,2020-04-24 12:56:00,581.4499999999999,560.7945121765136,10,-413.10975646972565,68.06424361637664,-481.1740000861023,2020-04-24
BANKNIFTY30APR2019700CE,CE,2020-04-24 13:00:00,2020-04-24 13:07:00,571.425,598.0511128234864,7,532.5222564697287,68.84591167787336,463.6763447918554,2020-04-24
BANKNIFTY30APR2019700CE,CE,2020-04-24 13:18:00,2020-04-24 13:28:00,590.5226127624511,614.46,10,478.74774475097865,69.48229598791559,409.2654487630631,2020-04-24
BANKNIFTY30APR2019700CE,CE,2020-04-24 13:29:00,2020-04-24 13:39:00,612.2267622375488,603.4875000000001,10,-174.78524475097402,69.4850489583344,-244.27029370930842,2020-04-24
BANKNIFTY30APR2019700CE,CE,2020-04-24 13:53:00,2020-04-24 14:03:00,532.4277255249024,511.51798782348635,10,-418.1947540283204,66.25662801945452,-484.4513820477749,2020-04-24
BANKNIFTY30APR2019700CE,CE,2020-04-24 14:04:00,2020-04-24 14:14:00,481.50073776245114,462.091875,10,-388.17725524902244,64.42171049641559,-452.598965745438,2020-04-24
BANKNIFTY30APR2019700CE,CE,2020-04-24 14:17:00,2020-04-24 14:27:00,460.54849388122557,422.6407621765137,10,-758.1546340942373,63.20181511145945,-821.3564492056968,2020-04-24
BANKNIFTY30APR2019700CE,CE,2020-04-24 14:28:00,2020-04-24 14:38:00,430.7742622375488,453.8625,10,461.7647552490246,63.59133702933441,398.1734182196902,2020-04-24
BANKNIFTY30APR2019700CE,CE,2020-04-24 14:42:00,2020-04-24 14:52:00,447.31551223754883,437.90250000000003,10,-188.26024475097597,63.40863424683441,-251.6688789978104,2020-04-24
BANKNIFTY30APR2019700CE,CE,2020-04-24 14:53:00,2020-04-24 15:03:00,442.8042622375488,429.8227439117432,10,-259.6303665161122,63.15605952614609,-322.78642604225826,2020-04-24
BANKNIFTY30APR2019700PE,PE,2020-04-24 09:19:00,2020-04-24 09:29:00,629.3694877624512,685.78125,10,1128.2352447509766,71.69970358066558,1056.535541170311,2020-04-24
BANKNIFTY30APR2019700PE,PE,2020-04-24 10:00:00,2020-04-24 10:05:00,577.5903994750976,618.45,5,817.1920104980495,69.41868250691883,747.7733279911307,2020-04-24
BANKNIFTY30APR2019700PE,PE,2020-04-24 10:46:00,2020-04-24 10:56:00,631.3744877624512,657.1529878234863,10,515.5700012207035,71.02827050078895,444.54173071991454,2020-04-24
BANKNIFTY30APR2019700PE,PE,2020-04-24 11:14:00,2020-04-24 11:20:00,639.5949999999999,660.2951371765137,6,414.002743530275,71.20682724062665,342.79591628964835,2020-04-24
BANKNIFTY30APR2019700PE,PE,2020-04-24 11:24:00,2020-04-24 11:34:00,622.3519877624511,652.3151371765138,10,599.2629882812525,70.79850462579225,528.4644836554603,2020-04-24
BANKNIFTY30APR2019700PE,PE,2020-04-24 11:40:00,2020-04-24 11:50:00,676.6373872375488,638.4000000000001,10,-764.7477447509732,71.1344584840844,-835.8822032350577,2020-04-24
BANKNIFTY30APR2019700PE,PE,2020-04-24 12:21:00,2020-04-24 12:31:00,600.4975,559.2982621765137,10,-823.9847564697243,68.26448795087666,-892.2492444206009,2020-04-24
BANKNIFTY30APR2019700PE,PE,2020-04-24 12:37:00,2020-04-24 12:42:00,516.9391494750977,541.6425,5,494.06701049804724,66.79694073041883,427.2700697676284,2020-04-24
BANKNIFTY30APR2019700PE,PE,2020-04-24 13:11:00,2020-04-24 13:17:00,519.4955122375488,547.7771493530274,6,565.6327423095718,66.97791671583771,498.6548255937341,2020-04-24
BANKNIFTY30APR2019900CE,CE,2020-04-27 09:47:00,2020-04-27 09:57:00,465.2602561187744,453.8625,10,-227.95512237548792,64.01977722291721,-291.97489959840516,2020-04-27
BANKNIFTY30APR2019900CE,CE,2020-04-27 14:15:00,2020-04-27 14:25:00,531.2748872375488,505.03423782348636,10,-524.8129882812486,66.08459747620776,-590.8975857574565,2020-04-27
BANKNIFTY30APR2019900CE,CE,2020-04-27 14:28:00,2020-04-27 14:30:00,506.51312499999995,548.625,2,842.2375000000011,66.83725150975,775.4002484902511,2020-04-27
BANKNIFTY30APR2019900PE,PE,2020-04-27 09:19:00,2020-04-27 09:29:00,451.77661888122555,433.3139939117432,10,-369.25249938964726,63.35244826464448,-432.6049476542917,2020-04-27
BANKNIFTY30APR2019900PE,PE,2020-04-27 09:30:00,2020-04-27 09:40:00,412.278125,421.693125,10,188.3000000000004,62.57907340899999,125.72092659100042,2020-04-27
BANKNIFTY30APR2019900PE,PE,2020-04-27 10:03:00,2020-04-27 10:13:00,380.8998872375488,355.11,10,-515.7977447509757,60.56970143508441,-576.3674461860601,2020-04-27
BANKNIFTY30APR2019900PE,PE,2020-04-27 10:18:00,2020-04-27 10:28:00,332.83,324.23736282348636,10,-171.8527435302724,59.22156670637335,-231.07431023664574,2020-04-27
BANKNIFTY30APR2019900PE,PE,2020-04-27 10:30:00,2020-04-27 10:40:00,323.5067622375488,329.175,10,113.36475524902426,59.22583964133442,54.13891560768984,2020-04-27
BANKNIFTY30APR2019900PE,PE,2020-04-27 10:41:00,2020-04-27 10:51:00,329.32124999999996,339.64875,10,206.55000000000086,59.552835817,146.99716418300085,2020-04-27
BANKNIFTY30APR2019900PE,PE,2020-04-27 11:35:00,2020-04-27 11:45:00,338.84499999999997,345.5339939117432,10,133.77987823486478,59.81430539631168,73.9655728385531,2020-04-27
BANKNIFTY30APR2019900PE,PE,2020-04-27 12:45:00,2020-04-27 12:51:00,324.86011276245114,325.63388717651367,6,15.475488281250591,59.15652051504224,-43.68103223379165,2020-04-27
BANKNIFTY30APR2019900PE,PE,2020-04-27 13:03:00,2020-04-27 13:13:00,306.7148872375488,307.23,10,10.302255249024483,58.483442701084414,-48.18118745205993,2020-04-27
BANKNIFTY30APR2019900PE,PE,2020-04-27 13:19:00,2020-04-27 13:26:00,308.56948776245116,319.1501371765137,7,211.6129882812504,58.79642416479224,152.81656411645815,2020-04-27
BANKNIFTY30APR2019900PE,PE,2020-04-27 13:55:00,2020-04-27 14:05:00,335.63698776245116,309.5741310882569,10,-521.2571334838856,58.89977701610391,-580.1569104999895,2020-04-27
BANKNIFTY30APR2019900PE,PE,2020-04-27 14:07:00,2020-04-27 14:09:00,310.82511276245117,316.10774391174317,2,105.65262298584003,58.75044519072727,46.902177795112756,2020-04-27
BANKNIFTY30APR2019900PE,PE,2020-04-27 14:32:00,2020-04-27 14:41:00,325.71224388122556,334.1126371765137,9,168.00786590576308,59.37334077470944,108.63452513105364,2020-04-27
BANKNIFTY30APR2020400CE,CE,2020-04-28 09:15:00,2020-04-28 09:25:00,356.0880122375488,387.6783689117432,10,631.8071334838874,61.05362860289609,570.7535048809913,2020-04-28
BANKNIFTY30APR2020400CE,CE,2020-04-28 09:28:00,2020-04-28 09:38:00,380.95,355.1598628234863,10,-515.8027435302733,60.57153685937335,-576.3742803896467,2020-04-28
BANKNIFTY30APR2020400CE,CE,2020-04-28 09:40:00,2020-04-28 09:50:00,347.66698776245113,333.414375,10,-285.05225524902244,59.629113480915585,-344.681368729938,2020-04-28
BANKNIFTY30APR2020400CE,CE,2020-04-28 09:51:00,2020-04-28 10:01:00,340.64948776245114,339.00038108825686,10,-32.98213348388572,59.67780264560392,-92.65993612948964,2020-04-28
BANKNIFTY30APR2020400CE,CE,2020-04-28 10:02:00,2020-04-28 10:12:00,328.82,317.20500000000004,10,-232.29999999999905,59.00069569,-291.30069568999903,2020-04-28
BANKNIFTY30APR2020400CE,CE,2020-04-28 10:13:00,2020-04-28 10:23:00,315.4867622375488,297.80361282348633,10,-353.6629882812497,58.36313729620777,-412.02612557745744,2020-04-28
BANKNIFTY30APR2020400CE,CE,2020-04-28 10:41:00,2020-04-28 10:51:00,323.35636276245117,333.76350608825686,10,208.14286651611383,59.33558012510392,148.8072863910099,2020-04-28
BANKNIFTY30APR2020400CE,CE,2020-04-28 11:20:00,2020-04-28 11:22:00,329.0205122375488,345.135,2,322.28975524902353,59.68254492183441,262.60721032718914,2020-04-28
BANKNIFTY30APR2020400CE,CE,2020-04-28 11:30:00,2020-04-28 11:40:00,345.86249999999995,345.8332621765137,10,-0.5847564697251073,59.908767290876646,-60.493523760601754,2020-04-28
BANKNIFTY30APR2020400CE,CE,2020-04-28 11:43:00,2020-04-28 11:53:00,349.8223872375488,351.12,10,25.952255249023892,60.086555842084415,-34.13430059306052,2020-04-28
BANKNIFTY30APR2020400CE,CE,2020-04-28 11:54:00,2020-04-28 12:04:00,356.89,334.1625,10,-454.5499999999993,59.761893588999996,-514.3118935889993,2020-04-28
BANKNIFTY30APR2020400CE,CE,2020-04-28 12:06:00,2020-04-28 12:16:00,335.085625,318.6513871765137,10,-328.6847564697257,59.113718651876646,-387.79847512160234,2020-04-28
BANKNIFTY30APR2020400CE,CE,2020-04-28 12:18:00,2020-04-28 12:28:00,320.79999999999995,314.5117378234863,10,-125.76524353027253,58.83554858612336,-184.6007921163959,2020-04-28
BANKNIFTY30APR2020400CE,CE,2020-04-28 12:31:00,2020-04-28 12:41:00,311.57698776245115,326.8308689117432,10,305.0776229858411,59.02061118822727,246.05701179761385,2020-04-28
BANKNIFTY30APR2020400CE,CE,2020-04-28 12:59:00,2020-04-28 13:09:00,333.8325,342.0427439117432,10,164.20487823486383,59.66711233281167,104.53776590205216,2020-04-28
BANKNIFTY30APR2020400PE,PE,2020-04-28 10:48:00,2020-04-28 10:58:00,369.2708811187744,349.9728810882568,10,-385.9600006103517,60.30027408910553,-446.2602746994572,2020-04-28
BANKNIFTY30APR2020400PE,PE,2020-04-28 10:59:00,2020-04-28 11:09:00,340.39886276245113,329.3745121765137,10,-220.48701171874882,59.44055319579223,-279.92756491454105,2020-04-28
BANKNIFTY30APR2020400PE,PE,2020-04-28 11:22:00,2020-04-28 11:31:00,327.566875,329.1251371765137,9,31.165243530274438,59.27506801487665,-28.109824484602214,2020-04-28
BANKNIFTY30APR2020400PE,PE,2020-04-28 11:44:00,2020-04-28 11:53:00,318.043125,317.05538108825687,9,-19.75487823486219,58.86316883518833,-78.61804707005052,2020-04-28
BANKNIFTY30APR2020400PE,PE,2020-04-28 12:33:00,2020-04-28 12:35:00,335.8375,350.22225608825687,2,287.69512176513786,59.890976833188326,227.80414493194954,2020-04-28
BANKNIFTY30APR2020400PE,PE,2020-04-28 12:52:00,2020-04-28 13:02:00,316.78999999999996,313.31475608825684,10,-69.50487823486242,58.756615045188326,-128.26149328005073,2020-04-28
BANKNIFTY30APR2020400PE,PE,2020-04-28 13:09:00,2020-04-28 13:19:00,309.32136276245114,252.3675,10,-1139.0772552490228,57.18137100541559,-1196.2586262544382,2020-04-28
BANKNIFTY30APR2020400PE,PE,2020-04-28 13:20:00,2020-04-28 13:30:00,234.48474388122557,244.38750000000002,10,198.05512237548896,56.057528459082796,141.99759391640617,2020-04-28
BANKNIFTY30APR2020400PE,PE,2020-04-28 13:31:00,2020-04-28 13:41:00,245.5623719406128,251.91862804412844,10,127.12512207031295,56.37833662513555,70.74678544517741,2020-04-28
BANKNIFTY30APR2020400PE,PE,2020-04-28 13:43:00,2020-04-28 13:53:00,241.6025,227.6294969558716,10,-279.4600608825681,55.738341651155835,-335.19840253372394,2020-04-28
BANKNIFTY30APR2020400PE,PE,2020-04-28 13:54:00,2020-04-28 14:04:00,231.07625,233.31524391174318,10,44.77987823486387,55.74586556631167,-10.9659873314478,2020-04-28
BANKNIFTY30APR2020400PE,PE,2020-04-28 14:08:00,2020-04-28 14:18:00,223.95849388122556,206.33288108825684,10,-352.5122558593745,55.001129211021116,-407.5133850703956,2020-04-28
BANKNIFTY30APR2020400PE,PE,2020-04-28 14:19:00,2020-04-28 14:29:00,206.515,208.87649391174318,10,47.22987823486392,54.846288041311674,-7.616409806447756,2020-04-28
BANKNIFTY30APR2020400PE,PE,2020-04-28 14:38:00,2020-04-28 14:48:00,227.5675,210.47250000000003,10,-341.8999999999994,55.146656494000005,-397.0466564939994,2020-04-28
BANKNIFTY30APR2020400PE,PE,2020-04-28 15:09:00,2020-04-28 15:19:00,199.4975,182.99137195587159,10,-330.12256088256834,54.12948607590584,-384.2520469584742,2020-04-28
BANKNIFTY30APR2020600CE,CE,2020-04-29 09:39:00,2020-04-29 09:49:00,318.7448872375488,311.81850608825687,10,-138.52762298583912,58.744507595772745,-197.27213058161186,2020-04-29
BANKNIFTY30APR2020600CE,CE,2020-04-29 09:50:00,2020-04-29 10:00:00,321.2511372375488,297.255,10,-479.9227447509759,58.4214073465844,-538.3441520975603,2020-04-29
BANKNIFTY30APR2020600CE,CE,2020-04-29 10:06:00,2020-04-29 10:16:00,285.46187499999996,308.77611282348636,10,466.2847564697279,58.257010808123354,408.0277456616045,2020-04-29
BANKNIFTY30APR2020600CE,CE,2020-04-29 10:18:00,2020-04-29 10:28:00,301.1008811187744,284.9857621765137,10,-322.30237884521443,57.87263659154386,-380.1750154367583,2020-04-29
BANKNIFTY30APR2020600CE,CE,2020-04-29 10:29:00,2020-04-29 10:39:00,290.8252561187744,288.77625,10,-40.98012237548801,57.83717464641721,-98.81729702190522,2020-04-29
BANKNIFTY30APR2020600CE,CE,2020-04-29 11:53:00,2020-04-29 12:03:00,333.58187499999997,335.5589939117432,10,39.54237823486437,59.50629052656168,-19.963912291697305,2020-04-29
BANKNIFTY30APR2020600CE,CE,2020-04-29 12:54:00,2020-04-29 13:04:00,342.5542622375488,348.8257621765137,10,125.42999877929788,59.940455441211064,65.4895433380868,2020-04-29
BANKNIFTY30APR2020600CE,CE,2020-04-29 13:05:00,2020-04-29 13:15:00,345.7622438812256,341.94298782348636,10,-76.3851211547842,59.81289627170615,-136.19801742649037,2020-04-29
BANKNIFTY30APR2020600CE,CE,2020-04-29 14:09:00,2020-04-29 14:19:00,358.04286888122556,422.29163108825685,10,1284.9752441406258,61.91983410377111,1223.0554100368547,2020-04-29
BANKNIFTY30APR2020600CE,CE,2020-04-29 15:14:00,2020-04-29 15:24:00,592.4775,494.80986282348636,10,-1953.3527435302722,66.59626064837335,-2019.9490041786455,2020-04-29
BANKNIFTY30APR2020600PE,PE,2020-04-29 09:33:00,2020-04-29 09:43:00,210.0738780593872,206.98125000000002,10,-61.85256118774362,54.8444029639586,-116.69696415170222,2020-04-29
BANKNIFTY30APR2020600PE,PE,2020-04-29 12:21:00,2020-04-29 12:30:00,164.2596311187744,175.06125,9,216.03237762451215,53.4988157736672,162.53356185084496,2020-04-29
BANKNIFTY30APR2021600CE,CE,2020-04-30 10:57:00,2020-04-30 11:07:00,318.84511276245115,333.414375,10,291.3852447509771,59.271042034665584,232.11420271631152,2020-04-30
BANKNIFTY30APR2021600CE,CE,2020-04-30 11:25:00,2020-04-30 11:35:00,357.9927561187744,324.8358689117432,10,-663.1377441406244,59.54873654597888,-722.6864806866032,2020-04-30
BANKNIFTY30APR2021600CE,CE,2020-04-30 12:47:00,2020-04-30 12:57:00,208.1190061187744,180.49762195587158,10,-552.4276832580563,54.175939241823045,-606.6036224998793,2020-04-30
BANKNIFTY30APR2021600CE,CE,2020-04-30 12:58:00,2020-04-30 13:08:00,170.12424694061278,91.47074695587159,10,-1573.0699996948238,51.53845345494723,-1624.608453149771,2020-04-30
BANKNIFTY30APR2021600CE,CE,2020-04-30 13:09:00,2020-04-30 13:19:00,76.7413780593872,122.64262195587159,10,918.0248779296878,51.13651426386444,866.8883636658234,2020-04-30
BANKNIFTY30APR2021600CE,CE,2020-04-30 13:26:00,2020-04-30 13:30:00,121.65337347030639,160.79699695587158,4,782.8724697113037,52.62253468580153,730.2499350255022,2020-04-30
BANKNIFTY30APR2021600CE,CE,2020-04-30 13:35:00,2020-04-30 13:45:00,106.3151280593872,82.044375,10,-485.4150611877441,50.51643118470861,-535.9314923724527,2020-04-30
BANKNIFTY30APR2021600CE,CE,2020-04-30 13:51:00,2020-04-30 13:59:00,102.4053765296936,103.74000000000001,8,26.692469406128225,50.995573699854305,-24.30310429372608,2020-04-30
BANKNIFTY30APR2021600CE,CE,2020-04-30 14:00:00,2020-04-30 14:02:00,107.4178765296936,137.50538108825685,2,601.750091171265,51.879142618292626,549.8709485529724,2020-04-30
BANKNIFTY30APR2021600CE,CE,2020-04-30 14:10:00,2020-04-30 14:20:00,134.2848719406128,82.99199695587158,10,-1025.8574996948241,50.886965672197235,-1076.7444653670213,2020-04-30
BANKNIFTY30APR2021600CE,CE,2020-04-30 14:27:00,2020-04-30 14:37:00,68.9720030593872,34.9125,10,-681.190061187744,48.90607826220859,-730.0961394499526,2020-04-30
BANKNIFTY30APR2021600CE,CE,2020-04-30 14:38:00,2020-04-30 14:48:00,39.0975,11.171999809741974,10,-558.5100038051604,47.95747495557223,-606.4674787607327,2020-04-30
BANKNIFTY30APR2021600PE,PE,2020-04-30 11:06:00,2020-04-30 11:08:00,49.67387423515319,36.9075,2,-255.32748470306387,48.714851610947846,-304.0423363140117,2020-04-30
BANKNIFTY30APR2021600PE,PE,2020-04-30 12:03:00,2020-04-30 12:05:00,22.2555007648468,22.942500000000003,2,13.739984703064039,48.03453763230215,-34.29455292923811,2020-04-30
BANKNIFTY07MAY2020400CE,CE,2020-05-04 09:18:00,2020-05-04 09:28:00,531.1746005249023,483.83736282348633,10,-946.7447540283194,65.56776724545452,-1012.312521273774,2020-05-04
BANKNIFTY07MAY2020400CE,CE,2020-05-04 09:33:00,2020-05-04 09:43:00,428.61886276245116,420.3963871765137,10,-164.4495117187489,62.75054286654225,-227.20005458529116,2020-05-04
BANKNIFTY07MAY2020400CE,CE,2020-05-04 09:45:00,2020-05-04 09:55:00,411.275625,387.77812500000005,10,-469.9499999999989,61.741683856,-531.6916838559989,2020-05-04
BANKNIFTY07MAY2020400CE,CE,2020-05-04 09:56:00,2020-05-04 10:06:00,387.51636276245114,359.1,10,-568.3272552490223,60.74895304441559,-629.0762082934378,2020-05-04
BANKNIFTY07MAY2020400CE,CE,2020-05-04 10:07:00,2020-05-04 10:17:00,346.51411888122556,376.7557621765137,10,604.8328659057631,60.669009264209436,544.1638566415537,2020-05-04
BANKNIFTY07MAY2020400CE,CE,2020-05-04 10:22:00,2020-05-04 10:32:00,353.43136276245116,370.0226371765137,10,331.8254882812505,60.59117249604224,271.23431578520825,2020-05-04
BANKNIFTY07MAY2020400CE,CE,2020-05-04 10:36:00,2020-05-04 10:46:00,369.92249999999996,382.2420121765137,10,246.3902435302748,61.09327097837666,185.29697255189814,2020-05-04
BANKNIFTY07MAY2020400CE,CE,2020-05-04 10:55:00,2020-05-04 11:05:00,367.3661372375488,359.1,10,-165.32274475097552,60.49861470258441,-225.82135945355992,2020-05-04
BANKNIFTY07MAY2020400CE,CE,2020-05-04 11:12:00,2020-05-04 11:22:00,359.8975,342.44173782348633,10,-349.1152435302729,60.00063843512334,-409.1158819653962,2020-05-04
BANKNIFTY07MAY2020400CE,CE,2020-05-04 11:24:00,2020-05-04 11:28:00,332.4290061187744,338.401875,4,119.45737762451245,59.561116847167206,59.89626077734524,2020-05-04
BANKNIFTY07MAY2020400CE,CE,2020-05-04 11:45:00,2020-05-04 11:52:00,354.78474388122555,353.2646189117432,7,-30.402499389647346,60.200371028644454,-90.6028704182918,2020-05-04
BANKNIFTY07MAY2020400CE,CE,2020-05-04 12:51:00,2020-05-04 13:01:00,347.26599388122554,347.13,10,-2.7198776245109,59.9577450695828,-62.6776226940937,2020-05-04
BANKNIFTY07MAY2020400CE,CE,2020-05-04 14:04:00,2020-05-04 14:14:00,314.3840061187744,316.1576371765137,10,35.472621154785884,58.79587304204385,-23.323251887257967,2020-05-04
BANKNIFTY07MAY2020400CE,CE,2020-05-04 14:17:00,2020-05-04 14:27:00,309.1208811187744,307.03048782348634,10,-41.807865905760764,58.508480952290554,-100.31634685805132,2020-05-04
BANKNIFTY07MAY2020400CE,CE,2020-05-04 14:29:00,2020-05-04 14:39:00,300.75,280.1977439117432,10,-411.04512176513595,57.75181554381168,-468.79693730894763,2020-05-04
BANKNIFTY07MAY2020400CE,CE,2020-05-04 14:46:00,2020-05-04 14:52:00,259.6475,279.94836891174316,6,406.0173782348636,57.23510882706167,348.78226940780195,2020-05-04
BANKNIFTY07MAY2020400CE,CE,2020-05-04 14:57:00,2020-05-04 15:07:00,273.0308811187744,285.23513717651366,10,244.08512115478516,57.52997183729385,186.5551493174913,2020-05-04
BANKNIFTY07MAY2020400PE,PE,2020-05-04 13:24:00,2020-05-04 13:31:00,875.7839755249023,900.5928506469727,7,496.1775024414078,79.98605006032788,416.1914523810799,2020-05-04
BANKNIFTY07MAY2020400PE,PE,2020-05-04 13:36:00,2020-05-04 13:41:00,847.61375,882.9371493530274,5,706.4679870605482,79.2066242305033,627.261362830045,2020-05-04
BANKNIFTY07MAY2020400PE,PE,2020-05-04 14:55:00,2020-05-04 14:56:00,1047.6125,1075.1553506469727,1,550.8570129394548,86.3667673419967,464.49024559745806,2020-05-04
BANKNIFTY07MAY2020400PE,PE,2020-05-04 15:18:00,2020-05-04 15:23:00,1043.5523260498046,1012.4625000000001,5,-621.7965209960903,84.79140954291236,-706.5879305390026,2020-05-04
BANKNIFTY07MAY2020100CE,CE,2020-05-05 09:17:00,2020-05-05 09:20:00,505.51062499999995,534.16125,3,573.012500000001,66.47298638125,506.53951361875096,2020-05-05
BANKNIFTY07MAY2020100CE,CE,2020-05-05 09:51:00,2020-05-05 10:01:00,432.97974388122555,347.7783689117432,10,-1704.027499389647,61.038389080144476,-1765.0658884697914,2020-05-05
BANKNIFTY07MAY2020100CE,CE,2020-05-05 10:07:00,2020-05-05 10:13:00,344.108125,351.66861282348634,6,151.20975646972738,60.028908372623356,91.18084809710402,2020-05-05
BANKNIFTY07MAY2020100CE,CE,2020-05-05 10:35:00,2020-05-05 10:45:00,363.05536888122555,349.9728810882568,10,-261.6497558593744,60.22305505127111,-321.8728109106455,2020-05-05
BANKNIFTY07MAY2020100CE,CE,2020-05-05 11:21:00,2020-05-05 11:31:00,325.8125,312.5666310882568,10,-264.91737823486346,58.850509882938326,-323.7678881178018,2020-05-05
BANKNIFTY07MAY2020100CE,CE,2020-05-05 12:37:00,2020-05-05 12:43:00,269.72261276245115,280.99576217651367,6,225.46298828125032,57.385754372792235,168.07723390845808,2020-05-05
BANKNIFTY07MAY2020100CE,CE,2020-05-05 13:46:00,2020-05-05 13:55:00,361.45136276245114,349.125,9,-246.5272552490228,60.18250400041559,-306.7097592494384,2020-05-05
BANKNIFTY07MAY2020100CE,CE,2020-05-05 14:00:00,2020-05-05 14:10:00,328.7698872375488,271.1204878234863,10,-1152.9879882812497,57.879131868707766,-1210.8671201499576,2020-05-05
BANKNIFTY07MAY2020100CE,CE,2020-05-05 14:12:00,2020-05-05 14:22:00,268.6198872375488,259.39986282348633,10,-184.40048828124986,56.846764534457755,-241.2472528157076,2020-05-05
BANKNIFTY07MAY2020100CE,CE,2020-05-05 14:26:00,2020-05-05 14:36:00,250.52474388122556,199.69949695587158,10,-1016.5049385070796,55.16982989223864,-1071.6747683993183,2020-05-05
BANKNIFTY07MAY2020100CE,CE,2020-05-05 14:44:00,2020-05-05 14:54:00,197.99374999999998,165.98399391174317,10,-640.1951217651362,53.697123426811686,-693.8922451919478,2020-05-05
BANKNIFTY07MAY2020100CE,CE,2020-05-05 14:55:00,2020-05-05 15:05:00,159.89874999999998,148.0788719558716,10,-236.39756088256775,52.78832936040584,-289.1858902429736,2020-05-05
BANKNIFTY07MAY2020100PE,PE,2020-05-05 09:26:00,2020-05-05 09:36:00,606.763125,599.9463871765137,10,-136.33475646972556,69.33103830287665,-205.66579477260223,2020-05-05
BANKNIFTY07MAY2020100PE,PE,2020-05-05 09:38:00,2020-05-05 09:48:00,583.7056249999999,576.3554878234863,10,-147.00274353027226,68.47076554637334,-215.4735090766456,2020-05-05
BANKNIFTY07MAY2020100PE,PE,2020-05-05 09:49:00,2020-05-05 09:53:00,575.2846005249023,621.193125,4,918.1704895019539,69.45675885833117,848.7137306436227,2020-05-05
BANKNIFTY07MAY2020100PE,PE,2020-05-05 10:13:00,2020-05-05 10:23:00,691.7249999999999,627.3277743530274,10,-1287.9445129394503,71.0525845622533,-1358.9970975017036,2020-05-05
BANKNIFTY07MAY2020100PE,PE,2020-05-05 10:25:00,2020-05-05 10:35:00,631.5749999999999,664.335,10,655.2000000000021,71.205453976,583.9945460240021,2020-05-05
BANKNIFTY07MAY2020100PE,PE,2020-05-05 10:52:00,2020-05-05 11:02:00,654.0310244750976,596.1558993530274,10,-1157.5025024414049,69.82607746917212,-1227.328579910577,2020-05-05
BANKNIFTY07MAY2020100PE,PE,2020-05-05 11:04:00,2020-05-05 11:14:00,619.6452255249023,632.0658993530274,10,248.41347656250036,70.27234253333447,178.1411340291659,2020-05-05
BANKNIFTY07MAY2020100PE,PE,2020-05-05 12:44:00,2020-05-05 12:54:00,767.8147744750976,725.5815243530274,10,-844.6650024414043,74.38777839792212,-919.0527808393265,2020-05-05
BANKNIFTY07MAY2020100PE,PE,2020-05-05 12:55:00,2020-05-05 13:05:00,700.6973872375488,605.6820121765137,10,-1900.3075012207023,70.63755105146106,-1970.9450522721634,2020-05-05
BANKNIFTY07MAY2020100PE,PE,2020-05-05 13:06:00,2020-05-05 13:16:00,598.8935244750976,620.445,10,431.02951049804915,69.73186959266883,361.2976409053803,2020-05-05
BANKNIFTY07MAY2020100PE,PE,2020-05-05 13:23:00,2020-05-05 13:33:00,630.0211372375488,612.4151371765137,10,-352.1200012207032,69.92327143121106,-422.04327265191426,2020-05-05
BANKNIFTY07MAY2020100PE,PE,2020-05-05 13:35:00,2020-05-05 13:45:00,577.3397744750977,594.01125,10,333.42951049804697,68.82113046266882,264.60838003537816,2020-05-05
BANKNIFTY07MAY2020100PE,PE,2020-05-05 13:57:00,2020-05-05 13:59:00,584.2569877624511,612.714375,2,569.1477447509783,69.36199448491558,499.7857502660627,2020-05-05
BANKNIFTY07MAY2020100PE,PE,2020-05-05 14:36:00,2020-05-05 14:46:00,927.0117622375487,865.5307621765137,10,-1229.620001220701,79.76964737621107,-1309.389648596912,2020-05-05
BANKNIFTY07MAY2019100CE,CE,2020-05-06 09:15:00,2020-05-06 09:20:00,390.97499999999997,317.6538871765137,5,-1466.4222564697252,59.78380310012665,-1526.2060595698517,2020-05-06
BANKNIFTY07MAY2019100CE,CE,2020-05-06 11:15:00,2020-05-06 11:19:00,707.1635244750976,731.1675,4,480.0795104980489,73.77014256566882,406.30936793238004,2020-05-06
BANKNIFTY07MAY2019100CE,CE,2020-05-06 11:26:00,2020-05-06 11:36:00,654.7828994750976,639.3476371765137,10,-308.70524597167787,70.88599701754548,-379.59124298922336,2020-05-06
BANKNIFTY07MAY2019100CE,CE,2020-05-06 11:37:00,2020-05-06 11:47:00,615.5851127624511,626.3801371765137,10,215.9004882812519,70.08360311154223,145.81688516970968,2020-05-06
BANKNIFTY07MAY2019100CE,CE,2020-05-06 12:28:00,2020-05-06 12:38:00,630.9233505249023,681.8909756469727,9,1019.3525024414089,71.62438267282788,947.728119768581,2020-05-06
BANKNIFTY07MAY2019100CE,CE,2020-05-06 13:50:00,2020-05-06 14:00:00,725.5593749999999,621.7916006469727,10,-2075.3554870605444,71.3382696287467,-2146.693756689291,2020-05-06
BANKNIFTY07MAY2019100CE,CE,2020-05-06 14:03:00,2020-05-06 14:13:00,692.476875,668.0756250000001,10,-488.0249999999978,72.0530599765,-560.0780599764978,2020-05-06
BANKNIFTY07MAY2019100CE,CE,2020-05-06 14:15:00,2020-05-06 14:25:00,651.875625,556.3057621765137,10,-1911.397256469727,68.83000085162666,-1980.2272573213536,2020-05-06
BANKNIFTY07MAY2019100CE,CE,2020-05-06 14:26:00,2020-05-06 14:36:00,575.685625,426.43125000000003,10,-2985.0874999999987,64.72443108325,-3049.8119310832485,2020-05-06
BANKNIFTY07MAY2019100PE,PE,2020-05-06 09:25:00,2020-05-06 09:26:00,402.754375,418.4013871765137,1,312.94024353027453,62.38068723437665,250.5595562958979,2020-05-06
BANKNIFTY07MAY2019100PE,PE,2020-05-06 09:41:00,2020-05-06 09:51:00,417.9923872375488,379.9477439117432,10,-760.8928665161125,61.63466716589608,-822.5275336820085,2020-05-06
BANKNIFTY07MAY2019100PE,PE,2020-05-06 09:54:00,2020-05-06 09:57:00,370.4738627624512,303.04048782348633,3,-1348.667498779297,59.17365469103894,-1407.841153470336,2020-05-06
BANKNIFTY07MAY2019100PE,PE,2020-05-06 09:58:00,2020-05-06 10:08:00,266.414375,268.0282621765137,10,32.27774353027371,57.02923786712665,-24.751494336852943,2020-05-06
BANKNIFTY07MAY2019100PE,PE,2020-05-06 10:13:00,2020-05-06 10:23:00,225.6627561187744,214.51237804412844,10,-223.00756149291942,55.22125709551137,-278.2288185884308,2020-05-06
BANKNIFTY07MAY2019100PE,PE,2020-05-06 12:04:00,2020-05-06 12:12:00,140.35,149.72475608825684,8,187.4951217651369,52.58549733718833,134.9096244279486,2020-05-06
BANKNIFTY07MAY2019100PE,PE,2020-05-06 12:16:00,2020-05-06 12:19:00,142.605625,161.29574695587158,3,373.8024391174315,52.89496847340584,320.9074706440257,2020-05-06
BANKNIFTY07MAY2019100PE,PE,2020-05-06 12:49:00,2020-05-06 12:59:00,139.1971311187744,154.21350608825685,10,300.3274993896491,52.680357114855525,247.6471422747936,2020-05-06
BANKNIFTY07MAY2019100PE,PE,2020-05-06 13:12:00,2020-05-06 13:22:00,146.615625,148.22850608825684,10,32.25762176513683,52.626944769438325,-20.369323004301492,2020-05-06
BANKNIFTY07MAY2019400CE,CE,2020-05-07 09:28:00,2020-05-07 09:35:00,272.2790061187744,286.7313871765137,7,289.0476211547855,57.55702502954385,231.4905961252416,2020-05-07
BANKNIFTY07MAY2019400CE,CE,2020-05-07 09:52:00,2020-05-07 10:02:00,365.86238723754883,365.334375,10,-10.560244750976153,60.63157515783441,-71.19181990881057,2020-05-07
BANKNIFTY07MAY2019400CE,CE,2020-05-07 10:04:00,2020-05-07 10:14:00,306.8652561187744,296.9058689117432,10,-199.18774414062455,58.234190788978886,-257.4219349296034,2020-05-07
BANKNIFTY07MAY2019400CE,CE,2020-05-07 10:25:00,2020-05-07 10:35:00,252.4295030593872,241.29524391174317,10,-222.6851829528806,56.20525216902028,-278.8904351219009,2020-05-07
BANKNIFTY07MAY2019400CE,CE,2020-05-07 10:38:00,2020-05-07 10:48:00,242.00349388122558,177.35550304412843,10,-1292.959816741943,54.52047892042696,-1347.48029566237,2020-05-07
BANKNIFTY07MAY2019400CE,CE,2020-05-07 11:01:00,2020-05-07 11:11:00,212.53,173.11612804412843,10,-788.2774391174314,54.05119516009417,-842.3286342775256,2020-05-07
BANKNIFTY07MAY2019400CE,CE,2020-05-07 11:49:00,2020-05-07 11:51:00,192.8308811187744,172.2682469558716,2,-411.2526832580562,53.78583766632305,-465.03852092437927,2020-05-07
BANKNIFTY07MAY2019400CE,CE,2020-05-07 13:31:00,2020-05-07 13:41:00,153.23213111877442,105.83474847793579,10,-947.9476528167726,51.677976792245126,-999.6256296090177,2020-05-07
BANKNIFTY07MAY2019400CE,CE,2020-05-07 14:14:00,2020-05-07 14:18:00,109.22237194061279,128.77725608825685,4,391.0976829528812,51.68926152622972,339.4084214266515,2020-05-07
BANKNIFTY07MAY2019400CE,CE,2020-05-07 14:44:00,2020-05-07 14:54:00,123.40774847030639,123.39074695587159,10,-0.3400302886959139,51.73447567655153,-52.07450596524745,2020-05-07
BANKNIFTY07MAY2019400CE,CE,2020-05-07 14:57:00,2020-05-07 15:07:00,109.77374999999999,83.041875,10,-534.6374999999998,50.58366251125,-585.2211625112498,2020-05-07
BANKNIFTY07MAY2019400CE,CE,2020-05-07 15:18:00,2020-05-07 15:24:00,89.3728765296936,89.775,6,8.042469406128134,50.49398405885431,-42.451514652726175,2020-05-07
BANKNIFTY07MAY2019400PE,PE,2020-05-07 09:35:00,2020-05-07 09:37:00,123.00674694061279,119.99925304412842,2,-60.14987792968725,51.64700045263557,-111.79687838232282,2020-05-07
BANKNIFTY07MAY2019400PE,PE,2020-05-07 12:37:00,2020-05-07 12:47:00,88.3703765296936,57.605625,10,-615.295030593872,49.6990543901043,-664.9940849839762,2020-05-07
BANKNIFTY07MAY2019400PE,PE,2020-05-07 13:12:00,2020-05-07 13:22:00,46.21524847030639,38.75287347793579,10,-149.24749984741197,48.71676915422361,-197.96426900163559,2020-05-07
BANKNIFTY07MAY2019400PE,PE,2020-05-07 14:21:00,2020-05-07 14:25:00,31.4784996175766,39.9498742389679,4,169.42749242782605,48.562801048887884,120.86469137893818,2020-05-07
BANKNIFTY07MAY2019400PE,PE,2020-05-07 14:27:00,2020-05-07 14:37:00,26.5161257648468,13.067250380516054,10,-268.97750768661496,47.84726831140767,-316.82477599802263,2020-05-07
BANKNIFTY07MAY2019400PE,PE,2020-05-07 14:39:00,2020-05-07 14:49:00,10.8771253824234,15.461250000000001,10,91.682492351532,47.711206315401085,43.97128603613092,2020-05-07
BANKNIFTY14MAY2019800CE,CE,2020-05-08 09:18:00,2020-05-08 09:28:00,574.3322744750976,583.9863871765137,10,193.0822540283225,68.53992573229547,124.54232829602702,2020-05-08
BANKNIFTY14MAY2019800CE,CE,2020-05-08 10:02:00,2020-05-08 10:12:00,507.1146311187744,519.7972256469727,10,253.65189056396616,66.14352912891391,187.50836143505225,2020-05-08
BANKNIFTY14MAY2019800CE,CE,2020-05-08 10:15:00,2020-05-08 10:25:00,535.1344877624512,516.705,10,-368.58975524902235,66.41642256016559,-435.00617780918793,2020-05-08
BANKNIFTY14MAY2019800CE,CE,2020-05-08 10:32:00,2020-05-08 10:42:00,529.0192622375488,530.8196493530273,10,36.00774230957086,66.6837685293377,-30.67602621976684,2020-05-08
BANKNIFTY14MAY2019800CE,CE,2020-05-08 10:43:00,2020-05-08 10:53:00,531.0743749999999,513.7125,10,-347.2374999999988,66.29319297025,-413.5306929702488,2020-05-08
BANKNIFTY14MAY2019800CE,CE,2020-05-08 11:00:00,2020-05-08 11:10:00,507.81636276245115,488.62538108825686,10,-383.8196334838858,65.39403568385391,-449.21366916773974,2020-05-08
BANKNIFTY14MAY2019800CE,CE,2020-05-08 11:17:00,2020-05-08 11:27:00,502.6033811187744,494.76000000000005,10,-156.86762237548692,65.4784877016672,-222.34611007715412,2020-05-08
BANKNIFTY14MAY2019800CE,CE,2020-05-08 11:28:00,2020-05-08 11:38:00,490.5232377624512,489.024375,10,-29.977255249023074,65.18889778441559,-95.16615303343866,2020-05-08
BANKNIFTY14MAY2019800CE,CE,2020-05-08 11:39:00,2020-05-08 11:49:00,489.0696311187744,481.044375,10,-160.50512237548787,64.9767364289172,-225.48185880440508,2020-05-08
BANKNIFTY14MAY2019800CE,CE,2020-05-08 11:52:00,2020-05-08 12:02:00,480.949375,452.3163871765137,10,-572.6597564697261,64.17708553037664,-636.8368420001027,2020-05-08
BANKNIFTY14MAY2019800CE,CE,2020-05-08 12:03:00,2020-05-08 12:13:00,438.59375,453.26399391174317,10,293.4048782348634,63.67392539481168,229.73095284005174,2020-05-08
BANKNIFTY14MAY2019800CE,CE,2020-05-08 12:14:00,2020-05-08 12:24:00,450.02224388122556,421.3439939117432,10,-573.564999389647,63.03949911939447,-636.6044985090415,2020-05-08
BANKNIFTY14MAY2019800CE,CE,2020-05-08 12:25:00,2020-05-08 12:35:00,421.55125,420.5958689117432,10,-19.10762176513572,62.66758978656167,-81.7752115516974,2020-05-08
BANKNIFTY14MAY2019800CE,CE,2020-05-08 12:36:00,2020-05-08 12:46:00,432.62886276245115,415.3589939117432,10,-345.397377014159,62.677833963727274,-408.0752109778863,2020-05-08
BANKNIFTY14MAY2019800CE,CE,2020-05-08 12:48:00,2020-05-08 12:57:00,414.53375,436.1070121765137,9,431.46524353027417,62.95769401787665,368.50754951239753,2020-05-08
BANKNIFTY14MAY2019800CE,CE,2020-05-08 13:23:00,2020-05-08 13:33:00,425.56125,421.19437500000004,10,-87.33749999999873,62.73196624525,-150.06946624524872,2020-05-08
BANKNIFTY14MAY2019800CE,CE,2020-05-08 13:41:00,2020-05-08 13:51:00,409.6215061187744,376.0575,10,-671.2801223754877,61.4360459504172,-732.716168325905,2020-05-08
BANKNIFTY14MAY2019800CE,CE,2020-05-08 13:52:00,2020-05-08 14:00:00,391.02511276245116,365.13486282348634,8,-517.8049987792963,60.93933394028895,-578.7443327195853,2020-05-08
BANKNIFTY14MAY2019800CE,CE,2020-05-08 14:17:00,2020-05-08 14:24:00,357.04036888122556,362.7907621765137,7,115.0078659057624,60.46010410970944,54.54776179605296,2020-05-08
BANKNIFTY14MAY2019800CE,CE,2020-05-08 14:29:00,2020-05-08 14:39:00,357.59176223754883,325.3346189117432,10,-645.1428665161131,59.5558861538961,-704.6987526700093,2020-05-08
BANKNIFTY14MAY2019800CE,CE,2020-05-08 14:40:00,2020-05-08 14:50:00,317.79249999999996,284.536875,10,-665.112499999999,58.06908803575,-723.1815880357491,2020-05-08
BANKNIFTY14MAY2019800CE,CE,2020-05-08 14:51:00,2020-05-08 15:01:00,273.6825,296.2575,10,451.4999999999998,57.80617083399999,393.6938291659998,2020-05-08
BANKNIFTY14MAY2019800CE,CE,2020-05-08 15:03:00,2020-05-08 15:13:00,291.6272438812256,284.2875,10,-146.79487762451117,57.73795566208279,-204.53283328659396,2020-05-08
BANKNIFTY14MAY2019800CE,CE,2020-05-08 15:14:00,2020-05-08 15:24:00,289.0207377624512,304.2375,10,304.3352447509767,58.19082929266559,246.1444154583111,2020-05-08
BANKNIFTY14MAY2019800PE,PE,2020-05-08 09:25:00,2020-05-08 09:35:00,472.17749999999995,478.8,10,132.45000000000118,64.712284069,67.73771593100118,2020-05-08
BANKNIFTY14MAY2019800PE,PE,2020-05-08 09:36:00,2020-05-08 09:46:00,486.2125,473.8125,10,-247.99999999999955,64.76533534000001,-312.7653353399995,2020-05-08
BANKNIFTY14MAY2019800PE,PE,2020-05-08 10:16:00,2020-05-08 10:26:00,491.97687499999995,486.7301371765137,10,-104.93475646972456,65.15115306887664,-170.0859095386012,2020-05-08
BANKNIFTY14MAY2019800PE,PE,2020-05-08 10:27:00,2020-05-08 10:37:00,492.22749999999996,461.9921189117432,10,-604.7076217651352,64.55254907256167,-669.2601708376968,2020-05-08
BANKNIFTY14MAY2019800PE,PE,2020-05-08 10:38:00,2020-05-08 10:43:00,470.17249999999996,475.7077439117432,5,110.70487823486474,64.61215995081167,46.09271828405306,2020-05-08
BANKNIFTY14MAY2019800PE,PE,2020-05-08 11:21:00,2020-05-08 11:25:00,486.9142622375488,491.76750000000004,4,97.0647552490243,65.21078399133441,31.853971257689892,2020-05-08
BANKNIFTY14MAY2019800PE,PE,2020-05-08 14:56:00,2020-05-08 15:04:00,758.5917622375488,788.0748628234863,8,589.6620117187513,75.79325835070776,513.8687533680435,2020-05-08
BANKNIFTY14MAY2019600CE,CE,2020-05-11 09:27:00,2020-05-11 09:30:00,399.54636276245117,418.6008689117432,3,381.0901229858405,62.34568428747727,318.7444386983632,2020-05-11
BANKNIFTY14MAY2019600CE,CE,2020-05-11 09:52:00,2020-05-11 10:02:00,410.57386276245114,405.33413108825687,10,-104.79463348388549,62.15999071235392,-166.95462419623942,2020-05-11
BANKNIFTY14MAY2019600CE,CE,2020-05-11 10:07:00,2020-05-11 10:17:00,376.689375,355.85812500000003,10,-416.6249999999991,60.53558880849999,-477.1605888084991,2020-05-11
BANKNIFTY14MAY2019600CE,CE,2020-05-11 10:18:00,2020-05-11 10:28:00,357.19073776245114,353.364375,10,-76.5272552490228,60.23268856141558,-136.7599438104384,2020-05-11
BANKNIFTY14MAY2019600CE,CE,2020-05-11 10:32:00,2020-05-11 10:42:00,340.098125,321.0952439117432,10,-380.057621765136,59.235435340561686,-439.2930571056977,2020-05-11
BANKNIFTY14MAY2019600CE,CE,2020-05-11 10:48:00,2020-05-11 10:58:00,308.8201127624512,325.53413108825686,10,334.28036651611365,58.954819543853915,275.32554697225976,2020-05-11
BANKNIFTY14MAY2019600CE,CE,2020-05-11 11:12:00,2020-05-11 11:22:00,317.79249999999996,329.175,10,227.650000000001,59.154847933000006,168.495152067001,2020-05-11
BANKNIFTY14MAY2019600CE,CE,2020-05-11 11:26:00,2020-05-11 11:36:00,300.5996311187744,273.81375,10,-535.717622375488,57.59466570666721,-593.3122880821552,2020-05-11
BANKNIFTY14MAY2019600CE,CE,2020-05-11 11:37:00,2020-05-11 11:47:00,272.57974388122557,275.060625,10,49.61762237548896,57.27688632433279,-7.659263948843829,2020-05-11
BANKNIFTY14MAY2019600CE,CE,2020-05-11 12:32:00,2020-05-11 12:42:00,269.2715061187744,282.7413871765137,10,269.39762115478516,57.42260988854385,211.9750112662413,2020-05-11
BANKNIFTY14MAY2019600CE,CE,2020-05-11 13:03:00,2020-05-11 13:13:00,304.76,324.0877439117432,10,386.55487823486396,58.869196983811676,327.6856812510523,2020-05-11
BANKNIFTY14MAY2019600CE,CE,2020-05-11 13:31:00,2020-05-11 13:41:00,287.51698776245115,297.75375,10,204.73524475097747,58.01443916266558,146.7208055883119,2020-05-11
BANKNIFTY14MAY2019600CE,CE,2020-05-11 13:46:00,2020-05-11 13:56:00,273.23136276245117,257.355,10,-317.527255249023,56.854317236415596,-374.3815724854386,2020-05-11
BANKNIFTY14MAY2019600CE,CE,2020-05-11 14:14:00,2020-05-11 14:24:00,221.0011219406128,218.30288108825684,10,-53.96481704711903,55.25554149697972,-109.22035854409874,2020-05-11
BANKNIFTY14MAY2019600CE,CE,2020-05-11 14:34:00,2020-05-11 14:44:00,192.37974388122558,173.61487804412843,10,-375.29731674194295,53.81298783367696,-429.1103045756199,2020-05-11
BANKNIFTY14MAY2019600CE,CE,2020-05-11 14:51:00,2020-05-11 14:54:00,170.7257530593872,184.786875,3,281.2224388122564,53.81571049845861,227.40672831379783,2020-05-11
BANKNIFTY14MAY2019600CE,CE,2020-05-11 15:00:00,2020-05-11 15:10:00,167.7182530593872,176.70711891174318,10,179.7773170471197,53.581817766270284,126.19549928084942,2020-05-11
BANKNIFTY14MAY2019600CE,CE,2020-05-11 15:15:00,2020-05-11 15:24:00,183.9086219406128,180.5475,9,-67.22243881225552,53.8763723265414,-121.09881113879692,2020-05-11
BANKNIFTY14MAY2019600PE,PE,2020-05-11 09:16:00,2020-05-11 09:21:00,440.9997438812256,423.3888871765137,5,-352.2171340942373,62.97714635420944,-415.1942804484467,2020-05-11
BANKNIFTY14MAY2019600PE,PE,2020-05-11 09:35:00,2020-05-11 09:45:00,408.16786888122556,401.04486282348637,10,-142.4601211547838,62.025769161206156,-204.48589031598993,2020-05-11
BANKNIFTY14MAY2018600CE,CE,2020-05-12 09:20:00,2020-05-12 09:25:00,321.2511372375488,331.6188871765137,5,207.35499877929783,59.25726079271105,148.09773798658676,2020-05-12
BANKNIFTY14MAY2018600CE,CE,2020-05-12 12:19:00,2020-05-12 12:21:00,228.7704969406128,232.86637195587159,2,81.91750030517596,55.70630163069723,26.21119867447873,2020-05-12
BANKNIFTY14MAY2018600CE,CE,2020-05-12 12:40:00,2020-05-12 12:50:00,239.7979969406128,237.405,10,-47.85993881225579,55.95369865279139,-103.81363746504718,2020-05-12
BANKNIFTY14MAY2018600CE,CE,2020-05-12 12:51:00,2020-05-12 13:00:00,254.635,326.8308689117432,9,1443.9173782348644,58.31318670906167,1385.6041915258027,2020-05-12
BANKNIFTY14MAY2018600PE,PE,2020-05-12 09:49:00,2020-05-12 09:59:00,471.3755122375488,501.493125,10,602.3522552490249,65.2542989890844,537.0979562599405,2020-05-12
BANKNIFTY14MAY2018600PE,PE,2020-05-12 10:01:00,2020-05-12 10:08:00,528.6683505249023,538.65,7,199.63298950195394,66.86987125958117,132.76311824237277,2020-05-12
BANKNIFTY14MAY2018600PE,PE,2020-05-12 10:18:00,2020-05-12 10:28:00,470.17249999999996,466.9796189117432,10,-63.85762176513481,64.39986052956166,-128.25748229469647,2020-05-12
BANKNIFTY14MAY2018600PE,PE,2020-05-12 10:30:00,2020-05-12 10:34:00,450.4733811187744,481.8423628234863,4,627.3796340942386,64.51664199404055,562.862992100198,2020-05-12
BANKNIFTY14MAY2018600PE,PE,2020-05-12 11:08:00,2020-05-12 11:18:00,484.6586372375488,485.4333689117432,10,15.494633483887128,65.02869213764609,-49.53405865375896,2020-05-12
BANKNIFTY14MAY2018600PE,PE,2020-05-12 11:20:00,2020-05-12 11:30:00,496.5883811187744,513.7125,10,342.4823776245114,65.86475277666722,276.6176248478442,2020-05-12
BANKNIFTY14MAY2018600PE,PE,2020-05-12 11:48:00,2020-05-12 11:58:00,577.7908505249023,547.0788871765137,10,-614.2392669677724,67.68517043070783,-681.9244373984802,2020-05-12
BANKNIFTY14MAY2018600PE,PE,2020-05-12 12:02:00,2020-05-12 12:12:00,527.9666494750976,498.75,10,-584.3329895019519,65.89064196641881,-650.2236314683707,2020-05-12
BANKNIFTY14MAY2018600PE,PE,2020-05-12 12:14:00,2020-05-12 12:24:00,500.8490061187744,532.6650000000001,10,636.3198776245133,66.3786781064172,569.9411995180961,2020-05-12
BANKNIFTY14MAY2018600PE,PE,2020-05-12 12:29:00,2020-05-12 12:39:00,515.1346005249023,511.0691006469727,10,-81.30999755859307,66.03086659957788,-147.34086415817094,2020-05-12
BANKNIFTY14MAY2018600PE,PE,2020-05-12 13:00:00,2020-05-12 13:10:00,442.75411888122557,430.77038108825684,10,-239.6747558593745,63.178486512771116,-302.8532423721456,2020-05-12
BANKNIFTY14MAY2018600PE,PE,2020-05-12 13:43:00,2020-05-12 13:53:00,497.3903688812256,477.0045121765137,10,-407.71713409423796,64.98184593920945,-472.6989800334474,2020-05-12
BANKNIFTY14MAY2018600PE,PE,2020-05-12 14:04:00,2020-05-12 14:14:00,434.1326127624512,419.09961891174316,10,-300.6598770141602,62.78750141847726,-363.4473784326375,2020-05-12
BANKNIFTY14MAY2018600PE,PE,2020-05-12 14:15:00,2020-05-12 14:25:00,379.84724388122555,306.3821189117432,10,-1469.3024993896472,59.37138632664447,-1528.6738857162916,2020-05-12
BANKNIFTY14MAY2018600PE,PE,2020-05-12 14:30:00,2020-05-12 14:40:00,282.00323776245114,284.536875,10,50.67274475097747,57.6244565574156,-6.9517118064381265,2020-05-12
BANKNIFTY14MAY2018600PE,PE,2020-05-12 14:54:00,2020-05-12 14:56:00,217.39213111877442,231.86887195587158,2,289.53481674194336,55.54067857407304,233.99413816787032,2020-05-12
BANKNIFTY14MAY2020000CE,CE,2020-05-13 09:24:00,2020-05-13 09:30:00,313.28125,351.9179878234863,6,772.7347564697266,59.65199330612336,713.0827631636032,2020-05-13
BANKNIFTY14MAY2020000CE,CE,2020-05-13 09:35:00,2020-05-13 09:45:00,325.8125,208.07850608825686,10,-2354.679878234863,56.30898252568832,-2410.9888607605512,2020-05-13
BANKNIFTY14MAY2020000CE,CE,2020-05-13 09:54:00,2020-05-13 10:04:00,251.2265061187744,255.5595121765137,10,86.66012115478566,56.53726497179385,30.122856182991804,2020-05-13
BANKNIFTY14MAY2020000CE,CE,2020-05-13 10:15:00,2020-05-13 10:24:00,235.6376280593872,274.66163108825685,9,780.4800605773931,56.808227285896926,723.6718332914962,2020-05-13
BANKNIFTY14MAY2020000CE,CE,2020-05-13 12:47:00,2020-05-13 12:57:00,230.77549694061278,227.08086891174318,10,-73.89256057739203,55.59048668685307,-129.4830472642451,2020-05-13
BANKNIFTY14MAY2020000CE,CE,2020-05-13 13:11:00,2020-05-13 13:21:00,191.87849388122558,214.76175304412843,10,457.6651832580569,54.80760063292695,402.85758262512996,2020-05-13
BANKNIFTY14MAY2020000CE,CE,2020-05-13 14:06:00,2020-05-13 14:16:00,273.3817622375488,235.8588719558716,10,-750.4578056335441,56.333322519240255,-806.7911281527844,2020-05-13
BANKNIFTY14MAY2020000CE,CE,2020-05-13 15:11:00,2020-05-13 15:20:00,222.75549694061277,238.15312500000002,9,307.9525611877449,55.76016654304141,252.19239464470348,2020-05-13
BANKNIFTY14MAY2020000PE,PE,2020-05-13 10:37:00,2020-05-13 10:45:00,507.2148872375488,484.53562500000004,8,-453.5852447509751,65.28708560133441,-518.8723303523095,2020-05-13
BANKNIFTY14MAY2020000PE,PE,2020-05-13 11:04:00,2020-05-13 11:14:00,505.26,482.79,10,-449.3999999999994,65.22033898000001,-514.6203389799994,2020-05-13
BANKNIFTY14MAY2020000PE,PE,2020-05-13 13:44:00,2020-05-13 13:54:00,570.5728994750976,520.3458993530273,10,-1004.5400024414062,66.94525499142212,-1071.4852574328283,2020-05-13
BANKNIFTY14MAY2019200CE,CE,2020-05-14 09:20:00,2020-05-14 09:23:00,150.7759938812256,194.96137195587158,3,883.7075614929199,53.81534306448863,829.8922184284313,2020-05-14
BANKNIFTY14MAY2019200CE,CE,2020-05-14 10:25:00,2020-05-14 10:31:00,111.97924694061278,110.77237804412843,6,-24.137377929687034,51.28556838688556,-75.42294631657259,2020-05-14
BANKNIFTY14MAY2019200CE,CE,2020-05-14 11:01:00,2020-05-14 11:11:00,100.1998719406128,91.96949695587159,10,-164.60749969482407,50.681872385197224,-215.28937208002128,2020-05-14
BANKNIFTY14MAY2019200CE,CE,2020-05-14 12:15:00,2020-05-14 12:21:00,100.4003765296936,117.0566234779358,6,333.124938964844,51.294572604682216,281.83036636016175,2020-05-14
BANKNIFTY14MAY2019200CE,CE,2020-05-14 12:55:00,2020-05-14 13:04:00,126.315,151.62,9,506.10000000000014,52.457231266,453.64276873400013,2020-05-14
BANKNIFTY14MAY2019200CE,CE,2020-05-14 13:16:00,2020-05-14 13:26:00,123.15712347030639,82.24387195587158,10,-818.2650302886962,50.73052188305154,-868.9955521717477,2020-05-14
BANKNIFTY14MAY2019200CE,CE,2020-05-14 13:27:00,2020-05-14 13:33:00,67.418125,69.52574695587158,6,42.152439117431584,49.72869227640583,-7.576253158974247,2020-05-14
BANKNIFTY14MAY2019200CE,CE,2020-05-14 13:34:00,2020-05-14 13:44:00,63.0572515296936,59.45099847793579,10,-72.12506103515622,49.42946037668223,-121.55452141183845,2020-05-14
BANKNIFTY14MAY2019200CE,CE,2020-05-14 13:48:00,2020-05-14 13:54:00,48.5711257648468,60.997126522064214,6,248.52001514434832,49.28709794472424,199.23291719962407,2020-05-14
BANKNIFTY14MAY2019200CE,CE,2020-05-14 13:56:00,2020-05-14 14:06:00,59.5485015296936,35.01224847793579,10,-490.7250610351562,48.79143069068221,-539.5164917258385,2020-05-14
BANKNIFTY14MAY2019200CE,CE,2020-05-14 14:07:00,2020-05-14 14:17:00,38.095,28.229249238967896,10,-197.31501522064207,48.35991400878896,-245.67492922943103,2020-05-14
BANKNIFTY14MAY2019200CE,CE,2020-05-14 14:26:00,2020-05-14 14:35:00,23.9597496175766,17.705625,9,-125.08249235153194,47.928330885598925,-173.01082323713086,2020-05-14
BANKNIFTY14MAY2019200CE,CE,2020-05-14 14:50:00,2020-05-14 14:51:00,11.8796253824234,9.47625,1,-48.067507648468,47.578084228401075,-95.64559187686908,2020-05-14
BANKNIFTY14MAY2019200PE,PE,2020-05-14 09:25:00,2020-05-14 09:30:00,145.2121311187744,107.73,5,-749.6426223754881,51.62443886016722,-801.2670612356553,2020-05-14
BANKNIFTY14MAY2019200PE,PE,2020-05-14 12:32:00,2020-05-14 12:42:00,67.21762805938721,63.24150152206421,10,-79.52253074645995,49.573345910380674,-129.09587665684063,2020-05-14
BANKNIFTY21MAY2018900CE,CE,2020-05-15 09:20:00,2020-05-15 09:25:00,501.65099388122553,513.8621493530273,5,244.22310943603634,65.93128866358609,178.29182077245025,2020-05-15
BANKNIFTY21MAY2018900CE,CE,2020-05-15 09:40:00,2020-05-15 09:43:00,484.0571311187744,497.9520121765137,3,277.8976211547854,65.32571773754385,212.57190341724151,2020-05-15
BANKNIFTY21MAY2018900CE,CE,2020-05-15 09:54:00,2020-05-15 10:04:00,463.8567622375488,452.7652439117432,10,-221.83036651611246,63.97565155814608,-285.80601807425853,2020-05-15
BANKNIFTY21MAY2018900CE,CE,2020-05-15 10:10:00,2020-05-15 10:20:00,437.24036888122555,464.83500000000004,10,551.8926223754897,63.93856005283279,487.95406232265697,2020-05-15
BANKNIFTY21MAY2018900CE,CE,2020-05-15 10:27:00,2020-05-15 10:32:00,448.76911888122555,454.8101371765137,5,120.82036590576308,63.83794787795944,56.98241802780365,2020-05-15
BANKNIFTY21MAY2018900PE,PE,2020-05-15 09:28:00,2020-05-15 09:32:00,516.8889755249023,523.7373628234864,4,136.96774597168087,66.36079999470454,70.60694597697633,2020-05-15
BANKNIFTY21MAY2018900PE,PE,2020-05-15 09:34:00,2020-05-15 09:36:00,519.5957377624511,540.2958993530274,2,414.00323181152544,66.7971909451689,347.20604086635655,2020-05-15
BANKNIFTY21MAY2018900PE,PE,2020-05-15 09:44:00,2020-05-15 09:53:00,536.3375,550.2209756469726,9,277.6695129394534,67.2465974882467,210.42291545120668,2020-05-15
BANKNIFTY21MAY2018900PE,PE,2020-05-15 10:20:00,2020-05-15 10:24:00,583.8560244750976,581.9415243530274,4,-38.290002441403885,68.60850656742211,-106.898509008826,2020-05-15
BANKNIFTY21MAY2018900PE,PE,2020-05-15 11:01:00,2020-05-15 11:09:00,621.55,625.2329878234864,8,73.65975646972856,70.12980568262336,3.529950787105207,2020-05-15
BANKNIFTY21MAY2018900PE,PE,2020-05-15 11:15:00,2020-05-15 11:26:00,615.785625,619.2479878234864,10,69.24725646972774,69.91261464737336,-0.665358177645615,2020-05-15
BANKNIFTY21MAY2018900PE,PE,2020-05-15 11:35:00,2020-05-15 11:46:00,605.4097744750976,591.3179878234863,10,-281.835733032226,69.10435108279218,-350.9400841150182,2020-05-15
BANKNIFTY21MAY2018900PE,PE,2020-05-15 11:47:00,2020-05-15 11:57:00,589.4699999999999,594.9090243530273,10,108.7804870605487,68.9936686367533,39.786818423795395,2020-05-15
BANKNIFTY21MAY2018900PE,PE,2020-05-15 12:04:00,2020-05-15 12:14:00,616.5375,615.0584756469727,10,-29.580487060545693,69.82005162324671,-99.4005386837924,2020-05-15
BANKNIFTY21MAY2018900PE,PE,2020-05-15 12:16:00,2020-05-15 12:26:00,602.3019877624512,576.1559756469727,10,-522.9202423095694,68.6969464644123,-591.6171887739818,2020-05-15
BANKNIFTY21MAY2018900PE,PE,2020-05-15 12:27:00,2020-05-15 12:37:00,586.4123872375488,571.5176371765137,10,-297.89500122070194,68.38671933371106,-366.281720554413,2020-05-15
BANKNIFTY21MAY2018900PE,PE,2020-05-15 12:40:00,2020-05-15 12:50:00,565.0089755249023,558.6,10,-128.17951049804606,67.80660846833118,-195.98611896637723,2020-05-15
BANKNIFTY21MAY2018900PE,PE,2020-05-15 12:54:00,2020-05-15 13:04:00,561.4,603.736875,10,846.7375000000015,68.85966329275001,777.8778367072515,2020-05-15
BANKNIFTY21MAY2018900PE,PE,2020-05-15 13:10:00,2020-05-15 13:20:00,592.226875,633.1132621765137,10,817.7277435302744,69.95718354812665,747.7705599821478,2020-05-15
BANKNIFTY21MAY2018900PE,PE,2020-05-15 13:26:00,2020-05-15 13:36:00,597.6403994750976,595.2581250000001,10,-47.64548950195149,69.10366579616883,-116.74915529812031,2020-05-15
BANKNIFTY21MAY2018900PE,PE,2020-05-15 13:37:00,2020-05-15 13:47:00,602.753125,613.3128506469727,10,211.1945129394553,69.60634017774672,141.5881727617086,2020-05-15
BANKNIFTY21MAY2018900PE,PE,2020-05-15 13:48:00,2020-05-15 13:58:00,605.3094877624511,589.6222256469727,10,-313.7452423095692,69.0618581199123,-382.8071004294815,2020-05-15
BANKNIFTY21MAY2018900PE,PE,2020-05-15 13:59:00,2020-05-15 14:09:00,598.3922744750977,596.754375,10,-32.75798950195394,69.14940097691883,-101.90739047887277,2020-05-15
BANKNIFTY21MAY2018900PE,PE,2020-05-15 14:11:00,2020-05-15 14:21:00,569.92125,538.6998628234863,10,-624.4277435302729,67.38359362487336,-691.8113371551462,2020-05-15
BANKNIFTY21MAY2018900PE,PE,2020-05-15 14:26:00,2020-05-15 14:36:00,517.039375,572.3654878234863,10,1106.5222564697274,67.54547955887335,1038.976776910854,2020-05-15
BANKNIFTY21MAY2018900PE,PE,2020-05-15 14:37:00,2020-05-15 14:47:00,565.7608505249024,554.1611128234864,10,-231.99475402831922,67.70797974645453,-299.7027337747737,2020-05-15
BANKNIFTY21MAY2018900PE,PE,2020-05-15 14:49:00,2020-05-15 14:59:00,549.9213627624512,543.9866006469726,10,-118.6952423095704,67.2637155219123,-185.9589578314827,2020-05-15
BANKNIFTY21MAY2018900PE,PE,2020-05-15 15:00:00,2020-05-15 15:10:00,549.7208505249023,570.6697256469727,10,418.9775024414075,67.91025409732788,351.06724834407964,2020-05-15
BANKNIFTY21MAY2018900PE,PE,2020-05-15 15:18:00,2020-05-15 15:24:00,583.4048872375488,574.7096493530274,6,-173.90475769042723,68.4269965840877,-242.33175427451494,2020-05-15
BANKNIFTY21MAY2018500CE,CE,2020-05-18 09:21:00,2020-05-18 09:31:00,402.3533811187744,357.1548628234863,10,-903.9703659057614,60.885969487040555,-964.856335392802,2020-05-18
BANKNIFTY21MAY2018500CE,CE,2020-05-18 09:33:00,2020-05-18 09:43:00,345.51161888122556,285.38475608825684,10,-1202.5372558593745,58.43408280152112,-1260.9713386608955,2020-05-18
BANKNIFTY21MAY2018500CE,CE,2020-05-18 09:45:00,2020-05-18 09:49:00,244.7102561187744,262.9908689117432,4,365.61225585937564,56.63706703697888,308.9751888223968,2020-05-18
BANKNIFTY21MAY2018500CE,CE,2020-05-18 10:16:00,2020-05-18 10:26:00,242.9558811187744,241.49475608825685,10,-29.22250061035129,56.09240853385553,-85.31490914420682,2020-05-18
BANKNIFTY21MAY2018500CE,CE,2020-05-18 10:30:00,2020-05-18 10:40:00,227.21661888122557,237.15562500000001,10,198.78012237548887,55.791326946582785,142.9887954289061,2020-05-18
BANKNIFTY21MAY2018500CE,CE,2020-05-18 10:45:00,2020-05-18 10:47:00,212.47987194061278,202.9413719558716,2,-190.76999969482358,54.77602969194723,-245.5460293867708,2020-05-18
BANKNIFTY21MAY2018500CE,CE,2020-05-18 11:10:00,2020-05-18 11:13:00,187.6679969406128,196.15836891174317,3,169.80743942260744,54.302789828853065,115.50464959375438,2020-05-18
BANKNIFTY21MAY2018500CE,CE,2020-05-18 12:40:00,2020-05-18 12:50:00,208.92099388122557,202.79175304412843,10,-122.58481674194286,54.72817634392696,-177.31299308586983,2020-05-18
BANKNIFTY21MAY2018500CE,CE,2020-05-18 15:12:00,2020-05-18 15:20:00,176.6404969406128,180.99637195587158,8,87.11750030517578,53.79699423069723,33.32050607447855,2020-05-18
BANKNIFTY21MAY2018500PE,PE,2020-05-18 09:37:00,2020-05-18 09:47:00,664.6574999999999,897.4507621765138,10,4655.865243530277,77.28667227587664,4578.578571254401,2020-05-18
BANKNIFTY21MAY2018500PE,PE,2020-05-18 13:12:00,2020-05-18 13:22:00,1044.3042010498045,1046.7266006469727,10,48.44799194336247,85.63417681565905,-37.18618487229658,2020-05-18
BANKNIFTY21MAY2018500PE,PE,2020-05-18 13:25:00,2020-05-18 13:35:00,1037.5874999999999,1072.5119512939455,10,698.4890258789119,86.17792376349341,612.3111021154185,2020-05-18
BANKNIFTY21MAY2018500PE,PE,2020-05-18 13:39:00,2020-05-18 13:49:00,1074.5296005249022,967.5251371765137,10,-2140.0892669677705,84.08322037170782,-2224.1724873394783,2020-05-18
BANKNIFTY21MAY2018500PE,PE,2020-05-18 13:50:00,2020-05-18 14:00:00,950.8211372375488,972.4128506469727,10,431.8342681884792,82.66520269458114,349.1690654938981,2020-05-18
BANKNIFTY21MAY2018500PE,PE,2020-05-18 14:07:00,2020-05-18 14:17:00,980.2444877624512,990.3179878234864,10,201.47000122070494,83.46626402678893,118.00373719391601,2020-05-18
BANKNIFTY21MAY2018500PE,PE,2020-05-18 14:23:00,2020-05-18 14:33:00,1018.6903994750976,1002.5373628234864,10,-323.0607330322232,84.24111984529218,-407.3018528775154,2020-05-18
BANKNIFTY21MAY2018500PE,PE,2020-05-18 14:41:00,2020-05-18 14:51:00,1052.625,1065.2800762939453,10,253.1015258789057,86.18883841374341,166.9126874651623,2020-05-18
BANKNIFTY21MAY2018500PE,PE,2020-05-18 14:52:00,2020-05-18 15:02:00,1050.62,1137.15,10,1730.600000000004,87.91206437199997,1642.687935628004,2020-05-18
BANKNIFTY21MAY2017900CE,CE,2020-05-19 09:28:00,2020-05-19 09:31:00,326.71474388122556,304.88586891174316,3,-436.577499389648,58.67489521314447,-495.25239460279244,2020-05-19
BANKNIFTY21MAY2017900CE,CE,2020-05-19 13:34:00,2020-05-19 13:43:00,255.13625,225.3851219558716,9,-595.0225608825679,55.851888267905835,-650.8744491504737,2020-05-19
BANKNIFTY21MAY2017900CE,CE,2020-05-19 13:45:00,2020-05-19 13:47:00,206.9661219406128,210.07350608825683,2,62.147682952880814,54.88100824522972,7.266674707651092,2020-05-19
BANKNIFTY21MAY2017900CE,CE,2020-05-19 15:12:00,2020-05-19 15:20:00,173.33224388122557,186.38288108825685,8,261.0127441406257,53.886913111521125,207.1258310291046,2020-05-19
BANKNIFTY21MAY2017900PE,PE,2020-05-19 09:17:00,2020-05-19 09:27:00,518.9441494750977,567.5276371765137,10,971.6697540283212,67.45146977104547,904.2182842572757,2020-05-19
BANKNIFTY21MAY2017900PE,PE,2020-05-19 09:31:00,2020-05-19 09:41:00,627.9660244750976,535.7572256469726,10,-1844.1759765624988,68.03314315541553,-1912.2091197179143,2020-05-19
BANKNIFTY21MAY2017900PE,PE,2020-05-19 09:42:00,2020-05-19 09:52:00,516.0869877624511,447.3288871765137,10,-1375.1620117187485,64.49230722129224,-1439.6543189400409,2020-05-19
BANKNIFTY21MAY2017900PE,PE,2020-05-19 10:04:00,2020-05-19 10:14:00,415.58636276245113,427.5783689117432,10,239.84012298584162,62.76332395047726,177.07679903536436,2020-05-19
BANKNIFTY21MAY2017900PE,PE,2020-05-19 10:19:00,2020-05-19 10:29:00,364.40875,338.70111282348637,10,-514.1527435302726,59.965698934373364,-574.1184424646459,2020-05-19
BANKNIFTY21MAY2017900PE,PE,2020-05-19 10:30:00,2020-05-19 10:40:00,356.89,355.2097560882569,10,-33.6048782348621,60.273838627188326,-93.87871686205042,2020-05-19
BANKNIFTY21MAY2017900PE,PE,2020-05-19 10:42:00,2020-05-19 10:52:00,353.5817622375488,296.50687500000004,10,-1141.497744750975,58.804873006084414,-1200.3026177570594,2020-05-19
BANKNIFTY21MAY2017900PE,PE,2020-05-19 10:53:00,2020-05-19 11:03:00,292.2788627624512,301.494375,10,184.31024475097615,58.164584259165586,126.14566049181056,2020-05-19
BANKNIFTY21MAY2017900PE,PE,2020-05-19 11:14:00,2020-05-19 11:24:00,378.2933811187744,385.4838871765137,10,143.81012115478597,61.27612152779385,82.53399962699213,2020-05-19
BANKNIFTY21MAY2017900PE,PE,2020-05-19 11:37:00,2020-05-19 11:47:00,373.7821311187744,365.43413108825683,10,-166.9600006103508,60.73239331510554,-227.69239392545632,2020-05-19
BANKNIFTY21MAY2017900PE,PE,2020-05-19 14:20:00,2020-05-19 14:22:00,583.3547744750977,638.4000000000001,2,1100.9045104980487,69.97555261616881,1030.9289578818798,2020-05-19
BANKNIFTY21MAY2017900PE,PE,2020-05-19 14:45:00,2020-05-19 14:55:00,624.05625,643.4373628234864,10,387.62225646972865,70.60373826587335,317.0185182038553,2020-05-19
BANKNIFTY21MAY2017600CE,CE,2020-05-20 09:25:00,2020-05-20 09:27:00,286.715,296.40711891174317,2,193.84237823486387,57.97172067156168,135.8706575633022,2020-05-20
BANKNIFTY21MAY2017600CE,CE,2020-05-20 09:36:00,2020-05-20 09:46:00,273.0308811187744,279.94836891174316,10,138.34975585937514,57.40137860072888,80.94837725864625,2020-05-20
BANKNIFTY21MAY2017600CE,CE,2020-05-20 10:16:00,2020-05-20 10:26:00,267.71761276245115,240.3476219558716,10,-547.399816131591,56.372135951321425,-603.7719520829124,2020-05-20
BANKNIFTY21MAY2017600CE,CE,2020-05-20 10:28:00,2020-05-20 10:38:00,235.4371311187744,243.0408689117432,10,152.07475585937573,56.03660562122889,96.03815023814684,2020-05-20
BANKNIFTY21MAY2017600CE,CE,2020-05-20 10:41:00,2020-05-20 10:51:00,250.625,226.48237804412844,10,-482.85243911743123,55.82253152059416,-538.6749706380253,2020-05-20
BANKNIFTY21MAY2017600CE,CE,2020-05-20 10:52:00,2020-05-20 11:02:00,225.5625,202.74187500000002,10,-456.41249999999957,54.933710545749996,-511.34621054574956,2020-05-20
BANKNIFTY21MAY2017600CE,CE,2020-05-20 13:15:00,2020-05-20 13:25:00,210.62525611877442,188.9763719558716,10,-432.97768325805635,54.41330961282304,-487.39099287087936,2020-05-20
BANKNIFTY21MAY2017600CE,CE,2020-05-20 13:26:00,2020-05-20 13:36:00,192.730625,201.4451219558716,10,174.2899391174319,54.49427876115584,119.79566035627607,2020-05-20
BANKNIFTY21MAY2017600CE,CE,2020-05-20 13:43:00,2020-05-20 13:45:00,207.5676280593872,229.425,2,437.14743881225615,55.359179113958604,381.78825969829757,2020-05-20
BANKNIFTY21MAY2017600CE,CE,2020-05-20 14:39:00,2020-05-20 14:44:00,431.7266188812256,413.96250000000003,5,-355.2823776245111,62.632657087332795,-417.91503471184393,2020-05-20
BANKNIFTY21MAY2017600CE,CE,2020-05-20 15:11:00,2020-05-20 15:21:00,321.20099388122554,372.0675,10,1017.330122375489,60.24049371058279,957.0896286649063,2020-05-20
BANKNIFTY21MAY2017600PE,PE,2020-05-20 09:16:00,2020-05-20 09:25:00,285.9130122375488,296.1078810882569,9,203.89737701416152,57.95447855527273,145.9428984588888,2020-05-20
BANKNIFTY21MAY2017600PE,PE,2020-05-20 09:55:00,2020-05-20 10:05:00,253.6325,245.33512195587159,10,-165.94756088256815,56.31846209940584,-222.266022981974,2020-05-20
BANKNIFTY21MAY2017600PE,PE,2020-05-20 10:26:00,2020-05-20 10:30:00,311.82761276245117,339.898125,4,561.4102447509765,59.34156756316558,502.0686771878109,2020-05-20
BANKNIFTY21MAY2017600PE,PE,2020-05-20 10:35:00,2020-05-20 10:42:00,293.983125,293.8136128234863,7,-3.3902435302729828,57.998933544623355,-61.38917707489634,2020-05-20
BANKNIFTY21MAY2017600PE,PE,2020-05-20 11:16:00,2020-05-20 11:26:00,303.005625,305.03548782348633,10,40.59725646972652,58.38398187437335,-17.78672540464683,2020-05-20
BANKNIFTY21MAY2017600PE,PE,2020-05-20 11:28:00,2020-05-20 11:31:00,277.74261276245113,258.05326217651367,3,-393.7870117187492,56.92734745179223,-450.71435917054146,2020-05-20
BANKNIFTY21MAY2017600PE,PE,2020-05-20 12:03:00,2020-05-20 12:13:00,292.1786372375488,286.03312500000004,10,-122.91024475097515,57.78726583683441,-180.69751058780957,2020-05-20
BANKNIFTY21MAY2017600PE,PE,2020-05-20 12:15:00,2020-05-20 12:25:00,278.0433811187744,290.17274391174317,10,242.58725585937555,57.712345503478886,184.87491035589665,2020-05-20
BANKNIFTY21MAY2017600PE,PE,2020-05-20 12:30:00,2020-05-20 12:40:00,282.3541188812256,268.67663108825684,10,-273.54975585937495,57.243037535271114,-330.7927933946461,2020-05-20
BANKNIFTY21MAY2017600PE,PE,2020-05-20 12:41:00,2020-05-20 12:51:00,261.2515061187744,281.94336891174316,10,413.83725585937555,57.30356193947888,356.5336939198967,2020-05-20
BANKNIFTY21MAY2017600PE,PE,2020-05-20 12:55:00,2020-05-20 13:05:00,278.0934938812256,275.80875000000003,10,-45.69487762451104,57.363584042082785,-103.05846166659381,2020-05-20
BANKNIFTY21MAY2017600PE,PE,2020-05-20 13:11:00,2020-05-20 13:21:00,275.3867622375488,295.7088871765137,10,406.4424987792984,57.81399966746106,348.6284991118373,2020-05-20
BANKNIFTY21MAY2017600PE,PE,2020-05-20 13:23:00,2020-05-20 13:33:00,300.24875,293.51437500000003,10,-134.68749999999886,58.06949662225,-192.75699662224886,2020-05-20
BANKNIFTY21MAY2017600PE,PE,2020-05-20 13:36:00,2020-05-20 13:46:00,296.1886372375488,260.39736282348633,10,-715.8254882812491,57.213530447957766,-773.0390187292069,2020-05-20
BANKNIFTY21MAY2017600PE,PE,2020-05-20 13:48:00,2020-05-20 13:58:00,235.08624999999998,258.45225608825683,10,467.32012176513706,56.407106831688324,410.9130149334487,2020-05-20
BANKNIFTY21MAY2017600PE,PE,2020-05-20 14:07:00,2020-05-20 14:13:00,217.8933811187744,207.92887195587159,6,-199.29018325805657,54.96459891957305,-254.25478217762964,2020-05-20
BANKNIFTY21MAY2017600PE,PE,2020-05-20 14:24:00,2020-05-20 14:30:00,129.22224388122558,134.1138719558716,6,97.83256149292015,52.06753764498863,45.765023847931516,2020-05-20
BANKNIFTY21MAY2017600PE,PE,2020-05-20 14:33:00,2020-05-20 14:37:00,109.021875,117.0566234779358,4,160.69496955871614,51.40168265307792,109.29328690563821,2020-05-20
BANKNIFTY21MAY2017600PE,PE,2020-05-20 14:53:00,2020-05-20 15:03:00,150.124375,154.01399391174317,10,77.79237823486369,52.81125996756167,24.981118267302023,2020-05-20
BANKNIFTY21MAY2018000CE,CE,2020-05-21 09:21:00,2020-05-21 09:31:00,121.90399847030639,124.6875,10,55.670030593872184,51.747335390395705,3.9226952034764793,2020-05-21
BANKNIFTY21MAY2018000CE,CE,2020-05-21 11:53:00,2020-05-21 12:02:00,111.52812499999999,113.11650152206421,9,31.767530441284464,51.33698135017208,-19.569450908887617,2020-05-21
BANKNIFTY21MAY2018000CE,CE,2020-05-21 12:12:00,2020-05-21 12:18:00,111.02687499999999,123.09150152206422,6,241.2925304412846,51.573381930672085,189.7191485106125,2020-05-21
BANKNIFTY21MAY2018000CE,CE,2020-05-21 12:21:00,2020-05-21 12:31:00,115.3376280593872,89.72512195587159,10,-512.2501220703123,50.81534653236444,-563.0654686026767,2020-05-21
BANKNIFTY21MAY2018000CE,CE,2020-05-21 12:53:00,2020-05-21 13:03:00,80.3503765296936,107.68012195587158,10,546.5949085235595,50.81740915226014,495.77749937129937,2020-05-21
BANKNIFTY21MAY2018000PE,PE,2020-05-21 09:39:00,2020-05-21 09:49:00,68.3203765296936,75.26137195587158,10,138.81990852355955,49.87941253676014,88.9404959867994,2020-05-21
BANKNIFTY21MAY2018000PE,PE,2020-05-21 09:50:00,2020-05-21 10:00:00,78.44562499999999,65.53574695587159,10,-258.1975608825681,49.768642361405824,-307.96620324397395,2020-05-21
BANKNIFTY21MAY2018000PE,PE,2020-05-21 10:02:00,2020-05-21 10:12:00,57.1425,63.19162347793579,10,120.98246955871588,49.44696333582792,71.53550622288796,2020-05-21
BANKNIFTY21MAY2018000PE,PE,2020-05-21 10:13:00,2020-05-21 10:23:00,66.36549694061279,54.01462652206421,10,-247.01740837097148,49.338328557463484,-296.35573692843496,2020-05-21
BANKNIFTY21MAY2018000PE,PE,2020-05-21 10:26:00,2020-05-21 10:36:00,43.007251529693605,42.04462652206421,10,-19.252500152587828,48.75698156777638,-68.0094817203642,2020-05-21
BANKNIFTY21MAY2018000PE,PE,2020-05-21 10:37:00,2020-05-21 10:47:00,39.648874235153194,36.259123477935795,10,-67.79501514434799,48.57453416977576,-116.36954931412374,2020-05-21
BANKNIFTY21MAY2018000PE,PE,2020-05-21 10:55:00,2020-05-21 11:05:00,44.7616265296936,45.535876522064214,10,15.484999847412269,48.86369698952639,-33.37869714211412,2020-05-21
BANKNIFTY21MAY2018000PE,PE,2020-05-21 11:39:00,2020-05-21 11:49:00,39.94962347030639,47.78025152206421,10,156.6125610351564,48.85850586806777,107.75405516708864,2020-05-21
BANKNIFTY21MAY2018000PE,PE,2020-05-21 12:07:00,2020-05-21 12:17:00,52.781626529693604,50.22412347793579,10,-51.150061035156256,49.07736930518223,-100.22743034033849,2020-05-21
BANKNIFTY21MAY2018000PE,PE,2020-05-21 12:18:00,2020-05-21 12:28:00,45.5135015296936,50.72287347793579,10,104.18743896484386,48.999204422932216,55.18823454191165,2020-05-21
BANKNIFTY21MAY2018000PE,PE,2020-05-21 12:40:00,2020-05-21 12:47:00,70.4757530593872,65.03699695587159,7,-108.7751220703123,49.65749646486444,-158.43261853517674,2020-05-21
BANKNIFTY21MAY2018000PE,PE,2020-05-21 13:20:00,2020-05-21 13:30:00,23.308125,31.2217492389679,10,158.27248477935797,48.248996161538955,110.02348861781901,2020-05-21
BANKNIFTY21MAY2018000PE,PE,2020-05-21 13:31:00,2020-05-21 13:40:00,24.210374617576598,43.98974847793579,9,395.58747720718384,48.57076905617684,347.016708151007,2020-05-21
BANKNIFTY21MAY2018000PE,PE,2020-05-21 14:29:00,2020-05-21 14:39:00,200.1992469406128,255.75899391174318,10,1111.1949394226076,55.908174828603066,1055.2867645940046,2020-05-21
BANKNIFTY21MAY2018000PE,PE,2020-05-21 14:58:00,2020-05-21 15:08:00,292.8302561187744,277.90350608825685,10,-298.53500061035106,57.597619690605526,-356.1326203009566,2020-05-21
BANKNIFTY21MAY2018000PE,PE,2020-05-21 15:23:00,2020-05-21 15:24:00,269.5722438812256,264.8861128234863,1,-93.7226211547852,56.99204158295615,-150.71466273774135,2020-05-21
BANKNIFTY28MAY2017500CE,CE,2020-05-22 10:06:00,2020-05-22 10:16:00,523.3551127624512,448.8251371765137,10,-1490.5995117187501,64.61899768554224,-1555.2185094042925,2020-05-22
BANKNIFTY28MAY2017500CE,CE,2020-05-22 10:23:00,2020-05-22 10:33:00,460.94948776245116,318.6014939117432,10,-2846.9598770141592,60.67618735347726,-2907.6360643676367,2020-05-22
BANKNIFTY28MAY2017500CE,CE,2020-05-22 10:36:00,2020-05-22 10:44:00,289.27136276245113,307.92826217651367,8,373.1379882812507,58.28371558029224,314.8542727009585,2020-05-22
BANKNIFTY28MAY2017500CE,CE,2020-05-22 10:49:00,2020-05-22 10:59:00,296.8903688812256,268.9758689117432,10,-558.2899993896478,57.43090863189447,-615.7209080215423,2020-05-22
BANKNIFTY28MAY2017500CE,CE,2020-05-22 11:00:00,2020-05-22 11:05:00,267.7677561187744,276.0082621765137,5,164.8101211547862,57.240154060793856,107.56996709399235,2020-05-22
BANKNIFTY28MAY2017500CE,CE,2020-05-22 11:25:00,2020-05-22 11:30:00,289.77261276245116,318.20250000000004,5,568.5977447509777,58.53984936091559,510.0578953900621,2020-05-22
BANKNIFTY28MAY2017500CE,CE,2020-05-22 11:42:00,2020-05-22 11:44:00,311.27625,318.950625,2,153.48749999999995,58.82519904175,94.66230095824996,2020-05-22
BANKNIFTY28MAY2017500CE,CE,2020-05-22 11:49:00,2020-05-22 11:57:00,290.52448776245114,297.30486282348636,8,135.6075012207043,58.04088458753894,77.56661663316537,2020-05-22
BANKNIFTY28MAY2017500PE,PE,2020-05-22 09:23:00,2020-05-22 09:33:00,416.9397438812256,392.4663871765137,10,-489.4671340942375,61.92608801720944,-551.3932221114469,2020-05-22
BANKNIFTY28MAY2017500PE,PE,2020-05-22 09:54:00,2020-05-22 10:04:00,384.96,320.29725608825686,10,-1293.2548782348624,59.773371394188324,-1353.0282496290508,2020-05-22
BANKNIFTY28MAY2017500PE,PE,2020-05-22 10:05:00,2020-05-22 10:06:00,334.083125,406.73062500000003,1,1452.9500000000007,61.243668142000004,1391.7063318580008,2020-05-22
BANKNIFTY28MAY2017500PE,PE,2020-05-22 11:05:00,2020-05-22 11:10:00,661.65,669.9209756469727,5,165.4195129394543,71.7149647832467,93.70454815620761,2020-05-22
BANKNIFTY28MAY2017500PE,PE,2020-05-22 11:12:00,2020-05-22 11:22:00,639.5949999999999,602.8890243530274,10,-734.1195129394509,69.8105039147533,-803.9300168542043,2020-05-22
BANKNIFTY28MAY2017500PE,PE,2020-05-22 11:31:00,2020-05-22 11:41:00,588.4675,558.9990243530274,10,-589.3695129394519,68.1077535017533,-657.4772664412052,2020-05-22
BANKNIFTY28MAY2017500PE,PE,2020-05-22 12:16:00,2020-05-22 12:25:00,614.281875,599.4975000000001,9,-295.6874999999991,69.41352969325,-365.1010296932491,2020-05-22
BANKNIFTY28MAY2017500PE,PE,2020-05-22 13:01:00,2020-05-22 13:08:00,598.3922744750977,645.5820121765137,7,943.7947540283199,70.33706489254547,873.4576891357744,2020-05-22
BANKNIFTY28MAY2017500PE,PE,2020-05-22 13:30:00,2020-05-22 13:40:00,682.6523872375487,662.9384756469727,10,-394.2782318115201,71.80605050433113,-466.08428231585117,2020-05-22
BANKNIFTY28MAY2017500PE,PE,2020-05-22 13:42:00,2020-05-22 13:52:00,655.1838627624511,614.210625,10,-819.464755249021,70.27955579566559,-889.7443110446866,2020-05-22
BANKNIFTY28MAY2017500PE,PE,2020-05-22 14:04:00,2020-05-22 14:14:00,601.5,553.6125000000001,10,-957.7499999999986,68.13864440500001,-1025.8886444049986,2020-05-22
BANKNIFTY28MAY2017500PE,PE,2020-05-22 14:15:00,2020-05-22 14:20:00,560.7985244750977,586.4302743530274,5,512.6349975585936,68.43123196992212,444.20376558867144,2020-05-22
BANKNIFTY28MAY2017500PE,PE,2020-05-22 14:23:00,2020-05-22 14:30:00,563.9563627624511,630.7192378234863,7,1335.2575012207035,69.54773072153894,1265.7097704991645,2020-05-22
BANKNIFTY28MAY2017500PE,PE,2020-05-22 14:39:00,2020-05-22 14:49:00,645.4596005249023,593.5125,10,-1038.9420104980445,69.65529253808117,-1108.5973030361256,2020-05-22
BANKNIFTY28MAY2017500PE,PE,2020-05-22 14:50:00,2020-05-22 15:00:00,591.3246005249023,565.9815243530273,10,-506.8615234374988,68.31308851283447,-575.1746119503333,2020-05-22
BANKNIFTY28MAY2017500PE,PE,2020-05-22 15:07:00,2020-05-22 15:17:00,585.8108505249023,535.5078506469727,10,-1006.0599975585933,67.50335843857789,-1073.5633559971711,2020-05-22
BANKNIFTY28MAY2017500PE,PE,2020-05-22 15:18:00,2020-05-22 15:24:00,521.3,504.1364939117432,6,-343.2701217651356,65.93883710331167,-409.2089588684473,2020-05-22
BANKNIFTY28MAY2017700CE,CE,2020-05-26 09:32:00,2020-05-26 09:39:00,223.20661888122558,252.26774391174317,7,581.2225006103517,56.109089446144466,525.1134111642073,2020-05-26
BANKNIFTY28MAY2017700CE,CE,2020-05-26 11:30:00,2020-05-26 11:40:00,196.18924694061278,196.00875000000002,10,-3.609938812255109,54.4050151597914,-58.014953972046506,2020-05-26
BANKNIFTY28MAY2017700CE,CE,2020-05-26 12:10:00,2020-05-26 12:13:00,224.309375,246.68175304412844,3,447.44756088256906,55.986918239594154,391.4606426429749,2020-05-26
BANKNIFTY28MAY2017700CE,CE,2020-05-26 12:28:00,2020-05-26 12:38:00,218.94599388122558,226.78163108825686,10,156.71274414062566,55.43624313152112,101.27650100910455,2020-05-26
BANKNIFTY28MAY2017700CE,CE,2020-05-26 13:06:00,2020-05-26 13:16:00,212.53,188.82675304412842,10,-474.06493911743155,54.43333411834416,-528.4982732357757,2020-05-26
BANKNIFTY28MAY2017700CE,CE,2020-05-26 13:17:00,2020-05-26 13:27:00,179.2470030593872,186.68211891174317,10,148.70231704711955,53.96767425477029,94.73464279234926,2020-05-26
BANKNIFTY28MAY2017700CE,CE,2020-05-26 14:16:00,2020-05-26 14:21:00,130.72599388122558,142.44300304412843,5,234.3401832580571,52.28881408642695,182.05136917163014,2020-05-26
BANKNIFTY28MAY2017700CE,CE,2020-05-26 14:51:00,2020-05-26 15:01:00,159.2471311187744,153.11625,10,-122.61762237548794,52.90276107666721,-175.52038345215516,2020-05-26
BANKNIFTY28MAY2017700CE,CE,2020-05-26 15:10:00,2020-05-26 15:19:00,148.4201280593872,166.98149391174317,9,371.2273170471195,53.10550336827028,318.12181367884926,2020-05-26
BANKNIFTY28MAY2017700PE,PE,2020-05-26 09:22:00,2020-05-26 09:30:00,432.4784938812256,414.6607621765137,8,-356.3546340942378,62.65898233145944,-419.01361642569725,2020-05-26
BANKNIFTY28MAY2017700PE,PE,2020-05-26 09:42:00,2020-05-26 09:52:00,390.3233811187744,384.0375,10,-125.71762237548796,61.39039609266721,-187.10801846815517,2020-05-26
BANKNIFTY28MAY2017700PE,PE,2020-05-26 09:53:00,2020-05-26 10:03:00,381.10036888122556,396.25687500000004,10,303.13012237548946,61.5730322675828,241.55709010790667,2020-05-26
BANKNIFTY28MAY2017700PE,PE,2020-05-26 10:04:00,2020-05-26 10:14:00,401.751875,393.6135060882569,10,-162.767378234862,61.765302070938326,-224.53268030580034,2020-05-26
BANKNIFTY28MAY2017700PE,PE,2020-05-26 10:15:00,2020-05-26 10:25:00,380.7996311187744,368.12736282348635,10,-253.44536590576126,60.885085019540554,-314.3304509253018,2020-05-26
BANKNIFTY28MAY2017700PE,PE,2020-05-26 10:26:00,2020-05-26 10:36:00,371.97761276245114,392.51625,10,410.7727447509774,61.36870932841559,349.4040354225618,2020-05-26
BANKNIFTY28MAY2017700PE,PE,2020-05-26 11:24:00,2020-05-26 11:34:00,421.9021311187744,428.8751371765137,10,139.46012115478652,62.87333060279386,76.58679055199266,2020-05-26
BANKNIFTY28MAY2017700PE,PE,2020-05-26 11:47:00,2020-05-26 11:57:00,380.7996311187744,383.0898628234863,10,45.80463409423828,61.249026884540555,-15.444392790302274,2020-05-26
BANKNIFTY28MAY2017700PE,PE,2020-05-26 12:13:00,2020-05-26 12:23:00,358.895,371.9178810882569,10,260.4576217651379,60.70514969443832,199.75247207069958,2020-05-26
BANKNIFTY28MAY2017700PE,PE,2020-05-26 12:31:00,2020-05-26 12:41:00,372.72948776245113,381.1946189117432,10,169.30262298584125,61.10266749672726,108.19995548911399,2020-05-26
BANKNIFTY28MAY2017700PE,PE,2020-05-26 12:42:00,2020-05-26 12:52:00,362.8047438812256,330.47173782348636,10,-646.6601211547845,59.745603378206155,-706.4057245329907,2020-05-26
BANKNIFTY28MAY2017700PE,PE,2020-05-26 12:53:00,2020-05-26 13:03:00,338.2936372375488,371.9677439117432,10,673.4821334838875,60.450419447396094,613.0317140364914,2020-05-26
BANKNIFTY28MAY2017700PE,PE,2020-05-26 13:18:00,2020-05-26 13:28:00,479.04463111877436,440.8451371765137,10,-763.9898788452138,63.87439965779386,-827.8642785030077,2020-05-26
BANKNIFTY28MAY2017700PE,PE,2020-05-26 14:07:00,2020-05-26 14:15:00,471.17499999999995,508.77486282348633,8,751.9972564697275,65.42892598337336,686.5683304863542,2020-05-26
BANKNIFTY28MAY2017700PE,PE,2020-05-26 14:26:00,2020-05-26 14:36:00,476.5383811187744,458.35125000000005,10,-363.7426223754869,64.26907469616721,-428.0116970716541,2020-05-26
BANKNIFTY28MAY2017700PE,PE,2020-05-26 14:41:00,2020-05-26 14:51:00,444.6588627624511,423.9375,10,-414.42725524902244,63.035950022415584,-477.463205271438,2020-05-26
BANKNIFTY28MAY2017700PE,PE,2020-05-26 14:59:00,2020-05-26 15:09:00,423.05499999999995,418.95000000000005,10,-82.09999999999809,62.646238318,-144.7462383179981,2020-05-26
BANKNIFTY28MAY2017700PE,PE,2020-05-26 15:13:00,2020-05-26 15:21:00,433.18025611877437,401.0947560882569,8,-641.7100006103499,62.33772663910553,-704.0477272494554,2020-05-26
BANKNIFTY28MAY2017600CE,CE,2020-05-27 14:11:00,2020-05-27 14:18:00,1062.9507989501953,983.4352743530274,7,-1590.31049194336,84.32636178509094,-1674.636853728451,2020-05-27
BANKNIFTY28MAY2017600CE,CE,2020-05-27 14:19:00,2020-05-27 14:21:00,967.4124999999999,949.62,2,-355.8499999999981,82.31692296700001,-438.1669229669981,2020-05-27
BANKNIFTY28MAY2017600CE,CE,2020-05-27 14:28:00,2020-05-27 14:38:00,943.9038627624511,863.835,10,-1601.3772552490218,79.9382610354156,-1681.3155162844373,2020-05-27
BANKNIFTY28MAY2017600CE,CE,2020-05-27 14:54:00,2020-05-27 15:00:00,950.9213627624512,1008.7717378234864,6,1157.0075012207053,83.55082688453894,1073.4566743361663,2020-05-27
BANKNIFTY28MAY2017600CE,CE,2020-05-27 15:05:00,2020-05-27 15:15:00,989.96875,1125.4792987060548,10,2710.210974121096,86.8746840325066,2623.3362900885895,2020-05-27
BANKNIFTY28MAY2017600CE,CE,2020-05-27 15:16:00,2020-05-27 15:24:00,1136.8851739501952,1071.9633993530274,8,-1298.4354919433554,87.39821558759093,-1385.8337075309464,2020-05-27
BANKNIFTY28MAY2017600PE,PE,2020-05-27 09:48:00,2020-05-27 09:58:00,247.868125,250.57199695587158,10,54.07743911743182,56.37422746290584,-2.2967883454740203,2020-05-27
BANKNIFTY28MAY2017600PE,PE,2020-05-27 09:59:00,2020-05-27 10:09:00,242.605,241.395,10,-24.19999999999959,56.08562290000001,-80.2856228999996,2020-05-27
BANKNIFTY28MAY2017600PE,PE,2020-05-27 10:20:00,2020-05-27 10:27:00,200.14911888122558,197.2057469558716,7,-58.86743850707944,54.48332629998863,-113.35076480706807,2020-05-27
BANKNIFTY28MAY2017600PE,PE,2020-05-27 10:40:00,2020-05-27 10:50:00,152.9815061187744,145.48538108825684,10,-149.92250061035122,52.63930925485553,-202.56180986520675,2020-05-27
BANKNIFTY28MAY2017600PE,PE,2020-05-27 11:09:00,2020-05-27 11:19:00,128.570625,139.35074695587159,10,215.60243911743157,52.186821845405845,163.4156172720257,2020-05-27
BANKNIFTY28MAY2017600PE,PE,2020-05-27 11:20:00,2020-05-27 11:30:00,138.0442469406128,137.25600608825684,10,-15.764817047119095,52.25356669597972,-68.01838374309881,2020-05-27
BANKNIFTY28MAY2017600PE,PE,2020-05-27 11:33:00,2020-05-27 11:43:00,140.70088111877442,140.94675304412843,10,4.917438507080192,52.37634390901136,-47.45890540193117,2020-05-27
BANKNIFTY28MAY2017600PE,PE,2020-05-27 11:45:00,2020-05-27 11:55:00,135.3375,132.8669969558716,10,-49.41006088256813,52.11318265215584,-101.52324353472397,2020-05-27
BANKNIFTY28MAY2017600PE,PE,2020-05-27 12:12:00,2020-05-27 12:22:00,122.50549694061279,96.90712652206422,10,-511.9674083709714,51.07908947446348,-563.0464978454348,2020-05-27
BANKNIFTY28MAY2017600PE,PE,2020-05-27 12:30:00,2020-05-27 12:40:00,96.5407530593872,89.525625,10,-140.3025611877439,50.576969191958604,-190.8795303797025,2020-05-27
BANKNIFTY28MAY2017600PE,PE,2020-05-27 12:45:00,2020-05-27 12:55:00,85.6135015296936,92.21887195587159,10,132.10740852355997,50.50672285151014,81.60068567204982,2020-05-27
BANKNIFTY28MAY2017600PE,PE,2020-05-27 13:08:00,2020-05-27 13:16:00,68.3203765296936,70.77262195587159,8,49.04490852355963,49.770229977260136,-0.7253214537005093,2020-05-27
BANKNIFTY28MAY2017600PE,PE,2020-05-27 13:31:00,2020-05-27 13:41:00,59.899375,48.82762576103211,10,-221.4349847793578,49.13182951321104,-270.56681429256884,2020-05-27
BANKNIFTY28MAY2017600PE,PE,2020-05-27 13:47:00,2020-05-27 13:56:00,44.5611257648468,37.007248477935796,9,-151.07754573822007,48.65375911113007,-199.73130484935012,2020-05-27
BANKNIFTY28MAY2017600PE,PE,2020-05-27 14:00:00,2020-05-27 14:10:00,32.180248470306395,33.067126522064214,10,17.737561035156375,48.40410609356778,-30.66654505841141,2020-05-27
BANKNIFTY28MAY2018900CE,CE,2020-05-28 09:25:00,2020-05-28 09:28:00,244.50974388122557,218.1532469558716,3,-527.1299385070796,55.54396357173864,-582.6739020788183,2020-05-28
BANKNIFTY28MAY2018900CE,CE,2020-05-28 11:50:00,2020-05-28 12:00:00,394.03261276245115,319.79850608825683,10,-1484.6821334838864,59.87395451060391,-1544.5560879944903,2020-05-28
BANKNIFTY28MAY2018900CE,CE,2020-05-28 12:23:00,2020-05-28 12:33:00,361.150625,372.56625,10,228.31250000000068,60.74894334325,167.56355665675068,2020-05-28
BANKNIFTY28MAY2018900CE,CE,2020-05-28 12:38:00,2020-05-28 12:48:00,340.39886276245113,218.05350608825685,10,-2446.9071334838854,56.73282557210391,-2503.6399590559895,2020-05-28
BANKNIFTY28MAY2018900CE,CE,2020-05-28 12:54:00,2020-05-28 13:04:00,223.8582530593872,229.425,10,111.33493881225604,55.5615673227086,55.77337148954744,2020-05-28
BANKNIFTY28MAY2018900CE,CE,2020-05-28 13:06:00,2020-05-28 13:16:00,237.1413780593872,177.2557469558716,10,-1197.7126220703121,54.457647511114445,-1252.1702695814265,2020-05-28
BANKNIFTY28MAY2018900CE,CE,2020-05-28 13:25:00,2020-05-28 13:28:00,218.9961219406128,321.9929878234864,3,2059.937317657472,57.752748859164754,2002.184568798307,2020-05-28
BANKNIFTY28MAY2018900CE,CE,2020-05-28 13:35:00,2020-05-28 13:41:00,322.45411888122555,309.225,6,-264.5823776245106,58.72750620133279,-323.30988382584343,2020-05-28
BANKNIFTY28MAY2018900CE,CE,2020-05-28 13:46:00,2020-05-28 13:52:00,252.88062499999998,231.71925304412844,6,-423.2274391174309,55.977934156094165,-479.2053732735251,2020-05-28
BANKNIFTY28MAY2018900CE,CE,2020-05-28 14:31:00,2020-05-28 14:37:00,172.9813780593872,206.78175304412844,6,676.0074996948248,54.37872809680276,621.628771598022,2020-05-28
BANKNIFTY28MAY2018900CE,CE,2020-05-28 14:47:00,2020-05-28 14:52:00,185.16174694061277,200.64711891174318,5,309.7074394226081,54.38083574085308,255.32660368175502,2020-05-28
BANKNIFTY28MAY2018900PE,PE,2020-05-28 11:00:00,2020-05-28 11:10:00,30.475999617576598,17.256749238967895,10,-264.38500757217406,47.99836789463788,-312.3833754668119,2020-05-28
BANKNIFTY04JUN2018900CE,CE,2020-05-29 09:15:00,2020-05-29 09:25:00,300.9003688812256,402.34163108825686,10,2028.8252441406257,60.724662720771114,1968.1005814198545,2020-05-29
BANKNIFTY04JUN2018900CE,CE,2020-05-29 09:28:00,2020-05-29 09:38:00,399.3959938812256,379.05,10,-406.9198776245116,61.38179664958278,-468.3016742740944,2020-05-29
BANKNIFTY04JUN2018900CE,CE,2020-05-29 10:15:00,2020-05-29 10:18:00,388.0677561187744,405.8827439117432,3,356.29975585937586,61.893728084728885,294.406027774647,2020-05-29
BANKNIFTY04JUN2018900CE,CE,2020-05-29 11:49:00,2020-05-29 11:52:00,458.1926127624511,463.4883689117432,3,105.91512298584121,64.16610743397726,41.74901555186395,2020-05-29
BANKNIFTY04JUN2018900CE,CE,2020-05-29 12:00:00,2020-05-29 12:07:00,445.16011276245115,436.90500000000003,7,-165.1022552490224,63.35759363491558,-228.45984888393798,2020-05-29
BANKNIFTY04JUN2018900CE,CE,2020-05-29 12:42:00,2020-05-29 12:46:00,446.11249999999995,461.59312500000004,4,309.6125000000018,63.969929790250006,245.64257020975177,2020-05-29
BANKNIFTY04JUN2018900CE,CE,2020-05-29 14:54:00,2020-05-29 15:00:00,531.7260244750976,553.7621493530273,6,440.722497558595,67.27544045367212,373.4470571049229,2020-05-29
BANKNIFTY04JUN2018900CE,CE,2020-05-29 15:09:00,2020-05-29 15:19:00,567.0641494750977,558.350625,10,-174.27048950195285,67.82607542966882,-242.09656493162169,2020-05-29
BANKNIFTY04JUN2018900PE,PE,2020-05-29 09:44:00,2020-05-29 09:54:00,525.0593749999999,556.605,10,630.9125000000017,67.26176502925,563.6507349707517,2020-05-29
BANKNIFTY04JUN2018900PE,PE,2020-05-29 09:55:00,2020-05-29 10:05:00,543.0041494750976,506.4307621765137,10,-731.4677459716779,66.26428563829548,-797.7320316099734,2020-05-29
BANKNIFTY04JUN2018900PE,PE,2020-05-29 10:06:00,2020-05-29 10:15:00,452.2277561187744,511.76736282348634,9,1190.7921340942391,65.26632137729055,1125.5258127169486,2020-05-29
BANKNIFTY04JUN2018900PE,PE,2020-05-29 10:19:00,2020-05-29 10:29:00,482.50323776245114,459.7477439117432,10,-455.1098770141584,64.37714744847726,-519.4870244626356,2020-05-29
BANKNIFTY04JUN2018900PE,PE,2020-05-29 10:35:00,2020-05-29 10:45:00,433.4809938812256,380.84548782348634,10,-1052.7101211547847,61.84892778320614,-1114.5590489379908,2020-05-29
BANKNIFTY04JUN2018900PE,PE,2020-05-29 10:50:00,2020-05-29 11:00:00,439.6965061187744,434.46111282348636,10,-104.7078659057604,63.23027183729056,-167.93813774305096,2020-05-29
BANKNIFTY04JUN2018900PE,PE,2020-05-29 11:02:00,2020-05-29 11:12:00,412.77937499999996,418.80038108825687,10,120.42012176513822,62.51493879268833,57.905182972449886,2020-05-29
BANKNIFTY04JUN2018900PE,PE,2020-05-29 11:26:00,2020-05-29 11:36:00,402.754375,396.0075,10,-134.93749999999977,61.83598728025001,-196.77348728024978,2020-05-29
BANKNIFTY04JUN2018900PE,PE,2020-05-29 11:47:00,2020-05-29 11:57:00,483.9067622375488,447.2789939117432,10,-732.5553665161112,64.09129938764609,-796.6466659037574,2020-05-29
BANKNIFTY04JUN2018900PE,PE,2020-05-29 12:32:00,2020-05-29 12:42:00,445.2102561187744,459.44850608825686,10,284.76499938964935,63.906555820605526,220.85844356904383,2020-05-29
BANKNIFTY04JUN2018900PE,PE,2020-05-29 12:47:00,2020-05-29 12:57:00,439.64636276245113,445.3338871765137,10,113.75048828125159,63.49411389054224,50.256374390709354,2020-05-29
BANKNIFTY04JUN2018900PE,PE,2020-05-29 13:10:00,2020-05-29 13:20:00,457.7916188812256,461.84250000000003,10,81.01762237548883,64.1210921893328,16.896530186156028,2020-05-29
BANKNIFTY04JUN2018900PE,PE,2020-05-29 13:30:00,2020-05-29 13:40:00,421.1502561187744,437.90250000000003,10,335.04487762451276,63.08356757091721,271.9613100535955,2020-05-29
BANKNIFTY04JUN2018900PE,PE,2020-05-29 14:26:00,2020-05-29 14:36:00,424.10761276245114,404.3864939117432,10,-394.42237701415934,62.305078661227256,-456.7274556753866,2020-05-29
BANKNIFTY04JUN2019800CE,CE,2020-06-01 10:13:00,2020-06-01 10:23:00,529.4202255249023,498.6003810882569,10,-616.3968887329088,65.9050613432695,-682.3019500761783,2020-06-01
BANKNIFTY04JUN2019800CE,CE,2020-06-01 10:46:00,2020-06-01 10:51:00,504.2575,529.8221493530274,5,511.29298706054783,66.3518755090033,444.9411115515445,2020-06-01
BANKNIFTY04JUN2019800CE,CE,2020-06-01 13:45:00,2020-06-01 13:49:00,437.59125,451.0695121765137,4,269.5652435302736,63.60809303987665,205.95715049039697,2020-06-01
BANKNIFTY04JUN2019800CE,CE,2020-06-01 15:00:00,2020-06-01 15:05:00,446.2628688812256,484.4857621765137,5,764.4578659057618,64.52862926270944,699.9292366430523,2020-06-01
BANKNIFTY04JUN2019800CE,CE,2020-06-01 15:10:00,2020-06-01 15:20:00,480.5483811187744,449.92236282348637,10,-612.5203659057604,64.11387245204055,-676.634238357801,2020-06-01
BANKNIFTY04JUN2019800PE,PE,2020-06-01 09:31:00,2020-06-01 09:35:00,332.078125,337.404375,4,106.52500000000032,59.5324948495,46.99250515050032,2020-06-01
BANKNIFTY04JUN2019800PE,PE,2020-06-01 10:01:00,2020-06-01 10:05:00,302.4542622375488,318.1027439117432,4,312.9696334838877,58.69497467414608,254.27465880974165,2020-06-01
BANKNIFTY04JUN2019800PE,PE,2020-06-01 10:51:00,2020-06-01 11:01:00,334.73474388122554,347.13,10,247.9051223754891,59.8020618320828,188.1030605434063,2020-06-01
BANKNIFTY04JUN2019800PE,PE,2020-06-01 11:56:00,2020-06-01 12:06:00,333.8325,331.02038108825684,10,-56.24237823486283,59.39900878843832,-115.64138702330115,2020-06-01
BANKNIFTY04JUN2019800PE,PE,2020-06-01 12:07:00,2020-06-01 12:17:00,331.7773872375488,305.1352439117432,10,-532.8428665161118,58.743857166896085,-591.5867236830079,2020-06-01
BANKNIFTY04JUN2019800PE,PE,2020-06-01 12:53:00,2020-06-01 13:03:00,327.2159938812256,327.52913108825686,10,6.2627441406255,59.23188819452112,-52.96914405389562,2020-06-01
BANKNIFTY04JUN2019800PE,PE,2020-06-01 13:28:00,2020-06-01 13:38:00,330.2736372375488,384.3367378234864,10,1081.262011718751,60.651640635707764,1020.6103710830432,2020-06-01
BANKNIFTY04JUN2019800PE,PE,2020-06-01 13:57:00,2020-06-01 14:07:00,394.38349388122555,411.219375,10,336.7176223754893,62.1019983643328,274.6156240111565,2020-06-01
BANKNIFTY04JUN2019900CE,CE,2020-06-02 09:48:00,2020-06-02 09:54:00,482.50323776245114,497.6527439117432,6,302.990122985841,65.29913350647728,237.69098947936374,2020-06-02
BANKNIFTY04JUN2019900CE,CE,2020-06-02 10:03:00,2020-06-02 10:13:00,456.93948776245117,417.1545121765137,10,-795.6995117187489,63.02353291254224,-858.7230446312911,2020-06-02
BANKNIFTY04JUN2019900CE,CE,2020-06-02 10:15:00,2020-06-02 10:25:00,398.1428688812256,384.7357621765137,10,-268.14213409423814,61.50452653070944,-329.6466606249476,2020-06-02
BANKNIFTY04JUN2019900CE,CE,2020-06-02 10:33:00,2020-06-02 10:43:00,391.3258811187744,384.286875,10,-140.7801223754882,61.408916449417205,-202.1890388249054,2020-06-02
BANKNIFTY04JUN2019900CE,CE,2020-06-02 10:48:00,2020-06-02 10:58:00,417.19036888122554,402.1920121765137,10,-299.96713409423705,62.16576389420944,-362.1328979884465,2020-06-02
BANKNIFTY04JUN2019900CE,CE,2020-06-02 11:00:00,2020-06-02 11:06:00,390.97499999999997,432.915,6,838.8000000000011,62.587368303999995,776.2126316960012,2020-06-02
BANKNIFTY04JUN2019900CE,CE,2020-06-02 11:08:00,2020-06-02 11:18:00,422.05249999999995,409.77298782348635,10,-245.59024353027212,62.41056568562335,-308.00080921589546,2020-06-02
BANKNIFTY04JUN2019900CE,CE,2020-06-02 11:19:00,2020-06-02 11:29:00,404.0075,418.3514939117432,10,286.87987823486424,62.395041974311674,224.48483626055256,2020-06-02
BANKNIFTY04JUN2019900CE,CE,2020-06-02 11:33:00,2020-06-02 11:43:00,398.54386276245117,404.78548782348633,10,124.8325012207033,61.997189825038944,62.83531139566436,2020-06-02
BANKNIFTY04JUN2019900CE,CE,2020-06-02 11:45:00,2020-06-02 11:55:00,400.29823776245115,393.06486282348635,10,-144.667498779296,61.73389768403894,-206.40139646333495,2020-06-02
BANKNIFTY04JUN2019900CE,CE,2020-06-02 12:27:00,2020-06-02 12:37:00,436.1877561187744,480.29625000000004,10,882.1698776245125,64.30155607341722,817.8683215510953,2020-06-02
BANKNIFTY04JUN2019900CE,CE,2020-06-02 14:12:00,2020-06-02 14:22:00,658.8931249999999,609.9213871765137,10,-979.434756469725,70.22130848087664,-1049.6560649506016,2020-06-02
BANKNIFTY04JUN2019900CE,CE,2020-06-02 14:35:00,2020-06-02 14:45:00,641.2992622375488,618.45,10,-456.9852447509743,70.21017593433442,-527.1954206853087,2020-06-02
BANKNIFTY04JUN2019900CE,CE,2020-06-02 15:04:00,2020-06-02 15:14:00,618.6928994750976,663.3375000000001,10,892.8920104980489,71.02114912091882,821.87086137713,2020-06-02
BANKNIFTY04JUN2019900PE,PE,2020-06-02 09:22:00,2020-06-02 09:27:00,379.24573776245114,357.85312500000003,5,-427.85225524902216,60.615873618915586,-488.46812886793776,2020-06-02
BANKNIFTY04JUN2019900PE,PE,2020-06-02 09:36:00,2020-06-02 09:40:00,296.99062499999997,312.6164939117432,4,312.5173782348645,58.49365128006167,254.02372695480284,2020-06-02
BANKNIFTY04JUN2019900PE,PE,2020-06-02 09:41:00,2020-06-02 09:46:00,284.10849388122557,280.048125,5,-81.20737762451085,57.5414288578328,-138.74880648234364,2020-06-02
BANKNIFTY04JUN2019900PE,PE,2020-06-02 10:49:00,2020-06-02 10:56:00,309.020625,331.1201371765137,7,441.99024353027426,59.09318240537665,382.8970611248976,2020-06-02
BANKNIFTY04JUN2019900PE,PE,2020-06-02 12:04:00,2020-06-02 12:14:00,278.74511276245113,260.4971189117432,10,-364.95987701415856,56.99924550447726,-421.9591225186358,2020-06-02
BANKNIFTY04JUN2019900PE,PE,2020-06-02 12:16:00,2020-06-02 12:26:00,229.3720030593872,266.0332621765137,10,733.2251823425298,56.52051267308525,676.7046696694446,2020-06-02
BANKNIFTY04JUN2019900PE,PE,2020-06-02 12:40:00,2020-06-02 12:50:00,235.1363780593872,185.63475608825684,10,-990.0324394226072,54.63654585964692,-1044.6689852822542,2020-06-02
BANKNIFTY04JUN2019900PE,PE,2020-06-02 12:53:00,2020-06-02 13:03:00,185.8133811187744,176.10862804412844,10,-194.09506149291929,53.79206694676137,-247.88712843968065,2020-06-02
BANKNIFTY04JUN2019900PE,PE,2020-06-02 13:04:00,2020-06-02 13:14:00,184.3096311187744,188.27812500000002,10,79.36987762451224,54.0693909344172,25.300486690095042,2020-06-02
BANKNIFTY04JUN2019900PE,PE,2020-06-02 13:38:00,2020-06-02 13:48:00,166.81599388122558,173.61487804412843,10,135.97768325805703,53.495394029176964,82.48228922888006,2020-06-02
BANKNIFTY04JUN2019900PE,PE,2020-06-02 14:49:00,2020-06-02 14:51:00,126.7160015296936,131.67000000000002,2,99.07996940612833,51.9769573286043,47.10301207752403,2020-06-02
BANKNIFTY04JUN2019900PE,PE,2020-06-02 15:00:00,2020-06-02 15:05:00,116.5907530593872,118.6526219558716,5,41.237377929687966,51.534535795114444,-10.297157865426477,2020-06-02
BANKNIFTY04JUN2019900PE,PE,2020-06-02 15:11:00,2020-06-02 15:21:00,97.69362194061279,97.50562500000001,10,-3.759938812255541,50.78539430179139,-54.54533311404693,2020-06-02
BANKNIFTY04JUN2021100CE,CE,2020-06-03 09:15:00,2020-06-03 09:25:00,256.890625,276.3075,10,388.3375000000001,57.11229947574999,331.2252005242501,2020-06-03
BANKNIFTY04JUN2021100CE,CE,2020-06-03 09:26:00,2020-06-03 09:36:00,291.22625,289.4745121765137,10,-35.03475646972561,57.859140683876646,-92.89389715360225,2020-06-03
BANKNIFTY04JUN2021100CE,CE,2020-06-03 09:41:00,2020-06-03 09:51:00,265.913125,225.83399391174316,10,-801.5826217651363,55.99669403406168,-857.579315799198,2020-06-03
BANKNIFTY04JUN2021100CE,CE,2020-06-03 09:54:00,2020-06-03 10:04:00,225.5625,208.12836891174317,10,-348.6826217651367,55.064729469061675,-403.74735123419833,2020-06-03
BANKNIFTY04JUN2021100CE,CE,2020-06-03 10:07:00,2020-06-03 10:17:00,213.68286888122557,227.97862804412844,10,285.91518325805737,55.399971446926955,230.51521181113043,2020-06-03
BANKNIFTY04JUN2021100CE,CE,2020-06-03 10:20:00,2020-06-03 10:30:00,229.07125,229.92375,10,17.05000000000041,55.638462907,-38.58846290699959,2020-06-03
BANKNIFTY04JUN2021100CE,CE,2020-06-03 10:33:00,2020-06-03 10:38:00,225.6627561187744,253.01586891174318,5,547.0622558593755,56.157800605978885,490.9044552533966,2020-06-03
BANKNIFTY04JUN2021100CE,CE,2020-06-03 10:44:00,2020-06-03 10:54:00,254.13375,249.67425304412842,10,-89.18993911743144,56.43023271784416,-145.62017183527558,2020-06-03
BANKNIFTY04JUN2021100CE,CE,2020-06-03 10:55:00,2020-06-03 11:05:00,244.4095030593872,238.00350608825684,10,-128.119939422607,56.02554798289693,-184.14548740550393,2020-06-03
BANKNIFTY04JUN2021100CE,CE,2020-06-03 11:06:00,2020-06-03 11:16:00,233.6827561187744,241.99350608825685,10,166.21499938964917,55.98933433360553,110.22566505604364,2020-06-03
BANKNIFTY04JUN2021100CE,CE,2020-06-03 11:22:00,2020-06-03 11:32:00,250.6751280593872,280.2476371765137,10,591.4501823425303,57.13091894858525,534.319263393945,2020-06-03
BANKNIFTY04JUN2021100CE,CE,2020-06-03 11:40:00,2020-06-03 11:50:00,265.61238723754883,273.1653810882568,10,151.05987701415984,57.14422751752274,93.9156494966371,2020-06-03
BANKNIFTY04JUN2021100CE,CE,2020-06-03 12:00:00,2020-06-03 12:10:00,285.5621311187744,299.59913108825685,10,280.73999938964903,58.035039117105526,222.7049602725435,2020-06-03
BANKNIFTY04JUN2021100CE,CE,2020-06-03 12:11:00,2020-06-03 12:21:00,298.8452561187744,271.66913108825685,10,-543.5225006103508,57.52070520085553,-601.0432058112063,2020-06-03
BANKNIFTY04JUN2021100CE,CE,2020-06-03 12:31:00,2020-06-03 12:41:00,277.0909938812256,259.44975608825683,10,-352.82475585937505,56.95321975877112,-409.7779756181462,2020-06-03
BANKNIFTY04JUN2021100CE,CE,2020-06-03 12:46:00,2020-06-03 12:56:00,275.6875,275.65913108825686,10,-0.567378234862872,57.33005366593833,-57.8974319008012,2020-06-03
BANKNIFTY04JUN2021100CE,CE,2020-06-03 13:01:00,2020-06-03 13:11:00,253.4821311187744,284.88600608825686,10,628.0774993896495,57.278613861855526,570.7988855277939,2020-06-03
BANKNIFTY04JUN2021100CE,CE,2020-06-03 13:16:00,2020-06-03 13:26:00,275.58724388122556,276.75638717651367,10,23.382865905762173,57.35549734220945,-33.97263143644728,2020-06-03
BANKNIFTY04JUN2021100CE,CE,2020-06-03 13:27:00,2020-06-03 13:37:00,285.7125,345.0851371765137,10,1187.4527435302741,59.14329065762664,1128.3094528726474,2020-06-03
BANKNIFTY04JUN2021100CE,CE,2020-06-03 13:54:00,2020-06-03 13:56:00,431.826875,463.33875,2,630.2375000000006,63.83491078375,566.4025892162506,2020-06-03
BANKNIFTY04JUN2021100CE,CE,2020-06-03 15:00:00,2020-06-03 15:02:00,194.38474388122557,211.12086891174317,2,334.722500610352,54.750177871144466,279.9723227392075,2020-06-03
BANKNIFTY04JUN2021100CE,CE,2020-06-03 15:03:00,2020-06-03 15:11:00,199.14661888122558,201.04612804412844,8,37.990183258057186,54.564283534426956,-16.57410027636977,2020-06-03
BANKNIFTY04JUN2021100PE,PE,2020-06-03 10:35:00,2020-06-03 10:45:00,302.20363723754883,279.3,10,-458.0727447509764,57.74803858758441,-515.8207833385609,2020-06-03
BANKNIFTY04JUN2021000CE,CE,2020-06-04 09:15:00,2020-06-04 09:20:00,127.2172515296936,227.82899391174317,5,2012.2348476409913,54.322117562415976,1957.9127300785754,2020-06-04
BANKNIFTY04JUN2021000PE,PE,2020-06-04 09:34:00,2020-06-04 09:38:00,177.59286888122557,185.83425304412842,4,164.82768325805694,53.92650080317696,110.90118245487997,2020-06-04
BANKNIFTY11JUN2020600CE,CE,2020-06-05 09:15:00,2020-06-05 09:25:00,551.375,611.7667378234863,10,1207.8347564697265,68.93043187412336,1138.9043245956032,2020-06-05
BANKNIFTY11JUN2020600CE,CE,2020-06-05 09:31:00,2020-06-05 09:36:00,659.3442622375488,660.6941006469727,5,26.9967681884782,71.46188840283112,-44.46512021435292,2020-06-05
BANKNIFTY11JUN2020600PE,PE,2020-06-05 10:26:00,2020-06-05 10:36:00,636.1363627624511,594.9588871765137,10,-823.5495117187475,69.57464570454225,-893.1241574232897,2020-06-05
BANKNIFTY11JUN2020600PE,PE,2020-06-05 11:14:00,2020-06-05 11:24:00,594.5326127624511,569.2732621765138,10,-505.1870117187468,68.43301048779225,-573.620022206539,2020-06-05
BANKNIFTY11JUN2020600PE,PE,2020-06-05 11:34:00,2020-06-05 11:44:00,554.5830122375488,565.08375,10,210.0147552490239,67.8347886123344,142.17996663668947,2020-06-05
BANKNIFTY11JUN2020600PE,PE,2020-06-05 11:45:00,2020-06-05 11:55:00,550.4727255249023,539.0490243530273,10,-228.4740234374999,67.15046580158447,-295.62448923908437,2020-06-05
BANKNIFTY11JUN2020600PE,PE,2020-06-05 11:56:00,2020-06-05 12:06:00,563.8060244750976,484.28625000000005,10,-1590.3954895019513,65.98408555616882,-1656.37957505812,2020-06-05
BANKNIFTY11JUN2020600PE,PE,2020-06-05 12:08:00,2020-06-05 12:18:00,497.9417622375488,489.77250000000004,10,-163.3852447509753,65.2992596583344,-228.68450440930968,2020-06-05
BANKNIFTY11JUN2020600PE,PE,2020-06-05 12:27:00,2020-06-05 12:35:00,527.3651127624512,545.0340243530273,8,353.37823181152316,67.00896280966887,286.36926900185426,2020-06-05
BANKNIFTY11JUN2020600PE,PE,2020-06-05 12:39:00,2020-06-05 12:49:00,516.9391494750977,521.19375,10,85.09201049804688,66.29955351491881,18.792456983128062,2020-06-05
BANKNIFTY11JUN2020600PE,PE,2020-06-05 13:06:00,2020-06-05 13:16:00,509.01937499999997,470.96961891174317,10,-760.995121765136,64.97952972981167,-825.9746514949477,2020-06-05
BANKNIFTY11JUN2020600PE,PE,2020-06-05 13:18:00,2020-06-05 13:28:00,478.1423872375488,448.3263871765137,10,-596.3200012207017,64.04516147321105,-660.3651626939127,2020-06-05
BANKNIFTY11JUN2020600PE,PE,2020-06-05 13:29:00,2020-06-05 13:39:00,447.11499999999995,479.7975,10,653.6500000000012,64.425180385,589.2248196150013,2020-06-05
BANKNIFTY11JUN2020600PE,PE,2020-06-05 13:50:00,2020-06-05 14:00:00,472.17749999999995,456.106875,10,-321.412499999999,64.16030557375,-385.572805573749,2020-06-05
BANKNIFTY11JUN2020600PE,PE,2020-06-05 14:09:00,2020-06-05 14:19:00,421.6013627624512,403.4388871765137,10,-363.24951171875,62.25089280654224,-425.50040452529225,2020-06-05
BANKNIFTY11JUN2020600PE,PE,2020-06-05 14:24:00,2020-06-05 14:34:00,447.11499999999995,421.7928810882569,10,-506.4423782348615,63.01429923643832,-569.4566774712998,2020-06-05
BANKNIFTY11JUN2020600PE,PE,2020-06-05 14:37:00,2020-06-05 14:47:00,414.9347438812256,384.7357621765137,10,-603.9796340942382,61.71314206895944,-665.6927761631977,2020-06-05
BANKNIFTY11JUN2020600PE,PE,2020-06-05 15:11:00,2020-06-05 15:15:00,334.7848872375488,355.359375,4,411.48975524902426,60.00285281883441,351.48690243018984,2020-06-05
BANKNIFTY11JUN2021700CE,CE,2020-06-08 09:21:00,2020-06-08 09:26:00,533.3801127624512,483.7875,5,-991.8522552490231,65.5939548039156,-1057.4462100529386,2020-06-08
BANKNIFTY11JUN2021700CE,CE,2020-06-08 12:28:00,2020-06-08 12:32:00,344.65948776245114,331.3196189117432,4,-266.7973770141589,59.54079749472727,-326.33817450888614,2020-06-08
BANKNIFTY11JUN2021700CE,CE,2020-06-08 12:47:00,2020-06-08 12:54:00,289.4217622375488,268.8761128234863,7,-410.9129882812499,57.335695223207765,-468.2486835044577,2020-06-08
BANKNIFTY11JUN2021700CE,CE,2020-06-08 13:18:00,2020-06-08 13:25:00,285.963125,225.63449695587158,7,-1206.5725608825683,56.240934729905845,-1262.813495612474,2020-06-08
BANKNIFTY11JUN2021700PE,PE,2020-06-08 11:14:00,2020-06-08 11:24:00,518.041875,521.6426371765137,10,72.0152435302748,66.32417188787664,5.691071642398157,2020-06-08
BANKNIFTY11JUN2021700PE,PE,2020-06-08 13:26:00,2020-06-08 13:34:00,874.4807377624511,852.8625000000001,8,-432.3647552490206,78.80888519866558,-511.1736404476862,2020-06-08
BANKNIFTY11JUN2021700PE,PE,2020-06-08 14:26:00,2020-06-08 14:38:00,827.7141494750977,801.4413871765137,10,-525.4552459716797,76.97712923254547,-602.4323752042252,2020-06-08
BANKNIFTY11JUN2021700PE,PE,2020-06-08 14:41:00,2020-06-08 14:42:00,796.0852255249023,810.3690243530274,1,285.675976562502,76.80133640858448,208.87464015391754,2020-06-08
BANKNIFTY11JUN2021300CE,CE,2020-06-09 14:51:00,2020-06-09 15:00:00,166.9663780593872,169.824375,9,57.15993881225586,53.40506366220861,3.7548751500472477,2020-06-09
BANKNIFTY11JUN2021300CE,CE,2020-06-09 15:07:00,2020-06-09 15:17:00,153.4326280593872,144.03899391174318,10,-187.87268295288072,52.60973247027028,-240.482415423151,2020-06-09
BANKNIFTY11JUN2021300PE,PE,2020-06-09 09:45:00,2020-06-09 09:55:00,557.2897744750976,489.9221189117432,10,-1347.3531112670878,66.0402148937305,-1413.3933261608183,2020-06-09
BANKNIFTY11JUN2021300PE,PE,2020-06-09 10:01:00,2020-06-09 10:11:00,448.2678688812256,362.5413871765137,10,-1714.5296340942377,61.587412380959435,-1776.1170464751972,2020-06-09
BANKNIFTY11JUN2021300PE,PE,2020-06-09 10:12:00,2020-06-09 10:21:00,378.24323776245114,385.3342378234864,9,141.82000122070463,61.27185855578894,80.54814266491569,2020-06-09
BANKNIFTY11JUN2021300PE,PE,2020-06-09 10:43:00,2020-06-09 10:53:00,356.38874999999996,364.58625,10,163.95000000000095,60.495681385,103.45431861500096,2020-06-09
BANKNIFTY11JUN2021300PE,PE,2020-06-09 11:13:00,2020-06-09 11:23:00,359.5466188812256,356.1075,10,-68.78237762451135,60.32867976133279,-129.11105738584416,2020-06-09
BANKNIFTY11JUN2021300PE,PE,2020-06-09 11:53:00,2020-06-09 12:03:00,313.73238723754883,323.19,10,189.15225524902326,58.958829970084416,130.19342527893883,2020-06-09
BANKNIFTY11JUN2020900PE,PE,2020-06-10 09:15:00,2020-06-10 09:21:00,377.3409938812256,354.1125,6,-464.5698776245115,60.50122437658279,-525.0711020010942,2020-06-10
BANKNIFTY11JUN2020900PE,PE,2020-06-10 10:15:00,2020-06-10 10:25:00,349.8223872375488,319.44937500000003,10,-607.4602447509756,59.31621222783441,-666.77645697881,2020-06-10
BANKNIFTY11JUN2020900PE,PE,2020-06-10 10:35:00,2020-06-10 10:45:00,280.9005122375488,291.9183689117432,10,220.35713348388754,57.79030124189609,162.56683224199145,2020-06-10
BANKNIFTY11JUN2020900PE,PE,2020-06-10 11:00:00,2020-06-10 11:10:00,323.2059938812256,309.1751371765137,10,-280.6171340942376,58.735634352209445,-339.35276844644704,2020-06-10
BANKNIFTY11JUN2020900PE,PE,2020-06-10 12:15:00,2020-06-10 12:25:00,323.7573872375488,347.22975608825686,10,469.447377014161,59.66810997127274,409.77926704288825,2020-06-10
BANKNIFTY11JUN2020900PE,PE,2020-06-10 12:35:00,2020-06-10 12:45:00,325.86261276245114,309.225,10,-332.75225524902226,58.76985196591558,-391.5221072149378,2020-06-10
BANKNIFTY11JUN2020900PE,PE,2020-06-10 13:00:00,2020-06-10 13:10:00,256.7402561187744,294.56173782348634,10,756.4296340942383,57.554440132040554,698.8751939621977,2020-06-10
BANKNIFTY11JUN2020900PE,PE,2020-06-10 15:00:00,2020-06-10 15:10:00,288.8202561187744,217.05600608825685,10,-1435.2850006103513,56.06777080360553,-1491.3527714139568,2020-06-10
BANKNIFTY11JUN2021000CE,CE,2020-06-11 09:20:00,2020-06-11 09:30:00,164.1092469406128,192.766875,10,573.1525611877441,53.927612001041396,519.2249491867027,2020-06-11
BANKNIFTY11JUN2021000CE,CE,2020-06-11 10:49:00,2020-06-11 10:54:00,158.0441188812256,165.23586891174318,5,143.83500061035193,53.18260809639447,90.65239251395747,2020-06-11
BANKNIFTY11JUN2021000CE,CE,2020-06-11 11:05:00,2020-06-11 11:12:00,128.67088111877442,133.01663108825684,7,86.91499938964853,52.033998886605524,34.881000503043005,2020-06-11
BANKNIFTY11JUN2021000CE,CE,2020-06-11 12:34:00,2020-06-11 12:44:00,55.137499999999996,43.89,10,-224.9499999999999,48.952569049,-273.9025690489999,2020-06-11
BANKNIFTY11JUN2021000CE,CE,2020-06-11 13:10:00,2020-06-11 13:17:00,70.12487194061279,47.88,7,-444.8974388122558,49.2358173270414,-494.1332561392972,2020-06-11
BANKNIFTY11JUN2021000CE,CE,2020-06-11 13:19:00,2020-06-11 13:26:00,40.45087347030639,41.097000761032106,7,12.922545814514308,48.70217247935674,-35.77962666484243,2020-06-11
BANKNIFTY11JUN2021000CE,CE,2020-06-11 13:33:00,2020-06-11 13:36:00,18.9973757648468,20.747999238967896,3,35.012469482421906,47.940681831841104,-12.928212349419198,2020-06-11
BANKNIFTY11JUN2021000PE,PE,2020-06-11 09:33:00,2020-06-11 09:43:00,133.6833811187744,143.68987804412842,10,200.12993850708028,52.35588397126136,147.77405453581892,2020-06-11
BANKNIFTY11JUN2021000PE,PE,2020-06-11 12:37:00,2020-06-11 12:47:00,330.073125,246.3326219558716,10,-1674.8100608825685,57.29239263915584,-1732.1024535217243,2020-06-11
BANKNIFTY11JUN2021000PE,PE,2020-06-11 13:02:00,2020-06-11 13:09:00,235.0361219406128,204.4875,7,-610.9724388122555,55.0938669195414,-666.0663057317969,2020-06-11
BANKNIFTY11JUN2021000PE,PE,2020-06-11 13:36:00,2020-06-11 13:38:00,335.5367622375488,327.47923782348636,2,-161.1504882812494,59.33404850845776,-220.48453678970716,2020-06-11
BANKNIFTY11JUN2021000PE,PE,2020-06-11 13:43:00,2020-06-11 13:53:00,310.57448776245116,276.70649391174317,10,-677.3598770141598,57.78895128147727,-735.148828295637,2020-06-11
BANKNIFTY11JUN2021000PE,PE,2020-06-11 14:44:00,2020-06-11 14:44:00,419.9472438812256,417.8527439117432,10,-41.88999938964798,62.58093958089447,-104.47093897054245,2020-06-11
BANKNIFTY11JUN2021000PE,PE,2020-06-11 14:49:00,2020-06-11 14:57:00,399.1453688812256,388.6260060882569,8,-210.38725585937414,61.61160592652113,-271.99886178589526,2020-06-11
BANKNIFTY11JUN2021000PE,PE,2020-06-11 14:58:00,2020-06-11 14:59:00,395.63661888122556,389.02500000000003,1,-132.2323776245105,61.5777195883328,-193.8100972128433,2020-06-11
BANKNIFTY11JUN2021000PE,PE,2020-06-11 15:00:00,2020-06-11 15:10:00,411.025,472.815,10,1235.8000000000004,63.806973123999995,1171.9930268760004,2020-06-11
BANKNIFTY11JUN2021000PE,PE,2020-06-11 15:11:00,2020-06-11 15:21:00,486.2125,476.805,10,-188.1499999999994,64.838123713,-252.98812371299942,2020-06-11
BANKNIFTY11JUN2021000PE,PE,2020-06-11 15:22:00,2020-06-11 15:24:00,474.18249999999995,469.12423782348634,2,-101.16524353027216,64.50184401812336,-165.66708754839553,2020-06-11
BANKNIFTY18JUN2019700CE,CE,2020-06-12 11:45:00,2020-06-12 11:55:00,829.4183505249023,787.7257621765137,10,-833.8517669677708,76.66468816845783,-910.5164551362286,2020-06-12
BANKNIFTY18JUN2019700CE,CE,2020-06-12 14:24:00,2020-06-12 14:34:00,1010.9210244750976,979.4951371765137,10,-628.5177459716783,83.58412635829548,-712.1018723299738,2020-06-12
BANKNIFTY18JUN2019700CE,CE,2020-06-12 14:59:00,2020-06-12 15:01:00,1176.43375,1226.925,2,1009.8250000000007,91.6587752665,918.1662247335007,2020-06-12
BANKNIFTY18JUN2019700CE,CE,2020-06-12 15:08:00,2020-06-12 15:18:00,1187.5614755249023,1166.57625,10,-419.70451049804524,90.32912282183119,-510.03363331987646,2020-06-12
BANKNIFTY18JUN2019700CE,CE,2020-06-12 15:19:00,2020-06-12 15:23:00,1174.3785760498047,1116.0030487060546,4,-1167.5105468750007,88.93522143291894,-1256.4457683079197,2020-06-12
BANKNIFTY18JUN2019700PE,PE,2020-06-12 09:45:00,2020-06-12 09:50:00,637.7905122375488,642.3401371765137,5,90.99249877929878,70.74767876846106,20.244820010837728,2020-06-12
BANKNIFTY18JUN2019700PE,PE,2020-06-12 11:23:00,2020-06-12 11:29:00,534.3325,462.84000000000003,6,-1429.849999999999,65.096268271,-1494.946268270999,2020-06-12
BANKNIFTY18JUN2019700PE,PE,2020-06-12 11:31:00,2020-06-12 11:36:00,445.0598872375488,453.8126371765137,5,175.05499877929765,63.76760307671106,111.2873957025866,2020-06-12
BANKNIFTY18JUN2019700PE,PE,2020-06-12 12:04:00,2020-06-12 12:14:00,469.82161888122556,487.1789939117432,10,347.1475006103526,64.88682284064447,282.26067776970814,2020-06-12
BANKNIFTY18JUN2019700PE,PE,2020-06-12 13:40:00,2020-06-12 13:50:00,425.0098872375488,379.39913108825687,10,-912.2151229858389,61.708505540022735,-973.9236285258617,2020-06-12
BANKNIFTY18JUN2019700PE,PE,2020-06-12 14:04:00,2020-06-12 14:14:00,355.8875,354.46163108825687,10,-28.517378234862463,60.24318687493832,-88.76056510980078,2020-06-12
BANKNIFTY18JUN2019700PE,PE,2020-06-12 14:19:00,2020-06-12 14:24:00,304.8101127624512,333.5639939117432,5,575.07762298584,59.10031607922726,515.9773069066127,2020-06-12
BANKNIFTY18JUN2019700PE,PE,2020-06-12 14:45:00,2020-06-12 14:54:00,271.92812499999997,241.44487804412844,9,-609.6649391174304,56.45113488934416,-666.1160740067746,2020-06-12
BANKNIFTY18JUN2019700PE,PE,2020-06-12 15:01:00,2020-06-12 15:06:00,235.78799694061277,246.73163108825685,5,218.87268295288152,56.13073726072972,162.7419456921518,2020-06-12
BANKNIFTY18JUN2020400CE,CE,2020-06-15 09:24:00,2020-06-15 09:34:00,438.0925,375.30937500000005,10,-1255.6624999999985,61.77156109675,-1317.4340610967486,2020-06-15
BANKNIFTY18JUN2020400CE,CE,2020-06-15 10:00:00,2020-06-15 10:10:00,344.7597438812256,365.93288108825686,10,423.4627441406258,60.38396218052111,363.07878196010466,2020-06-15
BANKNIFTY18JUN2020400CE,CE,2020-06-15 10:13:00,2020-06-15 10:23:00,347.76724388122557,325.0852439117432,10,-453.6399993896475,59.427764569894464,-513.0677639595419,2020-06-15
BANKNIFTY18JUN2020400CE,CE,2020-06-15 10:48:00,2020-06-15 10:55:00,303.80761276245113,300.79611282348634,7,-60.229998779295784,58.290828587788944,-118.52082736708473,2020-06-15
BANKNIFTY18JUN2020400PE,PE,2020-06-15 12:15:00,2020-06-15 12:25:00,933.9289755249023,951.615,10,353.7204895019545,81.94946263433117,271.77102686762333,2020-06-15
BANKNIFTY18JUN2020400PE,PE,2020-06-15 12:31:00,2020-06-15 12:41:00,903.2023872375488,887.6752743530274,10,-310.54225769042887,80.01248348133771,-390.5547411717666,2020-06-15
BANKNIFTY18JUN2020400PE,PE,2020-06-15 12:51:00,2020-06-15 13:00:00,859.1424999999999,907.725,8,971.6500000000019,79.95278257300001,891.6972174270019,2020-06-15
BANKNIFTY18JUN2020400PE,PE,2020-06-15 13:12:00,2020-06-15 13:22:00,857.8392622375488,857.85,10,0.21475524902371035,78.72345211833441,-78.5086968693107,2020-06-15
BANKNIFTY18JUN2020400PE,PE,2020-06-15 13:49:00,2020-06-15 14:00:00,844.3055122375488,778.3492378234864,10,-1319.1254882812473,76.62156948295777,-1395.747057764205,2020-06-15
BANKNIFTY18JUN2020400PE,PE,2020-06-15 14:58:00,2020-06-15 15:08:00,649.4194877624511,750.12,10,2014.0102447509776,73.51374678016559,1940.496497970812,2020-06-15
BANKNIFTY18JUN2020600CE,CE,2020-06-16 09:41:00,2020-06-16 09:51:00,345.06051223754883,335.5091310882569,10,-191.02762298583912,59.64768368077273,-250.67530666661185,2020-06-16
BANKNIFTY18JUN2020600CE,CE,2020-06-16 10:47:00,2020-06-16 10:48:00,301.7525,313.21500000000003,1,229.25000000000068,58.56736873300001,170.68263126700066,2020-06-16
BANKNIFTY18JUN2020600CE,CE,2020-06-16 11:33:00,2020-06-16 11:43:00,278.19374999999997,272.66663108825685,10,-110.54237823486233,57.28840194043832,-167.83078017530065,2020-06-16
BANKNIFTY18JUN2020600CE,CE,2020-06-16 11:44:00,2020-06-16 11:54:00,255.68762805938718,267.2302439117432,10,230.85231704711987,56.87656237677029,173.97575467034957,2020-06-16
BANKNIFTY18JUN2020600CE,CE,2020-06-16 13:01:00,2020-06-16 13:11:00,166.26463111877442,155.61,10,-213.09262237548808,53.0506006671672,-266.1432230426553,2020-06-16
BANKNIFTY18JUN2020600CE,CE,2020-06-16 13:13:00,2020-06-16 13:20:00,156.39,157.05637195587158,7,13.327439117431936,52.96310317290584,-39.6356640554739,2020-06-16
BANKNIFTY18JUN2020600CE,CE,2020-06-16 13:32:00,2020-06-16 13:40:00,155.3875,142.04399391174317,8,-266.87012176513633,52.585493435311676,-319.455615200448,2020-06-16
BANKNIFTY18JUN2020600PE,PE,2020-06-16 10:37:00,2020-06-16 10:47:00,465.51088111877436,488.4757621765137,10,459.2976211547864,64.86481003154385,394.4328111232425,2020-06-16
BANKNIFTY18JUN2020600PE,PE,2020-06-16 10:48:00,2020-06-16 10:58:00,474.18249999999995,433.96236282348633,10,-804.4027435302723,63.64658063537335,-868.0493241656457,2020-06-16
BANKNIFTY18JUN2020600PE,PE,2020-06-16 12:54:00,2020-06-16 13:00:00,607.2142622375488,674.7090243530274,6,1349.8952423095716,71.1551395330877,1278.7401027764838,2020-06-16
BANKNIFTY18JUN2020100CE,CE,2020-06-17 10:39:00,2020-06-17 10:45:00,427.91713111877436,418.30163108825684,6,-192.31000061035047,62.69087282410552,-255.000873434456,2020-06-17
BANKNIFTY18JUN2020100CE,CE,2020-06-17 11:50:00,2020-06-17 11:57:00,408.0676127624512,493.76250000000005,7,1713.8977447509774,64.27975033891559,1649.6179944120618,2020-06-17
BANKNIFTY18JUN2020100CE,CE,2020-06-17 13:33:00,2020-06-17 13:43:00,504.50812499999995,523.6875,10,383.587500000001,66.20577241675001,317.381727583251,2020-06-17
BANKNIFTY18JUN2020100CE,CE,2020-06-17 14:57:00,2020-06-17 15:07:00,314.6847438812256,319.54913108825684,10,97.28774414062514,58.88210262902111,38.405641511604024,2020-06-17
BANKNIFTY18JUN2020100CE,CE,2020-06-17 15:20:00,2020-06-17 15:24:00,260.65,267.67913108825684,4,140.58262176513722,56.94913145293832,83.6334903121989,2020-06-17
BANKNIFTY18JUN2020100PE,PE,2020-06-17 09:33:00,2020-06-17 09:43:00,349.8725,356.2571189117432,10,127.69237823486378,60.21213164856168,67.4802465863021,2020-06-17
BANKNIFTY18JUN2020100PE,PE,2020-06-17 11:45:00,2020-06-17 11:55:00,317.79249999999996,258.20288108825685,10,-1191.7923782348623,57.42855050143833,-1249.2209287363007,2020-06-17
BANKNIFTY18JUN2020100PE,PE,2020-06-17 12:08:00,2020-06-17 12:18:00,262.8555122375488,189.77437500000002,10,-1461.6227447509755,55.081607729584405,-1516.70435248056,2020-06-17
BANKNIFTY18JUN2020100PE,PE,2020-06-17 12:19:00,2020-06-17 12:29:00,191.62786888122557,199.5,10,157.44262237548867,54.433266191832786,103.00935618365588,2020-06-17
BANKNIFTY18JUN2020100PE,PE,2020-06-17 12:36:00,2020-06-17 12:46:00,188.47,213.36524391174316,10,497.9048782348633,54.73128673881167,443.17359149605164,2020-06-17
BANKNIFTY18JUN2020100PE,PE,2020-06-17 12:58:00,2020-06-17 13:08:00,176.2395030593872,161.5451219558716,10,-293.8876220703122,53.31888801861444,-347.2065100889266,2020-06-17
BANKNIFTY18JUN2020100PE,PE,2020-06-17 13:11:00,2020-06-17 13:21:00,163.7583811187744,147.48038108825685,10,-325.5600006103509,52.82172242110554,-378.3817230314565,2020-06-17
BANKNIFTY18JUN2020100PE,PE,2020-06-17 13:23:00,2020-06-17 13:29:00,135.78862194061279,175.56,6,795.4275611877443,53.157234739541394,742.2703264482029,2020-06-17
BANKNIFTY18JUN2020100CE,CE,2020-06-18 09:19:00,2020-06-18 09:29:00,156.4401280593872,169.42538108825684,10,259.7050605773927,53.264584774396916,206.4404758029958,2020-06-18
BANKNIFTY18JUN2020100CE,CE,2020-06-18 09:30:00,2020-06-18 09:40:00,153.78349388122558,142.09387195587158,10,-233.79243850708008,52.56677911848863,-286.3592176255687,2020-06-18
BANKNIFTY18JUN2020100CE,CE,2020-06-18 09:43:00,2020-06-18 09:53:00,144.2096311187744,143.49038108825684,10,-14.385000610351426,52.48180540660553,-66.86680601695696,2020-06-18
BANKNIFTY18JUN2020100CE,CE,2020-06-18 09:54:00,2020-06-18 10:04:00,149.3725,168.37800304412843,10,380.11006088256863,53.15130338584416,326.9587574967245,2020-06-18
BANKNIFTY18JUN2020100CE,CE,2020-06-18 14:47:00,2020-06-18 14:57:00,718.0907377624511,787.52625,10,1388.7102447509778,75.2767455841656,1313.4334991668122,2020-06-18
BANKNIFTY18JUN2020100PE,PE,2020-06-18 10:10:00,2020-06-18 10:20:00,134.1345030593872,102.89212652206422,10,-624.8475307464599,51.36914034088068,-676.2166710873406,2020-06-18
BANKNIFTY18JUN2020100PE,PE,2020-06-18 10:23:00,2020-06-18 10:33:00,106.9667469406128,105.28612804412842,10,-33.61237792968751,51.08984974138556,-84.70222767107308,2020-06-18
BANKNIFTY18JUN2020100PE,PE,2020-06-18 10:35:00,2020-06-18 10:45:00,105.9141265296936,136.30836891174317,10,607.8848476409914,51.83134498441598,556.0535026565755,2020-06-18
BANKNIFTY18JUN2020100PE,PE,2020-06-18 10:46:00,2020-06-18 10:56:00,138.6457530593872,136.6076219558716,10,-40.762622070312204,52.245268531114434,-93.00789060142664,2020-06-18
BANKNIFTY18JUN2020100PE,PE,2020-06-18 10:57:00,2020-06-18 11:07:00,136.5404969406128,135.80961891174317,10,-14.61756057739251,52.19970336435307,-66.81726394174558,2020-06-18
BANKNIFTY18JUN2020100PE,PE,2020-06-18 11:08:00,2020-06-18 11:18:00,133.53299694061278,128.47800304412843,10,-101.09987792968695,51.98400809563556,-153.0838860253225,2020-06-18
BANKNIFTY18JUN2020100PE,PE,2020-06-18 11:19:00,2020-06-18 11:29:00,130.7761219406128,117.15637195587159,10,-272.3949996948241,51.67437495744723,-324.06937465227134,2020-06-18
BANKNIFTY18JUN2020100PE,PE,2020-06-18 11:30:00,2020-06-18 11:40:00,122.054375,118.1538719558716,10,-78.01006088256798,51.590282253155834,-129.60034313572382,2020-06-18
BANKNIFTY18JUN2020100PE,PE,2020-06-18 11:41:00,2020-06-18 11:51:00,115.9391265296936,103.74000000000001,10,-243.98253059387173,51.16371159635431,-295.146242190226,2020-06-18
BANKNIFTY18JUN2020100PE,PE,2020-06-18 11:52:00,2020-06-18 12:02:00,95.2375,56.608125,10,-772.5874999999999,49.76010599425,-822.3476059942499,2020-06-18
BANKNIFTY18JUN2020100PE,PE,2020-06-18 12:03:00,2020-06-18 12:09:00,56.6913742351532,59.650499238967896,6,59.18250007629396,49.35522584023681,9.82727423605715,2020-06-18
BANKNIFTY18JUN2020100PE,PE,2020-06-18 12:15:00,2020-06-18 12:25:00,34.7366265296936,43.939874238967896,10,184.06495418548587,48.70032987839327,135.3646243070926,2020-06-18
BANKNIFTY18JUN2020100PE,PE,2020-06-18 13:19:00,2020-06-18 13:29:00,20.2505007648468,12.518625190258026,10,-154.6375114917755,47.7560821529799,-202.3935936447554,2020-06-18
BANKNIFTY18JUN2020100PE,PE,2020-06-18 13:30:00,2020-06-18 13:40:00,13.1327503824234,7.5311251902580265,10,-112.03250384330745,47.54634011432884,-159.5788439576363,2020-06-18
BANKNIFTY18JUN2020100PE,PE,2020-06-18 13:45:00,2020-06-18 13:46:00,5.9648748087882995,5.685749809741974,1,-5.582499980926503,47.4124031227467,-52.99490310367321,2020-06-18
BANKNIFTY25JUN2021100CE,CE,2020-06-19 09:15:00,2020-06-19 09:25:00,535.9866494750976,543.7372256469727,10,155.01152343750164,67.08453052016553,87.92699291733611,2020-06-19
BANKNIFTY25JUN2021100CE,CE,2020-06-19 09:26:00,2020-06-19 09:36:00,548.1669877624512,481.2438871765137,10,-1338.46201171875,65.71579120329224,-1404.1778029220422,2020-06-19
BANKNIFTY25JUN2021100CE,CE,2020-06-19 09:37:00,2020-06-19 09:47:00,457.0898872375488,450.17173782348635,10,-138.36298828124882,63.82849920520777,-202.1914874864566,2020-06-19
BANKNIFTY25JUN2021100CE,CE,2020-06-19 09:49:00,2020-06-19 09:58:00,451.62624999999997,446.0820121765137,9,-110.88475646972597,63.66114431087665,-174.5459007806026,2020-06-19
BANKNIFTY25JUN2021100CE,CE,2020-06-19 10:25:00,2020-06-19 10:35:00,424.90963111877437,466.5307621765137,10,832.4226211547864,63.82661494004385,768.5960062147425,2020-06-19
BANKNIFTY25JUN2021100CE,CE,2020-06-19 10:50:00,2020-06-19 10:54:00,460.64874999999995,520.695,4,1200.925000000002,65.5880927125,1135.336907287502,2020-06-19
BANKNIFTY25JUN2021100CE,CE,2020-06-19 11:09:00,2020-06-19 11:15:00,515.285,536.0565243530274,6,415.43048706054833,66.64051920175329,348.789967858795,2020-06-19
BANKNIFTY25JUN2021100CE,CE,2020-06-19 11:58:00,2020-06-19 12:01:00,662.3517622375488,672.6142378234864,3,205.24951171875273,71.78919302845776,133.46031869029497,2020-06-19
BANKNIFTY25JUN2021100CE,CE,2020-06-19 12:34:00,2020-06-19 12:44:00,649.870625,681.7413871765137,10,637.4152435302744,71.85613750187665,565.5591060283978,2020-06-19
BANKNIFTY25JUN2021100CE,CE,2020-06-19 13:05:00,2020-06-19 13:15:00,552.5278994750977,562.6398628234864,10,202.23926696777426,67.74981257929217,134.4894543884821,2020-06-19
BANKNIFTY25JUN2021100CE,CE,2020-06-19 13:18:00,2020-06-19 13:28:00,579.0439755249023,604.4351371765136,10,507.8232330322271,69.09584923695782,438.7273837952693,2020-06-19
BANKNIFTY25JUN2021100CE,CE,2020-06-19 13:37:00,2020-06-19 13:47:00,608.1666494750976,591.6671493530274,10,-329.9900024414046,69.14709426042212,-399.13709670182675,2020-06-19
BANKNIFTY25JUN2021100CE,CE,2020-06-19 13:50:00,2020-06-19 14:00:00,543.0542622375488,547.6275,10,91.46475524902598,67.26696119133442,24.197794057691567,2020-06-19
BANKNIFTY25JUN2021100CE,CE,2020-06-19 14:01:00,2020-06-19 14:11:00,555.5353994750976,462.44100608825687,10,-1861.887867736815,65.34997964460715,-1927.2378473814222,2020-06-19
BANKNIFTY25JUN2021100CE,CE,2020-06-19 14:12:00,2020-06-19 14:22:00,487.76636276245114,466.0320121765137,10,-434.6870117187484,64.59539043579224,-499.28240215454065,2020-06-19
BANKNIFTY25JUN2021100CE,CE,2020-06-19 14:23:00,2020-06-19 14:33:00,482.0521311187744,572.9640243530274,10,1818.23786468506,67.12537059892051,1751.1124940861396,2020-06-19
BANKNIFTY25JUN2021100CE,CE,2020-06-19 14:34:00,2020-06-19 14:44:00,573.43,591.6671493530274,10,364.74298706054924,68.7155400220033,296.0274470385459,2020-06-19
BANKNIFTY25JUN2021100CE,CE,2020-06-19 14:48:00,2020-06-19 14:58:00,609.8708505249023,606.2804878234864,10,-71.8072540283174,69.52371557220452,-141.33096960052194,2020-06-19
BANKNIFTY25JUN2021100CE,CE,2020-06-19 14:59:00,2020-06-19 15:09:00,598.1416494750977,603.0884756469727,10,98.93652343750091,69.30035544266552,29.63616799483539,2020-06-19
BANKNIFTY25JUN2021100CE,CE,2020-06-19 15:11:00,2020-06-19 15:21:00,629.06875,589.5225,10,-790.9249999999997,69.3546080035,-860.2796080034998,2020-06-19
BANKNIFTY25JUN2021100CE,CE,2020-06-19 15:22:00,2020-06-19 15:24:00,603.8558505249023,594.1109756469726,2,-194.89749755859293,69.15298127182788,-264.05047883042084,2020-06-19
BANKNIFTY25JUN2021100PE,PE,2020-06-19 09:25:00,2020-06-19 09:35:00,551.2747744750976,581.6422256469726,10,607.3490234375004,68.19645012791554,539.1525733095848,2020-06-19
BANKNIFTY25JUN2021100PE,PE,2020-06-19 09:48:00,2020-06-19 09:57:00,594.231875,604.485,9,205.06250000000136,69.28575046825,135.77674953175136,2020-06-19
BANKNIFTY25JUN2021100PE,PE,2020-06-19 10:54:00,2020-06-19 11:00:00,540.3976127624511,548.625,6,164.54774475097793,67.2582188319156,97.28952591906233,2020-06-19
BANKNIFTY25JUN2021100PE,PE,2020-06-19 11:41:00,2020-06-19 11:51:00,437.44088111877437,415.00986282348634,10,-448.62036590576054,62.72912443004056,-511.3494903358011,2020-06-19
BANKNIFTY25JUN2021100PE,PE,2020-06-19 11:52:00,2020-06-19 11:54:00,417.791875,424.28663108825685,2,129.895121765137,62.71065743818832,67.18446432694867,2020-06-19
BANKNIFTY25JUN2021100PE,PE,2020-06-19 12:01:00,2020-06-19 12:06:00,402.0025,402.99,5,19.750000000000227,61.99648582300001,-42.24648582299978,2020-06-19
BANKNIFTY25JUN2021100PE,PE,2020-06-19 15:12:00,2020-06-19 15:21:00,381.45124999999996,386.281875,9,96.61250000000109,61.334763564250004,35.27773643575109,2020-06-19
BANKNIFTY25JUN2021500CE,CE,2020-06-22 10:46:00,2020-06-22 10:56:00,506.6133811187744,517.8022256469727,10,223.77689056396662,66.08877621741391,157.6881143465527,2020-06-22
BANKNIFTY25JUN2021500CE,CE,2020-06-22 11:33:00,2020-06-22 11:35:00,483.2551127624511,496.75500000000005,2,269.99774475097865,65.28663813691558,204.71110661406306,2020-06-22
BANKNIFTY25JUN2021500CE,CE,2020-06-22 15:11:00,2020-06-22 15:21:00,494.28261276245115,529.6725,10,707.7977447509772,66.22431148891559,641.5734332620616,2020-06-22
BANKNIFTY25JUN2021500PE,PE,2020-06-22 09:27:00,2020-06-22 09:37:00,417.290625,371.8679878234864,10,-908.4527435302721,61.42941999737336,-969.8821635276454,2020-06-22
BANKNIFTY25JUN2021500PE,PE,2020-06-22 09:50:00,2020-06-22 10:00:00,360.29849388122557,347.22975608825686,10,-261.3747558593741,60.12208206377112,-321.4968379231452,2020-06-22
BANKNIFTY25JUN2021500PE,PE,2020-06-22 10:41:00,2020-06-22 10:51:00,390.3233811187744,401.9426371765137,10,232.38512115478557,61.82591348729385,170.5592076674917,2020-06-22
BANKNIFTY25JUN2021500PE,PE,2020-06-22 11:19:00,2020-06-22 11:22:00,359.4965061187744,378.60111282348635,3,382.0921340942391,60.875182821290565,321.21695127294856,2020-06-22
BANKNIFTY25JUN2021500PE,PE,2020-06-22 11:41:00,2020-06-22 11:51:00,388.0677561187744,376.45649391174317,10,-232.2252441406249,61.17797575022888,-293.4032198908538,2020-06-22
BANKNIFTY25JUN2021500PE,PE,2020-06-22 11:58:00,2020-06-22 12:01:00,374.48386276245117,397.05486282348636,3,451.42000122070385,61.51024137878895,389.90975984191493,2020-06-22
BANKNIFTY25JUN2021500PE,PE,2020-06-22 12:06:00,2020-06-22 12:16:00,387.46625,345.63375,10,-836.6499999999996,60.42078278500001,-897.0707827849997,2020-06-22
BANKNIFTY25JUN2021500PE,PE,2020-06-22 12:18:00,2020-06-22 12:28:00,354.3336372375488,352.16736282348637,10,-43.325488281249136,60.168077441957756,-103.4935657232069,2020-06-22
BANKNIFTY25JUN2021500PE,PE,2020-06-22 12:45:00,2020-06-22 12:55:00,318.9453688812256,279.3,10,-792.9073776245116,57.956031164832794,-850.8634087893444,2020-06-22
BANKNIFTY25JUN2021500PE,PE,2020-06-22 12:56:00,2020-06-22 13:06:00,282.40426223754883,299.000625,10,331.9272552490236,57.98124919458441,273.9460060544392,2020-06-22
BANKNIFTY25JUN2021500PE,PE,2020-06-22 13:16:00,2020-06-22 13:26:00,301.7525,279.3498628234863,10,-448.0527435302736,57.74364668237335,-505.79639021264694,2020-06-22
BANKNIFTY25JUN2021900CE,CE,2020-06-23 09:26:00,2020-06-23 09:36:00,393.28073776245117,384.0375,10,-184.8647552490229,61.4271371086656,-246.29189235768848,2020-06-23
BANKNIFTY25JUN2021900CE,CE,2020-06-23 10:48:00,2020-06-23 10:52:00,371.0252561187744,356.95538108825684,4,-281.397500610351,60.49190927935553,-341.88940988970654,2020-06-23
BANKNIFTY25JUN2021900CE,CE,2020-06-23 11:48:00,2020-06-23 11:58:00,373.681875,376.8554878234863,10,63.472256469726744,61.00895628587335,2.4633001838533914,2020-06-23
BANKNIFTY25JUN2021900CE,CE,2020-06-23 12:01:00,2020-06-23 12:11:00,381.8021311187744,369.07500000000005,10,-254.54262237548733,60.92058962616721,-315.46321200165454,2020-06-23
BANKNIFTY25JUN2021900CE,CE,2020-06-23 12:13:00,2020-06-23 12:23:00,371.97761276245114,353.76336891174316,10,-364.28487701415975,60.42609974997726,-424.710976764137,2020-06-23
BANKNIFTY25JUN2021900CE,CE,2020-06-23 12:25:00,2020-06-23 12:35:00,362.05286888122555,360.14736282348633,10,-38.11012115478434,60.458080416206144,-98.56820157099048,2020-06-23
BANKNIFTY25JUN2021900CE,CE,2020-06-23 12:36:00,2020-06-23 12:46:00,369.1205122375488,407.27923782348637,10,763.1745117187518,61.69230286495777,701.482208853794,2020-06-23
BANKNIFTY25JUN2021900CE,CE,2020-06-23 12:47:00,2020-06-23 12:57:00,402.55386276245116,396.7057621765137,10,-116.96201171874918,61.850480446292245,-178.81249216504142,2020-06-23
BANKNIFTY25JUN2021900CE,CE,2020-06-23 12:58:00,2020-06-23 13:08:00,401.0,395.6583689117432,10,-106.83262176513608,61.805699502061685,-168.63832126719777,2020-06-23
BANKNIFTY25JUN2021900CE,CE,2020-06-23 13:10:00,2020-06-23 13:20:00,385.3108811187744,386.3317378234863,10,20.417134094238918,61.38392692079056,-40.96679282655164,2020-06-23
BANKNIFTY25JUN2021900CE,CE,2020-06-23 13:29:00,2020-06-23 13:39:00,411.025,392.81548782348636,10,-364.19024353027226,61.86109698962335,-426.0513405198956,2020-06-23
BANKNIFTY25JUN2021900CE,CE,2020-06-23 13:50:00,2020-06-23 14:00:00,372.17812499999997,408.07725608825683,10,717.9826217651373,61.74970009993832,656.232921665199,2020-06-23
BANKNIFTY25JUN2021900PE,PE,2020-06-23 11:03:00,2020-06-23 11:13:00,431.075,438.90000000000003,10,156.5000000000009,63.23113141,93.2688685900009,2020-06-23
BANKNIFTY25JUN2021900PE,PE,2020-06-23 11:37:00,2020-06-23 11:47:00,445.36062499999997,423.8377439117432,10,-430.4576217651356,63.04224200856167,-493.4998637736973,2020-06-23
BANKNIFTY25JUN2021900PE,PE,2020-06-23 14:41:00,2020-06-23 14:50:00,229.72286888122557,222.59211891174317,9,-142.6149993896479,55.46822669739447,-198.08322608704236,2020-06-23
BANKNIFTY25JUN2021900PE,PE,2020-06-23 14:55:00,2020-06-23 15:05:00,216.89088111877442,191.86913108825684,10,-500.4350006103516,54.56151354760553,-554.9965141579571,2020-06-23
BANKNIFTY25JUN2021900PE,PE,2020-06-23 15:06:00,2020-06-23 15:16:00,189.0213780593872,199.69949695587158,10,213.56237792968784,54.405736676614445,159.1566412530734,2020-06-23
BANKNIFTY25JUN2022400CE,CE,2020-06-24 10:41:00,2020-06-24 10:51:00,249.27161888122558,246.18300304412844,10,-61.772316741942745,56.284907777176954,-118.0572245191197,2020-06-24
BANKNIFTY25JUN2022400CE,CE,2020-06-24 10:52:00,2020-06-24 11:02:00,237.49224388122556,204.38774391174317,10,-662.0899993896478,55.121954368894464,-717.2119537585422,2020-06-24
BANKNIFTY25JUN2022400CE,CE,2020-06-24 11:43:00,2020-06-24 11:53:00,141.20213111877442,151.32074695587158,10,202.37231674194334,52.634904116823044,149.7374126251203,2020-06-24
BANKNIFTY25JUN2022400CE,CE,2020-06-24 13:25:00,2020-06-24 13:35:00,127.81875,102.79237804412843,10,-500.52743911743136,51.28824970909416,-551.8156888265255,2020-06-24
BANKNIFTY25JUN2022400CE,CE,2020-06-24 14:01:00,2020-06-24 14:05:00,84.15987194061279,98.75250000000001,4,291.85256118774447,50.6475848940414,241.20497629370306,2020-06-24
BANKNIFTY25JUN2022400CE,CE,2020-06-24 14:13:00,2020-06-24 14:23:00,84.2601280593872,93.26625,10,180.122438812256,50.515385085458604,129.6070537267974,2020-06-24
BANKNIFTY25JUN2022400CE,CE,2020-06-24 14:54:00,2020-06-24 14:55:00,43.358125,48.129375,1,95.42500000000004,48.909343667499996,46.51565633250004,2020-06-24
BANKNIFTY25JUN2022400CE,CE,2020-06-24 15:09:00,2020-06-24 15:14:00,40.5010015296936,36.259123477935795,5,-84.83756103515617,48.585120658432224,-133.4226816935884,2020-06-24
BANKNIFTY25JUN2022400PE,PE,2020-06-24 10:02:00,2020-06-24 10:12:00,367.8673872375488,356.90548782348634,10,-219.23798828124973,60.451463595707764,-279.6894518769575,2020-06-24
BANKNIFTY25JUN2022400PE,PE,2020-06-24 12:08:00,2020-06-24 12:18:00,525.4102255249023,475.35861282348634,10,-1001.0322540283198,65.28991923270453,-1066.3221732610243,2020-06-24
BANKNIFTY25JUN2022400PE,PE,2020-06-24 12:19:00,2020-06-24 12:29:00,436.98974388122554,399.9975,10,-739.8448776245107,62.3583649730828,-802.2032425975934,2020-06-24
BANKNIFTY25JUN2021000CE,CE,2020-06-25 14:01:00,2020-06-25 14:03:00,546.3625,515.0591006469726,2,-626.0679870605463,66.5158806954967,-692.583867756043,2020-06-25
BANKNIFTY25JUN2021000CE,CE,2020-06-25 14:06:00,2020-06-25 14:10:00,525.7611372375488,563.5376371765137,4,755.5299987792978,67.43911013621106,688.0908886430867,2020-06-25
BANKNIFTY25JUN2021000PE,PE,2020-06-25 09:39:00,2020-06-25 09:46:00,147.51786888122558,147.43050304412841,7,-1.7473167419433366,52.61874357967696,-54.366060321620296,2020-06-25
BANKNIFTY25JUN2021000PE,PE,2020-06-25 09:49:00,2020-06-25 09:57:00,105.41287652969359,122.74237804412843,8,346.59003028869677,51.49514391944847,295.0948863692483,2020-06-25
BANKNIFTY25JUN2021000PE,PE,2020-06-25 10:24:00,2020-06-25 10:34:00,82.0045030593872,56.25900152206421,10,-514.9100307464598,49.58721259363069,-564.4972433400906,2020-06-25
BANKNIFTY25JUN2021000PE,PE,2020-06-25 10:35:00,2020-06-25 10:45:00,59.44824923515319,53.46599847793579,10,-119.64501514434801,49.239046829775766,-168.88406197412377,2020-06-25
BANKNIFTY25JUN2021000PE,PE,2020-06-25 10:47:00,2020-06-25 10:57:00,50.2252484703064,51.82012576103211,10,31.897545814514245,49.08443040785674,-17.186884593342498,2020-06-25
BANKNIFTY25JUN2021000PE,PE,2020-06-25 10:59:00,2020-06-25 11:09:00,47.2177484703064,31.969874238967897,10,-304.95748462677,48.56423685293467,-353.52172147970464,2020-06-25
BANKNIFTY25JUN2021000PE,PE,2020-06-25 11:34:00,2020-06-25 11:36:00,33.984751529693604,40.099500761032104,2,122.29498462677,48.597577175815346,73.69740745095466,2020-06-25
BANKNIFTY25JUN2021000PE,PE,2020-06-25 12:30:00,2020-06-25 12:35:00,42.205248470306394,51.1717492389679,5,179.33001537323008,48.969022284684655,130.36099308854543,2020-06-25
BANKNIFTY25JUN2021000PE,PE,2020-06-25 13:48:00,2020-06-25 13:55:00,11.779375,11.97,7,3.812500000000014,47.63749573524999,-43.82499573524998,2020-06-25
BANKNIFTY25JUN2021000PE,PE,2020-06-25 14:02:00,2020-06-25 14:03:00,10.2254998087883,10.872749619483947,1,12.944996213912958,47.591501932068944,-34.646505718155986,2020-06-25
BANKNIFTY02JUL2021800CE,CE,2020-06-26 09:15:00,2020-06-26 09:25:00,531.7260244750976,496.505625,10,-704.4079895019513,65.88275565791882,-770.2907451598701,2020-06-26
BANKNIFTY02JUL2021800CE,CE,2020-06-26 10:09:00,2020-06-26 10:11:00,500.89911888122555,476.0070121765137,2,-497.8421340942373,65.00117445470944,-562.8433085489468,2020-06-26
BANKNIFTY02JUL2021800CE,CE,2020-06-26 10:29:00,2020-06-26 10:39:00,432.62886276245115,433.3139939117432,10,13.702622985840662,63.11456420172727,-49.41194121588661,2020-06-26
BANKNIFTY02JUL2021800CE,CE,2020-06-26 10:45:00,2020-06-26 10:55:00,440.14761276245116,405.9825,10,-683.3022552490229,62.54317381891559,-745.8454290679385,2020-06-26
BANKNIFTY02JUL2021800CE,CE,2020-06-26 10:57:00,2020-06-26 11:07:00,404.3583811187744,429.673125,10,506.29487762451276,62.67478400691721,443.62009361759556,2020-06-26
BANKNIFTY02JUL2021800CE,CE,2020-06-26 11:08:00,2020-06-26 11:18:00,437.84187499999996,443.2889939117432,10,108.94237823486492,63.421956490561676,45.52042174430324,2020-06-26
BANKNIFTY02JUL2021800CE,CE,2020-06-26 11:19:00,2020-06-26 11:29:00,439.1952561187744,413.96250000000003,10,-504.6551223754875,62.7254444489172,-567.3805668244047,2020-06-26
BANKNIFTY02JUL2021800CE,CE,2020-06-26 11:30:00,2020-06-26 11:40:00,402.6040061187744,401.6932621765137,10,-18.21487884521389,61.972417362293854,-80.18729620750774,2020-06-26
BANKNIFTY02JUL2021800CE,CE,2020-06-26 11:47:00,2020-06-26 11:57:00,415.9372438812256,408.975,10,-139.24487762451122,62.315182253082796,-201.56005987759403,2020-06-26
BANKNIFTY02JUL2021800CE,CE,2020-06-26 11:58:00,2020-06-26 12:08:00,412.57886276245114,434.2616310882569,10,433.6553665161148,62.88852096935391,370.76684554676086,2020-06-26
BANKNIFTY02JUL2021800CE,CE,2020-06-26 12:11:00,2020-06-26 12:21:00,432.87948776245116,440.74538108825686,10,157.317866516114,63.298435955603914,94.0194305605101,2020-06-26
BANKNIFTY02JUL2021800CE,CE,2020-06-26 12:23:00,2020-06-26 12:33:00,444.9596311187744,379.64850608825685,10,-1306.2225006103506,61.96241887585554,-1368.1849194862061,2020-06-26
BANKNIFTY02JUL2021800CE,CE,2020-06-26 12:43:00,2020-06-26 12:53:00,366.06286888122554,356.5563871765137,10,-190.1296340942372,60.420553596959444,-250.55018769119664,2020-06-26
BANKNIFTY02JUL2021800CE,CE,2020-06-26 13:07:00,2020-06-26 13:17:00,362.70448776245115,395.15961891174317,10,649.1026229858403,61.317799980727266,587.784823005113,2020-06-26
BANKNIFTY02JUL2021800CE,CE,2020-06-26 13:18:00,2020-06-26 13:28:00,414.283125,359.1,10,-1103.6624999999992,61.081492591750006,-1164.7439925917492,2020-06-26
BANKNIFTY02JUL2021800CE,CE,2020-06-26 13:30:00,2020-06-26 13:40:00,364.0077561187744,342.14250000000004,10,-437.3051223754874,60.044424071917206,-497.3495464474046,2020-06-26
BANKNIFTY02JUL2021800CE,CE,2020-06-26 13:41:00,2020-06-26 13:51:00,341.85249999999996,349.125,10,145.45000000000073,59.939015569,85.51098443100074,2020-06-26
BANKNIFTY02JUL2021800CE,CE,2020-06-26 14:08:00,2020-06-26 14:18:00,374.8848872375488,368.7757621765137,10,-122.1825012207023,60.82737401396107,-183.00987523466338,2020-06-26
BANKNIFTY02JUL2021800CE,CE,2020-06-26 14:21:00,2020-06-26 14:31:00,412.6290061187744,424.685625,10,241.13237762451263,62.65622098866721,178.47615663584543,2020-06-26
BANKNIFTY02JUL2021800CE,CE,2020-06-26 14:36:00,2020-06-26 14:46:00,335.8375,347.52899391174316,10,233.8298782348636,59.82546700131168,174.00441123355193,2020-06-26
BANKNIFTY02JUL2021800CE,CE,2020-06-26 14:47:00,2020-06-26 14:57:00,353.8323872375488,344.28711891174316,10,-190.90536651611274,59.97017421164608,-250.87554072775882,2020-06-26
BANKNIFTY02JUL2021800CE,CE,2020-06-26 14:59:00,2020-06-26 15:09:00,362.7546311187744,364.08750000000003,10,26.65737762451272,60.562637150167205,-33.905259525654486,2020-06-26
BANKNIFTY02JUL2021800CE,CE,2020-06-26 15:13:00,2020-06-26 15:23:00,369.170625,407.47875000000005,10,766.1625000000015,61.69777830025001,704.4647216997515,2020-06-26
BANKNIFTY02JUL2021800PE,PE,2020-06-26 11:01:00,2020-06-26 11:11:00,776.7369877624511,778.0500000000001,10,26.260244750978927,75.77484662116558,-49.51460187018665,2020-06-26
BANKNIFTY02JUL2021800PE,PE,2020-06-26 11:22:00,2020-06-26 11:28:00,803.9047744750976,827.9250000000001,6,480.40451049804915,77.32550788616882,403.07900261188036,2020-06-26
BANKNIFTY02JUL2021800PE,PE,2020-06-26 12:01:00,2020-06-26 12:03:00,763.40375,765.830625,2,48.53750000000218,75.31198061875,-26.774480618747816,2020-06-26
BANKNIFTY02JUL2021800PE,PE,2020-06-26 12:25:00,2020-06-26 12:30:00,805.0074999999999,839.8950000000001,5,697.7500000000032,77.63036119900002,620.1196388010031,2020-06-26
BANKNIFTY02JUL2021300CE,CE,2020-06-29 12:06:00,2020-06-29 12:16:00,352.17823776245115,367.6785060882569,10,310.0053665161147,60.51858646535392,249.48678005076079,2020-06-29
BANKNIFTY02JUL2021300CE,CE,2020-06-29 12:33:00,2020-06-29 12:43:00,394.48375,411.3689939117432,10,337.70487823486405,62.106883176811685,275.5979950580524,2020-06-29
BANKNIFTY02JUL2021300CE,CE,2020-06-29 13:05:00,2020-06-29 13:15:00,386.6642622375488,359.99774391174316,10,-533.3303665161134,60.760203252146084,-594.0905697682595,2020-06-29
BANKNIFTY02JUL2021300CE,CE,2020-06-29 13:23:00,2020-06-29 13:33:00,351.5767622375488,362.09250000000003,10,210.31475524902476,60.37524219633441,149.93951305269036,2020-06-29
BANKNIFTY02JUL2021300CE,CE,2020-06-29 13:41:00,2020-06-29 13:51:00,333.53176223754883,328.2273628234864,10,-106.08798828124918,59.32733628370776,-165.41532456495693,2020-06-29
BANKNIFTY02JUL2021300CE,CE,2020-06-29 13:56:00,2020-06-29 14:00:00,335.8375,352.61625000000004,4,335.5750000000012,59.949207383499996,275.6257926165012,2020-06-29
BANKNIFTY02JUL2021300CE,CE,2020-06-29 14:10:00,2020-06-29 14:20:00,346.91511276245114,336.25725608825684,10,-213.15713348388613,59.68892158910391,-272.84605507299005,2020-06-29
BANKNIFTY02JUL2021300CE,CE,2020-06-29 14:24:00,2020-06-29 14:34:00,340.7497438812256,371.818125,10,621.3676223754885,60.47729386333279,560.8903285121557,2020-06-29
BANKNIFTY02JUL2021300PE,PE,2020-06-29 09:17:00,2020-06-29 09:20:00,556.3874999999999,603.4875000000001,3,942.0000000000027,68.7913243,873.2086757000027,2020-06-29
BANKNIFTY02JUL2021300PE,PE,2020-06-29 10:13:00,2020-06-29 10:20:00,641.5999999999999,631.7167378234864,7,-197.6652435302708,70.53660700412335,-268.20185053439417,2020-06-29
BANKNIFTY02JUL2021300PE,PE,2020-06-29 10:38:00,2020-06-29 10:48:00,599.495,621.4923628234864,10,439.9472564697271,69.76481771837334,370.18243875135374,2020-06-29
BANKNIFTY02JUL2021300PE,PE,2020-06-29 12:37:00,2020-06-29 12:47:00,505.26,516.455625,10,223.91250000000127,66.03920817625,157.8732918237513,2020-06-29
BANKNIFTY02JUL2021300PE,PE,2020-06-29 15:13:00,2020-06-29 15:19:00,405.91224388122555,379.39913108825687,6,-530.2622558593737,61.47124405802111,-591.7334999173947,2020-06-29
BANKNIFTY02JUL2021600CE,CE,2020-06-30 10:23:00,2020-06-30 10:33:00,318.29375,318.00298782348636,10,-5.8152435302724825,58.88933170712335,-64.70457523739583,2020-06-30
BANKNIFTY02JUL2021600CE,CE,2020-06-30 11:39:00,2020-06-30 11:49:00,307.3665061187744,300.496875,10,-137.39262237548814,58.327764314167204,-195.72038668965536,2020-06-30
BANKNIFTY02JUL2021600CE,CE,2020-06-30 11:54:00,2020-06-30 12:04:00,294.3340061187744,313.3646189117432,10,380.61225585937564,58.478843602978884,322.13341225639675,2020-06-30
BANKNIFTY02JUL2021600CE,CE,2020-06-30 12:09:00,2020-06-30 12:19:00,310.775,293.31486282348635,10,-349.2027435302725,58.19541768737335,-407.3981612176459,2020-06-30
BANKNIFTY02JUL2021600CE,CE,2020-06-30 12:23:00,2020-06-30 12:33:00,321.00051223754883,314.8608689117432,10,-122.79286651611301,58.84653179489609,-181.6393983110091,2020-06-30
BANKNIFTY02JUL2021600CE,CE,2020-06-30 12:34:00,2020-06-30 12:44:00,319.4967622375488,284.2875,10,-704.1852447509757,58.0841954103344,-762.2694401613101,2020-06-30
BANKNIFTY02JUL2021600CE,CE,2020-06-30 12:46:00,2020-06-30 12:56:00,286.715,300.995625,10,285.61250000000086,58.08332965825,227.52917034175087,2020-06-30
BANKNIFTY02JUL2021600CE,CE,2020-06-30 13:26:00,2020-06-30 13:36:00,301.40161888122555,288.32736282348634,10,-261.4851211547841,57.95765259470613,-319.44277374949024,2020-06-30
BANKNIFTY02JUL2021600CE,CE,2020-06-30 13:43:00,2020-06-30 13:53:00,290.3240061187744,268.3275,10,-439.9301223754878,57.333560101417206,-497.26368247690505,2020-06-30
BANKNIFTY02JUL2021600CE,CE,2020-06-30 13:55:00,2020-06-30 14:05:00,284.6598872375488,280.1977439117432,10,-89.24286651611169,57.551918418896086,-146.79478493500778,2020-06-30
BANKNIFTY02JUL2021600CE,CE,2020-06-30 14:07:00,2020-06-30 14:17:00,285.8127561187744,238.70175304412842,10,-942.2200614929199,56.556909317261365,-998.7769708101812,2020-06-30
BANKNIFTY02JUL2021600CE,CE,2020-06-30 14:18:00,2020-06-30 14:28:00,227.2667469406128,215.60961891174318,10,-233.14256057739215,55.26787328385307,-288.4104338612452,2020-06-30
BANKNIFTY02JUL2021600CE,CE,2020-06-30 14:29:00,2020-06-30 14:39:00,212.53,204.4875,10,-160.8499999999998,54.814259863000004,-215.6642598629998,2020-06-30
BANKNIFTY02JUL2021600CE,CE,2020-06-30 14:41:00,2020-06-30 14:51:00,212.53,227.28038108825686,10,295.0076217651372,55.36866478543832,239.63895697969886,2020-06-30
BANKNIFTY02JUL2021600CE,CE,2020-06-30 15:00:00,2020-06-30 15:10:00,232.6802561187744,228.72675304412843,10,-79.07006149291931,55.65418448026137,-134.72424597318067,2020-06-30
BANKNIFTY02JUL2021600CE,CE,2020-06-30 15:12:00,2020-06-30 15:20:00,232.4296311187744,262.24274391174316,8,596.262255859375,56.46630037097888,539.7959554883962,2020-06-30
BANKNIFTY02JUL2021600PE,PE,2020-06-30 09:27:00,2020-06-30 09:37:00,426.36323776245115,417.204375,10,-183.17725524902244,62.64487865641559,-245.82213390543802,2020-06-30
BANKNIFTY02JUL2021600PE,PE,2020-06-30 09:39:00,2020-06-30 09:49:00,403.756875,418.95000000000005,10,303.8625000000013,62.406486132249995,241.45601386775132,2020-06-30
BANKNIFTY02JUL2021600PE,PE,2020-06-30 10:10:00,2020-06-30 10:20:00,411.275625,461.34375,10,1001.3625000000002,63.53106469225,937.8314353077502,2020-06-30
BANKNIFTY02JUL2021600PE,PE,2020-06-30 10:55:00,2020-06-30 11:05:00,419.69661888122556,432.46611282348636,10,255.3898788452159,62.93327565620615,192.45660318900974,2020-06-30
BANKNIFTY02JUL2021300CE,CE,2020-07-01 10:43:00,2020-07-01 10:44:00,393.98249999999996,401.34413108825686,1,147.232621765138,61.85681509393832,85.37580667119967,2020-07-01
BANKNIFTY02JUL2021300CE,CE,2020-07-01 12:28:00,2020-07-01 12:38:00,551.375,542.7397256469727,10,-172.7054870605457,67.2514464407467,-239.95693350129238,2020-07-01
BANKNIFTY02JUL2021300CE,CE,2020-07-01 12:39:00,2020-07-01 12:46:00,546.6632377624511,609.8216006469727,7,1263.1672576904316,68.8245820861623,1194.3426756042693,2020-07-01
BANKNIFTY02JUL2021300CE,CE,2020-07-01 13:45:00,2020-07-01 13:55:00,636.6376127624511,564.4353506469727,10,-1444.045242309569,68.8384307409123,-1512.8836730504813,2020-07-01
BANKNIFTY02JUL2021300PE,PE,2020-07-01 09:16:00,2020-07-01 09:23:00,330.825,329.175,7,-32.999999999999545,59.316758500000006,-92.31675849999955,2020-07-01
BANKNIFTY02JUL2021300PE,PE,2020-07-01 09:30:00,2020-07-01 09:40:00,257.6425,244.83637195587158,10,-256.122560882568,56.35614933990584,-312.47871022247386,2020-07-01
BANKNIFTY02JUL2021300PE,PE,2020-07-01 09:42:00,2020-07-01 09:52:00,248.11874999999998,206.58225608825686,10,-830.7298782348624,55.30735226668832,-886.0372305015508,2020-07-01
BANKNIFTY02JUL2021300PE,PE,2020-07-01 10:14:00,2020-07-01 10:24:00,197.29200305938718,200.4975,10,64.10993881225636,54.5278979202086,9.582040892047758,2020-07-01
BANKNIFTY02JUL2021300PE,PE,2020-07-01 10:25:00,2020-07-01 10:35:00,200.7004969406128,191.17086891174318,10,-190.5925605773922,54.343386440853074,-244.93594701824526,2020-07-01
BANKNIFTY02JUL2021300PE,PE,2020-07-01 10:40:00,2020-07-01 10:50:00,199.0965061187744,207.33038108825684,10,164.67749938964857,54.716516610855535,109.96098277879304,2020-07-01
BANKNIFTY02JUL2021300PE,PE,2020-07-01 10:52:00,2020-07-01 11:02:00,208.51999999999998,201.495,10,-140.49999999999955,54.691652854,-195.19165285399953,2020-07-01
BANKNIFTY02JUL2021300PE,PE,2020-07-01 11:03:00,2020-07-01 11:13:00,199.89849388122556,196.2082469558716,10,-73.80493850707921,54.45594984423863,-128.26088835131785,2020-07-01
BANKNIFTY02JUL2021300PE,PE,2020-07-01 11:15:00,2020-07-01 11:25:00,198.49499999999998,195.80925304412844,10,-53.71493911743073,54.42880842934416,-108.14374754677489,2020-07-01
BANKNIFTY02JUL2021300PE,PE,2020-07-01 11:28:00,2020-07-01 11:32:00,142.50536888122556,148.52774391174316,4,120.44750061035188,52.58315913264447,67.86434147770741,2020-07-01
BANKNIFTY02JUL2021300PE,PE,2020-07-01 13:29:00,2020-07-01 13:30:00,77.8441265296936,81.34612804412842,1,70.04003028869647,50.14573497044846,19.894295318248012,2020-07-01
BANKNIFTY02JUL2021300PE,PE,2020-07-01 13:35:00,2020-07-01 13:40:00,75.438125,79.7002515220642,5,85.24253044128415,50.07581012767208,35.16672031361207,2020-07-01
BANKNIFTY02JUL2021300PE,PE,2020-07-01 14:03:00,2020-07-01 14:13:00,80.8516265296936,78.1541234779358,10,-53.950061035156125,50.10545790518222,-104.05551894033835,2020-07-01
BANKNIFTY02JUL2021300PE,PE,2020-07-01 14:39:00,2020-07-01 14:49:00,63.8091265296936,74.46337652206421,10,213.08499984741218,49.80395644952638,163.2810433978858,2020-07-01
BANKNIFTY02JUL2022200CE,CE,2020-07-02 10:08:00,2020-07-02 10:18:00,196.89099388122557,152.6175,10,-885.4698776245112,53.358301974582794,-938.828179599094,2020-07-02
BANKNIFTY02JUL2022200CE,CE,2020-07-02 10:21:00,2020-07-02 10:31:00,118.3451280593872,102.14400152206422,10,-324.02253074645984,51.15478236838068,-375.1773131148405,2020-07-02
BANKNIFTY02JUL2022200CE,CE,2020-07-02 10:33:00,2020-07-02 10:42:00,106.6660015296936,101.04675304412842,9,-112.3849697113036,50.98299653894847,-163.36796625025207,2020-07-02
BANKNIFTY02JUL2022200CE,CE,2020-07-02 10:59:00,2020-07-02 11:09:00,104.1597515296936,77.20650152206422,10,-539.0650001525876,50.37197914952637,-589.436979302114,2020-07-02
BANKNIFTY02JUL2022200CE,CE,2020-07-02 13:45:00,2020-07-02 13:53:00,103.10712347030639,96.009375,8,-141.9549694061277,50.81625529289569,-192.77122469902338,2020-07-02
BANKNIFTY02JUL2022200CE,CE,2020-07-02 14:28:00,2020-07-02 14:29:00,76.39049694061279,71.72025152206422,1,-93.4049083709715,49.89353968771347,-143.29844805868498,2020-07-02
BANKNIFTY02JUL2022200PE,PE,2020-07-02 09:18:00,2020-07-02 09:21:00,166.36487194061277,164.68725608825685,3,-33.55231704711855,53.27263756522972,-86.82495461234828,2020-07-02
BANKNIFTY02JUL2022200PE,PE,2020-07-02 09:25:00,2020-07-02 09:30:00,142.00411888122557,147.72975608825683,5,114.51274414062539,52.557521866521114,61.95522227410427,2020-07-02
BANKNIFTY02JUL2022200PE,PE,2020-07-02 10:45:00,2020-07-02 10:55:00,236.18900611877442,223.09086891174317,10,-261.96274414062486,55.56069079547889,-317.52343493610374,2020-07-02
BANKNIFTY02JUL2022200PE,PE,2020-07-02 10:56:00,2020-07-02 11:01:00,227.51737194061278,259.30013717651366,5,635.6553047180176,56.33369763866805,579.3216070793496,2020-07-02
BANKNIFTY02JUL2022200PE,PE,2020-07-02 11:05:00,2020-07-02 11:10:00,237.8932530593872,303.1402439117432,5,1304.93981704712,57.52895265552028,1247.4108643915997,2020-07-02
BANKNIFTY02JUL2022200PE,PE,2020-07-02 11:16:00,2020-07-02 11:26:00,278.4944877624512,314.26236282348634,10,715.3575012207034,58.303896126538945,657.0536050941645,2020-07-02
BANKNIFTY02JUL2022200PE,PE,2020-07-02 11:30:00,2020-07-02 11:40:00,289.8227561187744,211.1707469558716,10,-1573.040183258056,55.937074773573045,-1628.977258031629,2020-07-02
BANKNIFTY02JUL2022200PE,PE,2020-07-02 11:41:00,2020-07-02 11:47:00,205.8132530593872,202.1932469558716,6,-72.40012207031214,54.67500919236444,-127.07513126267658,2020-07-02
BANKNIFTY02JUL2022200PE,PE,2020-07-02 12:03:00,2020-07-02 12:13:00,185.5126280593872,160.5476219558716,10,-499.3001220703121,53.409830823364445,-552.7099528936766,2020-07-02
BANKNIFTY02JUL2022200PE,PE,2020-07-02 12:24:00,2020-07-02 12:34:00,161.4025,189.77437500000002,10,567.4375000000003,53.82119608674999,513.6163039132504,2020-07-02
BANKNIFTY02JUL2022200PE,PE,2020-07-02 13:03:00,2020-07-02 13:05:00,181.703125,187.53,2,116.53750000000002,54.018811651750006,62.518688348250016,2020-07-02
BANKNIFTY02JUL2022200PE,PE,2020-07-02 13:21:00,2020-07-02 13:31:00,165.66312499999998,147.23100608825683,10,-368.6423782348629,52.83932049943833,-421.48169873430123,2020-07-02
BANKNIFTY09JUL2022100CE,CE,2020-07-03 09:46:00,2020-07-03 09:52:00,372.12801223754883,379.59861282348635,6,149.41201171875036,61.05637439170776,88.3556373270426,2020-07-03
BANKNIFTY09JUL2022100CE,CE,2020-07-03 09:53:00,2020-07-03 10:03:00,356.0880122375488,354.5613871765137,10,-30.53250122070267,60.24810438596105,-90.78060560666373,2020-07-03
BANKNIFTY09JUL2022100CE,CE,2020-07-03 10:04:00,2020-07-03 10:12:00,373.23073776245116,363.7383689117432,8,-189.84737701415952,60.68429598372727,-250.5316729978868,2020-07-03
BANKNIFTY09JUL2022100CE,CE,2020-07-03 10:51:00,2020-07-03 11:01:00,384.10786888122556,389.1746189117432,10,101.33500061035306,61.43813028039447,39.896870329958595,2020-07-03
BANKNIFTY09JUL2022100CE,CE,2020-07-03 11:05:00,2020-07-03 11:15:00,377.9425,355.70850608825685,10,-444.6798782348628,60.54751786168832,-505.22739609655116,2020-07-03
BANKNIFTY09JUL2022100CE,CE,2020-07-03 11:17:00,2020-07-03 11:27:00,365.91249999999997,367.2795121765137,10,27.340243530275075,60.679510477376645,-33.33926694710157,2020-07-03
BANKNIFTY09JUL2022100CE,CE,2020-07-03 11:28:00,2020-07-03 11:29:00,361.65187499999996,372.31687500000004,1,213.30000000000155,60.749104974999995,152.55089502500155,2020-07-03
BANKNIFTY09JUL2022100CE,CE,2020-07-03 11:31:00,2020-07-03 11:41:00,388.31838111877437,389.773125,10,29.094877624512492,61.5049978229172,-32.410120198404705,2020-07-03
BANKNIFTY09JUL2022100CE,CE,2020-07-03 11:53:00,2020-07-03 12:03:00,417.03999999999996,406.78048782348634,10,-205.19024353027248,62.275504017623355,-267.46574754789583,2020-07-03
BANKNIFTY09JUL2022100CE,CE,2020-07-03 12:35:00,2020-07-03 12:45:00,393.731875,359.69850608825686,10,-680.6673782348628,60.84072990493833,-741.5081081398012,2020-07-03
BANKNIFTY09JUL2022100CE,CE,2020-07-03 12:47:00,2020-07-03 12:57:00,363.3561372375488,376.90538108825683,10,270.9848770141605,60.88188703402274,210.10298998013775,2020-07-03
BANKNIFTY09JUL2022100CE,CE,2020-07-03 13:12:00,2020-07-03 13:22:00,362.2032377624512,361.04513717651366,10,-23.162011718750364,60.48178564329224,-83.6437973620426,2020-07-03
BANKNIFTY09JUL2022100CE,CE,2020-07-03 14:00:00,2020-07-03 14:04:00,320.9503688812256,339.7983689117432,4,376.9600006103519,59.452478608894474,317.50752200145746,2020-07-03
BANKNIFTY09JUL2022100CE,CE,2020-07-03 14:30:00,2020-07-03 14:40:00,317.040625,304.486875,10,-251.0749999999996,58.545002861499995,-309.6200028614996,2020-07-03
BANKNIFTY09JUL2022100PE,PE,2020-07-03 09:23:00,2020-07-03 09:27:00,486.96437499999996,491.6677439117432,4,94.06737823486424,65.20898014506167,28.858398089802563,2020-07-03
BANKNIFTY09JUL2022100PE,PE,2020-07-03 09:36:00,2020-07-03 09:40:00,572.8285244750977,572.1659756469727,4,-13.25097656249909,68.23372878191553,-81.48470534441462,2020-07-03
BANKNIFTY09JUL2022100PE,PE,2020-07-03 10:07:00,2020-07-03 10:17:00,559.0441494750976,595.0087500000001,10,719.2920104980499,68.61809572691882,650.6739147711311,2020-07-03
BANKNIFTY09JUL2022100PE,PE,2020-07-03 11:17:00,2020-07-03 11:27:00,570.5227255249023,554.61,10,-318.2545104980454,67.77805792883117,-386.0325684268766,2020-07-03
BANKNIFTY09JUL2022200CE,CE,2020-07-06 10:26:00,2020-07-06 10:36:00,352.42886276245116,366.5313871765137,10,282.05048828125086,60.49379806854224,221.55669021270862,2020-07-06
BANKNIFTY09JUL2022200CE,CE,2020-07-06 12:45:00,2020-07-06 12:50:00,426.96474388122556,446.03211891174317,5,381.3475006103522,63.35354603964447,317.99395457070773,2020-07-06
BANKNIFTY09JUL2022200CE,CE,2020-07-06 14:35:00,2020-07-06 14:45:00,363.30599388122556,339.15000000000003,10,-483.11987762451054,59.9629172855828,-543.0827949100933,2020-07-06
BANKNIFTY09JUL2022200PE,PE,2020-07-06 09:16:00,2020-07-06 09:26:00,351.52661888122555,350.57138717651367,10,-19.104634094237554,60.09438429545945,-79.199018389697,2020-07-06
BANKNIFTY09JUL2022200PE,PE,2020-07-06 10:00:00,2020-07-06 10:05:00,323.8075,336.90562500000004,5,261.9625000000008,59.41761251725001,202.54488748275077,2020-07-06
BANKNIFTY09JUL2022200PE,PE,2020-07-06 10:09:00,2020-07-06 10:19:00,319.045625,347.17986282348636,10,562.6847564697277,59.60835933812336,503.0763971316044,2020-07-06
BANKNIFTY09JUL2022200PE,PE,2020-07-06 10:32:00,2020-07-06 10:42:00,351.8775,356.0077439117432,10,82.60487823486415,60.230975268811676,22.37390296605247,2020-07-06
BANKNIFTY09JUL2022200PE,PE,2020-07-06 10:44:00,2020-07-06 10:54:00,360.0980122375488,341.7435060882569,10,-367.09012298583843,59.986146009522734,-427.07626899536115,2020-07-06
BANKNIFTY09JUL2022200PE,PE,2020-07-06 11:21:00,2020-07-06 11:31:00,332.9302561187744,322.1426371765137,10,-215.7523788452147,59.17186097954385,-274.92423982475856,2020-07-06
BANKNIFTY09JUL2022200PE,PE,2020-07-06 13:35:00,2020-07-06 13:45:00,252.37937499999998,283.2401371765137,10,617.2152435302746,57.22488020387665,559.990363326398,2020-07-06
BANKNIFTY09JUL2022200PE,PE,2020-07-06 14:15:00,2020-07-06 14:25:00,291.1761372375488,311.02048782348635,10,396.88701171875095,58.382593796207765,338.5044179225432,2020-07-06
BANKNIFTY09JUL2022200PE,PE,2020-07-06 14:30:00,2020-07-06 14:35:00,291.72749999999996,314.06288108825686,5,446.7076217651379,58.46344566343832,388.24417610169957,2020-07-06
BANKNIFTY09JUL2022200PE,PE,2020-07-06 14:45:00,2020-07-06 14:55:00,323.85761276245114,329.97298782348633,10,122.3075012207039,59.24960840453894,63.05789281616496,2020-07-06
BANKNIFTY09JUL2022200PE,PE,2020-07-06 15:10:00,2020-07-06 15:20:00,316.43911888122557,312.31725608825684,10,-82.43725585937455,58.72799304752112,-141.16524890689567,2020-07-06
BANKNIFTY09JUL2022200CE,CE,2020-07-07 09:16:00,2020-07-07 09:26:00,288.51948776245115,267.67913108825684,10,-416.8071334838862,57.29537082110391,-474.10250430499013,2020-07-07
BANKNIFTY09JUL2022200CE,CE,2020-07-07 09:27:00,2020-07-07 09:35:00,275.5371311187744,260.3475,8,-303.792622375488,56.95575155316722,-360.7483739286552,2020-07-07
BANKNIFTY09JUL2022200CE,CE,2020-07-07 09:36:00,2020-07-07 09:41:00,248.31924694061277,264.33750000000003,5,320.36506118774525,56.7146586112914,263.65040257645387,2020-07-07
BANKNIFTY09JUL2022200CE,CE,2020-07-07 09:46:00,2020-07-07 09:51:00,238.595,244.38750000000002,5,115.85000000000036,56.10859263700001,59.741407363000356,2020-07-07
BANKNIFTY09JUL2022200CE,CE,2020-07-07 10:06:00,2020-07-07 10:09:00,251.07612194061278,261.7439939117432,3,213.3574394226082,56.68582551885308,156.67161390375512,2020-07-07
BANKNIFTY09JUL2022200CE,CE,2020-07-07 10:30:00,2020-07-07 10:38:00,243.6075,261.7439939117432,8,362.72987823486403,56.593038347311676,306.13683988755236,2020-07-07
BANKNIFTY09JUL2022200CE,CE,2020-07-07 11:02:00,2020-07-07 11:12:00,247.81799694061277,246.8313719558716,10,-19.732499694823673,56.28261922569723,-76.0151189205209,2020-07-07
BANKNIFTY09JUL2022200CE,CE,2020-07-07 11:17:00,2020-07-07 11:27:00,231.5775,232.41750000000002,10,16.800000000000637,55.730256532000006,-38.93025653199937,2020-07-07
BANKNIFTY09JUL2022200CE,CE,2020-07-07 11:33:00,2020-07-07 11:42:00,223.55749999999998,231.170625,9,152.2625000000005,55.60029077125,96.6622092287505,2020-07-07
BANKNIFTY09JUL2022200CE,CE,2020-07-07 12:00:00,2020-07-07 12:05:00,233.58249999999998,246.38250000000002,5,256.0000000000008,56.094844924,199.9051550760008,2020-07-07
BANKNIFTY09JUL2022200CE,CE,2020-07-07 12:11:00,2020-07-07 12:14:00,240.1488780593872,255.11062500000003,3,299.2349388122568,56.3887223997086,242.84621641254822,2020-07-07
BANKNIFTY09JUL2022200CE,CE,2020-07-07 12:17:00,2020-07-07 12:27:00,291.12599388122555,347.72850608825684,10,1132.0502441406256,59.27484198827111,1072.7754021523544,2020-07-07
BANKNIFTY09JUL2022200CE,CE,2020-07-07 12:55:00,2020-07-07 12:58:00,370.57411888122556,383.9876371765137,3,268.27036590576313,61.14382631495944,207.1265395908037,2020-07-07
BANKNIFTY09JUL2022200CE,CE,2020-07-07 13:02:00,2020-07-07 13:06:00,361.5516188812256,392.6658689117432,4,622.2850006103522,61.242820221394474,561.0421803889577,2020-07-07
BANKNIFTY09JUL2022200CE,CE,2020-07-07 13:21:00,2020-07-07 13:23:00,442.10249999999996,480.54562500000003,2,768.8625000000013,64.38110418324999,704.4813958167513,2020-07-07
BANKNIFTY09JUL2022200CE,CE,2020-07-07 14:22:00,2020-07-07 14:30:00,542.6532377624511,581.9913871765137,8,786.7629882812525,68.09783246979224,718.6651558114603,2020-07-07
BANKNIFTY09JUL2022200CE,CE,2020-07-07 14:40:00,2020-07-07 14:50:00,541.35,525.6825,10,-313.35000000000036,66.712006717,-380.0620067170004,2020-07-07
BANKNIFTY09JUL2022200PE,PE,2020-07-07 09:41:00,2020-07-07 09:46:00,364.3586372375488,394.9601371765137,5,612.0299987792976,61.33349835821107,550.6965004210865,2020-07-07
BANKNIFTY09JUL2022200PE,PE,2020-07-07 10:00:00,2020-07-07 10:06:00,359.29599388122557,363.58875,6,85.85512237548869,60.5075370290828,25.347585346405893,2020-07-07
BANKNIFTY09JUL2022200PE,PE,2020-07-07 10:10:00,2020-07-07 10:20:00,348.36875,327.03038108825683,10,-426.7673782348629,59.48255017993833,-486.2499284148013,2020-07-07
BANKNIFTY09JUL2022200PE,PE,2020-07-07 11:42:00,2020-07-07 11:52:00,362.0027561187744,346.53149391174315,10,-309.4252441406252,60.12627088622888,-369.5515150268541,2020-07-07
BANKNIFTY09JUL2022200PE,PE,2020-07-07 11:53:00,2020-07-07 12:01:00,342.85499999999996,351.2197560882569,8,167.29512176513822,60.00242223718833,107.29269952794989,2020-07-07
BANKNIFTY09JUL2022200PE,PE,2020-07-07 12:05:00,2020-07-07 12:15:00,340.6996311187744,332.01788108825684,10,-173.63500061035097,59.50858606960553,-233.1435866799565,2020-07-07
BANKNIFTY09JUL2022200PE,PE,2020-07-07 12:30:00,2020-07-07 12:40:00,229.97349388122558,252.26774391174317,10,445.88500061035177,56.19315839439447,389.6918422159573,2020-07-07
BANKNIFTY09JUL2022200PE,PE,2020-07-07 12:50:00,2020-07-07 12:53:00,236.9408811187744,243.24038108825684,3,125.9899993896488,56.06014046410553,69.92985892554327,2020-07-07
BANKNIFTY09JUL2022200PE,PE,2020-07-07 13:18:00,2020-07-07 13:21:00,222.304375,225.08586891174318,3,55.62987823486367,55.43671927431168,0.19315896055199033,2020-07-07
BANKNIFTY09JUL2022200PE,PE,2020-07-07 13:22:00,2020-07-07 13:31:00,204.96112194061277,191.81925304412843,9,-262.8373779296868,54.41208977788556,-317.24946770757236,2020-07-07
BANKNIFTY09JUL2022200PE,PE,2020-07-07 15:17:00,2020-07-07 15:21:00,144.56049694061278,147.63,4,61.39006118774432,52.586854857791394,8.803206329952928,2020-07-07
BANKNIFTY09JUL2022700CE,CE,2020-07-08 11:35:00,2020-07-08 11:45:00,287.5671311187744,275.1104878234863,10,-249.1328659057615,57.464296471790554,-306.597162377552,2020-07-08
BANKNIFTY09JUL2022700CE,CE,2020-07-08 12:53:00,2020-07-08 13:02:00,377.8923872375488,388.02750000000003,9,202.70225524902457,61.33300956108441,141.36924568794018,2020-07-08
BANKNIFTY09JUL2022700CE,CE,2020-07-08 13:16:00,2020-07-08 13:26:00,373.18062499999996,351.9179878234863,10,-425.2527435302727,60.396159181373356,-485.6489027116461,2020-07-08
BANKNIFTY09JUL2022700CE,CE,2020-07-08 14:04:00,2020-07-08 14:14:00,426.71411888122555,461.4933689117432,10,695.5850006103526,63.726505635394474,631.8584949749581,2020-07-08
BANKNIFTY09JUL2022700CE,CE,2020-07-08 15:18:00,2020-07-08 15:24:00,142.00411888122557,127.72987804412843,6,-285.4848167419428,52.07105283292695,-337.55586957486975,2020-07-08
BANKNIFTY09JUL2022700PE,PE,2020-07-08 09:15:00,2020-07-08 09:25:00,300.29886276245117,255.609375,10,-893.7897552490233,57.14813314516559,-950.9378883941889,2020-07-08
BANKNIFTY09JUL2022700PE,PE,2020-07-08 10:15:00,2020-07-08 10:20:00,243.4070030593872,238.4025,5,-100.0900611877438,56.022798292208606,-156.11285947995242,2020-07-08
BANKNIFTY09JUL2022700PE,PE,2020-07-08 10:21:00,2020-07-08 10:31:00,237.341875,242.99100608825685,10,112.98262176513731,56.05905655393833,56.92356521119898,2020-07-08
BANKNIFTY09JUL2022700PE,PE,2020-07-08 10:34:00,2020-07-08 10:44:00,218.3946311187744,207.230625,10,-223.2801223754882,54.95384236941721,-278.2339647449054,2020-07-08
BANKNIFTY09JUL2022700PE,PE,2020-07-08 10:47:00,2020-07-08 10:57:00,213.1315061187744,213.36524391174316,10,4.674755859375068,55.03767142622888,-50.362915566853815,2020-07-08
BANKNIFTY09JUL2022700PE,PE,2020-07-08 11:19:00,2020-07-08 11:29:00,193.13161888122556,196.15836891174317,10,60.535000610352085,54.37066768239446,6.1643329279576236,2020-07-08
BANKNIFTY09JUL2022700PE,PE,2020-07-08 12:45:00,2020-07-08 12:51:00,151.4777561187744,153.365625,6,37.75737762451172,52.8123031671672,-15.054925542655482,2020-07-08
BANKNIFTY09JUL2022700PE,PE,2020-07-08 13:15:00,2020-07-08 13:25:00,148.47025611877442,159.3007469558716,10,216.60981674194375,52.91930272257305,163.6905140193707,2020-07-08
BANKNIFTY09JUL2022700PE,PE,2020-07-08 14:38:00,2020-07-08 14:42:00,133.1320030593872,162.99149391174316,4,597.1898170471195,52.818518654520275,544.3712983925992,2020-07-08
BANKNIFTY09JUL2022700PE,PE,2020-07-08 14:52:00,2020-07-08 15:02:00,221.05124999999998,238.90125,10,357.00000000000045,55.757190754,301.24280924600043,2020-07-08
BANKNIFTY09JUL2022800CE,CE,2020-07-09 09:44:00,2020-07-09 09:54:00,149.4226280593872,154.11375,10,93.82243881225634,52.8049681714586,41.01747064079774,2020-07-09
BANKNIFTY09JUL2022800CE,CE,2020-07-09 10:25:00,2020-07-09 10:35:00,136.6407530593872,110.47312500000001,10,-523.352561187744,51.5846741629586,-574.9372353507025,2020-07-09
BANKNIFTY09JUL2022800CE,CE,2020-07-09 10:36:00,2020-07-09 10:46:00,112.3301280593872,107.28112804412842,10,-100.98000030517568,51.20500782505276,-152.18500813022843,2020-07-09
BANKNIFTY09JUL2022800CE,CE,2020-07-09 10:47:00,2020-07-09 10:53:00,94.4354969406128,94.31362804412842,6,-2.437377929687443,50.667275802885555,-53.104653732573,2020-07-09
BANKNIFTY09JUL2022800CE,CE,2020-07-09 10:54:00,2020-07-09 11:04:00,86.76637805938721,109.52550304412843,10,455.1824996948244,50.94200530030277,404.24049439452165,2020-07-09
BANKNIFTY09JUL2022800CE,CE,2020-07-09 12:20:00,2020-07-09 12:26:00,103.6585015296936,104.03925304412843,6,7.615030288696687,51.01842093494846,-43.40339064625177,2020-07-09
BANKNIFTY09JUL2022800CE,CE,2020-07-09 12:52:00,2020-07-09 12:55:00,100.25,111.5703734779358,3,226.40746955871606,51.15925903632791,175.24821052238815,2020-07-09
BANKNIFTY09JUL2022800CE,CE,2020-07-09 13:57:00,2020-07-09 14:07:00,71.37799694061279,63.84,10,-150.7599388122557,49.639590306791405,-200.39952911904712,2020-07-09
BANKNIFTY09JUL2022800CE,CE,2020-07-09 14:10:00,2020-07-09 14:17:00,68.6211219406128,93.765,7,502.8775611877441,50.333223724541405,452.5443374632027,2020-07-09
BANKNIFTY09JUL2022800CE,CE,2020-07-09 14:56:00,2020-07-09 15:02:00,104.5607530593872,58.702873477935796,6,-917.157591629028,49.92688618503652,-967.0844778140646,2020-07-09
BANKNIFTY09JUL2022800CE,CE,2020-07-09 15:03:00,2020-07-09 15:10:00,56.64125,77.30625,7,413.3000000000001,49.784054536,363.51594546400014,2020-07-09
BANKNIFTY09JUL2022800PE,PE,2020-07-09 10:29:00,2020-07-09 10:34:00,131.02674694061278,160.2982469558716,5,585.4300003051765,52.726854332947234,532.7031459722292,2020-07-09
BANKNIFTY09JUL2022800PE,PE,2020-07-09 11:09:00,2020-07-09 11:19:00,115.6885015296936,117.70500000000001,10,40.32996940612833,51.5002770056043,-11.170307599475976,2020-07-09
BANKNIFTY09JUL2022800PE,PE,2020-07-09 11:30:00,2020-07-09 11:40:00,101.6033734703064,118.25362804412842,10,333.0050914764405,51.33863361773987,281.6664578587006,2020-07-09
BANKNIFTY09JUL2022800PE,PE,2020-07-09 12:55:00,2020-07-09 12:56:00,88.8214984703064,99.05175304412842,1,204.60509147644046,50.71277798873987,153.8923134877006,2020-07-09
BANKNIFTY09JUL2022800PE,PE,2020-07-09 12:59:00,2020-07-09 13:02:00,78.44562499999999,138.6026219558716,3,1203.139939117432,51.545891802155836,1151.5940473152762,2020-07-09
BANKNIFTY09JUL2022800PE,PE,2020-07-09 14:07:00,2020-07-09 14:17:00,64.5610015296936,47.082000761032106,10,-349.58001537322986,49.147283812315344,-398.7272991855452,2020-07-09
BANKNIFTY09JUL2022800PE,PE,2020-07-09 14:41:00,2020-07-09 14:51:00,33.734126529693604,8.678249809741974,10,-501.1175343990326,47.83018557142654,-548.9477199704592,2020-07-09
BANKNIFTY16JUL2022700CE,CE,2020-07-10 09:57:00,2020-07-10 10:00:00,431.6765061187744,463.089375,3,628.2573776245124,63.82697696316721,564.4304006613452,2020-07-10
BANKNIFTY16JUL2022700CE,CE,2020-07-10 10:23:00,2020-07-10 10:32:00,433.63136276245115,411.51861282348636,9,-442.25499877929565,62.59687672928894,-504.8518755085846,2020-07-10
BANKNIFTY16JUL2022700CE,CE,2020-07-10 10:35:00,2020-07-10 10:45:00,395.78698776245113,382.59111282348636,10,-263.91749877929556,61.42309241303894,-325.3405911923345,2020-07-10
BANKNIFTY16JUL2022700CE,CE,2020-07-10 10:47:00,2020-07-10 10:57:00,376.5390061187744,384.3866310882569,10,156.95249938964935,61.22763665635553,95.72486273329382,2020-07-10
BANKNIFTY16JUL2022700CE,CE,2020-07-10 10:58:00,2020-07-10 11:08:00,388.91988723754883,358.0526371765137,10,-617.3450012207024,60.740914236711056,-678.0859154574135,2020-07-10
BANKNIFTY16JUL2022700CE,CE,2020-07-10 11:09:00,2020-07-10 11:19:00,365.0102561187744,370.07250000000005,10,101.24487762451281,60.736236878917204,40.508640745595606,2020-07-10
BANKNIFTY16JUL2022700CE,CE,2020-07-10 11:24:00,2020-07-10 11:34:00,366.163125,362.64111282348637,10,-70.44024353027226,60.56980157162335,-131.0100451018956,2020-07-10
BANKNIFTY16JUL2022700CE,CE,2020-07-10 11:44:00,2020-07-10 11:54:00,363.5065061187744,355.5089939117432,10,-159.95024414062414,60.36331799372888,-220.31356213435302,2020-07-10
BANKNIFTY16JUL2022700CE,CE,2020-07-10 11:57:00,2020-07-10 12:07:00,342.35375,339.7485060882569,10,-52.104878234862326,59.71717281118833,-111.82205104605066,2020-07-10
BANKNIFTY16JUL2022700CE,CE,2020-07-10 12:16:00,2020-07-10 12:26:00,336.58937499999996,297.85350608825684,10,-774.7173782348625,58.62652129993833,-833.3438995348008,2020-07-10
BANKNIFTY16JUL2022700CE,CE,2020-07-10 12:27:00,2020-07-10 12:37:00,298.745,308.32725608825683,10,191.64512176513654,58.41111722818832,133.23400453694822,2020-07-10
BANKNIFTY16JUL2022700CE,CE,2020-07-10 12:45:00,2020-07-10 12:55:00,311.7775,304.3871189117432,10,-147.80762176513576,58.477189474561676,-206.28481123969743,2020-07-10
BANKNIFTY16JUL2022700CE,CE,2020-07-10 13:04:00,2020-07-10 13:12:00,323.8075,332.71611282348636,8,178.17225646972702,59.31570849887336,118.85654797085365,2020-07-10
BANKNIFTY16JUL2022700CE,CE,2020-07-10 13:15:00,2020-07-10 13:22:00,308.3690061187744,313.16513717651367,7,95.92262115478547,58.64835671504386,37.274264439741614,2020-07-10
BANKNIFTY16JUL2022700CE,CE,2020-07-10 13:46:00,2020-07-10 13:56:00,334.58437499999997,326.63138717651367,10,-159.05975646972593,59.301593650376645,-218.36135012010257,2020-07-10
BANKNIFTY16JUL2022700CE,CE,2020-07-10 13:57:00,2020-07-10 14:07:00,321.6521311187744,299.34975608825687,10,-446.0475006103502,58.47734114335554,-504.52484175370574,2020-07-10
BANKNIFTY16JUL2022700CE,CE,2020-07-10 14:08:00,2020-07-10 14:12:00,300.5996311187744,301.494375,4,17.89487762451131,58.2679581569172,-40.37308053240589,2020-07-10
BANKNIFTY16JUL2022700CE,CE,2020-07-10 14:20:00,2020-07-10 14:30:00,296.0883811187744,299.2001371765137,10,62.2351211547857,58.15610806829386,4.079013086491841,2020-07-10
BANKNIFTY16JUL2022700CE,CE,2020-07-10 14:42:00,2020-07-10 14:52:00,296.8903688812256,293.56423782348634,10,-66.52262115478493,58.02898628195615,-124.55160743674108,2020-07-10
BANKNIFTY16JUL2022700CE,CE,2020-07-10 15:05:00,2020-07-10 15:15:00,313.0807377624512,291.61913108825684,10,-429.23213348388686,58.18281695060391,-487.4149504344908,2020-07-10
BANKNIFTY16JUL2022700CE,CE,2020-07-10 15:17:00,2020-07-10 15:22:00,287.46687499999996,292.31736282348635,5,97.00975646972779,57.88158407462335,39.12817239510444,2020-07-10
BANKNIFTY16JUL2022700PE,PE,2020-07-10 09:26:00,2020-07-10 09:36:00,417.7417622375488,398.60100608825684,10,-382.8151229858395,62.08526798902274,-444.9003909748622,2020-07-10
BANKNIFTY16JUL2022700PE,PE,2020-07-10 09:38:00,2020-07-10 09:48:00,390.52386276245113,389.12475608825685,10,-27.98213348388572,61.51662717860391,-89.49876066248963,2020-07-10
BANKNIFTY16JUL2022700PE,PE,2020-07-10 10:00:00,2020-07-10 10:10:00,365.46136276245113,367.42913108825684,10,39.355366516114145,60.67754499935391,-21.322178483239767,2020-07-10
BANKNIFTY16JUL2022700PE,PE,2020-07-10 11:19:00,2020-07-10 11:29:00,431.9271311187744,450.620625,10,373.8698776245121,63.52680574041721,310.3430718840949,2020-07-10
BANKNIFTY16JUL2022700PE,PE,2020-07-10 11:50:00,2020-07-10 11:57:00,443.6563627624511,468.3761128234864,7,494.3950012207051,64.10440240628894,430.29059881441617,2020-07-10
BANKNIFTY16JUL2022700PE,PE,2020-07-10 12:31:00,2020-07-10 12:41:00,555.6857377624511,545.8320121765137,10,-197.07451171874936,67.38021686304224,-264.4547285817916,2020-07-10
BANKNIFTY16JUL2022700PE,PE,2020-07-10 12:58:00,2020-07-10 13:08:00,522.9541494750977,516.705,10,-124.98298950195249,66.26509890941882,-191.24808841137133,2020-07-10
BANKNIFTY16JUL2022700PE,PE,2020-07-10 13:29:00,2020-07-10 13:39:00,506.4630122375488,483.88725608825683,10,-451.5151229858395,65.26197394102273,-516.7770969268622,2020-07-10
BANKNIFTY16JUL2022700PE,PE,2020-07-10 13:40:00,2020-07-10 13:43:00,478.1925,491.11913108825684,3,258.5326217651368,65.08665763993831,193.4459641251985,2020-07-10
BANKNIFTY16JUL2022700PE,PE,2020-07-10 14:16:00,2020-07-10 14:20:00,549.0692622375489,572.5151371765137,4,468.9174987792967,67.94704607696106,400.97045270233565,2020-07-10
BANKNIFTY16JUL2022700PE,PE,2020-07-10 14:29:00,2020-07-10 14:32:00,588.0163627624512,585.3828506469727,3,-52.67024230957077,68.7438983904123,-121.41414069998307,2020-07-10
BANKNIFTY16JUL2022700PE,PE,2020-07-10 14:35:00,2020-07-10 14:41:00,563.2546005249023,572.7146493530274,6,189.20097656250164,68.12813190008447,121.07284466241717,2020-07-10
BANKNIFTY16JUL2022700PE,PE,2020-07-10 14:55:00,2020-07-10 14:58:00,546.4627255249023,550.12125,3,73.17048950195385,67.36996355333119,5.8005259486226635,2020-07-10
BANKNIFTY16JUL2022700PE,PE,2020-07-10 15:00:00,2020-07-10 15:09:00,521.8513627624511,525.3333993530274,9,69.64073181152571,66.4612720629189,3.179459748606817,2020-07-10
BANKNIFTY16JUL2022600CE,CE,2020-07-13 09:15:00,2020-07-13 09:25:00,391.726875,372.0675,10,-393.1875000000002,61.11667904725,-454.3041790472502,2020-07-13
BANKNIFTY16JUL2022600CE,CE,2020-07-13 09:37:00,2020-07-13 09:47:00,350.875,353.71350608825685,10,56.77012176513699,60.162716486688325,-3.3925947215513332,2020-07-13
BANKNIFTY16JUL2022600CE,CE,2020-07-13 10:50:00,2020-07-13 11:00:00,329.571875,316.50673782348633,10,-261.3027435302729,58.993052434373354,-320.29579596464623,2020-07-13
BANKNIFTY16JUL2022600CE,CE,2020-07-13 11:10:00,2020-07-13 11:20:00,229.12137805938718,248.7764939117432,10,393.1023170471201,56.09765227977027,337.0046647673498,2020-07-13
BANKNIFTY16JUL2022600CE,CE,2020-07-13 11:28:00,2020-07-13 11:38:00,240.9007530593872,243.24038108825684,10,46.792560577392805,56.10933632914693,-9.316775751754122,2020-07-13
BANKNIFTY16JUL2022600CE,CE,2020-07-13 11:41:00,2020-07-13 11:51:00,240.34937499999998,213.31538108825686,10,-540.6798782348625,55.37460249868832,-596.0544807335508,2020-07-13
BANKNIFTY16JUL2022600CE,CE,2020-07-13 11:55:00,2020-07-13 12:05:00,203.3571311187744,205.93387195587158,10,51.534816741943814,54.73548078207305,-3.200664040129233,2020-07-13
BANKNIFTY16JUL2022600CE,CE,2020-07-13 12:11:00,2020-07-13 12:21:00,203.3571311187744,205.78425304412843,10,48.542438507080874,54.73184151151137,-6.1894030044304955,2020-07-13
BANKNIFTY16JUL2022600CE,CE,2020-07-13 12:24:00,2020-07-13 12:34:00,200.6002561187744,221.44500000000002,10,416.8948776245122,55.0785169439172,361.81636068059504,2020-07-13
BANKNIFTY16JUL2022600CE,CE,2020-07-13 12:43:00,2020-07-13 12:53:00,213.3821311187744,214.36274391174317,10,19.61225585937541,55.06504788197888,-35.45279202260347,2020-07-13
BANKNIFTY16JUL2022600CE,CE,2020-07-13 12:56:00,2020-07-13 13:04:00,186.96625,187.53,8,11.274999999999977,54.0841986115,-42.80919861150002,2020-07-13
BANKNIFTY16JUL2022600CE,CE,2020-07-13 13:19:00,2020-07-13 13:27:00,194.8358811187744,204.9363719558716,8,202.00981674194395,54.60535338957304,147.4044633523709,2020-07-13
BANKNIFTY16JUL2022600CE,CE,2020-07-13 13:45:00,2020-07-13 13:54:00,198.0438780593872,172.318125,9,-514.5150611877438,53.8518150687086,-568.3668762564523,2020-07-13
BANKNIFTY16JUL2022600CE,CE,2020-07-13 14:46:00,2020-07-13 14:48:00,201.8032530593872,203.88899391174317,2,41.71481704711937,54.66643722702028,-12.951620179900914,2020-07-13
BANKNIFTY16JUL2022600CE,CE,2020-07-13 14:50:00,2020-07-13 14:58:00,194.2845030593872,197.754375,8,69.39743881225638,54.423811267958605,14.973627544297777,2020-07-13
BANKNIFTY16JUL2022600CE,CE,2020-07-13 15:10:00,2020-07-13 15:19:00,177.99387805938719,195.60975608825686,9,352.31756057739346,54.16925820664693,298.14830237074653,2020-07-13
BANKNIFTY16JUL2022600PE,PE,2020-07-13 09:30:00,2020-07-13 09:40:00,345.86249999999995,372.11736282348636,10,525.0972564697281,60.548091241373356,464.54916522835475,2020-07-13
BANKNIFTY16JUL2022600PE,PE,2020-07-13 09:42:00,2020-07-13 09:49:00,372.98011276245114,399.0,7,520.3977447509772,61.53887212891559,458.85887262206154,2020-07-13
BANKNIFTY16JUL2022600PE,PE,2020-07-13 10:00:00,2020-07-13 10:10:00,402.45363723754883,425.03475608825687,10,451.62237701416075,62.53829840077273,389.084078613388,2020-07-13
BANKNIFTY16JUL2022600PE,PE,2020-07-13 10:11:00,2020-07-13 10:21:00,430.0725,418.99986282348635,10,-221.45274353027276,62.73463377437335,-284.18737730464613,2020-07-13
BANKNIFTY16JUL2022600PE,PE,2020-07-13 10:22:00,2020-07-13 10:32:00,418.04249999999996,423.688125,10,112.91250000000105,62.69921328024999,50.21328671975105,2020-07-13
BANKNIFTY16JUL2022600PE,PE,2020-07-13 10:45:00,2020-07-13 10:48:00,388.01761276245117,398.0025,3,199.69774475097665,61.70142922291559,137.99631552806107,2020-07-13
BANKNIFTY16JUL2022600PE,PE,2020-07-13 11:02:00,2020-07-13 11:07:00,418.2430122375488,509.47312500000004,5,1824.6022552490251,64.7883043900844,1759.8139508589406,2020-07-13
BANKNIFTY16JUL2022600PE,PE,2020-07-13 11:21:00,2020-07-13 11:25:00,536.3375,536.8545121765137,4,10.34024353027462,66.92147697737664,-56.58123344710202,2020-07-13
BANKNIFTY16JUL2022600PE,PE,2020-07-13 14:40:00,2020-07-13 14:50:00,584.5076127624511,580.2457621765137,10,-85.23701171874791,68.57535459879223,-153.81236631754012,2020-07-13
BANKNIFTY16JUL2021800CE,CE,2020-07-14 09:29:00,2020-07-14 09:35:00,308.56948776245116,310.2225,6,33.06024475097729,58.57927188916558,-25.519027138188292,2020-07-14
BANKNIFTY16JUL2021800CE,CE,2020-07-14 10:16:00,2020-07-14 10:25:00,249.371875,254.0632469558716,9,93.82743911743205,56.47782921990584,37.34960989752621,2020-07-14
BANKNIFTY16JUL2021800CE,CE,2020-07-14 10:36:00,2020-07-14 10:46:00,234.5348719406128,226.23300304412842,10,-166.0373779296873,55.61656850788555,-221.65394643757284,2020-07-14
BANKNIFTY16JUL2021800CE,CE,2020-07-14 11:08:00,2020-07-14 11:14:00,192.98125,199.40024391174316,6,128.37987823486344,54.44765363031168,73.93222460455176,2020-07-14
BANKNIFTY16JUL2021800CE,CE,2020-07-14 11:48:00,2020-07-14 11:53:00,207.8683811187744,215.85899391174317,5,159.81225585937523,55.03294144397889,104.77931441539633,2020-07-14
BANKNIFTY16JUL2021800CE,CE,2020-07-14 11:57:00,2020-07-14 11:59:00,206.515,210.6719969558716,2,83.13993911743239,54.88996113915583,28.24997797827656,2020-07-14
BANKNIFTY16JUL2021800CE,CE,2020-07-14 12:34:00,2020-07-14 12:44:00,153.53286888122557,165.73461891174318,10,244.0350006103523,53.13869352639447,190.89630708395785,2020-07-14
BANKNIFTY16JUL2021800CE,CE,2020-07-14 12:46:00,2020-07-14 12:56:00,158.0441188812256,160.39800304412842,10,47.077683258056595,53.06493378217696,-5.987250524120363,2020-07-14
BANKNIFTY16JUL2021800CE,CE,2020-07-14 13:02:00,2020-07-14 13:12:00,155.03661888122556,139.20112804412844,10,-316.7098167419425,52.51198549642696,-369.2218022383695,2020-07-14
BANKNIFTY16JUL2021800CE,CE,2020-07-14 13:13:00,2020-07-14 13:23:00,141.20213111877442,139.69987804412844,10,-30.045061492919558,52.35224274976137,-82.39730424268093,2020-07-14
BANKNIFTY16JUL2021800CE,CE,2020-07-14 13:58:00,2020-07-14 14:08:00,158.4952561187744,150.0738719558716,10,-168.42768325805594,52.81941849582304,-221.24710175387898,2020-07-14
BANKNIFTY16JUL2021800CE,CE,2020-07-14 14:20:00,2020-07-14 14:30:00,153.6832530593872,140.54774391174317,10,-262.7101829528806,52.527926366520276,-315.23810931940085,2020-07-14
BANKNIFTY16JUL2021800CE,CE,2020-07-14 14:42:00,2020-07-14 14:47:00,140.35,148.82699695587158,5,169.5399391174317,52.56366060315584,116.97627851427585,2020-07-14
BANKNIFTY16JUL2021800CE,CE,2020-07-14 15:03:00,2020-07-14 15:13:00,147.56799694061277,153.91425304412843,10,126.92512207031314,52.777074492135554,74.14804757817758,2020-07-14
BANKNIFTY16JUL2021800PE,PE,2020-07-14 10:08:00,2020-07-14 10:14:00,344.45900611877437,353.3145121765137,6,177.11012115478638,60.07330177679385,117.03681937799254,2020-07-14
BANKNIFTY16JUL2021800PE,PE,2020-07-14 10:25:00,2020-07-14 10:35:00,394.63411888122556,419.94750000000005,10,506.26762237548974,62.31741145033279,443.95021092515697,2020-07-14
BANKNIFTY16JUL2021800PE,PE,2020-07-14 10:50:00,2020-07-14 10:54:00,440.64886276245113,470.86986282348636,4,604.4200012207045,64.12769540678893,540.2923058139156,2020-07-14
BANKNIFTY16JUL2021800PE,PE,2020-07-14 11:18:00,2020-07-14 11:25:00,500.6986372375488,513.0142378234864,7,246.31201171875205,65.89883270470777,180.41317901404426,2020-07-14
BANKNIFTY16JUL2021800PE,PE,2020-07-14 13:30:00,2020-07-14 13:40:00,620.7480122375488,566.58,10,-1083.3602447509747,68.69319029283442,-1152.0534350438093,2020-07-14
BANKNIFTY16JUL2021800PE,PE,2020-07-14 13:53:00,2020-07-14 13:57:00,556.4877255249023,585.8317378234864,4,586.8802459716812,68.36311776495452,518.5171282067267,2020-07-14
BANKNIFTY16JUL2021600CE,CE,2020-07-15 12:01:00,2020-07-15 12:03:00,361.8523872375488,342.391875,2,-389.2102447509751,60.02371232883441,-449.2339570798095,2020-07-15
BANKNIFTY16JUL2021600CE,CE,2020-07-15 12:05:00,2020-07-15 12:15:00,341.3011372375488,299.69888717651367,10,-832.0450012207027,58.72994466071106,-890.7749458814138,2020-07-15
BANKNIFTY16JUL2021600CE,CE,2020-07-15 12:16:00,2020-07-15 12:26:00,290.77511276245116,303.489375,10,254.28524475097674,58.194427852665584,196.09081689831118,2020-07-15
BANKNIFTY16JUL2021600CE,CE,2020-07-15 12:37:00,2020-07-15 12:45:00,304.4091188812256,279.84861282348635,8,-491.21012115478493,57.78878284820615,-548.998904002991,2020-07-15
BANKNIFTY16JUL2021600CE,CE,2020-07-15 13:17:00,2020-07-15 13:19:00,301.80261276245113,311.81850608825687,2,200.3178665161147,58.53402355460392,141.78384296151077,2020-07-15
BANKNIFTY16JUL2021600CE,CE,2020-07-15 13:25:00,2020-07-15 13:35:00,354.5842622375488,352.66611282348634,10,-38.36298828124882,60.18332250220777,-98.54631078345659,2020-07-15
BANKNIFTY16JUL2021600CE,CE,2020-07-15 13:48:00,2020-07-15 13:52:00,310.82511276245117,334.21236282348633,4,467.7450012207032,59.19081469928894,408.5541865214143,2020-07-15
BANKNIFTY16JUL2021600CE,CE,2020-07-15 14:04:00,2020-07-15 14:14:00,319.3965061187744,278.053125,10,-826.867622375488,57.9313074246672,-884.7989298001553,2020-07-15
BANKNIFTY16JUL2021600CE,CE,2020-07-15 14:18:00,2020-07-15 14:28:00,256.4896311187744,204.03862804412842,10,-1049.02006149292,55.34947855426137,-1104.3695400471813,2020-07-15
BANKNIFTY16JUL2021600CE,CE,2020-07-15 14:33:00,2020-07-15 14:43:00,186.66549694061277,128.47800304412843,10,-1163.7498779296868,52.64410502263556,-1216.3939829523224,2020-07-15
BANKNIFTY16JUL2021600CE,CE,2020-07-15 14:47:00,2020-07-15 14:51:00,113.2825,117.9044969558716,4,92.43993911743189,51.47523828915583,40.96470082827606,2020-07-15
BANKNIFTY16JUL2021600PE,PE,2020-07-15 09:31:00,2020-07-15 09:41:00,250.12374999999997,217.00612804412842,10,-662.3524391174311,55.585807676594165,-717.9382467940253,2020-07-15
BANKNIFTY16JUL2021600PE,PE,2020-07-15 10:10:00,2020-07-15 10:20:00,183.206875,146.53274391174318,10,-733.4826217651363,53.04029278206168,-786.522914547198,2020-07-15
BANKNIFTY16JUL2021600PE,PE,2020-07-15 10:26:00,2020-07-15 10:36:00,140.09937499999998,142.99163108825684,10,57.84512176513715,52.41860983318832,5.426511931948831,2020-07-15
BANKNIFTY16JUL2021600PE,PE,2020-07-15 10:38:00,2020-07-15 10:48:00,139.3976280593872,152.26836891174318,10,257.41481704711987,52.63553527002028,204.77928177709958,2020-07-15
BANKNIFTY16JUL2021600PE,PE,2020-07-15 10:57:00,2020-07-15 11:07:00,142.20463111877442,141.0963719558716,10,-22.16518325805623,52.39866516807303,-74.56384842612925,2020-07-15
BANKNIFTY16JUL2021600PE,PE,2020-07-15 11:12:00,2020-07-15 11:22:00,137.6432530593872,114.0641234779358,10,-471.58259162902823,51.68447483253652,-523.2670664615648,2020-07-15
BANKNIFTY16JUL2021600PE,PE,2020-07-15 11:38:00,2020-07-15 11:48:00,110.1747515296936,116.85712652206422,10,133.64749984741252,51.41115304577638,82.23634680163613,2020-07-15
BANKNIFTY16JUL2021600PE,PE,2020-07-15 11:57:00,2020-07-15 12:06:00,133.583125,165.68475608825685,9,642.032621765137,52.88963304493832,589.1429887201987,2020-07-15
BANKNIFTY16JUL2021600PE,PE,2020-07-15 12:32:00,2020-07-15 12:42:00,152.0792469406128,194.51250000000002,10,848.6650611877445,53.820615977291396,794.8444452104532,2020-07-15
BANKNIFTY16JUL2021600PE,PE,2020-07-15 12:45:00,2020-07-15 12:55:00,176.9913780593872,165.7844969558716,10,-224.13762207031198,53.431345874614436,-277.5689679449264,2020-07-15
BANKNIFTY16JUL2021600PE,PE,2020-07-15 13:02:00,2020-07-15 13:12:00,175.7883811187744,143.78961891174316,10,-639.9752441406247,52.881405706228875,-692.8566498468535,2020-07-15
BANKNIFTY16JUL2021600PE,PE,2020-07-15 13:13:00,2020-07-15 13:17:00,150.124375,158.353125,4,164.5750000000004,52.9168032565,111.65819674350038,2020-07-15
BANKNIFTY16JUL2021600PE,PE,2020-07-15 13:24:00,2020-07-15 13:25:00,145.26224388122557,121.49550304412843,1,-475.3348167419429,51.959888030926955,-527.2947047728699,2020-07-15
BANKNIFTY16JUL2021600PE,PE,2020-07-15 13:46:00,2020-07-15 13:56:00,155.9890061187744,133.06649391174318,10,-458.45024414062436,52.374601187728885,-510.82484532835326,2020-07-15
BANKNIFTY16JUL2021600PE,PE,2020-07-15 13:59:00,2020-07-15 14:09:00,118.74612194061278,136.6575,10,358.22756118774436,51.9992566875414,306.22830450020297,2020-07-15
BANKNIFTY16JUL2021600PE,PE,2020-07-15 14:16:00,2020-07-15 14:20:00,160.85112194061279,192.86663108825684,4,640.3101829528811,53.88956078647971,586.4206221664014,2020-07-15
BANKNIFTY16JUL2021200CE,CE,2020-07-16 09:37:00,2020-07-16 09:43:00,97.2926280593872,126.48300304412842,6,583.8074996948245,51.485246666802766,532.3222530280218,2020-07-16
BANKNIFTY16JUL2021200CE,CE,2020-07-16 12:08:00,2020-07-16 12:18:00,134.8863780593872,126.83212652206421,10,-161.08503074645967,51.96078831913068,-213.04581906559034,2020-07-16
BANKNIFTY16JUL2021200CE,CE,2020-07-16 13:02:00,2020-07-16 13:12:00,74.23512805938721,76.60800304412842,10,47.45749969482432,49.98564995980276,-2.5281502649784358,2020-07-16
BANKNIFTY16JUL2021200CE,CE,2020-07-16 13:14:00,2020-07-16 13:20:00,63.508373470306395,91.07175304412843,6,551.2675914764407,50.20419552098986,501.0633959554508,2020-07-16
BANKNIFTY16JUL2021200CE,CE,2020-07-16 13:25:00,2020-07-16 13:35:00,82.205,129.924375,10,954.3875,51.381510565750006,903.0059894342501,2020-07-16
BANKNIFTY16JUL2021200CE,CE,2020-07-16 13:42:00,2020-07-16 13:45:00,132.1796311187744,171.320625,3,782.819877624512,53.00928121941721,729.8105964050948,2020-07-16
BANKNIFTY16JUL2021200CE,CE,2020-07-16 13:50:00,2020-07-16 13:53:00,107.1171234703064,132.31836891174316,3,504.02490882873536,51.749239373207374,452.275669455528,2020-07-16
BANKNIFTY16JUL2021200CE,CE,2020-07-16 14:01:00,2020-07-16 14:02:00,138.79612194061278,162.14362804412843,1,466.9501220703131,52.868264251635566,414.0818578186776,2020-07-16
BANKNIFTY16JUL2021200CE,CE,2020-07-16 14:05:00,2020-07-16 14:15:00,108.5707530593872,145.884375,10,746.272438812256,52.0972727914586,694.1751660207974,2020-07-16
BANKNIFTY16JUL2021200CE,CE,2020-07-16 14:16:00,2020-07-16 14:26:00,140.40012805938719,220.79663108825685,10,1607.9300605773933,54.31484396689693,1553.6152166104964,2020-07-16
BANKNIFTY16JUL2021200PE,PE,2020-07-16 09:17:00,2020-07-16 09:25:00,170.9763780593872,205.83413108825684,8,697.1550605773928,54.33076920139694,642.8242913759958,2020-07-16
BANKNIFTY16JUL2021200PE,PE,2020-07-16 10:01:00,2020-07-16 10:11:00,137.4427561187744,131.3707469558716,10,-121.44018325805632,52.10294332557304,-173.54312658362937,2020-07-16
BANKNIFTY16JUL2021200PE,PE,2020-07-16 10:21:00,2020-07-16 10:25:00,120.1496234703064,104.0891234779358,4,-321.2099998474119,51.224513065973625,-372.4345129133855,2020-07-16
BANKNIFTY16JUL2021200PE,PE,2020-07-16 10:31:00,2020-07-16 10:32:00,124.6107530593872,126.23362804412842,1,32.45749969482432,51.818570426802765,-19.361070731978444,2020-07-16
BANKNIFTY16JUL2021200PE,PE,2020-07-16 10:37:00,2020-07-16 10:47:00,127.66837347030639,129.17625,10,30.157530593872366,51.928132239145704,-21.770601645273338,2020-07-16
BANKNIFTY16JUL2021200PE,PE,2020-07-16 10:53:00,2020-07-16 11:03:00,126.9164984703064,132.61762195587158,10,114.02246971130381,52.00249779980153,62.01997191150228,2020-07-16
BANKNIFTY16JUL2021200PE,PE,2020-07-16 11:14:00,2020-07-16 11:24:00,106.8664984703064,80.1491234779358,10,-534.3474998474119,50.47718185022362,-584.8246816976355,2020-07-16
BANKNIFTY16JUL2021200PE,PE,2020-07-16 11:54:00,2020-07-16 11:59:00,38.345625,45.33637576103211,5,139.8150152206422,48.779134576211035,91.03588064443117,2020-07-16
BANKNIFTY16JUL2021200PE,PE,2020-07-16 12:20:00,2020-07-16 12:25:00,54.1851242351532,72.01949695587159,5,356.68745441436783,49.62494774560368,307.0625066687642,2020-07-16
BANKNIFTY16JUL2021200PE,PE,2020-07-16 12:52:00,2020-07-16 13:00:00,48.2703765296936,90.82237804412843,8,851.0400302886966,50.008819044448465,801.0312112442481,2020-07-16
BANKNIFTY23JUL2021700CE,CE,2020-07-17 10:59:00,2020-07-17 11:09:00,379.8973872375488,348.7758689117432,10,-622.4303665161119,60.40317790514608,-682.833544421258,2020-07-17
BANKNIFTY23JUL2021700CE,CE,2020-07-17 11:36:00,2020-07-17 11:46:00,368.669375,373.065,10,87.91249999999991,60.85448468125,27.05801531874991,2020-07-17
BANKNIFTY23JUL2021700CE,CE,2020-07-17 11:58:00,2020-07-17 12:05:00,364.45886276245113,377.2545121765137,7,255.91298828125105,60.90407897979223,195.0089093014588,2020-07-17
BANKNIFTY23JUL2021700CE,CE,2020-07-17 12:52:00,2020-07-17 13:02:00,392.8296311187744,373.9627439117432,10,-377.33774414062395,61.17647840297888,-438.51422254360284,2020-07-17
BANKNIFTY23JUL2021700CE,CE,2020-07-17 13:03:00,2020-07-17 13:07:00,369.4713627624512,382.3916310882569,4,258.4053665161139,61.09130550035391,197.31406101575996,2020-07-17
BANKNIFTY23JUL2021700CE,CE,2020-07-17 13:23:00,2020-07-17 13:33:00,385.3108811187744,364.3867378234863,10,-418.48286590576095,60.850145518790555,-479.3330114245515,2020-07-17
BANKNIFTY23JUL2021700CE,CE,2020-07-17 13:47:00,2020-07-17 13:48:00,373.0302561187744,381.64350608825686,1,172.26499938964935,61.11732267460553,111.14767671504381,2020-07-17
BANKNIFTY23JUL2021700CE,CE,2020-07-17 13:57:00,2020-07-17 13:58:00,357.69198776245116,365.5338871765137,1,156.83798828125077,60.53492223729224,96.30306604395852,2020-07-17
BANKNIFTY23JUL2021700CE,CE,2020-07-17 14:00:00,2020-07-17 14:03:00,362.65437499999996,369.7732621765137,3,142.37774353027476,60.699689813126646,81.67805371714812,2020-07-17
BANKNIFTY23JUL2021700PE,PE,2020-07-17 09:29:00,2020-07-17 09:39:00,397.3408811187744,391.9177439117432,10,-108.46274414062464,61.66925460647889,-170.13199874710352,2020-07-17
BANKNIFTY23JUL2021700PE,PE,2020-07-17 10:15:00,2020-07-17 10:21:00,350.875,354.71100608825685,6,76.72012176513704,60.18697927768833,16.533142487448707,2020-07-17
BANKNIFTY23JUL2021700PE,PE,2020-07-17 10:31:00,2020-07-17 10:41:00,383.85724388122554,387.279375,10,68.44262237548946,61.388917460832786,7.053704914656677,2020-07-17
BANKNIFTY23JUL2021700PE,PE,2020-07-17 11:23:00,2020-07-17 11:32:00,459.89687499999997,436.50600608825687,9,-467.81737823486196,63.53097230593833,-531.3483505408003,2020-07-17
BANKNIFTY23JUL2021700PE,PE,2020-07-17 12:12:00,2020-07-17 12:22:00,433.78176223754883,411.76798782348635,10,-440.27548828124964,62.60481092995776,-502.8802992112074,2020-07-17
BANKNIFTY23JUL2021700PE,PE,2020-07-17 12:33:00,2020-07-17 12:40:00,398.9448872375488,404.9351371765137,7,119.80499877929788,62.00581200371106,57.79918677558682,2020-07-17
BANKNIFTY23JUL2021700PE,PE,2020-07-17 12:42:00,2020-07-17 12:52:00,386.5640061187744,423.8377439117432,10,745.474755859376,62.31177633422888,683.1629795251472,2020-07-17
BANKNIFTY23JUL2021700PE,PE,2020-07-17 13:10:00,2020-07-17 13:20:00,449.2202561187744,436.90500000000003,10,-246.30512237548714,63.40803523191721,-309.71315760740436,2020-07-17
BANKNIFTY23JUL2021700PE,PE,2020-07-17 13:36:00,2020-07-17 13:46:00,445.71150611877437,424.43625000000003,10,-425.50512237548674,63.06115903791721,-488.56628141340394,2020-07-17
BANKNIFTY23JUL2021700PE,PE,2020-07-17 13:54:00,2020-07-17 13:57:00,430.62386276245115,460.0470121765137,3,588.462988281251,63.73989812679224,524.7230901544588,2020-07-17
BANKNIFTY23JUL2021700PE,PE,2020-07-17 14:04:00,2020-07-17 14:14:00,427.51613723754883,416.5560060882569,10,-219.20262298583907,62.64343115227273,-281.8460541381118,2020-07-17
BANKNIFTY23JUL2021700PE,PE,2020-07-17 14:19:00,2020-07-17 14:25:00,407.015,438.99975608825685,6,639.6951217651372,62.93464602118832,576.7604757439489,2020-07-17
BANKNIFTY23JUL2021700PE,PE,2020-07-17 14:29:00,2020-07-17 14:34:00,409.17036888122556,426.33149391174317,5,343.2225006103522,62.65328572014447,280.5692148902077,2020-07-17
BANKNIFTY23JUL2021700PE,PE,2020-07-17 14:41:00,2020-07-17 14:51:00,399.64661888122555,329.02538108825684,10,-1412.4247558593743,60.16813149377112,-1472.5928873531454,2020-07-17
BANKNIFTY23JUL2021700PE,PE,2020-07-17 14:52:00,2020-07-17 15:02:00,321.45161888122556,311.6688871765137,10,-195.65463409423728,58.774495676459445,-254.42912977069673,2020-07-17
BANKNIFTY23JUL2021700PE,PE,2020-07-17 15:10:00,2020-07-17 15:20:00,285.5621311187744,258.85125,10,-534.2176223754882,57.043903956667215,-591.2615263321554,2020-07-17
BANKNIFTY23JUL2022200CE,CE,2020-07-20 09:15:00,2020-07-20 09:20:00,348.8198872375488,353.76336891174316,5,98.8696334838869,60.13839743114609,38.73123605274081,2020-07-20
BANKNIFTY23JUL2022200CE,CE,2020-07-20 09:56:00,2020-07-20 09:57:00,496.4380122375488,509.27361282348636,1,256.7120117187517,65.75491493770777,190.9570967810439,2020-07-20
BANKNIFTY23JUL2022200CE,CE,2020-07-20 10:37:00,2020-07-20 10:47:00,461.8016188812256,434.6107621765137,10,-543.8171340942381,63.50853692720945,-607.3256710214475,2020-07-20
BANKNIFTY23JUL2022200CE,CE,2020-07-20 11:27:00,2020-07-20 11:37:00,431.1251127624511,438.94986282348634,10,156.49500122070435,63.232966834288945,93.26203438641541,2020-07-20
BANKNIFTY23JUL2022200CE,CE,2020-07-20 11:45:00,2020-07-20 11:52:00,413.1302561187744,430.77038108825684,7,352.8024993896486,62.81045149135553,289.99204789829304,2020-07-20
BANKNIFTY23JUL2022200CE,CE,2020-07-20 12:15:00,2020-07-20 12:21:00,452.1275,464.086875,6,239.18750000000045,64.10531472174999,175.08218527825045,2020-07-20
BANKNIFTY23JUL2022200CE,CE,2020-07-20 12:30:00,2020-07-20 12:40:00,452.9294877624512,443.38875,10,-190.81475524902316,63.6118253836656,-254.42658063268877,2020-07-20
BANKNIFTY23JUL2022200CE,CE,2020-07-20 12:41:00,2020-07-20 12:51:00,451.77661888122555,459.49836891174317,10,154.43500061035252,63.98934652839447,90.44565408195805,2020-07-20
BANKNIFTY23JUL2022200CE,CE,2020-07-20 12:55:00,2020-07-20 13:05:00,446.61375,445.88250000000005,10,-14.624999999998636,63.5940181615,-78.21901816149864,2020-07-20
BANKNIFTY23JUL2022200CE,CE,2020-07-20 13:10:00,2020-07-20 13:11:00,449.12,473.2139939117432,1,481.87987823486424,64.28995513431168,417.58992310055254,2020-07-20
BANKNIFTY23JUL2022200CE,CE,2020-07-20 13:22:00,2020-07-20 13:32:00,485.4105122375488,346.880625,10,-2770.597744750976,61.6679316100844,-2832.2656763610603,2020-07-20
BANKNIFTY23JUL2022200CE,CE,2020-07-20 13:45:00,2020-07-20 13:55:00,386.2632377624511,399.1995121765137,10,258.72548828125105,61.708749215042246,197.0167390662088,2020-07-20
BANKNIFTY23JUL2022200CE,CE,2020-07-20 14:00:00,2020-07-20 14:10:00,390.62411888122557,452.865,10,1244.8176223754888,63.06826491733279,1181.749357458156,2020-07-20
BANKNIFTY23JUL2022200CE,CE,2020-07-20 14:11:00,2020-07-20 14:21:00,456.93948776245117,428.27663108825686,10,-573.257133483886,63.294062884103916,-636.55119636799,2020-07-20
BANKNIFTY23JUL2022200CE,CE,2020-07-20 14:46:00,2020-07-20 14:56:00,451.4758811187744,446.88,10,-91.91762237548801,63.67868612466721,-155.5963085001552,2020-07-20
BANKNIFTY23JUL2022200CE,CE,2020-07-20 15:02:00,2020-07-20 15:12:00,442.50349388122555,418.75048782348637,10,-475.0601211547837,62.883005772206154,-537.9431269269899,2020-07-20
BANKNIFTY23JUL2022200CE,CE,2020-07-20 15:14:00,2020-07-20 15:24:00,426.7642622375488,398.60100608825684,10,-563.2651229858391,62.197359920022734,-625.4624829058619,2020-07-20
BANKNIFTY23JUL2022200PE,PE,2020-07-20 09:57:00,2020-07-20 10:07:00,294.8853688812256,271.32,10,-471.3073776245119,57.463017020832794,-528.7703946453447,2020-07-20
BANKNIFTY23JUL2022200PE,PE,2020-07-20 11:54:00,2020-07-20 12:04:00,309.2211372375488,292.1677439117432,10,-341.0678665161129,58.14821105639608,-399.21607757250894,2020-07-20
BANKNIFTY23JUL2022200PE,PE,2020-07-20 13:11:00,2020-07-20 13:16:00,277.5421311187744,285.285,5,154.85737762451208,57.587230646167214,97.27014697834487,2020-07-20
BANKNIFTY23JUL2022200PE,PE,2020-07-20 13:21:00,2020-07-20 13:22:00,271.2765061187744,274.3125,1,60.71987762451158,57.242498326417206,3.4773792980943767,2020-07-20
BANKNIFTY23JUL2022200PE,PE,2020-07-20 13:40:00,2020-07-20 13:45:00,317.3915061187744,342.94048782348636,5,510.9796340942398,59.484692365040566,451.49494172919924,2020-07-20
BANKNIFTY23JUL2022700CE,CE,2020-07-21 09:15:00,2020-07-21 09:22:00,275.3867622375488,288.22763717651367,7,256.81749877929747,57.63202873496106,199.1854700443364,2020-07-21
BANKNIFTY23JUL2022700CE,CE,2020-07-21 09:31:00,2020-07-21 09:41:00,294.73499999999996,299.25,10,90.30000000000086,58.140507046,32.15949295400086,2020-07-21
BANKNIFTY23JUL2022700CE,CE,2020-07-21 09:44:00,2020-07-21 09:54:00,285.76261276245117,283.539375,10,-44.464755249023256,57.646898737665595,-102.11165398668885,2020-07-21
BANKNIFTY23JUL2022700CE,CE,2020-07-21 10:10:00,2020-07-21 10:20:00,248.61999999999998,260.24774391174316,10,232.55487823486362,56.61891745581168,175.93596077905192,2020-07-21
BANKNIFTY23JUL2022700CE,CE,2020-07-21 11:14:00,2020-07-21 11:24:00,257.79286888122556,261.89361282348636,10,82.01487884521612,56.77291096670615,25.241967878509968,2020-07-21
BANKNIFTY23JUL2022700CE,CE,2020-07-21 11:25:00,2020-07-21 11:31:00,266.414375,275.90850608825684,6,189.88262176513672,57.22091376793833,132.6617079971984,2020-07-21
BANKNIFTY23JUL2022700CE,CE,2020-07-21 11:37:00,2020-07-21 11:47:00,280.49948776245117,292.46701217651366,10,239.3504882812499,57.79866405354224,181.55182422770767,2020-07-21
BANKNIFTY23JUL2022700CE,CE,2020-07-21 12:28:00,2020-07-21 12:37:00,296.79011276245114,286.03312500000004,9,-215.13975524902207,57.844556964165584,-272.98431221318765,2020-07-21
BANKNIFTY23JUL2022700CE,CE,2020-07-21 12:44:00,2020-07-21 12:45:00,271.97823776245116,277.2052439117432,1,104.54012298584075,57.32157830547726,47.21854468036349,2020-07-21
BANKNIFTY23JUL2022700CE,CE,2020-07-21 12:52:00,2020-07-21 13:02:00,281.5521311187744,279.549375,10,-40.05512237548828,57.49753823391721,-97.55266060940549,2020-07-21
BANKNIFTY23JUL2022700CE,CE,2020-07-21 13:03:00,2020-07-21 13:13:00,285.21125,280.84611282348635,10,-87.30274353027312,57.57453899537335,-144.87728252564648,2020-07-21
BANKNIFTY23JUL2022700CE,CE,2020-07-21 13:14:00,2020-07-21 13:24:00,279.3967622375488,269.12548782348637,10,-205.42548828124836,57.21721433095776,-262.6427026122061,2020-07-21
BANKNIFTY23JUL2022700CE,CE,2020-07-21 13:28:00,2020-07-21 13:36:00,271.7777561187744,280.4471189117432,8,173.38725585937595,57.39794167247888,115.98931418689708,2020-07-21
BANKNIFTY23JUL2022700CE,CE,2020-07-21 13:50:00,2020-07-21 14:00:00,273.8830122375488,284.83611282348636,10,219.06201171875068,57.53085266470777,161.53115905404292,2020-07-21
BANKNIFTY23JUL2022700PE,PE,2020-07-21 09:38:00,2020-07-21 09:48:00,323.1558811187744,328.426875,10,105.41987762451186,59.203283341417205,46.21659428309465,2020-07-21
BANKNIFTY23JUL2022700PE,PE,2020-07-21 10:15:00,2020-07-21 10:25:00,339.4966188812256,346.880625,10,147.68012237548874,59.8551557645828,87.82496661090593,2020-07-21
BANKNIFTY23JUL2022700PE,PE,2020-07-21 11:03:00,2020-07-21 11:13:00,342.5542622375488,330.77100608825685,10,-235.66512298583916,59.501298776022736,-295.1664217618619,2020-07-21
BANKNIFTY23JUL2022700PE,PE,2020-07-21 11:31:00,2020-07-21 11:41:00,316.28875,314.21250000000003,10,-41.52499999999918,58.772224079500006,-100.29722407949919,2020-07-21
BANKNIFTY23JUL2022700PE,PE,2020-07-21 12:00:00,2020-07-21 12:10:00,303.1058811187744,304.3372560882569,10,24.627499389649756,58.36824390685553,-33.740744517205776,2020-07-21
BANKNIFTY23JUL2022700PE,PE,2020-07-21 12:11:00,2020-07-21 12:20:00,299.9480122375488,299.1003810882568,9,-16.95262298583998,58.20163215427273,-75.15425514011271,2020-07-21
BANKNIFTY23JUL2022700PE,PE,2020-07-21 12:40:00,2020-07-21 12:50:00,301.7023872375488,302.2425,10,10.802255249024029,58.29985545108441,-47.49760020206038,2020-07-21
BANKNIFTY23JUL2022700PE,PE,2020-07-21 12:51:00,2020-07-21 12:57:00,305.010625,302.84100608825685,6,-43.392378234863145,58.35551349643832,-101.74789173130146,2020-07-21
BANKNIFTY23JUL2022700PE,PE,2020-07-21 13:11:00,2020-07-21 13:13:00,304.76,302.990625,2,-35.38749999999936,58.35603910225,-93.74353910224937,2020-07-21
BANKNIFTY23JUL2022700PE,PE,2020-07-21 13:20:00,2020-07-21 13:30:00,320.29875,305.235,10,-301.2749999999994,58.6036775965,-359.8786775964994,2020-07-21
BANKNIFTY23JUL2022700PE,PE,2020-07-21 13:39:00,2020-07-21 13:49:00,282.50448776245116,292.018125,10,190.2727447509767,57.8126548194156,132.4600899315611,2020-07-21
BANKNIFTY23JUL2022700PE,PE,2020-07-21 13:56:00,2020-07-21 14:06:00,304.008125,297.0554878234863,10,-139.0527435302738,58.202334205373354,-197.25507773564715,2020-07-21
BANKNIFTY23JUL2022700PE,PE,2020-07-21 14:07:00,2020-07-21 14:17:00,300.19863723754884,257.4048628234863,10,-855.8754882812502,57.19056071095777,-913.066048992208,2020-07-21
BANKNIFTY23JUL2022700PE,PE,2020-07-21 14:18:00,2020-07-21 14:28:00,255.88812499999997,246.03336891174317,10,-197.09512176513613,56.36346896181168,-253.45859072694782,2020-07-21
BANKNIFTY23JUL2022700PE,PE,2020-07-21 14:31:00,2020-07-21 14:41:00,226.9659938812256,211.1707469558716,10,-315.9049385070796,55.15616750223863,-371.0611060093182,2020-07-21
BANKNIFTY23JUL2022700PE,PE,2020-07-21 14:48:00,2020-07-21 14:58:00,201.5025,216.05850608825685,10,291.120121765137,54.95870713768833,236.1614146274487,2020-07-21
BANKNIFTY23JUL2022700PE,PE,2020-07-21 14:59:00,2020-07-21 15:09:00,218.74549694061278,221.6444969558716,10,57.98000030517642,55.308798641947234,2.6712016632291835,2020-07-21
BANKNIFTY23JUL2022700PE,PE,2020-07-21 15:15:00,2020-07-21 15:24:00,232.3795030593872,235.90875000000003,9,70.58493881225672,55.8251400657086,14.759798746548121,2020-07-21
BANKNIFTY23JUL2023000CE,CE,2020-07-22 09:15:00,2020-07-22 09:25:00,223.0061219406128,189.7244969558716,10,-665.632499694824,54.58532163069724,-720.2178213255212,2020-07-22
BANKNIFTY23JUL2023000CE,CE,2020-07-22 09:26:00,2020-07-22 09:36:00,182.5552561187744,129.8744969558716,10,-1053.615183258056,52.62700879407304,-1106.242192052129,2020-07-22
BANKNIFTY23JUL2023000CE,CE,2020-07-22 10:00:00,2020-07-22 10:05:00,122.90649847030639,128.57774391174317,5,113.42490882873562,51.85441478620737,61.57049404252825,2020-07-22
BANKNIFTY23JUL2023000CE,CE,2020-07-22 10:12:00,2020-07-22 10:21:00,125.1120030593872,125.28599847793579,9,3.479908370971714,51.80174799378652,-48.32183962281481,2020-07-22
BANKNIFTY23JUL2023000CE,CE,2020-07-22 12:06:00,2020-07-22 12:10:00,148.6707530593872,153.51524391174317,4,96.88981704711921,52.78106935452028,44.10874769259893,2020-07-22
BANKNIFTY23JUL2023000CE,CE,2020-07-22 12:35:00,2020-07-22 12:39:00,148.620625,150.6225,4,40.03750000000025,52.71008463775,-12.67258463774975,2020-07-22
BANKNIFTY23JUL2023000CE,CE,2020-07-22 13:05:00,2020-07-22 13:07:00,170.12424694061278,171.57000000000002,2,28.915061187744868,53.4867556462914,-24.57169445854653,2020-07-22
BANKNIFTY23JUL2023000CE,CE,2020-07-22 13:15:00,2020-07-22 13:21:00,115.036875,118.55287347793579,6,70.31996955871591,51.51280479357792,18.80716476513799,2020-07-22
BANKNIFTY23JUL2023000CE,CE,2020-07-22 13:25:00,2020-07-22 13:35:00,109.6735015296936,88.37849847793579,10,-425.90006103515606,50.71222295918222,-476.61228399433827,2020-07-22
BANKNIFTY23JUL2023000CE,CE,2020-07-22 13:36:00,2020-07-22 13:37:00,90.6260015296936,99.4507469558716,1,176.49490852355996,50.744901381260135,125.75000714229982,2020-07-22
BANKNIFTY23JUL2023000CE,CE,2020-07-22 13:57:00,2020-07-22 13:59:00,102.004375,111.5703734779358,2,191.31996955871614,51.18105468957792,140.1389148691382,2020-07-22
BANKNIFTY23JUL2023000CE,CE,2020-07-22 14:01:00,2020-07-22 14:11:00,103.8088780593872,82.8922484779358,10,-418.33259162902806,50.50591787253652,-468.8385095015646,2020-07-22
BANKNIFTY23JUL2023000CE,CE,2020-07-22 14:12:00,2020-07-22 14:22:00,88.1698719406128,91.27125000000001,10,62.02756118774431,50.5154325975414,11.512128590202913,2020-07-22
BANKNIFTY23JUL2023000PE,PE,2020-07-22 09:45:00,2020-07-22 09:46:00,406.2130122375488,415.30913108825683,1,181.92237701416047,62.34844115977274,119.57393585438774,2020-07-22
BANKNIFTY23JUL2023000PE,PE,2020-07-22 10:28:00,2020-07-22 10:38:00,374.98511276245114,365.334375,10,-193.0147552490223,60.74491225066559,-253.7596674996879,2020-07-22
BANKNIFTY23JUL2023000PE,PE,2020-07-22 10:46:00,2020-07-22 10:56:00,343.7572438812256,354.1125,10,207.1051223754887,60.08399330008279,147.0211290754059,2020-07-22
BANKNIFTY23JUL2023000PE,PE,2020-07-22 11:13:00,2020-07-22 11:23:00,323.8075,321.79350608825683,10,-40.27987823486342,59.05003138168833,-99.32990961655175,2020-07-22
BANKNIFTY23JUL2023000PE,PE,2020-07-22 11:30:00,2020-07-22 11:40:00,309.07073776245113,307.6289939117432,10,-28.83487701415902,58.52241581397726,-87.35729282813628,2020-07-22
BANKNIFTY23JUL2023000PE,PE,2020-07-22 11:56:00,2020-07-22 12:06:00,322.30375,332.76600608825686,10,209.24512176513758,59.29824009418832,149.94688167094927,2020-07-22
BANKNIFTY23JUL2023000PE,PE,2020-07-22 12:13:00,2020-07-22 12:23:00,326.1633811187744,311.26986282348633,10,-297.8703659057612,58.823327017040555,-356.6936929228018,2020-07-22
BANKNIFTY23JUL2023000PE,PE,2020-07-22 12:30:00,2020-07-22 12:35:00,298.745,325.78350608825684,5,540.7701217651368,58.83571607068832,481.93440569444846,2020-07-22
BANKNIFTY23JUL2023000PE,PE,2020-07-22 12:50:00,2020-07-22 13:00:00,306.514375,250.57199695587158,10,-1118.847560882568,57.10282501440584,-1175.9503858969738,2020-07-22
BANKNIFTY23JUL2023000PE,PE,2020-07-22 13:01:00,2020-07-22 13:05:00,242.605,270.92100608825683,4,566.3201217651368,56.80380166168832,509.5163201034485,2020-07-22
BANKNIFTY23JUL2023000PE,PE,2020-07-22 13:37:00,2020-07-22 13:42:00,381.1505122375488,388.07736282348634,5,138.5370117187506,61.374700046207764,77.16231167254283,2020-07-22
BANKNIFTY23JUL2023000PE,PE,2020-07-22 15:01:00,2020-07-22 15:11:00,378.945,289.27500000000003,10,-1793.3999999999992,58.94407049200001,-1852.3440704919992,2020-07-22
BANKNIFTY23JUL2022800CE,CE,2020-07-23 10:19:00,2020-07-23 10:29:00,139.4477561187744,141.3457469558716,10,37.959816741943655,52.370480553573046,-14.41066381162939,2020-07-23
BANKNIFTY23JUL2022800CE,CE,2020-07-23 14:46:00,2020-07-23 14:56:00,238.3945030593872,223.53975608825684,10,-297.09493942260735,55.599009559396926,-352.69394898200426,2020-07-23
BANKNIFTY23JUL2022800CE,CE,2020-07-23 14:59:00,2020-07-23 15:09:00,234.6852561187744,288.77625,10,1081.8198776245122,57.139713742417214,1024.680163882095,2020-07-23
BANKNIFTY23JUL2022800CE,CE,2020-07-23 15:10:00,2020-07-23 15:20:00,296.1886372375488,290.17274391174317,10,-120.31786651611242,57.93777490739609,-178.2556414235085,2020-07-23
BANKNIFTY23JUL2022800PE,PE,2020-07-23 09:17:00,2020-07-23 09:27:00,126.26487194061279,120.09900152206421,10,-123.31740837097158,51.68990433646348,-175.00731270743506,2020-07-23
BANKNIFTY23JUL2022800PE,PE,2020-07-23 09:28:00,2020-07-23 09:38:00,123.55812499999999,121.19625,10,-47.23749999999967,51.682965828250005,-98.92046582824968,2020-07-23
BANKNIFTY23JUL2022800PE,PE,2020-07-23 09:43:00,2020-07-23 09:51:00,98.44549694061278,128.07899391174317,8,592.6699394226077,51.538389692103074,541.1315497305046,2020-07-23
BANKNIFTY23JUL2022800PE,PE,2020-07-23 10:49:00,2020-07-23 10:57:00,96.490625,94.61287347793579,8,-37.55503044128403,50.70008661807791,-88.25511705936194,2020-07-23
BANKNIFTY23JUL2022800PE,PE,2020-07-23 11:39:00,2020-07-23 11:49:00,45.1125,42.9423742389679,10,-43.40251522064193,48.80497278903896,-92.2074880096809,2020-07-23
BANKNIFTY23JUL2022800PE,PE,2020-07-23 12:04:00,2020-07-23 12:14:00,45.5135015296936,38.10450076103211,10,-148.18001537322985,48.69228017231534,-196.8722955455452,2020-07-23
BANKNIFTY23JUL2022800PE,PE,2020-07-23 12:15:00,2020-07-23 12:22:00,31.378249235153195,26.782875380516053,7,-91.90747709274284,48.24128676480338,-140.14876385754621,2020-07-23
BANKNIFTY23JUL2022800PE,PE,2020-07-23 12:59:00,2020-07-23 13:09:00,34.085,30.024750380516053,10,-81.20499238967895,48.35376842435553,-129.55876081403449,2020-07-23
BANKNIFTY23JUL2022800PE,PE,2020-07-23 13:11:00,2020-07-23 13:21:00,26.616374235153195,19.152000761032106,10,-149.28746948242178,47.99651679265889,-197.28398627508068,2020-07-23
BANKNIFTY23JUL2022800PE,PE,2020-07-23 13:32:00,2020-07-23 13:42:00,12.681624617576599,11.920124809741974,10,-15.229996156692494,47.64749177942116,-62.87748793611365,2020-07-23
BANKNIFTY23JUL2022800PE,PE,2020-07-23 13:55:00,2020-07-23 14:05:00,10.0751251912117,7.730625000000001,10,-46.890003824234,47.513205955575536,-94.40320977980954,2020-07-23
BANKNIFTY23JUL2022800PE,PE,2020-07-23 14:12:00,2020-07-23 14:20:00,5.363374904394149,6.234375,7,17.420001912117016,47.41827486821223,-29.998272956095214,2020-07-23
BANKNIFTY30JUL2022800CE,CE,2020-07-24 09:25:00,2020-07-24 09:35:00,369.57161888122556,340.396875,10,-583.4948776245108,60.07108739308279,-643.5659650175935,2020-07-24
BANKNIFTY30JUL2022800CE,CE,2020-07-24 11:11:00,2020-07-24 11:21:00,273.2815061187744,275.65913108825686,10,47.5524993896488,57.30016256035553,-9.74766317070673,2020-07-24
BANKNIFTY30JUL2022800CE,CE,2020-07-24 11:48:00,2020-07-24 11:58:00,262.8555122375488,278.60173782348636,10,314.9245117187513,57.24220897195775,257.68230274679354,2020-07-24
BANKNIFTY30JUL2022800CE,CE,2020-07-24 12:11:00,2020-07-24 12:21:00,272.73011276245114,264.33750000000003,10,-167.85225524902216,57.0179294439156,-224.87018469293776,2020-07-24
BANKNIFTY30JUL2022800CE,CE,2020-07-24 12:33:00,2020-07-24 12:40:00,270.675,239.4,7,-625.5000000000001,56.38582777,-681.8858277700001,2020-07-24
BANKNIFTY30JUL2022800CE,CE,2020-07-24 12:48:00,2020-07-24 12:58:00,236.08874999999998,260.5470121765137,10,489.16524353027455,56.470513499876645,432.6947300303979,2020-07-24
BANKNIFTY30JUL2022800CE,CE,2020-07-24 13:55:00,2020-07-24 14:05:00,283.958125,292.7163871765137,10,175.1652435302742,57.84769847687666,117.31754505339755,2020-07-24
BANKNIFTY30JUL2022800CE,CE,2020-07-24 14:34:00,2020-07-24 14:44:00,303.8577561187744,295.85850608825683,10,-159.98500061035088,58.17135117760553,-218.1563517879564,2020-07-24
BANKNIFTY30JUL2022800CE,CE,2020-07-24 14:59:00,2020-07-24 15:09:00,294.8853688812256,306.2325,10,226.94262237548855,58.312214705832794,168.63040766965577,2020-07-24
BANKNIFTY30JUL2022800PE,PE,2020-07-24 10:19:00,2020-07-24 10:29:00,510.4730122375488,509.32350608825686,10,-22.990122985838752,65.93049374752275,-88.9206167333615,2020-07-24
BANKNIFTY30JUL2022800PE,PE,2020-07-24 10:30:00,2020-07-24 10:40:00,512.2774999999999,568.0263871765137,10,1114.9777435302758,67.38077738012664,1047.5969661501492,2020-07-24
BANKNIFTY30JUL2022800PE,PE,2020-07-24 13:44:00,2020-07-24 13:54:00,591.1742622375488,543.4379878234863,10,-954.725488281249,67.76288080495776,-1022.4883690862067,2020-07-24
BANKNIFTY30JUL2022800PE,PE,2020-07-24 14:02:00,2020-07-24 14:08:00,519.545625,524.5353506469727,6,99.79451293945431,66.4132150817467,33.38129785770761,2020-07-24
BANKNIFTY30JUL2022800PE,PE,2020-07-24 14:12:00,2020-07-24 14:22:00,501.1998872375488,490.3211128234864,10,-217.57548828124868,65.35308153895777,-282.92856982020646,2020-07-24
BANKNIFTY30JUL2022800PE,PE,2020-07-24 14:56:00,2020-07-24 14:57:00,458.5936372375488,475.5082621765137,1,338.29249877929783,64.46345667746107,273.82904210183676,2020-07-24
BANKNIFTY30JUL2022500CE,CE,2020-07-27 09:20:00,2020-07-27 09:30:00,288.5696311187744,209.57475608825683,10,-1579.8975006103512,55.88268620635553,-1635.7801868167069,2020-07-27
BANKNIFTY30JUL2022500CE,CE,2020-07-27 09:42:00,2020-07-27 09:52:00,218.04375,202.64211891174318,10,-308.0326217651361,54.837874176061675,-362.8704959411978,2020-07-27
BANKNIFTY30JUL2022500CE,CE,2020-07-27 10:00:00,2020-07-27 10:10:00,201.2017469406128,183.2407469558716,10,-359.21999969482385,54.15672465594724,-413.3767243507711,2020-07-27
BANKNIFTY30JUL2022500CE,CE,2020-07-27 11:22:00,2020-07-27 11:32:00,181.2520030593872,177.90413108825683,10,-66.9574394226072,53.77907130814693,-120.73651073075413,2020-07-27
BANKNIFTY30JUL2022500CE,CE,2020-07-27 11:35:00,2020-07-27 11:45:00,172.42999999999998,177.0063719558716,10,91.52743911743244,53.647633536905836,37.8798055805266,2020-07-27
BANKNIFTY30JUL2022500CE,CE,2020-07-27 12:17:00,2020-07-27 12:27:00,190.87599388122558,195.41024391174318,10,90.68500061035195,54.32444760639447,36.36055300395748,2020-07-27
BANKNIFTY30JUL2022500CE,CE,2020-07-27 13:24:00,2020-07-27 13:34:00,173.33224388122557,172.5675,10,-15.2948776245114,53.55087330808279,-68.8457509325942,2020-07-27
BANKNIFTY30JUL2022500CE,CE,2020-07-27 14:27:00,2020-07-27 14:35:00,134.6858811187744,142.44300304412843,8,155.14243850708056,52.33801014151136,102.8044283655692,2020-07-27
BANKNIFTY30JUL2022500CE,CE,2020-07-27 14:55:00,2020-07-27 14:59:00,139.9490061187744,148.42800304412842,4,169.57993850708021,52.54897384726136,117.03096465981886,2020-07-27
BANKNIFTY30JUL2022500CE,CE,2020-07-27 15:05:00,2020-07-27 15:15:00,139.1470030593872,132.31836891174316,10,-136.57268295288077,52.14716578527029,-188.71984873815106,2020-07-27
BANKNIFTY30JUL2022500PE,PE,2020-07-27 10:45:00,2020-07-27 10:55:00,596.4875,578.8991006469727,10,-351.7679870605457,68.6914322694967,-420.4594193300424,2020-07-27
BANKNIFTY30JUL2022500PE,PE,2020-07-27 11:45:00,2020-07-27 11:55:00,637.4396005249023,611.4176371765137,10,-520.4392669677713,69.99117266070782,-590.4304396284791,2020-07-27
BANKNIFTY30JUL2022500PE,PE,2020-07-27 12:06:00,2020-07-27 12:16:00,594.0814755249023,587.278125,10,-136.06701049804542,68.86534882058119,-204.9323593186266,2020-07-27
BANKNIFTY30JUL2022500PE,PE,2020-07-27 12:28:00,2020-07-27 12:34:00,571.3748872375488,570.57,6,-16.09774475097538,68.17684950108442,-84.2745942520598,2020-07-27
BANKNIFTY30JUL2022500PE,PE,2020-07-27 12:58:00,2020-07-27 13:08:00,595.1341494750976,603.9363871765137,10,176.04475402832122,69.28361572654546,106.76113830177576,2020-07-27
BANKNIFTY30JUL2022500PE,PE,2020-07-27 13:14:00,2020-07-27 13:18:00,601.750625,613.4126371765137,4,233.24024353027426,69.59631268637665,163.6439308438976,2020-07-27
BANKNIFTY30JUL2022500PE,PE,2020-07-27 13:32:00,2020-07-27 13:42:00,651.8255122375488,601.2431250000001,10,-1011.6477447509737,69.92241670908442,-1081.5701614600582,2020-07-27
BANKNIFTY30JUL2022500PE,PE,2020-07-27 14:51:00,2020-07-27 14:55:00,671.675,718.2,4,930.5000000000018,73.01383105,857.4861689500018,2020-07-27
BANKNIFTY30JUL2022000CE,CE,2020-07-28 09:30:00,2020-07-28 09:35:00,330.4240061187744,347.67861282348633,5,345.09213409423865,59.76185118929055,285.3302829049481,2020-07-28
BANKNIFTY30JUL2022000CE,CE,2020-07-28 09:49:00,2020-07-28 09:55:00,260.44948776245116,261.345,6,17.910244750977427,56.792571498165586,-38.88232674718816,2020-07-28
BANKNIFTY30JUL2022000CE,CE,2020-07-28 10:00:00,2020-07-28 10:10:00,227.46724388122558,193.7144969558716,10,-675.0549385070798,54.737795989238634,-729.7927344963184,2020-07-28
BANKNIFTY30JUL2022000CE,CE,2020-07-28 12:05:00,2020-07-28 12:10:00,226.565,250.87125,5,486.1250000000001,56.1168448705,430.0081551295001,2020-07-28
BANKNIFTY30JUL2022000CE,CE,2020-07-28 14:44:00,2020-07-28 14:45:00,416.58886276245113,426.7304878234863,1,202.832501220704,62.75515508903894,140.07734613166505,2020-07-28
BANKNIFTY30JUL2022000CE,CE,2020-07-28 14:53:00,2020-07-28 14:55:00,393.63161888122556,405.9326371765137,2,246.0203659057629,61.964064873959444,184.05630103180346,2020-07-28
BANKNIFTY30JUL2022000PE,PE,2020-07-28 09:18:00,2020-07-28 09:28:00,325.1608811187744,296.50687500000004,10,-573.0801223754872,58.451783347417205,-631.5319057229044,2020-07-28
BANKNIFTY30JUL2022000PE,PE,2020-07-28 10:22:00,2020-07-28 10:32:00,463.6061372375488,496.4058689117432,10,655.9946334838878,65.03403499964608,590.9605984842417,2020-07-28
BANKNIFTY30JUL2022000PE,PE,2020-07-28 10:40:00,2020-07-28 10:50:00,472.67875,477.9022560882569,10,104.47012176513795,64.69667503468833,39.77344673044962,2020-07-28
BANKNIFTY30JUL2022000PE,PE,2020-07-28 10:51:00,2020-07-28 11:01:00,470.1223872375488,428.9748628234864,10,-822.9504882812489,63.47482546345776,-886.4253137447067,2020-07-28
BANKNIFTY30JUL2022000PE,PE,2020-07-28 11:02:00,2020-07-28 11:12:00,439.09499999999997,421.3439939117432,10,-355.0201217651352,62.90374341231168,-417.9238651774468,2020-07-28
BANKNIFTY30JUL2022000PE,PE,2020-07-28 11:18:00,2020-07-28 11:28:00,385.9625,404.8852439117432,10,378.4548782348645,61.84331043381168,316.61156780105284,2020-07-28
BANKNIFTY30JUL2022000PE,PE,2020-07-28 11:39:00,2020-07-28 11:49:00,397.6917622375488,378.2021189117432,10,-389.7928665161123,61.340000436896084,-451.13286695300843,2020-07-28
BANKNIFTY30JUL2022000PE,PE,2020-07-28 11:50:00,2020-07-28 12:00:00,374.2833811187744,366.7807621765137,10,-150.0523788452142,60.77137556054385,-210.82375440575805,2020-07-28
BANKNIFTY30JUL2022000PE,PE,2020-07-28 12:05:00,2020-07-28 12:15:00,386.3133811187744,326.73111282348634,10,-1191.6453659057606,59.94667981754057,-1251.5920457233012,2020-07-28
BANKNIFTY30JUL2022000PE,PE,2020-07-28 12:16:00,2020-07-28 12:26:00,315.3865061187744,341.5439939117432,10,523.1497558593765,59.42581528772888,463.7239405716476,2020-07-28
BANKNIFTY30JUL2022000PE,PE,2020-07-28 12:30:00,2020-07-28 12:40:00,327.8175,279.89850608825685,10,-958.3798782348629,58.08081279568833,-1016.4606910305512,2020-07-28
BANKNIFTY30JUL2022000PE,PE,2020-07-28 12:41:00,2020-07-28 12:50:00,281.9030122375488,293.56423782348634,9,233.2245117187506,57.84278935795777,175.38172236079282,2020-07-28
BANKNIFTY30JUL2022000PE,PE,2020-07-28 12:51:00,2020-07-28 13:01:00,281.3516188812256,290.6714939117432,10,186.39750061035215,57.76557712164447,128.63192348870768,2020-07-28
BANKNIFTY30JUL2022000PE,PE,2020-07-28 13:30:00,2020-07-28 13:40:00,299.5469877624512,286.4321189117432,10,-262.29737701415957,57.88851224472725,-320.18588925888685,2020-07-28
BANKNIFTY30JUL2022000PE,PE,2020-07-28 13:48:00,2020-07-28 13:58:00,294.78511276245115,308.2275,10,268.8477447509774,58.35949474591558,210.48825000506184,2020-07-28
BANKNIFTY30JUL2022000PE,PE,2020-07-28 14:01:00,2020-07-28 14:11:00,290.67488723754883,240.54711891174318,10,-1002.5553665161129,56.66220043064609,-1059.217566946759,2020-07-28
BANKNIFTY30JUL2022000PE,PE,2020-07-28 14:21:00,2020-07-28 14:31:00,231.47724388122558,191.52,10,-799.1448776245113,54.73423655908278,-853.8791141835941,2020-07-28
BANKNIFTY30JUL2022000PE,PE,2020-07-28 14:55:00,2020-07-28 15:05:00,172.07911888122558,164.7869969558716,10,-145.84243850707992,53.34605514048864,-199.18849364756855,2020-07-28
BANKNIFTY30JUL2022000PE,PE,2020-07-28 15:06:00,2020-07-28 15:16:00,166.66562499999998,197.10600608825683,10,608.8076217651371,54.06491470843833,554.7427070566988,2020-07-28
BANKNIFTY30JUL2022200CE,CE,2020-07-29 09:39:00,2020-07-29 09:49:00,209.1215061187744,237.405,10,565.6698776245122,55.57258620141721,510.097291423095,2020-07-29
BANKNIFTY30JUL2022200CE,CE,2020-07-29 14:07:00,2020-07-29 14:15:00,224.25924694061277,184.53750000000002,8,-794.4349388122549,54.4747235152914,-848.9096623275464,2020-07-29
BANKNIFTY30JUL2022200CE,CE,2020-07-29 15:03:00,2020-07-29 15:10:00,150.7258811187744,144.13875000000002,7,-131.7426223754876,52.57853135616721,-184.32115373165482,2020-07-29
BANKNIFTY30JUL2022200PE,PE,2020-07-29 09:25:00,2020-07-29 09:30:00,176.44,190.77187500000002,5,286.6375000000005,54.032278762749996,232.6052212372505,2020-07-29
BANKNIFTY30JUL2022200PE,PE,2020-07-29 10:09:00,2020-07-29 10:14:00,221.5023719406128,226.4325,5,98.6025611877443,55.4595104250414,43.1430507627029,2020-07-29
BANKNIFTY30JUL2022200PE,PE,2020-07-29 11:45:00,2020-07-29 11:55:00,131.4277561187744,141.645,10,204.34487762451226,52.278122192917195,152.06675543159508,2020-07-29
BANKNIFTY30JUL2022200PE,PE,2020-07-29 12:01:00,2020-07-29 12:11:00,155.8386219406128,144.43800304412844,10,-228.0123779296872,52.64932891438555,-280.66170684407274,2020-07-29
BANKNIFTY30JUL2022200PE,PE,2020-07-29 12:16:00,2020-07-29 12:26:00,137.99411888122557,149.67487804412843,10,233.6151832580572,52.55501559892695,181.06016765913023,2020-07-29
BANKNIFTY30JUL2022200PE,PE,2020-07-29 12:46:00,2020-07-29 12:56:00,137.7434938812256,139.35074695587159,10,32.14506149291992,52.300781899238636,-20.155720406318714,2020-07-29
BANKNIFTY30JUL2022200PE,PE,2020-07-29 12:57:00,2020-07-29 13:07:00,144.6607530593872,138.70237804412844,10,-119.16750030517505,52.370948494302766,-171.5384487994778,2020-07-29
BANKNIFTY30JUL2022200PE,PE,2020-07-29 13:15:00,2020-07-29 13:24:00,128.67088111877442,163.49024391174316,9,696.3872558593749,52.775226855478884,643.612029003896,2020-07-29
BANKNIFTY30JUL2022200PE,PE,2020-07-29 14:15:00,2020-07-29 14:25:00,224.50987194061278,222.44250000000002,10,-41.34743881225518,55.3998232380414,-96.74726205029657,2020-07-29
BANKNIFTY30JUL2022200PE,PE,2020-07-29 14:37:00,2020-07-29 14:47:00,189.5226280593872,329.3246189117432,10,2796.03981704712,57.56491362252029,2738.4749034245997,2020-07-29
BANKNIFTY30JUL2022200PE,PE,2020-07-29 14:50:00,2020-07-29 15:00:00,296.3390061187744,270.073125,10,-525.3176223754883,57.4507479396672,-582.7683703151555,2020-07-29
BANKNIFTY30JUL2022200PE,PE,2020-07-29 15:05:00,2020-07-29 15:15:00,209.1215061187744,192.766875,10,-327.09262237548785,54.4868263041672,-381.57944867965506,2020-07-29
BANKNIFTY30JUL2022200CE,CE,2020-07-30 09:32:00,2020-07-30 09:42:00,108.3702484703064,100.34849847793579,10,-160.43499984741203,50.98718535647361,-211.42218520388565,2020-07-30
BANKNIFTY30JUL2022200CE,CE,2020-07-30 10:27:00,2020-07-30 10:37:00,111.27749999999999,113.36587652206421,10,41.767530441284464,51.33993338317209,-9.572402941887624,2020-07-30
BANKNIFTY30JUL2022200CE,CE,2020-07-30 10:38:00,2020-07-30 10:48:00,111.02687499999999,110.42324695587159,10,-12.072560882567984,51.265244373905844,-63.33780525647383,2020-07-30
BANKNIFTY30JUL2022200CE,CE,2020-07-30 10:51:00,2020-07-30 11:01:00,112.9316265296936,94.11412347793579,10,-376.3500610351562,50.89221164918222,-427.24227268433845,2020-07-30
BANKNIFTY30JUL2022200CE,CE,2020-07-30 11:02:00,2020-07-30 11:09:00,85.31274847030639,114.91199695587159,7,591.984969711304,51.05496491105153,540.9300048002524,2020-07-30
BANKNIFTY30JUL2022200CE,CE,2020-07-30 11:20:00,2020-07-30 11:30:00,113.3326280593872,107.18137195587158,10,-123.02512207031242,51.21503605686444,-174.24015812717687,2020-07-30
BANKNIFTY30JUL2022200CE,CE,2020-07-30 11:49:00,2020-07-30 11:59:00,99.94924694061278,98.55300304412842,10,-27.924877929687284,50.838893289135555,-78.76377121882284,2020-07-30
BANKNIFTY30JUL2022200CE,CE,2020-07-30 12:05:00,2020-07-30 12:15:00,94.3352484703064,99.1016234779358,10,95.32750015258813,50.78249164172362,44.54500851086451,2020-07-30
BANKNIFTY30JUL2022200CE,CE,2020-07-30 12:16:00,2020-07-30 12:26:00,74.5358734703064,82.24387195587158,10,154.1599697113037,50.12647092155153,104.03349878975216,2020-07-30
BANKNIFTY30JUL2022200CE,CE,2020-07-30 12:27:00,2020-07-30 12:37:00,80.450625,47.082000761032106,10,-667.3724847793579,49.34469013846104,-716.717174917819,2020-07-30
BANKNIFTY30JUL2022200CE,CE,2020-07-30 12:40:00,2020-07-30 12:50:00,40.5010015296936,33.765373477935796,10,-134.71256103515614,48.52446368093223,-183.23702471608837,2020-07-30
BANKNIFTY30JUL2022200CE,CE,2020-07-30 12:53:00,2020-07-30 13:03:00,35.338125,16.009874238967896,10,-386.56501522064207,48.02844450678896,-434.593459727431,2020-07-30
BANKNIFTY30JUL2022200CE,CE,2020-07-30 13:07:00,2020-07-30 13:17:00,16.4911257648468,12.269250190258028,10,-84.43751149177544,47.70331148397992,-132.14082297575536,2020-07-30
BANKNIFTY30JUL2022200CE,CE,2020-07-30 13:19:00,2020-07-30 13:26:00,10.5763751912117,10.523625190258027,7,-1.0550000190734465,47.587369104503296,-48.64236912357674,2020-07-30
BANKNIFTY30JUL2022200CE,CE,2020-07-30 13:27:00,2020-07-30 13:29:00,10.275625,12.119624619483949,2,36.879992389678975,47.62245315614449,-10.742460766465513,2020-07-30
BANKNIFTY30JUL2022200CE,CE,2020-07-30 13:35:00,2020-07-30 13:45:00,11.528749999999999,10.773000190258026,10,-15.114996194839456,47.60526672592776,-62.72026292076722,2020-07-30
BANKNIFTY30JUL2022200CE,CE,2020-07-30 13:47:00,2020-07-30 13:48:00,10.776874999999999,9.925124809741975,1,-17.03500380516047,47.57530235007224,-64.6103061552327,2020-07-30
BANKNIFTY30JUL2022200PE,PE,2020-07-30 11:54:00,2020-07-30 11:58:00,84.5107530593872,93.71512195587158,4,184.08737792968765,50.529416932114444,133.55796099757322,2020-07-30
BANKNIFTY30JUL2022200PE,PE,2020-07-30 12:04:00,2020-07-30 12:05:00,85.0120030593872,92.7675,1,155.10993881225602,50.5125946842086,104.59734412804741,2020-07-30
BANKNIFTY30JUL2022200PE,PE,2020-07-30 12:21:00,2020-07-30 12:26:00,94.6360015296936,100.59787347793579,5,119.23743896484382,50.82262226393222,68.4148167009116,2020-07-30
BANKNIFTY06AUG2021500CE,CE,2020-07-31 09:33:00,2020-07-31 09:37:00,456.43823776245114,492.6652439117432,4,724.5401229858408,64.85399841747726,659.6861245683635,2020-07-31
BANKNIFTY06AUG2021500CE,CE,2020-07-31 10:38:00,2020-07-31 10:41:00,484.2075,508.57538108825685,3,487.3576217651373,65.58598443643832,421.771637328699,2020-07-31
BANKNIFTY06AUG2021500CE,CE,2020-07-31 12:27:00,2020-07-31 12:30:00,461.65124999999995,484.63538108825685,3,459.68262176513804,64.72344762493833,394.9591741401997,2020-07-31
BANKNIFTY06AUG2021500CE,CE,2020-07-31 13:36:00,2020-07-31 13:46:00,439.1952561187744,427.22923782348636,10,-239.32036590576104,63.04813927304056,-302.36850517880157,2020-07-31
BANKNIFTY06AUG2021500CE,CE,2020-07-31 14:02:00,2020-07-31 14:12:00,508.76874999999995,544.5851371765137,10,716.3277435302757,66.76701048512666,649.560733045149,2020-07-31
BANKNIFTY06AUG2021500CE,CE,2020-07-31 14:17:00,2020-07-31 14:27:00,521.1997744750977,527.0291006469727,10,116.58652343749964,66.49442255066552,50.09210088683412,2020-07-31
BANKNIFTY06AUG2021500CE,CE,2020-07-31 14:35:00,2020-07-31 14:45:00,466.413125,465.0345121765137,10,-27.57225646972529,64.30584356012666,-91.87810002985195,2020-07-31
BANKNIFTY06AUG2021500CE,CE,2020-07-31 14:47:00,2020-07-31 14:57:00,450.7240061187744,493.76250000000005,10,860.7698776245127,64.80969630741721,795.9601813170955,2020-07-31
BANKNIFTY06AUG2021500CE,CE,2020-07-31 15:03:00,2020-07-31 15:13:00,486.8140061187744,483.33861282348636,10,-69.50786590576058,65.00451756929056,-134.51238347505114,2020-07-31
BANKNIFTY06AUG2021500PE,PE,2020-07-31 09:41:00,2020-07-31 09:50:00,335.9377561187744,339.2996189117432,9,67.23725585937586,59.62654451747889,7.610711341896973,2020-07-31
BANKNIFTY06AUG2021500PE,PE,2020-07-31 10:07:00,2020-07-31 10:17:00,394.1328688812256,375.808125,10,-366.49487762451145,61.237555619082784,-427.73243324359424,2020-07-31
BANKNIFTY06AUG2021500PE,PE,2020-07-31 10:20:00,2020-07-31 10:30:00,378.7444877624512,359.00024391174315,10,-394.88487701416034,60.63754835097727,-455.5224253651376,2020-07-31
BANKNIFTY06AUG2021500PE,PE,2020-07-31 10:35:00,2020-07-31 10:45:00,389.1705122375488,359.94788108825685,10,-584.4526229858388,60.79012705627273,-645.2427500421115,2020-07-31
BANKNIFTY06AUG2021500PE,PE,2020-07-31 10:53:00,2020-07-31 11:03:00,363.65687499999996,381.34423782348637,10,353.7472564697282,60.99359225537334,292.75366421435484,2020-07-31
BANKNIFTY06AUG2021500PE,PE,2020-07-31 11:06:00,2020-07-31 11:11:00,395.0852561187744,413.2642378234863,5,363.5796340942386,62.16045520304056,301.41917889119804,2020-07-31
BANKNIFTY06AUG2021500PE,PE,2020-07-31 11:53:00,2020-07-31 11:58:00,400.1478688812256,413.3639939117432,5,264.32250061035234,62.22577750614447,202.09672310420785,2020-07-31
BANKNIFTY06AUG2021500PE,PE,2020-07-31 12:04:00,2020-07-31 12:14:00,388.5690061187744,382.0425,10,-130.53012237548728,61.3200748574172,-191.85019723290446,2020-07-31
BANKNIFTY06AUG2021500PE,PE,2020-07-31 12:20:00,2020-07-31 12:25:00,357.59176223754883,379.05,5,429.16475524902353,60.862437597334406,368.3023176516891,2020-07-31
BANKNIFTY06AUG2021500PE,PE,2020-07-31 13:00:00,2020-07-31 13:06:00,362.3536372375488,370.07250000000005,6,154.37725524902476,60.70323210858441,93.67402314044034,2020-07-31
BANKNIFTY06AUG2021500PE,PE,2020-07-31 13:24:00,2020-07-31 13:34:00,366.71448776245114,398.0025,10,625.7602447509771,61.436767719165594,564.3234770318115,2020-07-31
BANKNIFTY06AUG2021500PE,PE,2020-07-31 13:51:00,2020-07-31 14:01:00,398.8446311187744,313.26486282348634,10,-1711.5953659057607,59.77481537654055,-1771.3701812823012,2020-07-31
BANKNIFTY06AUG2021500PE,PE,2020-07-31 14:56:00,2020-07-31 14:57:00,335.8375,301.29486282348637,1,-690.8527435302722,58.70088649037334,-749.5536300206455,2020-07-31
BANKNIFTY06AUG2021400CE,CE,2020-08-03 10:55:00,2020-08-03 10:57:00,320.7498872375488,340.99538108825686,2,404.9098770141609,59.47910355052274,345.43077346363816,2020-08-03
BANKNIFTY06AUG2021400CE,CE,2020-08-03 11:50:00,2020-08-03 11:53:00,312.27875,312.9157621765137,3,12.740243530273574,58.690864111376655,-45.95062058110308,2020-08-03
BANKNIFTY06AUG2021400CE,CE,2020-08-03 12:08:00,2020-08-03 12:18:00,292.2788627624512,299.000625,10,134.4352447509766,58.103927281665584,76.33131746931102,2020-08-03
BANKNIFTY06AUG2021400CE,CE,2020-08-03 12:20:00,2020-08-03 12:30:00,297.3415061187744,276.70649391174317,10,-412.70024414062505,57.62455001072888,-470.3247941513539,2020-08-03
BANKNIFTY06AUG2021400PE,PE,2020-08-03 09:21:00,2020-08-03 09:31:00,383.205625,393.4139939117432,10,204.16737823486415,61.53003802506167,142.63734020980246,2020-08-03
BANKNIFTY06AUG2021400PE,PE,2020-08-03 10:05:00,2020-08-03 10:10:00,365.91249999999997,381.045,5,302.650000000001,61.014336697,241.635663303001,2020-08-03
BANKNIFTY06AUG2021400PE,PE,2020-08-03 10:16:00,2020-08-03 10:26:00,356.9401127624512,380.1971189117432,10,465.1401229858402,60.882243826477264,404.2578791593629,2020-08-03
BANKNIFTY06AUG2021400PE,PE,2020-08-03 15:15:00,2020-08-03 15:24:00,474.1323872375488,459.9971189117432,9,-282.70536651611224,64.27921704764609,-346.9845835637583,2020-08-03
BANKNIFTY06AUG2021200CE,CE,2020-08-04 09:31:00,2020-08-04 09:38:00,269.6725,283.2401371765137,7,271.352743530274,57.43972307162665,213.91302045864734,2020-08-04
BANKNIFTY06AUG2021200CE,CE,2020-08-04 11:13:00,2020-08-04 11:19:00,384.6091188812256,393.01500000000004,6,168.1176223754892,61.5377695033328,106.5798528721564,2020-08-04
BANKNIFTY06AUG2021200CE,CE,2020-08-04 12:02:00,2020-08-04 12:05:00,399.746875,410.6208689117432,3,217.4798782348637,62.154073043311676,155.325805191552,2020-08-04
BANKNIFTY06AUG2021200CE,CE,2020-08-04 12:15:00,2020-08-04 12:23:00,420.44849388122555,421.8926371765137,8,28.882865905762856,62.685431658209446,-33.80256575244659,2020-08-04
BANKNIFTY06AUG2021200CE,CE,2020-08-04 12:47:00,2020-08-04 12:49:00,384.45874999999995,394.01250000000005,2,191.07500000000186,61.5601641715,129.51483582850187,2020-08-04
BANKNIFTY06AUG2021200CE,CE,2020-08-04 13:25:00,2020-08-04 13:35:00,455.5359938812256,435.1095121765137,10,-408.5296340942375,63.44282670395945,-471.97246079819695,2020-08-04
BANKNIFTY06AUG2021200PE,PE,2020-08-04 09:45:00,2020-08-04 09:55:00,295.5871311187744,270.3225,10,-505.2926223754878,57.4474726431672,-562.740095018655,2020-08-04
BANKNIFTY06AUG2021200PE,PE,2020-08-04 10:03:00,2020-08-04 10:13:00,250.52474388122556,227.67937500000002,10,-456.9073776245108,55.85040125383279,-512.7577788783436,2020-08-04
BANKNIFTY06AUG2021200PE,PE,2020-08-04 10:15:00,2020-08-04 10:19:00,229.32187499999998,242.641875,4,266.40000000000043,55.950927156999995,210.44907284300044,2020-08-04
BANKNIFTY06AUG2021200PE,PE,2020-08-04 10:25:00,2020-08-04 10:35:00,233.3820030593872,207.28050304412844,10,-522.030000305175,55.14125269705276,-577.1712530022278,2020-08-04
BANKNIFTY06AUG2021200PE,PE,2020-08-04 10:40:00,2020-08-04 10:41:00,199.64786888122558,204.4376219558716,1,95.79506149292058,54.653004205238645,41.142057287681936,2020-08-04
BANKNIFTY06AUG2021200PE,PE,2020-08-04 10:48:00,2020-08-04 10:58:00,198.2945030593872,201.64461891174318,10,67.00231704711939,54.568254640770284,12.434062406349106,2020-08-04
BANKNIFTY06AUG2021200PE,PE,2020-08-04 11:23:00,2020-08-04 11:28:00,180.09911888122556,183.54000000000002,5,68.81762237548912,53.90183295733279,14.91578941815633,2020-08-04
BANKNIFTY06AUG2021200PE,PE,2020-08-04 12:05:00,2020-08-04 12:15:00,187.41737194061278,179.35050304412843,10,-161.33737792968702,53.89084835788556,-215.22822628757257,2020-08-04
BANKNIFTY06AUG2021200PE,PE,2020-08-04 12:23:00,2020-08-04 12:26:00,177.7432530593872,186.4826219558716,3,174.78737792968786,53.94413978211443,120.84323814757343,2020-08-04
BANKNIFTY06AUG2021200PE,PE,2020-08-04 12:30:00,2020-08-04 12:36:00,180.5502561187744,187.43024391174316,6,137.59975585937525,54.00206244272888,83.59769341664636,2020-08-04
BANKNIFTY06AUG2021200PE,PE,2020-08-04 12:40:00,2020-08-04 12:44:00,186.5652561187744,207.77925304412844,4,424.2799385070805,54.57175155526137,369.70818695181913,2020-08-04
BANKNIFTY06AUG2021200PE,PE,2020-08-04 13:03:00,2020-08-04 13:13:00,202.8558811187744,179.84925304412843,10,-460.1325614929192,54.094781616011375,-514.2273431089305,2020-08-04
BANKNIFTY06AUG2021200PE,PE,2020-08-04 13:16:00,2020-08-04 13:24:00,156.59049694061278,150.12375,8,-129.3349388122556,52.7969677432914,-182.13190655554698,2020-08-04
BANKNIFTY06AUG2021200PE,PE,2020-08-04 15:08:00,2020-08-04 15:16:00,129.6232530593872,130.32336891174316,8,14.002317047119277,51.98032094277028,-37.978003895651,2020-08-04
BANKNIFTY06AUG2021700CE,CE,2020-08-05 10:51:00,2020-08-05 11:01:00,360.29849388122557,342.64125,10,-353.1448776245111,60.0104730770828,-413.1553507015939,2020-08-05
BANKNIFTY06AUG2021700CE,CE,2020-08-05 11:13:00,2020-08-05 11:23:00,352.0780122375488,329.175,10,-458.06024475097615,59.58079742283441,-517.6410421738105,2020-08-05
BANKNIFTY06AUG2021700CE,CE,2020-08-05 11:26:00,2020-08-05 11:36:00,348.92011276245114,287.6789939117432,10,-1224.822377014159,58.53223268922726,-1283.3546097033861,2020-08-05
BANKNIFTY06AUG2021700CE,CE,2020-08-05 11:40:00,2020-08-05 11:50:00,266.5647438812256,247.5794969558716,10,-379.70493850707953,56.53371840423863,-436.2386569113182,2020-08-05
BANKNIFTY06AUG2021700CE,CE,2020-08-05 11:55:00,2020-08-05 12:05:00,252.8304969406128,171.22086891174317,10,-1632.1925605773924,54.50577288885307,-1686.6983334662455,2020-08-05
BANKNIFTY06AUG2021700CE,CE,2020-08-05 12:19:00,2020-08-05 12:29:00,173.13174694061277,189.525,10,327.8650611877447,53.96084986129139,273.90421132645326,2020-08-05
BANKNIFTY06AUG2021700CE,CE,2020-08-05 12:45:00,2020-08-05 12:54:00,197.8433811187744,200.4476219558716,9,52.08481674194388,54.53353480707304,-2.4487180651291567,2020-08-05
BANKNIFTY06AUG2021700CE,CE,2020-08-05 13:23:00,2020-08-05 13:33:00,171.82849388122557,166.23336891174318,10,-111.90249938964769,53.37812244864447,-165.28062183829215,2020-08-05
BANKNIFTY06AUG2021700CE,CE,2020-08-05 13:38:00,2020-08-05 13:48:00,157.4927561187744,151.12125,10,-127.43012237548783,52.832439841417205,-180.26256221690502,2020-08-05
BANKNIFTY06AUG2021700CE,CE,2020-08-05 13:52:00,2020-08-05 14:02:00,143.4076280593872,149.625,10,124.34743881225586,52.6210576579586,71.72638115429726,2020-08-05
BANKNIFTY06AUG2021700CE,CE,2020-08-05 14:26:00,2020-08-05 14:35:00,161.7533811187744,148.02899391174319,9,-274.4877441406243,52.81015734197888,-327.29790148260315,2020-08-05
BANKNIFTY06AUG2021700CE,CE,2020-08-05 14:45:00,2020-08-05 14:55:00,128.82125,116.70750000000001,10,-242.27499999999964,51.63917022849999,-293.91417022849964,2020-08-05
BANKNIFTY06AUG2021700CE,CE,2020-08-05 15:08:00,2020-08-05 15:17:00,112.4303765296936,122.7922484779358,9,207.23743896484393,51.583539560932216,155.6538994039117,2020-08-05
BANKNIFTY06AUG2021700PE,PE,2020-08-05 09:51:00,2020-08-05 09:56:00,132.8813780593872,139.15125,5,125.39743881225604,52.235524432958606,73.16191437929743,2020-08-05
BANKNIFTY06AUG2021700PE,PE,2020-08-05 12:40:00,2020-08-05 12:45:00,211.8783811187744,224.53725608825684,5,253.1774993896488,55.293846657855525,197.8836527317933,2020-08-05
BANKNIFTY06AUG2021700PE,PE,2020-08-05 12:55:00,2020-08-05 12:59:00,241.05112194061277,234.163125,4,-137.7599388122553,55.8904129057914,-193.65035171804672,2020-08-05
BANKNIFTY06AUG2021600CE,CE,2020-08-06 10:45:00,2020-08-06 10:47:00,171.57786888122558,176.65725608825684,2,101.5877441406252,53.628555246021115,47.95918889460409,2020-08-06
BANKNIFTY06AUG2021600CE,CE,2020-08-06 12:16:00,2020-08-06 12:17:00,119.9491265296936,124.73737804412842,1,95.76503028869638,51.72426205694846,44.04076823174792,2020-08-06
BANKNIFTY06AUG2021600CE,CE,2020-08-06 13:06:00,2020-08-06 13:08:00,241.7027561187744,273.86361282348633,2,643.2171340942386,56.864167333790554,586.3529667604481,2020-08-06
BANKNIFTY06AUG2021600CE,CE,2020-08-06 13:54:00,2020-08-06 14:04:00,181.4525,155.95913108825684,10,-509.86737823486294,53.247780799938326,-563.1151590348013,2020-08-06
BANKNIFTY06AUG2021600CE,CE,2020-08-06 14:06:00,2020-08-06 14:16:00,156.08924694061278,120.24862804412842,10,-716.8123779296872,52.064069897385565,-768.8764478270728,2020-08-06
BANKNIFTY06AUG2021600CE,CE,2020-08-06 14:41:00,2020-08-06 14:42:00,29.473499617576596,53.067000761032105,1,471.8700228691102,48.85694746955997,423.0130753995502,2020-08-06
BANKNIFTY06AUG2021600CE,CE,2020-08-06 14:52:00,2020-08-06 15:02:00,18.6966246175766,33.865125761032104,10,303.3700228691101,48.25600115855996,255.1140217105501,2020-08-06
BANKNIFTY06AUG2021600CE,CE,2020-08-06 15:06:00,2020-08-06 15:12:00,25.814375,40.8975,6,301.6625,48.515481900249995,253.14701809975003,2020-08-06
BANKNIFTY06AUG2021600CE,CE,2020-08-06 15:18:00,2020-08-06 15:23:00,38.9972515296936,41.6954992389679,5,53.964954185485965,48.698670899393264,5.266283286092701,2020-08-06
BANKNIFTY06AUG2021600PE,PE,2020-08-06 09:34:00,2020-08-06 09:42:00,184.61036888122558,174.36300304412842,8,-204.94731674194327,53.73466131967695,-258.6819780616202,2020-08-06
BANKNIFTY06AUG2021600PE,PE,2020-08-06 10:10:00,2020-08-06 10:16:00,177.2921311187744,181.69461891174316,6,88.04975585937541,53.82207375272888,34.227682106646526,2020-08-06
BANKNIFTY06AUG2021600PE,PE,2020-08-06 11:57:00,2020-08-06 12:02:00,179.29713111877442,285.23513717651366,5,2118.760121154785,56.365461220793854,2062.394659933991,2020-08-06
BANKNIFTY06AUG2021600PE,PE,2020-08-06 12:17:00,2020-08-06 12:27:00,205.8633811187744,78.10425304412843,10,-2555.18256149292,51.65734091101137,-2606.8399024039313,2020-08-06
BANKNIFTY06AUG2021600PE,PE,2020-08-06 12:28:00,2020-08-06 12:32:00,81.954375,104.38837652206422,4,448.68003044128443,50.75726948842208,397.92276095286235,2020-08-06
BANKNIFTY06AUG2021600PE,PE,2020-08-06 12:39:00,2020-08-06 12:49:00,74.3353765296936,37.40625,10,-738.5825305938721,49.03336764635431,-787.6158982402264,2020-08-06
BANKNIFTY06AUG2021600PE,PE,2020-08-06 12:50:00,2020-08-06 12:58:00,31.57875,32.86762576103211,8,25.777515220642186,48.391780740461044,-22.614265519818858,2020-08-06
BANKNIFTY06AUG2021600PE,PE,2020-08-06 13:03:00,2020-08-06 13:04:00,29.6740003824234,34.363875761032105,1,93.79750757217408,48.404511079612114,45.39299649256197,2020-08-06
BANKNIFTY06AUG2021600PE,PE,2020-08-06 13:08:00,2020-08-06 13:18:00,24.561249999999998,17.107124619483947,10,-149.082507610321,47.92124600189448,-197.00375361221546,2020-08-06
BANKNIFTY06AUG2021600PE,PE,2020-08-06 13:19:00,2020-08-06 13:29:00,12.0801251912117,17.107124619483947,10,100.53998856544496,47.76618549972001,52.77380306572495,2020-08-06
BANKNIFTY06AUG2021600PE,PE,2020-08-06 13:33:00,2020-08-06 13:41:00,13.6340003824234,20.299125380516053,8,133.30249996185304,47.8631311732566,85.43936878859645,2020-08-06
BANKNIFTY06AUG2021600PE,PE,2020-08-06 13:49:00,2020-08-06 13:54:00,22.0048757648468,23.042250380516055,5,20.74749231338508,48.033850255907666,-27.286357942522585,2020-08-06
BANKNIFTY06AUG2021600PE,PE,2020-08-06 14:40:00,2020-08-06 14:50:00,47.718998470306396,39.05212652206421,10,-173.33743896484364,48.74273005406779,-222.08016901891142,2020-08-06
BANKNIFTY13AUG2021500CE,CE,2020-08-07 09:23:00,2020-08-07 09:30:00,383.85724388122554,366.5313871765137,7,-346.5171340942368,60.88425170420943,-407.4013857984462,2020-08-07
BANKNIFTY13AUG2021500CE,CE,2020-08-07 10:12:00,2020-08-07 10:22:00,442.854375,421.9425,10,-418.2375000000002,62.96500620625001,-481.2025062062502,2020-08-07
BANKNIFTY13AUG2021500CE,CE,2020-08-07 12:25:00,2020-08-07 12:32:00,441.09999999999997,439.5982621765137,7,-30.034756469725608,63.37266224987664,-93.40741871960225,2020-08-07
BANKNIFTY13AUG2021500CE,CE,2020-08-07 13:34:00,2020-08-07 13:44:00,438.24286888122555,453.5632621765137,10,306.4078659057634,63.67684546970944,242.73102043605397,2020-08-07
BANKNIFTY13AUG2021500PE,PE,2020-08-07 09:39:00,2020-08-07 09:49:00,353.9827561187744,315.1601371765137,10,-776.4523788452141,59.26356928154386,-835.7159481267579,2020-08-07
BANKNIFTY13AUG2021500PE,PE,2020-08-07 09:59:00,2020-08-07 10:09:00,323.556875,319.6488871765137,10,-78.15975646972561,58.99475286437665,-137.15450933410227,2020-08-07
BANKNIFTY13AUG2021500PE,PE,2020-08-07 10:29:00,2020-08-07 10:39:00,346.4138627624512,338.00288108825686,10,-168.21963348388635,59.72515414385391,-227.94478762774025,2020-08-07
BANKNIFTY13AUG2021500PE,PE,2020-08-07 10:50:00,2020-08-07 11:00:00,344.65948776245114,350.62125000000003,10,119.23524475097793,60.010282648665594,59.22496210231233,2020-08-07
BANKNIFTY13AUG2021500PE,PE,2020-08-07 11:02:00,2020-08-07 11:11:00,358.0930122375488,358.0526371765137,9,-0.8075012207018517,60.35793347246106,-61.165434693162915,2020-08-07
BANKNIFTY13AUG2021500PE,PE,2020-08-07 11:16:00,2020-08-07 11:26:00,312.32886276245114,334.1625,10,436.6727447509777,59.20828384441559,377.4644609065621,2020-08-07
BANKNIFTY13AUG2021500PE,PE,2020-08-07 11:30:00,2020-08-07 11:40:00,322.05312499999997,321.6438871765137,10,-8.184756469725016,59.02459645787665,-67.20935292760166,2020-08-07
BANKNIFTY13AUG2021500PE,PE,2020-08-07 11:47:00,2020-08-07 11:57:00,311.4767622375488,298.9008689117432,10,-251.51786651611246,58.34000787839609,-309.85787439450854,2020-08-07
BANKNIFTY13AUG2021500PE,PE,2020-08-07 11:59:00,2020-08-07 12:09:00,275.8378688812256,253.96350608825685,10,-437.4872558593745,56.80420608452112,-494.2914619438956,2020-08-07
BANKNIFTY13AUG2021500PE,PE,2020-08-07 12:11:00,2020-08-07 12:13:00,255.6375,269.62423782348634,2,279.734756469727,56.93417015612336,222.80058631360367,2020-08-07
BANKNIFTY13AUG2021500PE,PE,2020-08-07 12:19:00,2020-08-07 12:25:00,256.4896311187744,288.7263871765137,6,644.7351211547857,57.40938973229386,587.3257314224918,2020-08-07
BANKNIFTY13AUG2021500PE,PE,2020-08-07 12:45:00,2020-08-07 12:55:00,268.5697438812256,267.52951217651366,10,-20.80463409423828,57.04388391245944,-77.84851800669773,2020-08-07
BANKNIFTY13AUG2021500PE,PE,2020-08-07 12:57:00,2020-08-07 13:07:00,258.645,265.83375,10,143.77500000000055,56.8793358235,86.89566417650055,2020-08-07
BANKNIFTY13AUG2021500PE,PE,2020-08-07 13:12:00,2020-08-07 13:22:00,281.8027561187744,290.12288108825686,10,166.4024993896487,57.757837631355535,108.64466175829318,2020-08-07
BANKNIFTY13AUG2021500PE,PE,2020-08-07 13:30:00,2020-08-07 13:40:00,261.7527561187744,270.82125,10,181.36987762451213,57.03925929741721,124.33061832709492,2020-08-07
BANKNIFTY13AUG2021500PE,PE,2020-08-07 13:48:00,2020-08-07 13:58:00,271.97823776245116,259.35,10,-252.5647552490227,56.88727449466558,-309.4520297436883,2020-08-07
BANKNIFTY13AUG2021500PE,PE,2020-08-07 14:00:00,2020-08-07 14:10:00,268.2188627624512,262.34250000000003,10,-117.52725524902303,56.91335789641558,-174.44061314543862,2020-08-07
BANKNIFTY13AUG2021500PE,PE,2020-08-07 14:27:00,2020-08-07 14:37:00,222.85575305938718,229.97362804412842,10,142.3574996948247,55.56245727280276,86.79504242202194,2020-08-07
BANKNIFTY13AUG2021900CE,CE,2020-08-10 10:07:00,2020-08-10 10:17:00,362.5541188812256,372.66600608825684,10,202.23774414062518,60.76880621702112,141.46893792360407,2020-08-10
BANKNIFTY13AUG2021900CE,CE,2020-08-10 10:26:00,2020-08-10 10:31:00,345.86249999999995,347.0801371765137,5,24.352743530274665,59.939095779626655,-35.58635224935199,2020-08-10
BANKNIFTY13AUG2021900CE,CE,2020-08-10 12:17:00,2020-08-10 12:19:00,353.38124999999997,356.1075,2,54.525000000001,60.25208368449999,-5.727083684498993,2020-08-10
BANKNIFTY13AUG2021900CE,CE,2020-08-10 13:36:00,2020-08-10 13:41:00,353.2308811187744,361.095,5,157.28237762451272,60.3715295166672,96.91084810784551,2020-08-10
BANKNIFTY13AUG2021900CE,CE,2020-08-10 14:12:00,2020-08-10 14:22:00,283.3566188812256,305.235,10,437.56762237548855,58.1447233363328,379.42289903915577,2020-08-10
BANKNIFTY13AUG2021900CE,CE,2020-08-10 14:45:00,2020-08-10 14:54:00,307.26624999999996,327.429375,9,403.2625000000007,58.98161412924999,344.28088587075075,2020-08-10
BANKNIFTY13AUG2021900PE,PE,2020-08-10 10:32:00,2020-08-10 10:41:00,280.2990061187744,271.2202439117432,9,-181.57524414062436,57.27937545722888,-238.85461959785323,2020-08-10
BANKNIFTY13AUG2021900PE,PE,2020-08-10 10:58:00,2020-08-10 11:08:00,271.92812499999997,266.18288108825686,10,-114.90487823486205,57.052852180188324,-171.95773041505038,2020-08-10
BANKNIFTY13AUG2021900PE,PE,2020-08-10 11:09:00,2020-08-10 11:19:00,261.903125,261.4946189117432,10,-8.170121765135718,56.81427017631168,-64.9843919414474,2020-08-10
BANKNIFTY13AUG2021900PE,PE,2020-08-10 11:21:00,2020-08-10 11:31:00,258.94573776245113,262.24274391174316,10,65.94012298584062,56.79572587347727,9.14439711236335,2020-08-10
BANKNIFTY13AUG2021900PE,PE,2020-08-10 11:32:00,2020-08-10 11:42:00,261.903125,266.43225608825685,10,90.58262176513722,56.93437128793832,33.6482504771989,2020-08-10
BANKNIFTY13AUG2021900PE,PE,2020-08-10 11:44:00,2020-08-10 11:54:00,268.31911888122556,267.47961891174316,10,-16.789999389648074,57.03955666389447,-73.82955605354255,2020-08-10
BANKNIFTY13AUG2021900PE,PE,2020-08-10 11:58:00,2020-08-10 12:08:00,262.655,265.085625,10,48.61250000000041,56.91095736624999,-8.298457366249579,2020-08-10
BANKNIFTY13AUG2021900PE,PE,2020-08-10 12:09:00,2020-08-10 12:19:00,266.8153688812256,275.31,10,169.89262237548814,57.211337732832796,112.68128464265536,2020-08-10
BANKNIFTY13AUG2021900PE,PE,2020-08-10 12:20:00,2020-08-10 12:30:00,269.6725,288.22763717651367,10,371.1027435302731,57.56103702662664,313.5417065036464,2020-08-10
BANKNIFTY13AUG2021900PE,PE,2020-08-10 12:32:00,2020-08-10 12:42:00,288.46937499999996,270.72149391174315,10,-354.9576217651361,57.36874945656167,-412.32637122169774,2020-08-10
BANKNIFTY13AUG2021900PE,PE,2020-08-10 12:43:00,2020-08-10 12:53:00,274.23386276245117,255.95850608825685,10,-365.50713348388626,56.83280413610391,-422.33993761999017,2020-08-10
BANKNIFTY13AUG2021900PE,PE,2020-08-10 12:54:00,2020-08-10 13:04:00,259.4971311187744,258.45225608825683,10,-20.89750061035147,56.71037785435553,-77.607878464707,2020-08-10
BANKNIFTY13AUG2021900PE,PE,2020-08-10 13:06:00,2020-08-10 13:16:00,266.31411888122557,255.5595121765137,10,-215.0921340942375,56.72470743770944,-271.8168415319469,2020-08-10
BANKNIFTY13AUG2021900PE,PE,2020-08-10 13:17:00,2020-08-10 13:27:00,256.9908811187744,245.68425304412844,10,-226.13256149291885,56.368677408011365,-282.5012389009302,2020-08-10
BANKNIFTY13AUG2021900PE,PE,2020-08-10 13:41:00,2020-08-10 13:51:00,261.1011372375488,265.43475608825685,10,86.6723770141607,56.900144921772736,29.772232092387966,2020-08-10
BANKNIFTY13AUG2021900PE,PE,2020-08-10 13:54:00,2020-08-10 14:04:00,263.65749999999997,270.3225,10,133.3000000000004,57.050791677999996,76.24920832200041,2020-08-10
BANKNIFTY13AUG2021900PE,PE,2020-08-10 14:05:00,2020-08-10 14:14:00,265.61238723754883,334.1625,9,1371.0022552490238,58.62789703908441,1312.3743582099394,2020-08-10
BANKNIFTY13AUG2021900PE,PE,2020-08-10 14:19:00,2020-08-10 14:29:00,314.83511276245116,300.1477439117432,10,-293.7473770141594,58.41205917072727,-352.15943618488666,2020-08-10
BANKNIFTY13AUG2021900PE,PE,2020-08-10 14:40:00,2020-08-10 14:48:00,297.39161888122555,290.12288108825686,8,-145.37475585937386,57.95150742677112,-203.32626328614498,2020-08-10
BANKNIFTY13AUG2022200CE,CE,2020-08-11 09:18:00,2020-08-11 09:28:00,268.8203688812256,266.2826371765137,10,-50.75463409423833,57.01666908845944,-107.77130318269776,2020-08-11
BANKNIFTY13AUG2022200CE,CE,2020-08-11 10:17:00,2020-08-11 10:27:00,224.56,235.21050304412844,10,213.01006088256884,55.71100980784416,157.29905107472467,2020-08-11
BANKNIFTY13AUG2022200CE,CE,2020-08-11 10:38:00,2020-08-11 10:48:00,237.79299694061277,228.97612804412844,10,-176.33737792968645,55.72376882488556,-232.061146754572,2020-08-11
BANKNIFTY13AUG2022200CE,CE,2020-08-11 10:55:00,2020-08-11 11:05:00,220.9008811187744,204.4875,10,-328.2676223754879,54.9182563416672,-383.1858787171551,2020-08-11
BANKNIFTY13AUG2022200CE,CE,2020-08-11 11:15:00,2020-08-11 11:25:00,193.18174694061278,195.759375,10,51.55256118774446,54.3615854850414,-2.8090242972969435,2020-08-11
BANKNIFTY13AUG2022200CE,CE,2020-08-11 11:48:00,2020-08-11 11:56:00,201.65286888122557,213.56475608825684,8,238.2377441406254,54.899918283021115,183.3378258576043,2020-08-11
BANKNIFTY13AUG2022200CE,CE,2020-08-11 12:01:00,2020-08-11 12:11:00,204.8107530593872,188.5275,10,-325.66506118774385,54.330154370708605,-379.99521555845246,2020-08-11
BANKNIFTY13AUG2022200CE,CE,2020-08-11 12:23:00,2020-08-11 12:33:00,181.1016188812256,191.61975608825685,10,210.36274414062518,54.110816371521125,156.25192776910404,2020-08-11
BANKNIFTY13AUG2022200CE,CE,2020-08-11 12:36:00,2020-08-11 12:46:00,193.0815061187744,202.14336891174318,10,181.23725585937564,54.515621847478876,126.72163401189675,2020-08-11
BANKNIFTY13AUG2022200CE,CE,2020-08-11 14:35:00,2020-08-11 14:44:00,243.6075,261.19538108825685,9,351.7576217651373,56.579694108438325,295.17792765669896,2020-08-11
BANKNIFTY13AUG2022200CE,CE,2020-08-11 15:00:00,2020-08-11 15:10:00,262.40437499999996,260.7963871765137,10,-32.15975646972538,56.80351399637665,-88.96327046610203,2020-08-11
BANKNIFTY13AUG2022200CE,CE,2020-08-11 15:21:00,2020-08-11 15:24:00,271.72761276245114,272.61673782348635,3,17.782501220704034,57.20685565403895,-39.42435443333491,2020-08-11
BANKNIFTY13AUG2022200PE,PE,2020-08-11 10:14:00,2020-08-11 10:24:00,269.3717622375488,267.33000000000004,10,-40.835244750975335,57.04899501333441,-97.88423976430974,2020-08-11
BANKNIFTY13AUG2022200PE,PE,2020-08-11 10:30:00,2020-08-11 10:40:00,256.4395030593872,258.3525,10,38.259938812255996,56.669964679208604,-18.41002586695261,2020-08-11
BANKNIFTY13AUG2022200PE,PE,2020-08-11 11:30:00,2020-08-11 11:40:00,277.6925,278.85111282348635,10,23.172256469727017,57.43260347087336,-34.26034700114634,2020-08-11
BANKNIFTY13AUG2022200PE,PE,2020-08-11 11:51:00,2020-08-11 12:01:00,279.0458811187744,278.95086891174316,10,-1.9002441406246362,57.451843763728874,-59.35208790435351,2020-08-11
BANKNIFTY13AUG2022200PE,PE,2020-08-11 13:03:00,2020-08-11 13:13:00,269.1211372375488,263.7389939117432,10,-107.64286651611201,56.95853515289608,-164.60140166900808,2020-08-11
BANKNIFTY13AUG2022200PE,PE,2020-08-11 13:24:00,2020-08-11 13:34:00,261.1011372375488,253.365,10,-154.72274475097606,56.60656500258441,-211.32930975356047,2020-08-11
BANKNIFTY13AUG2022200PE,PE,2020-08-11 14:00:00,2020-08-11 14:10:00,253.9833811187744,223.1407469558716,10,-616.8526832580557,55.78297420632305,-672.6356574643787,2020-08-11
BANKNIFTY13AUG2022200PE,PE,2020-08-11 14:33:00,2020-08-11 14:43:00,207.768125,197.10600608825683,10,-213.24237823486328,54.57555572743833,-267.8179339623016,2020-08-11
BANKNIFTY13AUG2022200PE,PE,2020-08-11 14:47:00,2020-08-11 14:57:00,176.69062499999998,171.61987804412843,10,-101.41493911743112,53.569546914344166,-154.98448603177528,2020-08-11
BANKNIFTY13AUG2022200PE,PE,2020-08-11 14:58:00,2020-08-11 15:01:00,174.435,195.260625,3,416.51250000000005,54.11655200425,362.39594799575,2020-08-11
BANKNIFTY13AUG2022000CE,CE,2020-08-12 09:15:00,2020-08-12 09:25:00,223.05624999999998,230.72175304412843,10,153.31006088256913,55.583145259844166,97.72691562272496,2020-08-12
BANKNIFTY13AUG2022000CE,CE,2020-08-12 09:26:00,2020-08-12 09:36:00,229.77299694061279,264.33750000000003,10,691.290061187745,56.484247419791394,634.8058137679536,2020-08-12
BANKNIFTY13AUG2022000CE,CE,2020-08-12 09:40:00,2020-08-12 09:42:00,296.1886372375488,312.5666310882568,2,327.55987701416075,58.48247486152273,269.077402152638,2020-08-12
BANKNIFTY13AUG2022000CE,CE,2020-08-12 10:05:00,2020-08-12 10:10:00,280.24886276245115,288.9757621765137,5,174.5379882812506,57.710630620292235,116.82735766095836,2020-08-12
BANKNIFTY13AUG2022000CE,CE,2020-08-12 11:43:00,2020-08-12 11:48:00,308.2186372375488,323.0403810882569,5,296.4348770141612,58.88669007502274,237.54818693913847,2020-08-12
BANKNIFTY13AUG2022000CE,CE,2020-08-12 13:21:00,2020-08-12 13:29:00,367.7671311187744,354.66111282348635,8,-262.12036590576076,60.395626774040565,-322.51599267980134,2020-08-12
BANKNIFTY13AUG2022000CE,CE,2020-08-12 14:34:00,2020-08-12 14:40:00,362.905,397.10475608825686,6,683.9951217651378,61.36760380318832,622.6275179619495,2020-08-12
BANKNIFTY13AUG2022000CE,CE,2020-08-12 15:12:00,2020-08-12 15:22:00,374.0327561187744,348.875625,10,-503.14262237548746,60.3327445011672,-563.4753668766547,2020-08-12
BANKNIFTY13AUG2022000PE,PE,2020-08-12 09:42:00,2020-08-12 09:47:00,121.7035015296936,131.67000000000002,5,199.32996940612838,51.9146840336043,147.41528537252407,2020-08-12
BANKNIFTY13AUG2022000PE,PE,2020-08-12 10:47:00,2020-08-12 10:57:00,130.7761219406128,123.73987804412843,10,-140.7248779296873,51.834509526135555,-192.55938745582284,2020-08-12
BANKNIFTY13AUG2022000PE,PE,2020-08-12 11:08:00,2020-08-12 11:18:00,112.12962347030638,109.92449695587159,10,-44.1025302886959,51.26681308430154,-95.36934337299743,2020-08-12
BANKNIFTY13AUG2022000PE,PE,2020-08-12 11:34:00,2020-08-12 11:43:00,100.0495030593872,95.26125,9,-95.76506118774404,50.760071546708595,-146.52513273445263,2020-08-12
BANKNIFTY13AUG2022000PE,PE,2020-08-12 11:50:00,2020-08-12 11:55:00,86.66612194061278,92.71762195587159,5,121.0300003051762,50.53193158194723,70.49806872322898,2020-08-12
BANKNIFTY13AUG2022000PE,PE,2020-08-12 12:21:00,2020-08-12 12:27:00,79.19749999999999,80.29875,6,22.025000000000148,50.1370727365,-28.112072736499854,2020-08-12
BANKNIFTY13AUG2022000PE,PE,2020-08-12 12:37:00,2020-08-12 12:47:00,75.3378765296936,73.1666234779358,10,-43.425061035156034,49.915643325682225,-93.34070436083826,2020-08-12
BANKNIFTY13AUG2022000PE,PE,2020-08-12 12:48:00,2020-08-12 12:58:00,73.98450305938721,64.88737804412843,10,-181.94250030517566,49.697448500802764,-231.6399488059784,2020-08-12
BANKNIFTY13AUG2022000PE,PE,2020-08-12 12:59:00,2020-08-12 13:04:00,64.410625,71.570625,5,143.20000000000022,49.74106709499999,93.45893290500022,2020-08-12
BANKNIFTY13AUG2022000PE,PE,2020-08-12 13:15:00,2020-08-12 13:21:00,65.5635015296936,77.1566234779358,6,231.862438964844,49.89126156443222,181.97117740041176,2020-08-12
BANKNIFTY13AUG2022000PE,PE,2020-08-12 13:50:00,2020-08-12 13:55:00,70.4757530593872,76.10925304412842,5,112.66999969482441,49.926813593052756,62.743186101771656,2020-08-12
BANKNIFTY13AUG2022000PE,PE,2020-08-12 14:01:00,2020-08-12 14:11:00,66.91687499999999,55.9597484779358,10,-219.14253044128387,49.39249102632791,-268.5350214676118,2020-08-12
BANKNIFTY13AUG2022000PE,PE,2020-08-12 14:12:00,2020-08-12 14:22:00,49.97462347030639,55.4111242389679,10,108.7300153732302,49.16866275368465,59.56135261954555,2020-08-12
BANKNIFTY13AUG2022000PE,PE,2020-08-12 14:40:00,2020-08-12 14:48:00,46.61625,49.07700076103211,8,49.21501522064219,48.97287097921103,0.24214424143115565,2020-08-12
BANKNIFTY13AUG2022400CE,CE,2020-08-13 10:07:00,2020-08-13 10:17:00,104.71112194061278,93.81487804412842,10,-217.92487792968728,50.78280466213556,-268.70768259182285,2020-08-13
BANKNIFTY13AUG2022400CE,CE,2020-08-13 11:16:00,2020-08-13 11:26:00,96.44049694061279,104.3384984779358,10,157.96003074646023,50.93602605936931,107.02400468709092,2020-08-13
BANKNIFTY13AUG2022400CE,CE,2020-08-13 11:36:00,2020-08-13 11:42:00,98.74624999999999,54.862500000000004,6,-877.6749999999997,49.761237416499995,-927.4362374164997,2020-08-13
BANKNIFTY13AUG2022400PE,PE,2020-08-13 09:30:00,2020-08-13 09:40:00,110.6760015296936,110.12400152206422,10,-11.040000152587481,51.25360653602638,-62.29360668861386,2020-08-13
BANKNIFTY13AUG2022400PE,PE,2020-08-13 09:41:00,2020-08-13 09:51:00,103.70862194061279,104.48812500000001,10,15.590061187744482,51.02996179279139,-35.43990060504691,2020-08-13
BANKNIFTY13AUG2022400PE,PE,2020-08-13 09:52:00,2020-08-13 09:53:00,100.8514984703064,102.04425304412842,1,23.855091476440577,50.93502226973986,-27.079930793299283,2020-08-13
BANKNIFTY13AUG2022400PE,PE,2020-08-13 10:21:00,2020-08-13 10:31:00,102.255,102.69262195587159,10,8.752439117431834,50.96822947740583,-42.215790359973994,2020-08-13
BANKNIFTY13AUG2022400PE,PE,2020-08-13 10:52:00,2020-08-13 11:02:00,95.5883734703064,96.25875,10,13.407530593872252,50.7289110481457,-37.321380454273445,2020-08-13
BANKNIFTY13AUG2022400PE,PE,2020-08-13 13:45:00,2020-08-13 13:55:00,145.76349388122557,124.6875,10,-421.5198776245114,52.043756217582796,-473.5636338420942,2020-08-13
BANKNIFTY13AUG2022400PE,PE,2020-08-13 13:58:00,2020-08-13 14:08:00,125.3125,134.86199695587158,10,190.9899391174315,52.037161644155844,138.95277747327566,2020-08-13
BANKNIFTY13AUG2022400PE,PE,2020-08-13 14:17:00,2020-08-13 14:18:00,110.5757530593872,118.20375,1,152.55993881225606,51.4488896592086,101.11104915304747,2020-08-13
BANKNIFTY13AUG2022400PE,PE,2020-08-13 14:40:00,2020-08-13 14:41:00,195.88849388122557,205.1358689117432,1,184.94750061035234,54.623283113644476,130.32421749670786,2020-08-13
BANKNIFTY20AUG2022300CE,CE,2020-08-14 09:23:00,2020-08-14 09:33:00,292.22875,273.315,10,-378.27499999999986,57.478537832499995,-435.7535378324999,2020-08-14
BANKNIFTY20AUG2022300CE,CE,2020-08-14 09:35:00,2020-08-14 09:45:00,276.6398872375488,257.00586891174316,10,-392.6803665161128,56.888171256146094,-449.56853777225894,2020-08-14
BANKNIFTY20AUG2022300CE,CE,2020-08-14 09:50:00,2020-08-14 10:00:00,257.19136276245115,257.85375,10,13.247744750976835,56.66717408791558,-43.41942933693875,2020-08-14
BANKNIFTY20AUG2022300CE,CE,2020-08-14 10:20:00,2020-08-14 10:30:00,235.28674694061277,234.81149391174318,10,-9.50506057739176,55.83456928260306,-65.33962985999483,2020-08-14
BANKNIFTY20AUG2022300CE,CE,2020-08-14 10:42:00,2020-08-14 10:52:00,227.2667469406128,225.8838719558716,10,-27.657499694823855,55.51778010519723,-83.17527980002109,2020-08-14
BANKNIFTY20AUG2022300CE,CE,2020-08-14 11:04:00,2020-08-14 11:14:00,229.07125,239.99850608825685,10,218.54512176513708,55.88351724418832,162.66160452094877,2020-08-14
BANKNIFTY20AUG2022300CE,CE,2020-08-14 11:31:00,2020-08-14 11:37:00,242.4045030593872,243.0907469558716,6,13.724877929687977,56.124378676864445,-42.39950074717647,2020-08-14
BANKNIFTY20AUG2022300CE,CE,2020-08-14 12:00:00,2020-08-14 12:10:00,240.6,235.95862804412843,10,-92.82743911743125,55.928481445094164,-148.75592056252543,2020-08-14
BANKNIFTY20AUG2022300CE,CE,2020-08-14 12:24:00,2020-08-14 12:34:00,257.8430122375488,251.37,10,-129.46024475097602,56.517561778834406,-185.97780652981044,2020-08-14
BANKNIFTY20AUG2022300CE,CE,2020-08-14 13:14:00,2020-08-14 13:24:00,226.4647438812256,224.28788108825685,10,-43.53725585937468,55.468996096521124,-99.0062519558958,2020-08-14
BANKNIFTY20AUG2022300CE,CE,2020-08-14 13:25:00,2020-08-14 13:35:00,221.85325305938719,202.54237804412844,10,-386.2175003051749,54.88277586130277,-441.10027616647767,2020-08-14
BANKNIFTY20AUG2022300CE,CE,2020-08-14 13:37:00,2020-08-14 13:47:00,199.6979969406128,155.51024391174317,10,-883.7550605773924,53.46353700360307,-937.2185975809955,2020-08-14
BANKNIFTY20AUG2022300CE,CE,2020-08-14 13:49:00,2020-08-14 13:59:00,160.39999999999998,135.31086891174317,10,-501.7826217651361,52.483992891061675,-554.2666146561978,2020-08-14
BANKNIFTY20AUG2022300CE,CE,2020-08-14 14:00:00,2020-08-14 14:10:00,122.00424694061279,131.27100608825685,10,185.33518295288133,51.90871540597972,133.42646754690162,2020-08-14
BANKNIFTY20AUG2022300CE,CE,2020-08-14 14:11:00,2020-08-14 14:21:00,130.9766188812256,113.51550304412842,10,-349.22231674194336,51.58830681217695,-400.8106235541203,2020-08-14
BANKNIFTY20AUG2022300CE,CE,2020-08-14 14:22:00,2020-08-14 14:32:00,116.74112194061279,112.01925304412842,10,-94.43737792968733,51.37505650588557,-145.8124344355729,2020-08-14
BANKNIFTY20AUG2022300CE,CE,2020-08-14 14:33:00,2020-08-14 14:43:00,109.22237194061279,108.77737804412843,10,-8.89987792968725,51.20279249263556,-60.10267042232281,2020-08-14
BANKNIFTY20AUG2022300CE,CE,2020-08-14 14:58:00,2020-08-14 15:08:00,107.6685015296936,108.42824695587159,10,15.194908523559718,51.174995703260144,-35.980087179700426,2020-08-14
BANKNIFTY20AUG2022300CE,CE,2020-08-14 15:10:00,2020-08-14 15:20:00,107.46799694061279,110.72250000000001,10,65.09006118774437,51.22830920779139,13.861751979952977,2020-08-14
BANKNIFTY20AUG2022300PE,PE,2020-08-14 11:09:00,2020-08-14 11:19:00,343.9577561187744,336.75600608825687,10,-144.0350006103506,59.664311968605524,-203.69931257895612,2020-08-14
BANKNIFTY20AUG2022300PE,PE,2020-08-14 11:43:00,2020-08-14 11:50:00,339.6971311187744,343.63875,7,78.83237762451245,59.778792777667206,19.05358484684524,2020-08-14
BANKNIFTY20AUG2022300PE,PE,2020-08-14 12:13:00,2020-08-14 12:18:00,302.8552561187744,307.2798628234863,5,88.49213409423896,58.43670503129056,30.055429062948406,2020-08-14
BANKNIFTY20AUG2021900CE,CE,2020-08-17 09:35:00,2020-08-17 09:45:00,191.97875,156.45788108825684,10,-710.417378234863,53.390686114938326,-763.8080643498014,2020-08-17
BANKNIFTY20AUG2021900CE,CE,2020-08-17 09:58:00,2020-08-17 10:07:00,179.64799694061279,180.64725608825685,9,19.98518295288136,53.825866452979724,-33.840683500098365,2020-08-17
BANKNIFTY20AUG2021900CE,CE,2020-08-17 10:11:00,2020-08-17 10:16:00,174.0340061187744,187.38038108825685,5,266.9274993896488,53.91989431585553,213.0076050737933,2020-08-17
BANKNIFTY20AUG2021900CE,CE,2020-08-17 10:26:00,2020-08-17 10:36:00,192.48,178.90163108825683,10,-271.5673782348631,53.94282624193832,-325.5102044768014,2020-08-17
BANKNIFTY20AUG2021900CE,CE,2020-08-17 10:38:00,2020-08-17 10:48:00,177.5427561187744,181.69461891174316,10,83.03725585937514,53.82518741747888,29.212068441896257,2020-08-17
BANKNIFTY20AUG2021900CE,CE,2020-08-17 10:55:00,2020-08-17 11:05:00,171.92874999999998,173.26574695587158,10,26.73993911743196,53.55042074115585,-26.810481623723888,2020-08-17
BANKNIFTY20AUG2021900CE,CE,2020-08-17 11:12:00,2020-08-17 11:22:00,172.83099388122557,163.83937500000002,10,-179.83237762451097,53.3323465573328,-233.16472418184378,2020-08-17
BANKNIFTY20AUG2021900CE,CE,2020-08-17 11:26:00,2020-08-17 11:36:00,165.6129969406128,166.831875,10,24.377561187744163,53.31546142354139,-28.93790023579723,2020-08-17
BANKNIFTY20AUG2021900CE,CE,2020-08-17 11:43:00,2020-08-17 11:53:00,163.90875,164.18850608825684,10,5.595121765136923,53.229992293188324,-47.6348705280514,2020-08-17
BANKNIFTY20AUG2021900CE,CE,2020-08-17 12:19:00,2020-08-17 12:26:00,176.08911888122557,175.36050304412842,7,-14.572316741943041,53.653059509176956,-68.22537625112,2020-08-17
BANKNIFTY20AUG2021900CE,CE,2020-08-17 12:37:00,2020-08-17 12:47:00,179.1467469406128,166.93163108825684,10,-244.302317047119,53.48602574722972,-297.78834279434875,2020-08-17
BANKNIFTY20AUG2021900CE,CE,2020-08-17 13:33:00,2020-08-17 13:41:00,160.7508811187744,164.23836891174318,8,69.74975585937557,53.19197303672889,16.55778282264668,2020-08-17
BANKNIFTY20AUG2021900CE,CE,2020-08-17 14:11:00,2020-08-17 14:20:00,131.52799694061278,123.69000000000001,9,-156.75993881225537,51.842637306791396,-208.60257611904677,2020-08-17
BANKNIFTY20AUG2021900CE,CE,2020-08-17 14:44:00,2020-08-17 14:51:00,150.87625,154.6125,7,74.72500000000025,52.835158784499995,21.889841215500255,2020-08-17
BANKNIFTY20AUG2021900PE,PE,2020-08-17 09:53:00,2020-08-17 09:58:00,471.6261372375488,468.82500000000005,5,-56.02274475097488,64.46280624858441,-120.4855509995593,2020-08-17
BANKNIFTY20AUG2021900PE,PE,2020-08-17 10:25:00,2020-08-17 10:26:00,430.5236372375488,437.65312500000005,1,142.5897552490244,63.193953010834406,79.39580223818999,2020-08-17
BANKNIFTY20AUG2021900PE,PE,2020-08-17 11:08:00,2020-08-17 11:14:00,454.38312499999995,468.5257621765137,6,282.8527435302749,64.24130742062664,218.61143610964825,2020-08-17
BANKNIFTY20AUG2021900PE,PE,2020-08-17 11:58:00,2020-08-17 12:08:00,472.07724388122557,451.11937500000005,10,-419.15737762451045,64.0377460768328,-483.1951237013433,2020-08-17
BANKNIFTY20AUG2021900PE,PE,2020-08-17 12:23:00,2020-08-17 12:34:00,456.1375,438.99975608825685,10,-342.7548782348629,63.54492431218833,-406.2998025470512,2020-08-17
BANKNIFTY20AUG2021900PE,PE,2020-08-17 13:22:00,2020-08-17 13:31:00,467.21511276245116,469.573125,9,47.16024475097697,64.42620253816558,-17.26595778718861,2020-08-17
BANKNIFTY20AUG2021900PE,PE,2020-08-17 13:41:00,2020-08-17 13:51:00,467.7163627624511,473.7127439117432,10,119.92762298584125,64.53312030222727,55.39450268361398,2020-08-17
BANKNIFTY20AUG2021900PE,PE,2020-08-17 13:54:00,2020-08-17 14:04:00,422.6540061187744,463.83750000000003,10,823.6698776245123,63.73308212541721,759.9367954990951,2020-08-17
BANKNIFTY20AUG2021900PE,PE,2020-08-17 14:31:00,2020-08-17 14:41:00,481.2,446.88,10,-686.3999999999999,64.04796668799999,-750.4479666879998,2020-08-17
BANKNIFTY20AUG2021900PE,PE,2020-08-17 15:00:00,2020-08-17 15:10:00,421.04999999999995,342.8407621765137,10,-1564.1847564697252,60.770078342876644,-1624.9548348126018,2020-08-17
BANKNIFTY20AUG2021700CE,CE,2020-08-18 09:20:00,2020-08-18 09:30:00,283.6573872375488,290.27250000000004,10,132.30225524902494,57.7845180970844,74.51773715194054,2020-08-18
BANKNIFTY20AUG2021700CE,CE,2020-08-18 09:34:00,2020-08-18 09:44:00,272.57974388122557,276.0082621765137,10,68.57036590576286,57.29993627195944,11.270429633803417,2020-08-18
BANKNIFTY20AUG2021700CE,CE,2020-08-18 10:00:00,2020-08-18 10:05:00,245.361875,253.21538108825686,5,157.0701217651373,56.407387433688314,100.66273433144897,2020-08-18
BANKNIFTY20AUG2021700CE,CE,2020-08-18 12:52:00,2020-08-18 13:02:00,270.72511276245115,268.62673782348634,10,-41.96749877929619,57.09734983103894,-99.06484861033513,2020-08-18
BANKNIFTY20AUG2021700CE,CE,2020-08-18 13:21:00,2020-08-18 13:31:00,271.0759938812256,282.14288108825684,10,221.33774414062486,57.43047030002112,163.90727384060375,2020-08-18
BANKNIFTY20AUG2021700PE,PE,2020-08-18 10:15:00,2020-08-18 10:22:00,216.3896311187744,202.34288108825686,7,-280.9350006103506,54.81004552360553,-335.7450461339561,2020-08-18
BANKNIFTY20AUG2021700PE,PE,2020-08-18 10:27:00,2020-08-18 10:33:00,188.72062499999998,187.57987804412844,6,-22.81493911743098,54.107207478344165,-76.92214659577515,2020-08-18
BANKNIFTY20AUG2021700PE,PE,2020-08-18 13:33:00,2020-08-18 13:43:00,171.176875,151.02149391174316,10,-403.1076217651366,53.00001943356166,-456.1076411986983,2020-08-18
BANKNIFTY20AUG2021700PE,PE,2020-08-18 13:48:00,2020-08-18 13:58:00,148.5704969406128,121.19625,10,-547.4849388122559,51.99370953229139,-599.4786483445473,2020-08-18
BANKNIFTY20AUG2021700PE,PE,2020-08-18 14:00:00,2020-08-18 14:10:00,106.6660015296936,95.510625,10,-223.10753059387196,50.84833797485431,-273.95586856872626,2020-08-18
BANKNIFTY20AUG2021700PE,PE,2020-08-18 14:15:00,2020-08-18 14:24:00,86.21499999999999,88.22887195587158,9,40.27743911743187,50.41714446390584,-10.139705346473974,2020-08-18
BANKNIFTY20AUG2021700PE,PE,2020-08-18 14:28:00,2020-08-18 14:33:00,80.19999999999999,86.3834984779358,5,123.66996955871628,50.29753038357792,73.37243917513835,2020-08-18
BANKNIFTY20AUG2021700PE,PE,2020-08-18 14:34:00,2020-08-18 14:41:00,82.90674694061279,86.533125,7,72.52756118774414,50.3347973805414,22.192763807202738,2020-08-18
BANKNIFTY20AUG2021700PE,PE,2020-08-18 14:42:00,2020-08-18 14:52:00,80.951875,63.84,10,-342.23749999999995,49.75853233825,-391.99603233824996,2020-08-18
BANKNIFTY20AUG2021700PE,PE,2020-08-18 14:53:00,2020-08-18 14:57:00,64.9620030593872,68.32875,4,67.33493881225598,49.6690631247086,17.665875687547384,2020-08-18
BANKNIFTY20AUG2021700PE,PE,2020-08-18 15:21:00,2020-08-18 15:24:00,64.410625,63.3911242389679,3,-20.39001522064197,49.542112190288954,-69.93212741093092,2020-08-18
BANKNIFTY20AUG2022300CE,CE,2020-08-19 09:15:00,2020-08-19 09:25:00,193.13161888122556,204.38774391174317,10,225.12250061035218,54.570835708144465,170.5516649022077,2020-08-19
BANKNIFTY20AUG2022300CE,CE,2020-08-19 10:46:00,2020-08-19 10:51:00,225.51237194061278,233.91375000000002,5,168.02756118774482,55.6912999935414,112.33626119420342,2020-08-19
BANKNIFTY20AUG2022300CE,CE,2020-08-19 11:15:00,2020-08-19 11:20:00,180.5001280593872,188.12850608825684,5,152.56756057739267,54.01842392164693,98.54913665574574,2020-08-19
BANKNIFTY20AUG2022300CE,CE,2020-08-19 12:09:00,2020-08-19 12:19:00,198.0438780593872,199.15086891174317,10,22.13981704711955,54.50448399852028,-32.36466695140073,2020-08-19
BANKNIFTY20AUG2022300CE,CE,2020-08-19 13:18:00,2020-08-19 13:28:00,206.91599388122557,213.71437500000002,10,135.96762237548887,54.968944513332794,80.99867786215609,2020-08-19
BANKNIFTY20AUG2022300CE,CE,2020-08-19 14:16:00,2020-08-19 14:21:00,199.2970030593872,201.19574695587158,5,37.97487792968752,54.56979111786444,-16.594913188176918,2020-08-19
BANKNIFTY20AUG2022300CE,CE,2020-08-19 15:01:00,2020-08-19 15:11:00,163.4075,134.86199695587158,10,-570.9100608825685,52.510438686155844,-623.4204995687243,2020-08-19
BANKNIFTY20AUG2022300CE,CE,2020-08-19 15:20:00,2020-08-19 15:23:00,145.613125,148.67737804412843,3,61.2850608825687,52.625408292344154,8.659652590224546,2020-08-19
BANKNIFTY20AUG2022300PE,PE,2020-08-19 09:56:00,2020-08-19 10:06:00,177.1417469406128,168.52762195587158,10,-172.2824996948242,53.49993667269724,-225.78243636752143,2020-08-19
BANKNIFTY20AUG2022300PE,PE,2020-08-19 10:10:00,2020-08-19 10:20:00,163.6079969406128,142.04399391174317,10,-431.2800605773924,52.687621601103075,-483.96768217849547,2020-08-19
BANKNIFTY20AUG2022300PE,PE,2020-08-19 10:51:00,2020-08-19 11:01:00,135.23724388122557,135.75975608825684,10,10.450244140625387,52.18229942627112,-41.732055285645735,2020-08-19
BANKNIFTY20AUG2022300PE,PE,2020-08-19 11:33:00,2020-08-19 11:40:00,146.3148719406128,157.55512195587158,7,224.8050003051759,52.85006520744724,171.95493509772865,2020-08-19
BANKNIFTY20AUG2022300PE,PE,2020-08-19 11:45:00,2020-08-19 11:55:00,150.7258811187744,154.6125,10,77.73237762451231,52.833290661667206,24.899086962845104,2020-08-19
BANKNIFTY20AUG2022300PE,PE,2020-08-19 13:45:00,2020-08-19 13:50:00,151.62812499999998,154.6125,5,59.68750000000057,52.844499778750006,6.843000221250563,2020-08-19
BANKNIFTY20AUG2022300PE,PE,2020-08-19 13:57:00,2020-08-19 13:58:00,124.20975152969359,129.97425304412843,1,115.29003028869681,51.90457401044846,63.385456278248355,2020-08-19
BANKNIFTY20AUG2022300PE,PE,2020-08-19 13:59:00,2020-08-19 14:05:00,127.1170030593872,115.51050304412843,6,-232.13000030517549,51.58888207105277,-283.71888237622824,2020-08-19
BANKNIFTY20AUG2022300PE,PE,2020-08-19 14:41:00,2020-08-19 14:42:00,145.111875,153.41550304412843,1,166.0725608825686,52.734429220094164,113.33813166247444,2020-08-19
BANKNIFTY20AUG2022300PE,PE,2020-08-19 15:15:00,2020-08-19 15:24:00,138.1445030593872,124.936875,9,-264.1525611877441,51.955166620958614,-316.1077278087027,2020-08-19
BANKNIFTY20AUG2022000CE,CE,2020-08-20 09:32:00,2020-08-20 09:34:00,86.06462347030639,97.95449695587159,2,237.79746971130407,50.65183845830153,187.14563125300253,2020-08-20
BANKNIFTY20AUG2022000CE,CE,2020-08-20 12:35:00,2020-08-20 12:45:00,46.365624999999994,36.80775152206421,10,-191.15746955871572,48.67132500367208,-239.8287945623878,2020-08-20
BANKNIFTY20AUG2022000CE,CE,2020-08-20 15:06:00,2020-08-20 15:11:00,17.2430007648468,13.017375190258027,5,-84.51251149177548,47.73084957147991,-132.2433610632554,2020-08-20
BANKNIFTY20AUG2022000PE,PE,2020-08-20 09:44:00,2020-08-20 09:54:00,93.5833734703064,91.42087652206422,10,-43.24993896484358,50.58632723081778,-93.83626619566135,2020-08-20
BANKNIFTY20AUG2022000PE,PE,2020-08-20 10:52:00,2020-08-20 10:57:00,76.5408734703064,74.96212652206421,5,-31.574938964843682,49.97426197631777,-81.54920094116144,2020-08-20
BANKNIFTY20AUG2022000PE,PE,2020-08-20 11:16:00,2020-08-20 11:19:00,77.89424694061279,83.69025152206422,3,115.92009162902855,50.203375168213476,65.71671646081506,2020-08-20
BANKNIFTY20AUG2022000PE,PE,2020-08-20 11:20:00,2020-08-20 11:30:00,76.2401280593872,73.815,10,-48.50256118774411,49.94262338895861,-98.44518457670272,2020-08-20
BANKNIFTY20AUG2022000PE,PE,2020-08-20 11:40:00,2020-08-20 11:50:00,63.1575,60.697873477935794,10,-49.192530441284106,49.46103431232792,-98.65356475361202,2020-08-20
BANKNIFTY20AUG2022000PE,PE,2020-08-20 11:55:00,2020-08-20 12:05:00,56.9419992351532,52.119375000000005,10,-96.45248470306385,49.17515545144784,-145.62764015451168,2020-08-20
BANKNIFTY20AUG2022000PE,PE,2020-08-20 12:17:00,2020-08-20 12:27:00,63.5585015296936,63.19162347793579,10,-7.33756103515617,49.52667317243221,-56.86423420758838,2020-08-20
BANKNIFTY20AUG2022000PE,PE,2020-08-20 12:31:00,2020-08-20 12:33:00,64.66125,80.19900152206421,2,310.75503044128425,49.95405393892209,260.8009765023622,2020-08-20
BANKNIFTY20AUG2022000PE,PE,2020-08-20 12:51:00,2020-08-20 13:01:00,108.8213780593872,109.72500000000001,10,18.072438812256166,51.2208602824586,-33.148421470202436,2020-08-20
BANKNIFTY20AUG2022000PE,PE,2020-08-20 13:12:00,2020-08-20 13:21:00,111.22737194061278,59.35125,9,-1037.5224388122556,50.0254804425414,-1087.547919254797,2020-08-20
BANKNIFTY20AUG2022000PE,PE,2020-08-20 13:24:00,2020-08-20 13:34:00,57.894375,55.1617492389679,10,-54.65251522064193,49.26098888103897,-103.9135041016809,2020-08-20
BANKNIFTY20AUG2022000PE,PE,2020-08-20 14:17:00,2020-08-20 14:20:00,79.14737194061279,97.6053734779358,3,369.1600307464603,50.557409352369305,318.602621394091,2020-08-20
BANKNIFTY20AUG2022000PE,PE,2020-08-20 14:50:00,2020-08-20 15:00:00,19.448499617576598,5.985,10,-269.269992351532,47.58719712584892,-316.85718947738087,2020-08-20
BANKNIFTY27AUG2022200CE,CE,2020-08-21 13:33:00,2020-08-21 13:43:00,314.1333811187744,321.24486282348636,10,142.2296340942387,58.91649901904056,83.31313507519813,2020-08-21
BANKNIFTY27AUG2022200CE,CE,2020-08-21 15:00:00,2020-08-21 15:09:00,313.2311372375488,321.29475608825686,9,161.27237701416107,58.90650348577274,102.36587352838833,2020-08-21
BANKNIFTY27AUG2022200PE,PE,2020-08-21 09:20:00,2020-08-21 09:30:00,298.745,266.9808689117432,10,-635.2826217651364,57.405424245061674,-692.688046010198,2020-08-21
BANKNIFTY27AUG2022200PE,PE,2020-08-21 09:31:00,2020-08-21 09:41:00,264.45948776245115,268.2776371765137,10,76.36298828125064,57.01101682779223,19.351971453458404,2020-08-21
BANKNIFTY27AUG2022200PE,PE,2020-08-21 09:43:00,2020-08-21 09:53:00,262.40437499999996,254.3625,10,-160.83749999999895,56.647018698249994,-217.48451869824896,2020-08-21
BANKNIFTY27AUG2022200PE,PE,2020-08-21 09:58:00,2020-08-21 10:05:00,253.08112194061277,260.3475,7,145.327561187745,56.6767670775414,88.6507941102036,2020-08-21
BANKNIFTY27AUG2022200PE,PE,2020-08-21 10:08:00,2020-08-21 10:18:00,251.1763780593872,253.8138719558716,10,52.749877929688296,56.49418194636445,-3.7443040166761534,2020-08-21
BANKNIFTY27AUG2022200PE,PE,2020-08-21 10:38:00,2020-08-21 10:48:00,251.12625,252.91612804412844,10,35.79756088256886,56.47172281159417,-20.67416192902531,2020-08-21
BANKNIFTY27AUG2022200PE,PE,2020-08-21 11:53:00,2020-08-21 12:00:00,258.895625,275.31,7,328.28750000000014,57.11294600275001,271.17455399725014,2020-08-21
BANKNIFTY27AUG2022200PE,PE,2020-08-21 12:17:00,2020-08-21 12:27:00,255.4370030593872,255.0108689117432,10,-8.522682952880132,56.57622952227028,-65.09891247515041,2020-08-21
BANKNIFTY27AUG2022200PE,PE,2020-08-21 12:35:00,2020-08-21 12:45:00,252.9808811187744,265.63423782348633,10,253.06713409423878,56.80411422179056,196.2630198724482,2020-08-21
BANKNIFTY27AUG2022200PE,PE,2020-08-21 13:15:00,2020-08-21 13:25:00,223.70786888122558,230.5721189117432,10,137.2850006103522,55.587601071394474,81.69739953895773,2020-08-21
BANKNIFTY27AUG2022200PE,PE,2020-08-21 13:26:00,2020-08-21 13:34:00,235.38700305938718,253.86375,8,369.53493881225654,56.29923428070861,313.2357045315479,2020-08-21
BANKNIFTY27AUG2022200PE,PE,2020-08-21 13:38:00,2020-08-21 13:48:00,251.1763780593872,250.3725,10,-16.077561187743754,56.4104753914586,-72.48803657920234,2020-08-21
BANKNIFTY27AUG2022500CE,CE,2020-08-24 09:18:00,2020-08-24 09:28:00,272.8303688812256,281.84361282348635,10,180.26487884521543,57.44498667170614,122.81989217350929,2020-08-24
BANKNIFTY27AUG2022500CE,CE,2020-08-24 14:55:00,2020-08-24 14:57:00,481.1498872375488,478.8,2,-46.9977447509757,64.82375341908441,-111.82149817006011,2020-08-24
BANKNIFTY27AUG2022500CE,CE,2020-08-24 15:16:00,2020-08-24 15:22:00,457.9921311187744,445.5832621765137,6,-248.1773788452142,63.72810007604385,-311.90547892125807,2020-08-24
BANKNIFTY27AUG2022500PE,PE,2020-08-24 09:51:00,2020-08-24 10:01:00,193.68299694061278,182.49262195587158,10,-223.80749969482395,54.04511762019724,-277.8526173150212,2020-08-24
BANKNIFTY27AUG2022500PE,PE,2020-08-24 10:13:00,2020-08-24 10:22:00,181.5026280593872,188.37788108825686,9,137.505060577393,54.03694427839693,83.46811629899608,2020-08-24
BANKNIFTY27AUG2022500PE,PE,2020-08-24 10:52:00,2020-08-24 11:02:00,179.1467469406128,181.99387195587158,10,56.94250030517594,53.85239366919724,3.0901066359786995,2020-08-24
BANKNIFTY27AUG2022500PE,PE,2020-08-24 11:03:00,2020-08-24 11:13:00,181.0013780593872,165.6348780441284,10,-307.3300003051759,53.47752524005276,-360.80752554522866,2020-08-24
BANKNIFTY27AUG2022500PE,PE,2020-08-24 11:22:00,2020-08-24 11:32:00,170.3748719406128,166.98149391174317,10,-67.8675605773924,53.378260324353064,-121.24582090174546,2020-08-24
BANKNIFTY27AUG2022500PE,PE,2020-08-24 11:46:00,2020-08-24 11:56:00,167.06661888122557,157.10625000000002,10,-199.20737762451097,53.0969584288328,-252.30433605334377,2020-08-24
BANKNIFTY27AUG2022500PE,PE,2020-08-24 11:57:00,2020-08-24 12:07:00,161.7533811187744,158.5526219558716,10,-64.01518325805625,53.066129861073044,-117.0813131191293,2020-08-24
BANKNIFTY27AUG2022500PE,PE,2020-08-24 12:11:00,2020-08-24 12:21:00,157.2421311187744,145.53524391174318,10,-234.1377441406246,52.693454398978886,-286.83119853960346,2020-08-24
BANKNIFTY27AUG2022500PE,PE,2020-08-24 12:31:00,2020-08-24 12:41:00,147.36749999999998,146.78211891174317,10,-11.707621765136196,52.60110442056167,-64.30872618569786,2020-08-24
BANKNIFTY27AUG2022500PE,PE,2020-08-24 12:43:00,2020-08-24 12:53:00,146.01411888122558,139.65,10,-127.28237762451158,52.410811747332794,-179.69318937184437,2020-08-24
BANKNIFTY27AUG2022500PE,PE,2020-08-24 12:57:00,2020-08-24 13:07:00,140.19963111877442,131.76975608825686,10,-168.5975006103513,52.14689897635553,-220.74439958670683,2020-08-24
BANKNIFTY27AUG2022500PE,PE,2020-08-24 13:17:00,2020-08-24 13:27:00,136.84125,138.80211891174318,10,39.21737823486353,52.276228173061675,-13.058849938198144,2020-08-24
BANKNIFTY27AUG2022500PE,PE,2020-08-24 13:36:00,2020-08-24 13:46:00,139.4477561187744,141.94425304412843,10,49.929938507080465,52.38503837626137,-2.4550998691809056,2020-08-24
BANKNIFTY27AUG2022500PE,PE,2020-08-24 13:52:00,2020-08-24 14:02:00,141.4527561187744,129.22612804412842,10,-244.53256149291974,52.10059710901136,-296.6331586019311,2020-08-24
BANKNIFTY27AUG2022500PE,PE,2020-08-24 14:03:00,2020-08-24 14:13:00,129.67338111877442,128.07899391174317,10,-31.887744140624932,51.92635243397888,-83.81409657460381,2020-08-24
BANKNIFTY27AUG2022500PE,PE,2020-08-24 14:15:00,2020-08-24 14:25:00,125.81375,110.0741234779358,10,-314.792530441284,51.44045865432792,-366.2329890956119,2020-08-24
BANKNIFTY27AUG2022500PE,PE,2020-08-24 14:26:00,2020-08-24 14:30:00,112.78125,113.715,4,18.675000000000068,51.36710731150001,-32.69210731149994,2020-08-24
BANKNIFTY27AUG2022500PE,PE,2020-08-24 14:35:00,2020-08-24 14:45:00,112.48049694061278,113.26612804412842,10,15.712622070312818,51.35245269388556,-35.63983062357274,2020-08-24
BANKNIFTY27AUG2022500PE,PE,2020-08-24 14:48:00,2020-08-24 14:55:00,112.1797515296936,121.2959984779358,7,182.32493896484385,51.544031709682216,130.78090725516165,2020-08-24
BANKNIFTY27AUG2022500PE,PE,2020-08-24 15:06:00,2020-08-24 15:15:00,119.9491265296936,126.83212652206421,9,137.65999984741228,51.77521388102638,85.88478596638589,2020-08-24
BANKNIFTY27AUG2022500PE,PE,2020-08-24 15:23:00,2020-08-24 15:24:00,135.6883811187744,134.413125,1,-25.505122375487872,52.155149258917206,-77.66027163440508,2020-08-24
BANKNIFTY27AUG2023000CE,CE,2020-08-25 09:15:00,2020-08-25 09:20:00,205.16161888122556,232.91625000000002,5,555.0926223754891,55.414207586832795,499.6784147886563,2020-08-25
BANKNIFTY27AUG2023000CE,CE,2020-08-25 09:26:00,2020-08-25 09:30:00,272.429375,276.65663108825686,4,84.54512176513731,57.31383881518832,27.23128294994899,2020-08-25
BANKNIFTY27AUG2023000CE,CE,2020-08-25 09:59:00,2020-08-25 10:04:00,261.3016188812256,269.325,5,160.4676223754882,56.997260362332796,103.4703620131554,2020-08-25
BANKNIFTY27AUG2023000CE,CE,2020-08-25 10:36:00,2020-08-25 10:46:00,245.9633811187744,195.759375,10,-1004.080122375488,55.01732339541721,-1059.0974457709053,2020-08-25
BANKNIFTY27AUG2023000CE,CE,2020-08-25 10:47:00,2020-08-25 10:57:00,192.2795030593872,182.09362804412842,10,-203.71750030517546,54.01797620530276,-257.73547651047824,2020-08-25
BANKNIFTY27AUG2023000CE,CE,2020-08-25 11:02:00,2020-08-25 11:06:00,180.95125,194.56237804412842,4,272.2225608825687,54.18052340809417,218.04203747447454,2020-08-25
BANKNIFTY27AUG2023000CE,CE,2020-08-25 11:18:00,2020-08-25 11:25:00,199.39724388122556,208.12836891174317,7,174.62250061035206,54.73966279314446,119.8828378172076,2020-08-25
BANKNIFTY27AUG2023000CE,CE,2020-08-25 11:38:00,2020-08-25 11:45:00,208.9711219406128,221.59461891174317,7,252.46993942260758,55.18615250310307,197.2837869195045,2020-08-25
BANKNIFTY27AUG2023000CE,CE,2020-08-25 11:52:00,2020-08-25 11:55:00,215.68786888122557,229.82399391174317,3,282.7225006103521,55.46976670614447,227.25273390420762,2020-08-25
BANKNIFTY27AUG2023000CE,CE,2020-08-25 12:21:00,2020-08-25 12:30:00,224.00862194061278,236.3077439117432,9,245.98243942260808,55.73084855535307,190.251590867255,2020-08-25
BANKNIFTY27AUG2023000CE,CE,2020-08-25 12:32:00,2020-08-25 12:37:00,204.96112194061277,215.60961891174318,5,212.96993942260826,54.99075712110307,157.9791823015052,2020-08-25
BANKNIFTY27AUG2023000CE,CE,2020-08-25 14:07:00,2020-08-25 14:17:00,210.22424694061277,157.05637195587158,10,-1063.3574996948237,53.63191832319723,-1116.9894180180208,2020-08-25
BANKNIFTY27AUG2023000CE,CE,2020-08-25 14:18:00,2020-08-25 14:27:00,155.3875,176.45774391174317,9,421.40487823486353,53.42255972481167,367.98231851005187,2020-08-25
BANKNIFTY27AUG2023000CE,CE,2020-08-25 14:48:00,2020-08-25 14:58:00,196.99124999999998,216.4076219558716,10,388.3274391174325,54.91115292690584,333.41628619052665,2020-08-25
BANKNIFTY27AUG2023000PE,PE,2020-08-25 09:30:00,2020-08-25 09:40:00,186.66549694061277,193.2157469558716,10,131.0050003051765,54.21876001044724,76.78624029472927,2020-08-25
BANKNIFTY27AUG2023000PE,PE,2020-08-25 09:51:00,2020-08-25 09:58:00,186.41487194061278,189.7244969558716,7,66.19250030517605,54.13072657719724,12.061773727978817,2020-08-25
BANKNIFTY27AUG2023000PE,PE,2020-08-25 10:26:00,2020-08-25 10:35:00,186.0138780593872,194.2132469558716,9,163.98737792968802,54.23492734911443,109.7524505805736,2020-08-25
BANKNIFTY27AUG2023000PE,PE,2020-08-25 11:43:00,2020-08-25 11:53:00,222.4046311187744,210.77175304412842,10,-232.65756149291974,55.08979398751137,-287.7473554804311,2020-08-25
BANKNIFTY27AUG2023000PE,PE,2020-08-25 11:55:00,2020-08-25 12:05:00,206.765625,204.33788108825684,10,-48.55487823486328,54.73900630318833,-103.29388453805161,2020-08-25
BANKNIFTY27AUG2023000PE,PE,2020-08-25 12:30:00,2020-08-25 12:32:00,201.15161888122557,227.6294969558716,2,529.5575614929203,55.235796084488626,474.32176540843165,2020-08-25
BANKNIFTY27AUG2023000PE,PE,2020-08-25 12:41:00,2020-08-25 12:51:00,211.52749999999997,207.77925304412844,10,-74.96493911743073,54.88187248834416,-129.8468116057749,2020-08-25
BANKNIFTY27AUG2023000PE,PE,2020-08-25 12:53:00,2020-08-25 13:03:00,206.6152561187744,199.00125,10,-152.28012237548796,54.607332100417196,-206.88745447590514,2020-08-25
BANKNIFTY27AUG2023000PE,PE,2020-08-25 15:07:00,2020-08-25 15:12:00,160.650625,173.36550304412842,5,254.29756088256852,53.41273225459417,200.88482862797434,2020-08-25
BANKNIFTY27AUG2023200CE,CE,2020-08-26 09:15:00,2020-08-26 09:21:00,152.93137805938719,205.58475608825685,6,1053.0675605773934,54.100519641646926,998.9670409357465,2020-08-26
BANKNIFTY27AUG2023200CE,CE,2020-08-26 09:26:00,2020-08-26 09:30:00,193.2820030593872,206.48250000000002,4,264.00993881225645,54.62365603020861,209.38628278204783,2020-08-26
BANKNIFTY27AUG2023200CE,CE,2020-08-26 09:48:00,2020-08-26 09:53:00,194.0840061187744,186.18336891174317,5,-158.01274414062448,54.139871850478876,-212.15261599110335,2020-08-26
BANKNIFTY27AUG2023200CE,CE,2020-08-26 10:44:00,2020-08-26 10:54:00,213.68286888122557,215.26050304412843,10,31.552683258057073,55.09062086167695,-23.53793760361988,2020-08-26
BANKNIFTY27AUG2023200CE,CE,2020-08-26 11:33:00,2020-08-26 11:43:00,193.4825,198.35288108825685,10,97.40762176513726,54.42840532543833,42.97921643969894,2020-08-26
BANKNIFTY27AUG2023200CE,CE,2020-08-26 11:59:00,2020-08-26 12:09:00,194.0840061187744,185.7344969558716,10,-166.99018325805582,54.12895366857305,-221.11913692662887,2020-08-26
BANKNIFTY27AUG2023200CE,CE,2020-08-26 12:11:00,2020-08-26 12:16:00,183.60786888122558,193.51500000000001,5,198.1426223754886,54.188052173832794,143.9545702016558,2020-08-26
BANKNIFTY27AUG2023200CE,CE,2020-08-26 12:21:00,2020-08-26 12:31:00,187.96875,163.09125,10,-497.54999999999995,53.50221489099999,-551.052214891,2020-08-26
BANKNIFTY27AUG2023200CE,CE,2020-08-26 12:34:00,2020-08-26 12:38:00,166.2145030593872,180.04875,4,276.6849388122563,53.6444162757086,223.04052253654768,2020-08-26
BANKNIFTY27AUG2023200CE,CE,2020-08-26 13:01:00,2020-08-26 13:11:00,179.7482530593872,187.9788719558716,10,164.61237792968802,54.00544328661444,110.60693464307359,2020-08-26
BANKNIFTY27AUG2023200CE,CE,2020-08-26 13:27:00,2020-08-26 13:28:00,178.445,182.49262195587158,1,80.95243911743182,53.85580684140584,27.096632276025986,2020-08-26
BANKNIFTY27AUG2023200CE,CE,2020-08-26 15:18:00,2020-08-26 15:24:00,275.6875,284.4870121765137,6,175.99024353027403,57.54477951437665,118.44546401589739,2020-08-26
BANKNIFTY27AUG2023200PE,PE,2020-08-26 09:30:00,2020-08-26 09:40:00,181.5026280593872,181.54500000000002,10,0.8474388122562004,53.87074401195861,-53.023305199702406,2020-08-26
BANKNIFTY27AUG2023200PE,PE,2020-08-26 10:27:00,2020-08-26 10:37:00,162.7057530593872,162.5925,10,-2.265061187744095,53.176226126708606,-55.4412873144527,2020-08-26
BANKNIFTY27AUG2023200PE,PE,2020-08-26 10:53:00,2020-08-26 10:56:00,172.4801280593872,171.819375,3,-13.2150611877438,53.5220898687086,-66.7371510564524,2020-08-26
BANKNIFTY27AUG2023200PE,PE,2020-08-26 12:38:00,2020-08-26 12:48:00,175.4375,160.94663108825685,10,-289.817378234863,53.29436680093833,-343.11174503580133,2020-08-26
BANKNIFTY27AUG2023200PE,PE,2020-08-26 13:45:00,2020-08-26 13:53:00,145.36249999999998,144.58762195587158,8,-15.497560882567996,52.52281703640584,-68.02037791897384,2020-08-26
BANKNIFTY27AUG2023200PE,PE,2020-08-26 14:01:00,2020-08-26 14:11:00,116.74112194061279,116.75737804412843,10,0.32512207031288654,51.49030476313556,-51.165182692822675,2020-08-26
BANKNIFTY27AUG2023200PE,PE,2020-08-26 14:30:00,2020-08-26 14:40:00,105.9141265296936,94.56300304412842,10,-227.02246971130364,50.81594740319846,-277.8384171145021,2020-08-26
BANKNIFTY27AUG2023200PE,PE,2020-08-26 14:59:00,2020-08-26 15:09:00,77.944375,70.87237804412842,10,-141.43993911743138,49.89222111184416,-191.33216022927553,2020-08-26
BANKNIFTY27AUG2023200PE,PE,2020-08-26 15:21:00,2020-08-26 15:24:00,67.96950305938721,66.28387195587159,3,-33.712622070312364,49.65668830611444,-83.3693103764268,2020-08-26
BANKNIFTY27AUG2023600CE,CE,2020-08-27 09:42:00,2020-08-27 09:51:00,99.74875,100.996875,9,24.962500000000034,50.89584615924999,-25.933346159249957,2020-08-27
BANKNIFTY27AUG2023600CE,CE,2020-08-27 10:12:00,2020-08-27 10:18:00,89.2225,94.11412347793579,6,97.8324695587159,50.59765894482792,47.23481061388798,2020-08-27
BANKNIFTY27AUG2023600CE,CE,2020-08-27 10:47:00,2020-08-27 10:57:00,76.2401280593872,74.76262195587158,10,-29.550122070312455,49.96567296636444,-79.51579503667689,2020-08-27
BANKNIFTY27AUG2023600CE,CE,2020-08-27 11:36:00,2020-08-27 11:46:00,91.47812499999999,87.18150152206421,10,-85.93246955871564,50.45705560417208,-136.3895251628877,2020-08-27
BANKNIFTY27AUG2023600CE,CE,2020-08-27 12:34:00,2020-08-27 12:36:00,98.94674694061278,93.66525152206421,2,-105.62990837097146,50.70755091721348,-156.33745928818496,2020-08-27
BANKNIFTY27AUG2023600CE,CE,2020-08-27 13:03:00,2020-08-27 13:06:00,109.37274847030639,104.73750000000001,3,-92.70496940612759,51.1063963328957,-143.8113657390233,2020-08-27
BANKNIFTY27AUG2023600CE,CE,2020-08-27 13:40:00,2020-08-27 13:46:00,68.17,50.423624238967896,6,-354.92751522064214,49.273400878538965,-404.2009160991811,2020-08-27
BANKNIFTY27AUG2023600CE,CE,2020-08-27 14:37:00,2020-08-27 14:41:00,38.195248470306396,52.51837652206421,4,286.4625610351562,48.95195847206777,237.51060256308847,2020-08-27
BANKNIFTY27AUG2023600CE,CE,2020-08-27 14:43:00,2020-08-27 14:46:00,66.8166265296936,75.76012195587158,3,178.8699085235598,49.87286194376015,128.99704657979964,2020-08-27
BANKNIFTY27AUG2023600CE,CE,2020-08-27 15:02:00,2020-08-27 15:07:00,61.50337347030639,42.294001522064214,5,-384.1874389648436,48.99283568606778,-433.1802746509114,2020-08-27
BANKNIFTY27AUG2023600PE,PE,2020-08-27 09:21:00,2020-08-27 09:31:00,90.0245030593872,88.27875,10,-34.91506118774396,50.4656854197086,-85.38074660745255,2020-08-27
BANKNIFTY27AUG2023600PE,PE,2020-08-27 11:01:00,2020-08-27 11:02:00,77.64362194061279,79.7002515220642,1,41.132591629028354,50.10321033946347,-8.970618710435119,2020-08-27
BANKNIFTY27AUG2023600PE,PE,2020-08-27 12:11:00,2020-08-27 12:21:00,52.881874999999994,53.01712652206421,10,2.705030441284322,49.14655064092209,-46.441520199637765,2020-08-27
BANKNIFTY27AUG2023600PE,PE,2020-08-27 12:22:00,2020-08-27 12:32:00,50.125,48.82762576103211,10,-25.947484779357808,49.01039658796104,-74.95788136731885,2020-08-27
BANKNIFTY27AUG2023600PE,PE,2020-08-27 12:47:00,2020-08-27 12:52:00,45.363125,45.08700076103211,5,-5.522484779357768,48.86025149146104,-54.38273627081881,2020-08-27
BANKNIFTY27AUG2023600PE,PE,2020-08-27 13:06:00,2020-08-27 13:07:00,41.353125,41.29650152206421,1,-1.1324695587157407,48.71823426817207,-49.85070382688781,2020-08-27
BANKNIFTY03SEP2023700CE,CE,2020-08-28 09:19:00,2020-08-28 09:29:00,378.0427561187744,393.26437500000003,10,304.43237762451304,61.46225733666721,242.97012028784582,2020-08-28
BANKNIFTY03SEP2023700CE,CE,2020-08-28 10:00:00,2020-08-28 10:03:00,399.746875,414.06225608825685,3,286.3076217651371,62.23777996843833,224.0698417966988,2020-08-28
BANKNIFTY03SEP2023700CE,CE,2020-08-28 12:18:00,2020-08-28 12:27:00,787.0126127624511,788.0250000000001,9,20.247744750979564,76.14513478591562,-55.89739003493605,2020-08-28
BANKNIFTY03SEP2023700CE,CE,2020-08-28 12:37:00,2020-08-28 12:42:00,707.765,713.2125000000001,5,108.95000000000209,73.34088481900001,35.60911518100208,2020-08-28
BANKNIFTY03SEP2023700CE,CE,2020-08-28 13:01:00,2020-08-28 13:11:00,697.2888627624511,654.4597256469727,10,-856.5827423095675,71.7816544981623,-928.3643968077298,2020-08-28
BANKNIFTY03SEP2023700CE,CE,2020-08-28 14:36:00,2020-08-28 14:37:00,830.821875,829.0721493530274,1,-34.99451293945185,77.68781797825329,-112.68233091770514,2020-08-28
BANKNIFTY03SEP2023700CE,CE,2020-08-28 14:40:00,2020-08-28 14:45:00,802.9523872375488,824.8327743530274,5,437.6077423095717,77.2384617483377,360.36928056123395,2020-08-28
BANKNIFTY03SEP2023700PE,PE,2020-08-28 09:39:00,2020-08-28 09:43:00,248.01849388122557,253.3151219558716,4,105.93256149292074,56.44281826098863,49.48974323193211,2020-08-28
BANKNIFTY03SEP2023700PE,PE,2020-08-28 09:46:00,2020-08-28 09:53:00,244.9107530593872,233.01600608825686,7,-237.89493942260663,55.910461357396926,-293.80540078000354,2020-08-28
BANKNIFTY03SEP2023700PE,PE,2020-08-28 10:12:00,2020-08-28 10:22:00,221.1515061187744,228.17812500000002,10,140.5323776245126,55.49761129266721,85.03476633184539,2020-08-28
BANKNIFTY03SEP2023700PE,PE,2020-08-28 10:31:00,2020-08-28 10:41:00,212.7304969406128,194.51250000000002,10,-364.35993881225556,54.574122846791404,-418.93406165904696,2020-08-28
BANKNIFTY03SEP2023700PE,PE,2020-08-28 10:43:00,2020-08-28 10:46:00,196.48999999999998,198.10350608825684,3,32.270121765137105,54.45970360468833,-22.189581839551224,2020-08-28
BANKNIFTY03SEP2023700PE,PE,2020-08-28 10:47:00,2020-08-28 10:53:00,194.3346311187744,199.05112804412843,6,94.32993850708044,54.45597574126137,39.87396276581907,2020-08-28
BANKNIFTY03SEP2023700PE,PE,2020-08-28 11:00:00,2020-08-28 11:10:00,192.88099388122558,192.766875,10,-2.2823776245115823,54.28506067633279,-56.56743830084437,2020-08-28
BANKNIFTY03SEP2023700PE,PE,2020-08-28 11:32:00,2020-08-28 11:42:00,172.12924694061277,151.96913108825683,10,-403.20231704711887,53.03490126922972,-456.2372183163486,2020-08-28
BANKNIFTY03SEP2023700PE,PE,2020-08-28 11:51:00,2020-08-28 11:53:00,153.28224388122558,159.74961891174317,2,129.34750061035174,52.99000311564447,76.35749749470727,2020-08-28
BANKNIFTY03SEP2023700PE,PE,2020-08-28 12:42:00,2020-08-28 12:51:00,172.4801280593872,167.13112804412842,9,-106.98000030517562,53.40805482505276,-160.3880551302284,2020-08-28
BANKNIFTY03SEP2023700PE,PE,2020-08-28 13:12:00,2020-08-28 13:22:00,174.7858811187744,166.23336891174318,10,-171.05024414062427,53.414863844728885,-224.46510798535314,2020-08-28
BANKNIFTY03SEP2023700PE,PE,2020-08-28 13:23:00,2020-08-28 13:33:00,164.0090061187744,159.74961891174317,10,-85.18774414062477,53.12326811897888,-138.31101225960364,2020-08-28
BANKNIFTY03SEP2023700PE,PE,2020-08-28 13:35:00,2020-08-28 13:45:00,153.53286888122557,144.68737804412842,10,-176.9098167419429,52.62674885842696,-229.53656560036987,2020-08-28
BANKNIFTY03SEP2023700PE,PE,2020-08-28 14:12:00,2020-08-28 14:21:00,144.86124999999998,133.56524391174318,9,-225.92012176513606,52.248485792311676,-278.16860755744773,2020-08-28
BANKNIFTY03SEP2023700PE,PE,2020-08-28 14:23:00,2020-08-28 14:33:00,131.52799694061278,114.01425304412842,10,-350.27487792968714,51.60728830813555,-401.8821662378227,2020-08-28
BANKNIFTY03SEP2023700PE,PE,2020-08-28 14:46:00,2020-08-28 14:56:00,119.2975,119.25112804412842,10,-0.927439117431561,51.58272115909416,-52.510160276525724,2020-08-28
BANKNIFTY03SEP2023700PE,PE,2020-08-28 15:11:00,2020-08-28 15:14:00,114.034375,117.25612804412843,3,64.43506088256868,51.46880861734416,12.966252265224519,2020-08-28
BANKNIFTY03SEP2025200CE,CE,2020-08-31 09:15:00,2020-08-31 09:24:00,421.04999999999995,398.4513871765137,9,-451.9722564697247,62.12272894112666,-514.0949854108513,2020-08-31
BANKNIFTY03SEP2025200CE,CE,2020-08-31 09:52:00,2020-08-31 10:02:00,254.635,223.29038108825685,10,-626.8923782348628,55.79470929943831,-682.6870875343011,2020-08-31
BANKNIFTY03SEP2025200CE,CE,2020-08-31 10:33:00,2020-08-31 10:43:00,176.2896311187744,174.11362804412843,10,-43.52006149291924,53.62522210426136,-97.1452835971806,2020-08-31
BANKNIFTY03SEP2025200CE,CE,2020-08-31 10:44:00,2020-08-31 10:51:00,170.42499999999998,140.54774391174317,7,-597.5451217651363,52.73591913381168,-650.2810408989479,2020-08-31
BANKNIFTY03SEP2025200CE,CE,2020-08-31 11:04:00,2020-08-31 11:14:00,142.355,126.23362804412842,10,-322.42743911743133,52.039017853094165,-374.4664569705255,2020-08-31
BANKNIFTY03SEP2025200CE,CE,2020-08-31 12:39:00,2020-08-31 12:49:00,120.1496234703064,113.21625,10,-138.66746940612785,51.446517640645695,-190.11398704677356,2020-08-31
BANKNIFTY03SEP2025200CE,CE,2020-08-31 12:51:00,2020-08-31 13:01:00,113.9341265296936,98.75250000000001,10,-303.63253059387176,51.01748832335429,-354.6500189172261,2020-08-31
BANKNIFTY03SEP2025200CE,CE,2020-08-31 13:05:00,2020-08-31 13:09:00,91.1272515296936,93.46574695587158,4,46.76990852355971,50.60555196476014,-3.835643441200432,2020-08-31
BANKNIFTY03SEP2025200CE,CE,2020-08-31 13:15:00,2020-08-31 13:25:00,84.0095030593872,86.93212652206421,10,58.45246925354019,50.35820273488068,8.09426651865951,2020-08-31
BANKNIFTY03SEP2025200CE,CE,2020-08-31 13:35:00,2020-08-31 13:45:00,86.76637805938721,82.19400152206421,10,-91.4475307464599,50.277204789880685,-141.72473553634057,2020-08-31
BANKNIFTY03SEP2025200CE,CE,2020-08-31 13:57:00,2020-08-31 14:07:00,87.6686219406128,85.73512195587159,10,-38.66999969482407,50.37454670394723,-89.0445463987713,2020-08-31
BANKNIFTY03SEP2025200CE,CE,2020-08-31 14:10:00,2020-08-31 14:20:00,83.0571234703064,70.8225,10,-244.69246940612777,49.954526640145694,-294.64699604627344,2020-08-31
BANKNIFTY03SEP2025200CE,CE,2020-08-31 14:22:00,2020-08-31 14:25:00,67.46825305938721,64.53824695587159,3,-58.600122070312466,49.60800109236445,-108.20812316267691,2020-08-31
BANKNIFTY03SEP2025200CE,CE,2020-08-31 14:46:00,2020-08-31 14:56:00,72.12987194061279,71.9197484779358,10,-4.202469253539789,49.84545987111932,-54.047929124659106,2020-08-31
BANKNIFTY03SEP2025200CE,CE,2020-08-31 15:00:00,2020-08-31 15:10:00,69.924375,72.26887195587159,10,46.88993911743182,49.82655159915584,-2.936612481724019,2020-08-31
BANKNIFTY03SEP2025200CE,CE,2020-08-31 15:12:00,2020-08-31 15:22:00,92.98187499999999,90.92212652206422,10,-41.1949695587154,50.56672305892207,-91.76169261763746,2020-08-31
BANKNIFTY03SEP2023700CE,CE,2020-09-01 09:15:00,2020-09-01 09:20:00,409.02,587.5275,5,3570.150000000001,66.572284771,3503.577715229001,2020-09-01
BANKNIFTY03SEP2023700CE,CE,2020-09-01 09:51:00,2020-09-01 09:58:00,517.6910244750976,510.8696493530274,7,-136.42750244140416,66.05777521467212,-202.48527765607628,2020-09-01
BANKNIFTY03SEP2023700PE,PE,2020-09-01 10:13:00,2020-09-01 10:23:00,386.36349388122557,411.3191310882569,10,499.1127441406263,62.00478751952112,437.1079566211052,2020-09-01
BANKNIFTY03SEP2023700PE,PE,2020-09-01 10:34:00,2020-09-01 10:44:00,409.17036888122556,403.738125,10,-108.64487762451063,62.10373365208279,-170.7486112765934,2020-09-01
BANKNIFTY03SEP2023700PE,PE,2020-09-01 10:47:00,2020-09-01 10:57:00,374.5340061187744,385.53375,10,219.99487762451167,61.23062939991721,158.76424822459447,2020-09-01
BANKNIFTY03SEP2023700PE,PE,2020-09-01 11:06:00,2020-09-01 11:16:00,391.2757377624512,516.954375,10,2513.572744750977,64.63524469141558,2448.9375000595614,2020-09-01
BANKNIFTY03SEP2023700PE,PE,2020-09-01 11:19:00,2020-09-01 11:29:00,490.473125,427.72798782348633,10,-1254.902743530273,63.69732640037335,-1318.6000699306464,2020-09-01
BANKNIFTY03SEP2023700PE,PE,2020-09-01 11:37:00,2020-09-01 11:47:00,364.70948776245115,360.64611282348636,10,-81.26749877929569,60.503216582038945,-141.77071536133462,2020-09-01
BANKNIFTY03SEP2023700PE,PE,2020-09-01 11:48:00,2020-09-01 11:58:00,351.7271311187744,383.13975608825683,10,628.2524993896482,60.88905535735553,567.3634440322926,2020-09-01
BANKNIFTY03SEP2023700PE,PE,2020-09-01 12:02:00,2020-09-01 12:12:00,425.36073776245115,371.07,10,-1085.8147552490232,61.510269913665574,-1147.3250251626887,2020-09-01
BANKNIFTY03SEP2023700PE,PE,2020-09-01 12:21:00,2020-09-01 12:31:00,376.94,343.28961891174316,10,-673.0076217651367,60.232991158561674,-733.2406129236983,2020-09-01
BANKNIFTY03SEP2023700PE,PE,2020-09-01 12:37:00,2020-09-01 12:47:00,309.32136276245114,254.21288108825684,10,-1102.1696334838862,57.22625731685392,-1159.39589080074,2020-09-01
BANKNIFTY03SEP2023700PE,PE,2020-09-01 12:48:00,2020-09-01 12:58:00,261.3016188812256,224.98612804412844,10,-726.3098167419429,55.91877937642696,-782.2285961183699,2020-09-01
BANKNIFTY03SEP2023700PE,PE,2020-09-01 13:04:00,2020-09-01 13:14:00,216.2392469406128,173.5151219558716,10,-854.4824996948239,54.106982328697235,-908.5894820235211,2020-09-01
BANKNIFTY03SEP2023700PE,PE,2020-09-01 13:33:00,2020-09-01 13:41:00,187.61786888122558,199.00125,8,227.66762237548846,54.3713161603328,173.29630621515565,2020-09-01
BANKNIFTY03SEP2023700PE,PE,2020-09-01 14:09:00,2020-09-01 14:19:00,248.11874999999998,264.0382621765137,10,318.3902435302741,56.70488917637665,261.6853543538975,2020-09-01
BANKNIFTY03SEP2023700PE,PE,2020-09-01 14:41:00,2020-09-01 14:50:00,316.3890061187744,336.05774391174316,9,393.3747558593757,59.30482459622889,334.06993126314677,2020-09-01
BANKNIFTY03SEP2023700PE,PE,2020-09-01 15:10:00,2020-09-01 15:17:00,204.40974388122558,210.97125,7,131.23012237548835,54.871085190582804,76.35903718490555,2020-09-01
BANKNIFTY03SEP2023800CE,CE,2020-09-02 09:16:00,2020-09-02 09:22:00,312.32886276245114,250.67175304412842,6,-1233.1421943664543,57.177488311759745,-1290.3196826782141,2020-09-02
BANKNIFTY03SEP2023800CE,CE,2020-09-02 09:53:00,2020-09-02 09:56:00,235.58749999999998,242.5919969558716,3,140.08993911743232,56.02755556215584,84.06238355527648,2020-09-02
BANKNIFTY03SEP2023800CE,CE,2020-09-02 10:20:00,2020-09-02 10:30:00,182.2545030593872,159.69975608825683,10,-451.0949394226071,53.348730031396926,-504.44366945400407,2020-09-02
BANKNIFTY03SEP2023800CE,CE,2020-09-02 10:50:00,2020-09-02 10:58:00,168.11924694061278,172.5176219558716,8,87.96750030517615,53.484895905697236,34.48260439947891,2020-09-02
BANKNIFTY03SEP2023800CE,CE,2020-09-02 12:20:00,2020-09-02 12:22:00,161.4025,160.846875,2,-11.11249999999984,53.11757514774999,-64.23007514774983,2020-09-02
BANKNIFTY03SEP2023800PE,PE,2020-09-02 09:35:00,2020-09-02 09:45:00,290.5746311187744,342.0926371765137,10,1030.3601211547857,59.13090745679385,971.2292136979919,2020-09-02
BANKNIFTY03SEP2023800PE,PE,2020-09-02 10:19:00,2020-09-02 10:20:00,380.6492622375488,395.60850608825683,1,299.184877014161,61.551657233022745,237.63321978113822,2020-09-02
BANKNIFTY03SEP2023800PE,PE,2020-09-02 10:45:00,2020-09-02 10:49:00,360.64937499999996,378.55125000000004,4,358.0375000000015,60.88829275975,297.1492072402515,2020-09-02
BANKNIFTY03SEP2023800PE,PE,2020-09-02 11:16:00,2020-09-02 11:26:00,305.7123872375488,325.3845121765137,10,393.4424987792977,58.91257113446105,334.5299276448367,2020-09-02
BANKNIFTY03SEP2023800PE,PE,2020-09-02 11:33:00,2020-09-02 11:43:00,315.1358811187744,303.09038108825683,10,-240.91000061035174,58.48737132610553,-299.39737193645726,2020-09-02
BANKNIFTY03SEP2023800PE,PE,2020-09-02 12:00:00,2020-09-02 12:10:00,325.4115061187744,346.0826371765137,10,413.4226211547855,59.660758021043854,353.7618631337416,2020-09-02
BANKNIFTY03SEP2023800PE,PE,2020-09-02 13:46:00,2020-09-02 13:55:00,313.8827561187744,328.3770121765137,9,289.88512115478557,59.08686490229386,230.7982562524917,2020-09-02
BANKNIFTY03SEP2023800PE,PE,2020-09-02 14:35:00,2020-09-02 14:36:00,174.93625,177.90413108825683,1,59.35762176513663,53.700606918438325,5.657014846698303,2020-09-02
BANKNIFTY03SEP2023800PE,PE,2020-09-02 14:55:00,2020-09-02 15:05:00,146.51536888122558,164.5875,10,361.44262237548844,53.0236088518328,308.4190135236556,2020-09-02
BANKNIFTY03SEP2024000CE,CE,2020-09-03 09:20:00,2020-09-03 09:30:00,70.5760015296936,50.323875761032106,10,-405.0425153732299,49.30086583706534,-454.3433812102952,2020-09-03
BANKNIFTY03SEP2024000CE,CE,2020-09-03 09:31:00,2020-09-03 09:36:00,49.47337347030639,58.503376522064215,5,180.60006103515647,49.23765013181778,131.36241090333868,2020-09-03
BANKNIFTY03SEP2024000CE,CE,2020-09-03 11:10:00,2020-09-03 11:20:00,32.0298757648468,28.179375,10,-77.01001529693599,48.28335021030216,-125.29336550723815,2020-09-03
BANKNIFTY03SEP2024000CE,CE,2020-09-03 11:29:00,2020-09-03 11:39:00,26.6665003824234,16.009874238967896,10,-213.1325228691101,47.920711711190044,-261.0532345803001,2020-09-03
BANKNIFTY03SEP2024000PE,PE,2020-09-03 11:24:00,2020-09-03 11:29:00,231.6276280593872,251.66925304412842,5,400.8324996948244,56.199151243302765,344.6333484515216,2020-09-03
BANKNIFTY03SEP2024000PE,PE,2020-09-03 11:39:00,2020-09-03 11:44:00,331.37636276245115,370.9203810882569,5,790.8803665161145,60.33900636185391,730.5413601542606,2020-09-03
BANKNIFTY03SEP2024000PE,PE,2020-09-03 12:01:00,2020-09-03 12:11:00,345.4113627624512,367.7283689117432,10,446.34012298584025,60.435730360477265,385.904392625363,2020-09-03
BANKNIFTY03SEP2024000PE,PE,2020-09-03 13:04:00,2020-09-03 13:09:00,248.92075305938718,258.3525,5,188.6349388122568,56.5765547367086,132.0583840755482,2020-09-03
BANKNIFTY03SEP2024000PE,PE,2020-09-03 13:28:00,2020-09-03 13:38:00,251.1763780593872,330.2722560882569,10,1581.917560577394,58.35392509864693,1523.563635478747,2020-09-03
BANKNIFTY10SEP2023000CE,CE,2020-09-04 09:16:00,2020-09-04 09:18:00,485.71124999999995,478.40100608825685,2,-146.204878234862,64.87071699718832,-211.07559523205032,2020-09-04
BANKNIFTY10SEP2023000CE,CE,2020-09-04 12:30:00,2020-09-04 12:36:00,500.54823776245115,484.7351371765137,6,-316.2620117187487,65.20911466929223,-381.47112638804094,2020-09-04
BANKNIFTY10SEP2023000PE,PE,2020-09-04 09:39:00,2020-09-04 09:49:00,426.11261276245114,378.35173782348636,10,-955.2174987792955,61.69672898603894,-1016.9142277653344,2020-09-04
BANKNIFTY10SEP2023000PE,PE,2020-09-04 09:50:00,2020-09-04 10:00:00,355.78724388122555,352.366875,10,-68.40737762451113,60.19098932383279,-128.5983669483439,2020-09-04
BANKNIFTY10SEP2023000PE,PE,2020-09-04 10:04:00,2020-09-04 10:05:00,369.3711372375488,384.0375,1,293.3272552490246,61.13009379558441,232.19716145344017,2020-09-04
BANKNIFTY10SEP2023000PE,PE,2020-09-04 10:07:00,2020-09-04 10:08:00,381.9525,391.5686128234864,1,192.3222564697278,61.46958338987336,130.85267307985444,2020-09-04
BANKNIFTY10SEP2023000PE,PE,2020-09-04 10:10:00,2020-09-04 10:20:00,385.6116188812256,373.7133689117432,10,-237.96499938964757,61.08073900839447,-299.04573839804203,2020-09-04
BANKNIFTY10SEP2023000PE,PE,2020-09-04 10:26:00,2020-09-04 10:36:00,368.91999999999996,384.58611282348636,10,313.322256469728,61.137833285873356,252.18442318385468,2020-09-04
BANKNIFTY10SEP2023000PE,PE,2020-09-04 10:42:00,2020-09-04 10:52:00,388.51886276245114,378.70086891174316,10,-196.35987701415957,61.238171398477256,-257.59804841263684,2020-09-04
BANKNIFTY10SEP2023000PE,PE,2020-09-04 11:12:00,2020-09-04 11:22:00,357.9927561187744,363.13986282348634,10,102.94213409423833,60.480427572290566,42.46170652194776,2020-09-04
BANKNIFTY10SEP2023000PE,PE,2020-09-04 11:26:00,2020-09-04 11:36:00,357.4915061187744,363.83812500000005,10,126.93237762451304,60.49118449266721,66.44119313184584,2020-09-04
BANKNIFTY10SEP2023000PE,PE,2020-09-04 12:15:00,2020-09-04 12:25:00,330.37386276245115,312.6164939117432,10,-355.14737701415925,58.90839127272726,-414.0557682868865,2020-09-04
BANKNIFTY10SEP2023000PE,PE,2020-09-04 12:57:00,2020-09-04 13:07:00,269.97323776245116,273.1653810882568,10,63.84286651611319,57.198404980103916,6.644461536009274,2020-09-04
BANKNIFTY10SEP2023000PE,PE,2020-09-04 13:10:00,2020-09-04 13:18:00,237.1915061187744,237.10574695587158,8,-1.7151832580566406,55.91403774207304,-57.62922100012968,2020-09-04
BANKNIFTY10SEP2023000PE,PE,2020-09-04 13:38:00,2020-09-04 13:48:00,273.0809938812256,263.7888871765137,10,-185.84213409423796,57.00894441170944,-242.8510785059474,2020-09-04
BANKNIFTY10SEP2022900CE,CE,2020-09-07 15:11:00,2020-09-07 15:21:00,340.599375,357.2546189117432,10,333.1048782348637,60.12118884381167,272.983689391052,2020-09-07
BANKNIFTY10SEP2022900PE,PE,2020-09-07 09:42:00,2020-09-07 09:44:00,389.4211372375488,394.01250000000005,2,91.8272552490248,61.62181488558441,30.20544036344039,2020-09-07
BANKNIFTY10SEP2022900PE,PE,2020-09-07 09:46:00,2020-09-07 09:56:00,338.24349388122556,305.08538108825684,10,-663.1622558593745,58.82297664602112,-721.9852325053955,2020-09-07
BANKNIFTY10SEP2022900PE,PE,2020-09-07 10:02:00,2020-09-07 10:12:00,312.3790061187744,294.36225608825686,10,-360.33500061035056,58.24082159260553,-418.5758222029561,2020-09-07
BANKNIFTY10SEP2022900PE,PE,2020-09-07 10:15:00,2020-09-07 10:25:00,287.8177561187744,305.58413108825687,10,355.3274993896491,58.20863884585553,297.1188605437936,2020-09-07
BANKNIFTY10SEP2022900PE,PE,2020-09-07 10:26:00,2020-09-07 10:36:00,313.1308811187744,292.46701217651366,10,-413.27737884521525,58.20406343204385,-471.48144227725913,2020-09-07
BANKNIFTY10SEP2022900PE,PE,2020-09-07 10:37:00,2020-09-07 10:47:00,296.53948776245113,334.06274391174315,10,750.4651229858405,59.00969653797726,691.4554264478633,2020-09-07
BANKNIFTY10SEP2022900PE,PE,2020-09-07 10:50:00,2020-09-07 11:00:00,322.1533811187744,322.44187500000004,10,5.769877624512674,59.04525193641721,-53.275374311904535,2020-09-07
BANKNIFTY10SEP2022900PE,PE,2020-09-07 11:01:00,2020-09-07 11:11:00,330.7748872375488,291.36975608825685,10,-788.1026229858389,58.39657628827274,-846.4991992741117,2020-09-07
BANKNIFTY10SEP2022900PE,PE,2020-09-07 11:12:00,2020-09-07 11:22:00,288.0182377624512,291.7188871765137,10,74.0129882812505,57.87387690279223,16.139111378458267,2020-09-07
BANKNIFTY10SEP2022900PE,PE,2020-09-07 11:24:00,2020-09-07 11:34:00,282.25386276245115,277.85361282348634,10,-88.0049987792961,57.465009226288934,-145.47000800558504,2020-09-07
BANKNIFTY10SEP2022900PE,PE,2020-09-07 14:11:00,2020-09-07 14:21:00,253.68262805938718,279.2501371765137,10,511.3501823425304,57.144020134585254,454.2061622079451,2020-09-07
BANKNIFTY10SEP2022900PE,PE,2020-09-07 14:30:00,2020-09-07 14:40:00,345.66198776245113,384.4863871765137,10,776.4879882812511,60.846459358292236,715.6415289229589,2020-09-07
BANKNIFTY10SEP2022900CE,CE,2020-09-08 13:31:00,2020-09-08 13:41:00,318.59448776245114,300.79611282348634,10,-355.96749877929597,58.47453480803894,-414.4420335873349,2020-09-08
BANKNIFTY10SEP2022900CE,CE,2020-09-08 13:52:00,2020-09-08 14:02:00,274.18375,283.2401371765137,10,181.12774353027476,57.49576903712666,123.6319744931481,2020-09-08
BANKNIFTY10SEP2022900CE,CE,2020-09-08 14:54:00,2020-09-08 15:04:00,213.5325,197.90399391174319,10,-312.57012176513626,54.66657995331167,-367.23670171844793,2020-09-08
BANKNIFTY10SEP2022900CE,CE,2020-09-08 15:08:00,2020-09-08 15:18:00,209.773125,192.86663108825684,10,-338.1298782348631,54.497348183688324,-392.6272264185514,2020-09-08
BANKNIFTY10SEP2022900PE,PE,2020-09-08 09:49:00,2020-09-08 09:59:00,290.4242622375488,300.64649391174316,10,204.44463348388695,58.12091992364609,146.32371356024086,2020-09-08
BANKNIFTY10SEP2022900PE,PE,2020-09-08 10:27:00,2020-09-08 10:37:00,255.6375,246.43237804412843,10,-184.10243911743123,56.37006063559416,-240.47249975302537,2020-09-08
BANKNIFTY10SEP2022900PE,PE,2020-09-08 10:43:00,2020-09-08 10:53:00,237.99349388122556,239.25038108825686,10,25.137744140625955,55.97616654002111,-30.838422399395157,2020-09-08
BANKNIFTY10SEP2022900PE,PE,2020-09-08 11:16:00,2020-09-08 11:26:00,244.4596311187744,252.8163719558716,10,167.13481674194384,56.386472978073044,110.74834376387079,2020-09-08
BANKNIFTY10SEP2022900PE,PE,2020-09-08 11:30:00,2020-09-08 11:40:00,234.23411888122558,231.86887195587158,10,-47.30493850708001,55.749916693238625,-103.05485520031863,2020-09-08
BANKNIFTY10SEP2022500CE,CE,2020-09-10 12:31:00,2020-09-10 12:35:00,118.14462347030639,133.01663108825684,4,297.4401523590092,51.903224872084024,245.53692748692515,2020-09-10
BANKNIFTY10SEP2022500CE,CE,2020-09-10 12:59:00,2020-09-10 13:09:00,58.3455007648468,40.49849847793579,10,-356.94004573822014,48.909930440880075,-405.8499761791002,2020-09-10
BANKNIFTY10SEP2022500CE,CE,2020-09-10 13:24:00,2020-09-10 13:30:00,11.8796253824234,15.461250000000001,6,71.63249235153202,47.72366097440108,23.908831377130944,2020-09-10
BANKNIFTY10SEP2022500CE,CE,2020-09-10 13:55:00,2020-09-10 14:05:00,7.91975009560585,9.675749809741975,10,35.11999428272249,47.53374087536001,-12.413746592637523,2020-09-10
BANKNIFTY10SEP2022500CE,CE,2020-09-10 14:14:00,2020-09-10 14:24:00,5.363374904394149,6.284250190258026,10,18.417505717277542,47.41948801238999,-29.001982295112448,2020-09-10
BANKNIFTY10SEP2022500PE,PE,2020-09-10 09:28:00,2020-09-10 09:37:00,92.17987194061278,105.485625,9,266.1150611877443,50.9109960052914,215.2040651824529,2020-09-10
BANKNIFTY10SEP2022500PE,PE,2020-09-10 09:46:00,2020-09-10 09:56:00,114.6358734703064,128.2286280441284,10,271.8550914764404,51.74317209473986,220.11191938170055,2020-09-10
BANKNIFTY10SEP2022500PE,PE,2020-09-10 11:36:00,2020-09-10 11:46:00,33.0323757648468,27.9798742389679,10,-101.05003051757798,48.29095229259111,-149.3409828101691,2020-09-10
BANKNIFTY10SEP2022500PE,PE,2020-09-10 14:46:00,2020-09-10 14:55:00,133.83374999999998,109.5753734779358,9,-485.16753044128365,51.527964530827916,-536.6954949721115,2020-09-10
BANKNIFTY17SEP2022500CE,CE,2020-09-11 09:30:00,2020-09-11 09:40:00,365.91249999999997,341.3445121765137,10,-491.35975646972497,60.04867791137664,-551.4084343811016,2020-09-11
BANKNIFTY17SEP2022500CE,CE,2020-09-11 10:32:00,2020-09-11 10:42:00,295.2863627624512,317.20500000000004,10,438.3727447509773,58.58408719441559,379.7886575565617,2020-09-11
BANKNIFTY17SEP2022500CE,CE,2020-09-11 11:03:00,2020-09-11 11:13:00,319.09573776245117,309.225,10,-197.41475524902285,58.68578301766559,-256.10053826668843,2020-09-11
BANKNIFTY17SEP2022500CE,CE,2020-09-11 13:10:00,2020-09-11 13:20:00,278.0433811187744,273.065625,10,-99.5551223754876,57.296238785917204,-156.8513611614048,2020-09-11
BANKNIFTY17SEP2022500CE,CE,2020-09-11 15:02:00,2020-09-11 15:12:00,350.6744877624512,346.63125,10,-80.86475524902312,59.987959438665584,-140.85271468768872,2020-09-11
BANKNIFTY17SEP2022500PE,PE,2020-09-11 13:09:00,2020-09-11 13:12:00,438.9446311187744,488.0767378234863,3,982.6421340942386,64.52505585929055,918.117078234948,2020-09-11
BANKNIFTY17SEP2022500PE,PE,2020-09-11 14:20:00,2020-09-11 14:30:00,458.5434938812256,459.9971189117432,10,29.072500610352563,64.08554687214448,-35.013046261791914,2020-09-11
BANKNIFTY17SEP2022500PE,PE,2020-09-11 14:52:00,2020-09-11 15:02:00,385.9625,322.74111282348633,10,-1264.427743530273,59.84526944687335,-1324.2730129771462,2020-09-11
BANKNIFTY17SEP2022700CE,CE,2020-09-14 14:52:00,2020-09-14 15:02:00,164.0090061187744,170.42288108825684,10,128.2774993896487,53.38288027885553,74.89461911079317,2020-09-14
BANKNIFTY17SEP2022700CE,CE,2020-09-14 15:05:00,2020-09-14 15:15:00,172.12924694061277,151.27086891174318,10,-417.1675605773919,53.01791701935308,-470.185477596745,2020-09-14
BANKNIFTY17SEP2022700PE,PE,2020-09-14 09:20:00,2020-09-14 09:30:00,282.60474388122555,270.0232621765137,10,-251.62963409423696,57.27890611595945,-308.9085402101964,2020-09-14
BANKNIFTY17SEP2022700PE,PE,2020-09-14 09:39:00,2020-09-14 09:49:00,303.25624999999997,293.51437500000003,10,-194.83749999999873,58.10686059925,-252.94436059924874,2020-09-14
BANKNIFTY17SEP2022700PE,PE,2020-09-14 09:50:00,2020-09-14 10:00:00,296.03823776245116,323.23986282348636,10,544.032501220704,58.74021777803894,485.2922834426651,2020-09-14
BANKNIFTY17SEP2022700PE,PE,2020-09-14 10:01:00,2020-09-14 10:11:00,317.59198776245114,309.9232621765137,10,-153.37451171874932,58.684085279042236,-212.05859699779154,2020-09-14
BANKNIFTY17SEP2022700PE,PE,2020-09-14 11:04:00,2020-09-14 11:14:00,322.9553688812256,308.77611282348636,10,-283.5851211547845,58.72281497870615,-342.3079361334906,2020-09-14
BANKNIFTY17SEP2022700PE,PE,2020-09-14 11:16:00,2020-09-14 11:26:00,312.83011276245117,316.1576371765137,10,66.55048828125018,58.776568092542234,7.773920188707947,2020-09-14
BANKNIFTY17SEP2022700PE,PE,2020-09-14 11:27:00,2020-09-14 11:37:00,312.12838111877437,295.26,10,-337.3676223754876,58.259544291667204,-395.6271666671548,2020-09-14
BANKNIFTY17SEP2022700PE,PE,2020-09-14 11:40:00,2020-09-14 11:50:00,297.24125,308.52673782348637,10,225.70975646972784,58.397287353623355,167.31246911610447,2020-09-14
BANKNIFTY17SEP2022700PE,PE,2020-09-14 11:51:00,2020-09-14 12:01:00,306.6146311187744,308.476875,10,37.2448776245119,58.51252564791721,-21.267648023405307,2020-09-14
BANKNIFTY17SEP2022700PE,PE,2020-09-14 12:02:00,2020-09-14 12:12:00,302.3540061187744,314.461875,10,242.15737762451226,58.60517009316721,183.55220753134506,2020-09-14
BANKNIFTY17SEP2022700PE,PE,2020-09-14 12:50:00,2020-09-14 13:00:00,353.43136276245116,346.38187500000004,10,-140.98975524902244,60.0161440531656,-201.00589930218803,2020-09-14
BANKNIFTY17SEP2022700PE,PE,2020-09-14 13:05:00,2020-09-14 13:15:00,344.15823776245117,434.46111282348636,10,1806.057501220704,62.043342606538936,1744.014158614165,2020-09-14
BANKNIFTY17SEP2022700PE,PE,2020-09-14 14:05:00,2020-09-14 14:06:00,528.81875,571.5675,1,854.9749999999995,67.6724118655,787.3025881344995,2020-09-14
BANKNIFTY17SEP2022700PE,PE,2020-09-14 14:30:00,2020-09-14 14:36:00,653.63,684.2850000000001,6,613.1000000000017,71.964712294,541.1352877060017,2020-09-14
BANKNIFTY17SEP2022100CE,CE,2020-09-15 10:43:00,2020-09-15 10:53:00,336.4891188812256,343.14000000000004,10,133.01762237548928,59.7268063213328,73.29081605415648,2020-09-15
BANKNIFTY17SEP2022100PE,PE,2020-09-15 09:34:00,2020-09-15 09:44:00,231.1765061187744,229.425,10,-35.030122375487736,55.652486371417204,-90.68260874690495,2020-09-15
BANKNIFTY17SEP2022100PE,PE,2020-09-15 10:13:00,2020-09-15 10:20:00,237.54237194061278,251.61937500000002,7,281.54006118774475,56.2714204417914,225.26864074595335,2020-09-15
BANKNIFTY17SEP2022100PE,PE,2020-09-15 10:33:00,2020-09-15 10:40:00,246.2140061187744,258.05326217651367,7,236.78512115478554,56.535648654293865,180.24947250049166,2020-09-15
BANKNIFTY17SEP2022100PE,PE,2020-09-15 10:49:00,2020-09-15 10:59:00,263.20636276245114,247.92862804412843,10,-305.5546943664541,56.500487345509754,-362.0551817119639,2020-09-15
BANKNIFTY17SEP2022100PE,PE,2020-09-15 11:19:00,2020-09-15 11:24:00,238.54487194061278,246.88125000000002,5,166.72756118774487,56.1686268435414,110.55893434420346,2020-09-15
BANKNIFTY17SEP2022100PE,PE,2020-09-15 11:31:00,2020-09-15 11:41:00,229.32187499999998,200.4476219558716,10,-577.4850608825676,54.92461102365584,-632.4096719062235,2020-09-15
BANKNIFTY17SEP2022100PE,PE,2020-09-15 11:50:00,2020-09-15 12:00:00,185.46249999999998,211.32038108825685,10,517.1576217651375,54.644184336438315,462.51343742869915,2020-09-15
BANKNIFTY17SEP2022100PE,PE,2020-09-15 13:36:00,2020-09-15 13:42:00,217.09137805938718,245.03586891174317,6,558.8898170471197,55.857210905520276,503.0326061415994,2020-09-15
BANKNIFTY17SEP2022100PE,PE,2020-09-15 14:03:00,2020-09-15 14:13:00,187.7682530593872,200.89649391174316,10,262.56481704711916,54.41928362802028,208.14553341909888,2020-09-15
BANKNIFTY17SEP2022100PE,PE,2020-09-15 14:28:00,2020-09-15 14:38:00,192.98125,116.00925304412843,10,-1539.439939117431,52.419284524844166,-1591.8592236422753,2020-09-15
BANKNIFTY17SEP2022100PE,PE,2020-09-15 14:40:00,2020-09-15 14:44:00,115.88899847030639,132.418125,4,330.58253059387226,51.86064406664569,278.72188652722656,2020-09-15
BANKNIFTY17SEP2022100PE,PE,2020-09-15 14:47:00,2020-09-15 14:57:00,109.72362194061279,110.27362804412843,10,11.000122070312841,51.245414008635564,-40.24529193832272,2020-09-15
BANKNIFTY17SEP2022100PE,PE,2020-09-15 14:58:00,2020-09-15 15:06:00,112.3301280593872,117.25612804412843,8,98.51999969482449,51.44763573505276,47.07236395977173,2020-09-15
BANKNIFTY17SEP2022100PE,PE,2020-09-15 15:09:00,2020-09-15 15:15:00,110.1747515296936,118.55287347793579,6,167.56243896484392,51.452399716432225,116.1100392484117,2020-09-15
BANKNIFTY17SEP2022100PE,PE,2020-09-15 15:22:00,2020-09-15 15:24:00,94.3853765296936,95.6103734779358,2,24.499938964843864,50.69819464418222,-26.19825567933836,2020-09-15
BANKNIFTY17SEP2022500CE,CE,2020-09-16 10:30:00,2020-09-16 10:35:00,185.211875,188.27812500000002,5,61.3250000000005,54.08060005150001,7.244399948500494,2020-09-16
BANKNIFTY17SEP2022500CE,CE,2020-09-16 11:31:00,2020-09-16 11:41:00,145.8136219406128,148.17862804412843,10,47.300122070312796,52.615767790635566,-5.31564572032277,2020-09-16
BANKNIFTY17SEP2022500CE,CE,2020-09-16 11:45:00,2020-09-16 11:55:00,137.3425,127.63012195587159,10,-194.24756088256828,52.01071231740584,-246.25827319997413,2020-09-16
BANKNIFTY17SEP2022500CE,CE,2020-09-16 12:29:00,2020-09-16 12:33:00,126.26487194061279,133.3657469558716,4,142.01750030517616,52.01259934569724,90.00490095947892,2020-09-16
BANKNIFTY17SEP2022500CE,CE,2020-09-16 13:31:00,2020-09-16 13:35:00,146.4151280593872,164.88675304412843,4,369.4324996948245,53.02964241130276,316.40285728352177,2020-09-16
BANKNIFTY17SEP2022500CE,CE,2020-09-16 14:38:00,2020-09-16 14:43:00,256.4896311187744,272.9658689117432,5,329.5247558593758,57.026037190228884,272.4987186691469,2020-09-16
BANKNIFTY17SEP2022500CE,CE,2020-09-16 14:56:00,2020-09-16 15:06:00,238.2942469406128,258.8013871765137,10,410.1428047180178,56.455453827418054,353.68735089059976,2020-09-16
BANKNIFTY17SEP2022500PE,PE,2020-09-16 10:47:00,2020-09-16 10:57:00,228.31937499999998,231.42000000000002,10,62.01250000000073,55.66551609925,6.346983900750729,2020-09-16
BANKNIFTY17SEP2022500PE,PE,2020-09-16 10:59:00,2020-09-16 11:09:00,239.5975,233.41500000000002,10,-123.64999999999952,55.85415659499999,-179.50415659499953,2020-09-16
BANKNIFTY17SEP2022500PE,PE,2020-09-16 12:46:00,2020-09-16 12:56:00,236.1388780593872,205.03612804412842,10,-622.0550003051756,55.120911729552766,-677.1759120347283,2020-09-16
BANKNIFTY17SEP2022500PE,PE,2020-09-16 13:15:00,2020-09-16 13:20:00,216.48987194061277,240.0982469558716,5,472.1675003051763,55.72963729269724,416.43786301247906,2020-09-16
BANKNIFTY17SEP2022500PE,PE,2020-09-16 13:25:00,2020-09-16 13:35:00,230.27424694061278,222.8913719558716,10,-147.65749969482385,55.48235570919724,-203.1398554040211,2020-09-16
BANKNIFTY17SEP2022500PE,PE,2020-09-16 13:36:00,2020-09-16 13:46:00,229.2717469406128,164.5875,10,-1293.6849388122555,54.05174099029139,-1347.7366798025469,2020-09-16
BANKNIFTY17SEP2022500PE,PE,2020-09-16 14:26:00,2020-09-16 14:36:00,91.3778765296936,117.5553734779358,10,523.5499389648442,51.19461206918222,472.35532689566196,2020-09-16
BANKNIFTY17SEP2022500PE,PE,2020-09-16 14:44:00,2020-09-16 14:48:00,96.1397515296936,105.3359984779358,4,183.9249389648441,50.956552509682226,132.96838645516186,2020-09-16
BANKNIFTY17SEP2022500PE,PE,2020-09-16 14:55:00,2020-09-16 15:05:00,95.8389984703064,97.3559984779358,10,30.340000152588118,50.75871374597362,-20.418713593385505,2020-09-16
BANKNIFTY17SEP2022400CE,CE,2020-09-17 10:47:00,2020-09-17 10:52:00,130.3751280593872,131.27100608825685,5,17.91756057739292,52.01271188464692,-34.095151307254,2020-09-17
BANKNIFTY17SEP2022400PE,PE,2020-09-17 10:08:00,2020-09-17 10:18:00,108.4203765296936,92.46824695587159,10,-319.0425914764401,50.79613204151014,-369.83872351795026,2020-09-17
BANKNIFTY17SEP2022400PE,PE,2020-09-17 10:54:00,2020-09-17 11:04:00,63.1575,56.8575,10,-125.99999999999994,49.367622604,-175.36762260399993,2020-09-17
BANKNIFTY17SEP2022400PE,PE,2020-09-17 13:13:00,2020-09-17 13:17:00,106.0645030593872,102.19387195587159,4,-77.41262207031241,51.00342582411444,-128.41604789442684,2020-09-17
BANKNIFTY17SEP2022400PE,PE,2020-09-17 13:23:00,2020-09-17 13:33:00,94.2851280593872,76.059375,10,-364.51506118774404,50.22139853070859,-414.73645971845264,2020-09-17
BANKNIFTY17SEP2022400PE,PE,2020-09-17 13:41:00,2020-09-17 13:42:00,110.92662652969359,114.5628734779358,1,72.72493896484406,51.36468954668222,21.360249418161835,2020-09-17
BANKNIFTY17SEP2022400PE,PE,2020-09-17 14:50:00,2020-09-17 15:00:00,57.994623470306394,120.99675304412843,10,1260.0425914764405,50.86357862648986,1209.1790128499506,2020-09-17
BANKNIFTY17SEP2022400PE,PE,2020-09-17 15:01:00,2020-09-17 15:11:00,85.06212347030639,96.80737804412843,10,234.90509147644076,50.611481737739865,184.2936097387009,2020-09-17
BANKNIFTY24SEP2022500CE,CE,2020-09-18 10:48:00,2020-09-18 10:51:00,310.3740061187744,318.50173782348634,3,162.55463409423896,58.80307137254056,103.7515627216984,2020-09-18
BANKNIFTY24SEP2022500CE,CE,2020-09-18 11:14:00,2020-09-18 11:22:00,293.23125,304.4370121765137,8,224.11524353027403,58.247991866876646,165.86725166339738,2020-09-18
BANKNIFTY24SEP2022500CE,CE,2020-09-18 13:12:00,2020-09-18 13:22:00,308.77,295.9582621765137,10,-256.23475646972565,58.23480535787665,-314.4695618276023,2020-09-18
BANKNIFTY24SEP2022500CE,CE,2020-09-18 13:27:00,2020-09-18 13:37:00,294.98562499999997,294.7113871765137,10,-5.484756469725198,58.03322530787664,-63.51798177760184,2020-09-18
BANKNIFTY24SEP2022500CE,CE,2020-09-18 14:24:00,2020-09-18 14:27:00,196.740625,199.00125,3,45.21250000000009,54.484653633250005,-9.272153633249914,2020-09-18
BANKNIFTY24SEP2022500CE,CE,2020-09-18 14:30:00,2020-09-18 14:40:00,187.1667469406128,171.66975608825683,10,-309.9398170471193,53.70091127647972,-363.640728323599,2020-09-18
BANKNIFTY24SEP2022500CE,CE,2020-09-18 14:42:00,2020-09-18 14:52:00,174.2846311187744,184.4876219558716,10,204.0598167419438,53.852645664573046,150.20717107737073,2020-09-18
BANKNIFTY24SEP2022500CE,CE,2020-09-18 14:53:00,2020-09-18 15:03:00,184.25950305938719,191.56987804412842,10,146.2074996948246,54.14883544780277,92.05866424702184,2020-09-18
BANKNIFTY24SEP2022500CE,CE,2020-09-18 15:04:00,2020-09-18 15:14:00,188.8208811187744,200.4476219558716,10,232.53481674194404,54.421442876073044,178.11337386587098,2020-09-18
BANKNIFTY24SEP2022500PE,PE,2020-09-18 09:33:00,2020-09-18 09:43:00,408.71926223754883,375.06,10,-673.1852447509766,61.400574042334405,-734.585818793311,2020-09-18
BANKNIFTY24SEP2022500PE,PE,2020-09-18 09:45:00,2020-09-18 09:55:00,367.7671311187744,381.54375000000005,10,275.5323776245132,61.049509287667206,214.48286833684597,2020-09-18
BANKNIFTY24SEP2022500PE,PE,2020-09-18 10:02:00,2020-09-18 10:12:00,364.65937499999995,379.34923782348636,10,293.79725646972815,60.957521332373354,232.8397351373548,2020-09-18
BANKNIFTY24SEP2022500PE,PE,2020-09-18 10:31:00,2020-09-18 10:37:00,391.0752561187744,407.9775,6,338.0448776245123,61.98204407091721,276.0628335535951,2020-09-18
BANKNIFTY24SEP2022500PE,PE,2020-09-18 11:22:00,2020-09-18 11:32:00,424.0073872375488,412.91513717651367,10,-221.8450012207029,62.511280806711056,-284.35628202741395,2020-09-18
BANKNIFTY24SEP2022500PE,PE,2020-09-18 11:42:00,2020-09-18 11:52:00,403.005,412.71562500000005,10,194.212500000001,62.24550269425001,131.966997305751,2020-09-18
BANKNIFTY24SEP2022500PE,PE,2020-09-18 12:19:00,2020-09-18 12:26:00,408.0676127624512,416.9051371765137,7,176.75048828125,62.41030258854224,114.34018569270776,2020-09-18
BANKNIFTY24SEP2022500PE,PE,2020-09-18 12:52:00,2020-09-18 13:02:00,413.9823872375488,426.18187500000005,10,243.9897552490254,62.70942904083441,181.28032620819098,2020-09-18
BANKNIFTY24SEP2022500PE,PE,2020-09-18 13:04:00,2020-09-18 13:14:00,434.7341188812256,401.24437500000005,10,-669.7948776245107,62.360670479082785,-732.1555481035934,2020-09-18
BANKNIFTY24SEP2022500PE,PE,2020-09-18 13:29:00,2020-09-18 13:39:00,410.8746311187744,418.20187500000003,10,146.54487762451254,62.476717193917196,84.06816043059534,2020-09-18
BANKNIFTY24SEP2022500PE,PE,2020-09-18 14:20:00,2020-09-18 14:22:00,514.031875,741.9903506469727,2,4559.169512939454,71.63400289524671,4487.5355100442075,2020-09-18
BANKNIFTY24SEP2022500PE,PE,2020-09-18 14:46:00,2020-09-18 14:52:00,700.4467622375488,689.2226371765137,6,-224.4825012207025,72.66644613296106,-297.1489473536635,2020-09-18
BANKNIFTY24SEP2022500PE,PE,2020-09-18 15:07:00,2020-09-18 15:13:00,626.5625,592.8641006469727,6,-673.967987060546,69.4047511134967,-743.3727381740426,2020-09-18
BANKNIFTY24SEP2022100CE,CE,2020-09-21 09:16:00,2020-09-21 09:20:00,285.01073776245113,261.5445121765137,4,-469.32451171874845,57.102563498042244,-526.4270752167907,2020-09-21
BANKNIFTY24SEP2022100CE,CE,2020-09-21 09:42:00,2020-09-21 09:52:00,247.61749999999998,253.96350608825685,10,126.92012176513742,56.45360750968832,70.46651425544911,2020-09-21
BANKNIFTY24SEP2022100CE,CE,2020-09-21 10:09:00,2020-09-21 10:16:00,242.45463111877442,238.10324695587158,7,-87.02768325805664,56.00368749282304,-143.0313707508797,2020-09-21
BANKNIFTY24SEP2022100CE,CE,2020-09-21 12:31:00,2020-09-21 12:41:00,270.07349388122555,243.0408689117432,10,-540.6524993896471,56.46691393764448,-597.1194133272916,2020-09-21
BANKNIFTY24SEP2022100CE,CE,2020-09-21 12:44:00,2020-09-21 12:46:00,245.31174694061278,253.21538108825686,2,158.07268295288168,56.40676466272972,101.66591829015195,2020-09-21
BANKNIFTY24SEP2022100CE,CE,2020-09-21 13:03:00,2020-09-21 13:10:00,215.6377561187744,235.41000000000003,7,395.4448776245124,55.6050159029172,339.8398617215952,2020-09-21
BANKNIFTY24SEP2022100CE,CE,2020-09-21 13:21:00,2020-09-21 13:26:00,210.775625,226.78163108825686,5,320.12012176513736,55.334737736688325,264.785384028449,2020-09-21
BANKNIFTY24SEP2022100CE,CE,2020-09-21 13:38:00,2020-09-21 13:48:00,205.91349388122558,170.62237804412842,10,-705.822316741943,53.908337357176954,-759.73065409912,2020-09-21
BANKNIFTY24SEP2022100CE,CE,2020-09-21 14:06:00,2020-09-21 14:16:00,153.5829969406128,108.3284984779358,10,-905.0899692535398,51.742992786369314,-956.8329620399091,2020-09-21
BANKNIFTY24SEP2022100CE,CE,2020-09-21 14:45:00,2020-09-21 14:55:00,117.19225152969359,111.72,10,-109.44503059387188,51.373382248104306,-160.81841284197617,2020-09-21
BANKNIFTY24SEP2022100CE,CE,2020-09-21 14:56:00,2020-09-21 15:06:00,108.47049694061279,99.60037347793579,10,-177.40246925354,50.97023371011931,-228.37270296365932,2020-09-21
BANKNIFTY24SEP2022100PE,PE,2020-09-21 09:26:00,2020-09-21 09:36:00,372.17812499999997,369.87298782348637,10,-46.10274353027194,60.82043476037335,-106.9231782906453,2020-09-21
BANKNIFTY24SEP2022100PE,PE,2020-09-21 12:24:00,2020-09-21 12:30:00,355.5366188812256,366.7308689117432,6,223.88500061035188,60.537259701394476,163.3477409089574,2020-09-21
BANKNIFTY24SEP2022100PE,PE,2020-09-21 13:26:00,2020-09-21 13:36:00,442.7040061187744,450.5208689117432,10,156.33725585937668,63.65826689747889,92.6789889618978,2020-09-21
BANKNIFTY24SEP2021300CE,CE,2020-09-22 09:16:00,2020-09-22 09:18:00,305.86275611877437,345.23475608825686,2,787.4399993896498,59.39726865010553,728.0427307395443,2020-09-22
BANKNIFTY24SEP2021300CE,CE,2020-09-22 10:31:00,2020-09-22 10:39:00,383.8071311187744,360.59625,8,-464.2176223754882,60.7392652206672,-524.9568875961554,2020-09-22
BANKNIFTY24SEP2021300CE,CE,2020-09-22 10:51:00,2020-09-22 10:52:00,323.05562499999996,331.76850608825686,1,174.25762176513786,59.28331829743831,114.97430346769954,2020-09-22
BANKNIFTY24SEP2021300CE,CE,2020-09-22 11:13:00,2020-09-22 11:18:00,299.24625,312.9157621765137,5,273.3902435302741,58.528953544376634,214.86128998589749,2020-09-22
BANKNIFTY24SEP2021300CE,CE,2020-09-22 11:50:00,2020-09-22 11:56:00,299.19613723754884,321.6438871765137,6,448.9549987792975,58.74063038471106,390.2143683945865,2020-09-22
BANKNIFTY24SEP2021300CE,CE,2020-09-22 12:18:00,2020-09-22 12:28:00,301.9530122375488,276.95586891174315,10,-499.9428665161133,57.68790721589609,-557.6307737320094,2020-09-22
BANKNIFTY24SEP2021300CE,CE,2020-09-22 12:41:00,2020-09-22 12:50:00,304.05823776245114,298.85100608825684,9,-104.14463348388608,58.24663025435391,-162.39126373823999,2020-09-22
BANKNIFTY24SEP2021300CE,CE,2020-09-22 13:03:00,2020-09-22 13:10:00,311.32636276245114,306.3322560882568,7,-99.88213348388626,58.51889746460391,-158.4010309484902,2020-09-22
BANKNIFTY24SEP2021300CE,CE,2020-09-22 13:15:00,2020-09-22 13:19:00,275.2865061187744,297.0554878234863,4,435.3796340942381,57.84550830104055,377.5341257931975,2020-09-22
BANKNIFTY24SEP2021300CE,CE,2020-09-22 13:40:00,2020-09-22 13:45:00,314.9855122375488,330.3221189117432,5,306.732133483888,59.14787710139609,247.5842563824919,2020-09-22
BANKNIFTY24SEP2021300CE,CE,2020-09-22 13:50:00,2020-09-22 13:58:00,309.4216188812256,227.82899391174317,8,-1631.8524993896483,56.585751740644476,-1688.4382511302929,2020-09-22
BANKNIFTY24SEP2021300CE,CE,2020-09-22 14:06:00,2020-09-22 14:07:00,200.75062499999999,211.32038108825685,1,211.39512176513733,54.83411788618831,156.561003878949,2020-09-22
BANKNIFTY24SEP2021300CE,CE,2020-09-22 14:28:00,2020-09-22 14:33:00,162.6054969406128,174.06375,5,229.16506118774407,53.4540026812914,175.71105850645267,2020-09-22
BANKNIFTY24SEP2021300CE,CE,2020-09-22 14:37:00,2020-09-22 14:44:00,141.9540061187744,150.47288108825686,7,170.37749938964907,52.62362196085554,117.75387742879354,2020-09-22
BANKNIFTY24SEP2021300PE,PE,2020-09-22 09:20:00,2020-09-22 09:23:00,259.7477561187744,295.30986282348636,3,711.2421340942387,57.610001202290555,653.6321328919482,2020-09-22
BANKNIFTY24SEP2021300PE,PE,2020-09-22 10:06:00,2020-09-22 10:10:00,253.2315061187744,291.17024391174317,4,758.7747558593753,57.42835548422888,701.3464003751465,2020-09-22
BANKNIFTY24SEP2021300PE,PE,2020-09-22 10:26:00,2020-09-22 10:30:00,249.57237194061278,256.5071189117432,4,138.69493942260817,56.53976387760307,82.15517554500511,2020-09-22
BANKNIFTY24SEP2021300PE,PE,2020-09-22 11:34:00,2020-09-22 11:44:00,293.5821311187744,287.13038108825685,10,-129.0350006103506,57.83139150160554,-186.86639211195615,2020-09-22
BANKNIFTY24SEP2021300PE,PE,2020-09-22 11:45:00,2020-09-22 11:55:00,281.40176223754884,300.1477439117432,10,374.9196334838871,57.996696597146084,316.922936886741,2020-09-22
BANKNIFTY24SEP2021300PE,PE,2020-09-22 11:57:00,2020-09-22 12:07:00,292.72999999999996,295.45951217651367,10,54.590243530274165,58.02339941837665,-3.4331558881024833,2020-09-22
BANKNIFTY24SEP2021300PE,PE,2020-09-22 12:28:00,2020-09-22 12:38:00,318.29375,295.7088871765137,10,-451.6972564697255,58.347058920626644,-510.04431539035215,2020-09-22
BANKNIFTY24SEP2021300PE,PE,2020-09-22 12:50:00,2020-09-22 13:00:00,296.6898872375488,243.88875000000002,10,-1056.022744750976,56.81820888258441,-1112.8409536335605,2020-09-22
BANKNIFTY24SEP2021300PE,PE,2020-09-22 13:01:00,2020-09-22 13:04:00,254.9357530593872,282.14288108825684,3,544.1425605773929,57.229950404146926,486.91261017324604,2020-09-22
BANKNIFTY24SEP2021300PE,PE,2020-09-22 13:10:00,2020-09-22 13:15:00,282.1034938812256,304.4370121765137,5,446.6703659057623,58.10974507595945,388.5606208298029,2020-09-22
BANKNIFTY24SEP2021300PE,PE,2020-09-22 13:20:00,2020-09-22 13:30:00,287.7175,268.62673782348634,10,-381.8152435302727,57.30845645312335,-439.1236999833961,2020-09-22
BANKNIFTY24SEP2021300PE,PE,2020-09-22 13:32:00,2020-09-22 13:41:00,241.15137805938718,260.24774391174316,9,381.92731704711946,56.52613028427028,325.4011867628492,2020-09-22
BANKNIFTY24SEP2021300PE,PE,2020-09-22 13:45:00,2020-09-22 13:54:00,236.18900611877442,265.7339939117432,9,590.8997558593757,56.59792511072889,534.3018307486468,2020-09-22
BANKNIFTY24SEP2021300PE,PE,2020-09-22 14:15:00,2020-09-22 14:25:00,333.63198776245116,334.71111282348636,10,21.58250122070399,59.486289587038954,-37.903788366334965,2020-09-22
BANKNIFTY24SEP2021300PE,PE,2020-09-22 15:10:00,2020-09-22 15:11:00,309.9730122375488,306.93076217651367,1,-60.84500122070267,58.51664180171106,-119.36164302241373,2020-09-22
BANKNIFTY24SEP2021300CE,CE,2020-09-23 13:18:00,2020-09-23 13:28:00,105.56325305938721,101.8447484779358,10,-74.37009162902825,50.98870655478652,-125.35879818381477,2020-09-23
BANKNIFTY24SEP2021300CE,CE,2020-09-23 14:38:00,2020-09-23 14:45:00,82.3052484703064,92.06925304412842,7,195.28009147644042,50.461983168239854,144.81810830820058,2020-09-23
BANKNIFTY24SEP2021300CE,CE,2020-09-23 15:01:00,2020-09-23 15:06:00,90.225,107.73,5,350.1000000000002,50.94130073800001,299.1586992620002,2020-09-23
BANKNIFTY24SEP2021300PE,PE,2020-09-23 09:37:00,2020-09-23 09:47:00,238.24411888122557,251.46975608825684,10,264.5127441406254,56.27649939452112,208.23624474610426,2020-09-23
BANKNIFTY24SEP2021300PE,PE,2020-09-23 09:49:00,2020-09-23 09:59:00,274.5346311187744,264.33750000000003,10,-203.94262237548787,57.04034805816721,-260.98297043365505,2020-09-23
BANKNIFTY24SEP2021300PE,PE,2020-09-23 10:26:00,2020-09-23 10:36:00,222.5048719406128,211.76925304412842,10,-214.71237792968736,55.11530213038556,-269.8276800600729,2020-09-23
BANKNIFTY24SEP2021300PE,PE,2020-09-23 10:50:00,2020-09-23 11:00:00,221.55249999999998,215.4101219558716,10,-122.84756088256756,55.19202928140584,-178.0395901639734,2020-09-23
BANKNIFTY24SEP2021300PE,PE,2020-09-23 11:15:00,2020-09-23 11:25:00,215.2367469406128,204.53737804412842,10,-213.98737792968745,54.84910061788556,-268.836478547573,2020-09-23
BANKNIFTY24SEP2021300PE,PE,2020-09-23 11:36:00,2020-09-23 11:46:00,201.5526280593872,210.9213719558716,10,187.37487792968807,54.83437631286443,132.54050161682363,2020-09-23
BANKNIFTY24SEP2021300PE,PE,2020-09-23 11:52:00,2020-09-23 12:01:00,220.8507530593872,272.068125,9,1024.3474388122563,56.5614376609586,967.7860011512977,2020-09-23
BANKNIFTY24SEP2021300PE,PE,2020-09-23 13:56:00,2020-09-23 14:06:00,441.15011276245116,472.2663871765137,10,622.3254882812512,64.16789123604224,558.157597045209,2020-09-23
BANKNIFTY24SEP2021300PE,PE,2020-09-23 14:15:00,2020-09-23 14:22:00,407.7167622375488,420.94500000000005,7,264.56475524902544,62.504207769334414,202.06054747969102,2020-09-23
BANKNIFTY24SEP2021300PE,PE,2020-09-23 14:29:00,2020-09-23 14:38:00,284.86036888122555,281.544375,9,-66.31987762451104,57.58716403858279,-123.90704166309382,2020-09-23
BANKNIFTY24SEP2021300PE,PE,2020-09-23 14:45:00,2020-09-23 14:55:00,252.6801280593872,195.60975608825686,10,-1141.4074394226066,55.09713030214692,-1196.5045697247535,2020-09-23
BANKNIFTY24SEP2020900CE,CE,2020-09-24 10:30:00,2020-09-24 10:34:00,59.5485015296936,61.04700076103211,4,29.969984626770128,49.424689591315335,-19.454704964545208,2020-09-24
BANKNIFTY24SEP2020900CE,CE,2020-09-24 11:05:00,2020-09-24 11:15:00,55.388124999999995,52.568250761032104,10,-56.397484779357825,49.166769013961044,-105.56425379331887,2020-09-24
BANKNIFTY24SEP2020900CE,CE,2020-09-24 11:16:00,2020-09-24 11:26:00,55.839250764846796,58.702873477935796,10,57.27245426178001,49.32158972913007,7.950864532649945,2020-09-24
BANKNIFTY24SEP2020900CE,CE,2020-09-24 12:19:00,2020-09-24 12:29:00,29.1727503824234,26.533500380516053,10,-52.78500003814692,48.207820831506595,-100.99282086965351,2020-09-24
BANKNIFTY24SEP2020900PE,PE,2020-09-24 09:41:00,2020-09-24 09:51:00,111.37774847030639,102.99187500000001,10,-167.71746940612758,51.0888457666457,-218.80631517277328,2020-09-24
BANKNIFTY24SEP2020900PE,PE,2020-09-24 11:37:00,2020-09-24 11:47:00,138.6958811187744,143.24100608825685,10,90.90249938964917,52.40723908435553,38.495260305293634,2020-09-24
BANKNIFTY24SEP2020900PE,PE,2020-09-24 12:48:00,2020-09-24 12:51:00,180.45,168.42788108825684,3,-240.44237823486299,53.538611028438325,-293.9809892633013,2020-09-24
BANKNIFTY24SEP2020900PE,PE,2020-09-24 13:02:00,2020-09-24 13:12:00,134.83625,116.45812500000001,10,-367.56249999999994,51.70783248474999,-419.27033248474993,2020-09-24
BANKNIFTY24SEP2020900PE,PE,2020-09-24 13:39:00,2020-09-24 13:49:00,184.96124999999998,183.14100608825686,10,-36.404878234862394,53.95253316118833,-90.35741139605072,2020-09-24
BANKNIFTY24SEP2020900PE,PE,2020-09-24 14:04:00,2020-09-24 14:14:00,259.4971311187744,233.31524391174318,10,-523.6377441406245,56.09895522497888,-579.7366993656034,2020-09-24
BANKNIFTY24SEP2020900PE,PE,2020-09-24 14:15:00,2020-09-24 14:22:00,209.92349388122557,173.0163719558716,7,-738.1424385070795,54.01638654348863,-792.1588250505681,2020-09-24
BANKNIFTY24SEP2020900PE,PE,2020-09-24 14:54:00,2020-09-24 15:04:00,292.93051223754884,380.0475,10,1742.3397552490235,60.083374882834406,1682.256380366189,2020-09-24
BANKNIFTY24SEP2020900PE,PE,2020-09-24 15:06:00,2020-09-24 15:16:00,392.228125,445.88250000000005,10,1073.0875000000015,62.91835291075,1010.1691470892515,2020-09-24
BANKNIFTY24SEP2020900PE,PE,2020-09-24 15:17:00,2020-09-24 15:24:00,455.0848872375488,443.4386128234863,7,-232.9254882812495,63.639816047957765,-296.56530432920727,2020-09-24
BANKNIFTY01OCT2020600CE,CE,2020-09-25 10:01:00,2020-09-25 10:11:00,354.18323776245114,334.06274391174315,10,-402.40987701415975,59.72583943047725,-462.135716444637,2020-09-25
BANKNIFTY01OCT2020600CE,CE,2020-09-25 10:18:00,2020-09-25 10:28:00,316.4892622375488,325.78350608825684,10,185.88487701416057,59.05616368702273,126.82871332713783,2020-09-25
BANKNIFTY01OCT2020600CE,CE,2020-09-25 10:41:00,2020-09-25 10:51:00,331.97786888122556,331.3695121765137,10,-12.167134094237326,59.38445971820944,-71.55159381244677,2020-09-25
BANKNIFTY01OCT2020600CE,CE,2020-09-25 12:32:00,2020-09-25 12:37:00,508.16724388122555,495.05923782348634,5,-262.16012115478406,65.55488944820615,-327.7150106029902,2020-09-25
BANKNIFTY01OCT2020600PE,PE,2020-09-25 09:20:00,2020-09-25 09:30:00,392.4286372375488,445.5832621765137,10,1063.092498779298,62.91356545346106,1000.178933325837,2020-09-25
BANKNIFTY01OCT2020600PE,PE,2020-09-25 09:54:00,2020-09-25 10:01:00,417.1402561187744,434.3114939117432,7,343.42475585937564,62.94640273922889,280.4783531201467,2020-09-25
BANKNIFTY01OCT2020600PE,PE,2020-09-25 10:24:00,2020-09-25 10:34:00,461.15,420.4961128234863,10,-813.077743530273,63.15712238987335,-876.2348659201464,2020-09-25
BANKNIFTY01OCT2020600PE,PE,2020-09-25 10:35:00,2020-09-25 10:45:00,417.2405122375488,450.0720121765137,10,656.6299987792979,63.33100082321106,593.2989979560869,2020-09-25
BANKNIFTY01OCT2020600PE,PE,2020-09-25 11:01:00,2020-09-25 11:11:00,440.64886276245113,415.25923782348633,10,-507.792498779296,62.77504480853894,-570.567543587835,2020-09-25
BANKNIFTY01OCT2020600PE,PE,2020-09-25 11:12:00,2020-09-25 11:22:00,406.51374999999996,427.27913108825686,10,415.30762176513804,62.64333089743832,352.6642908676997,2020-09-25
BANKNIFTY01OCT2020600PE,PE,2020-09-25 11:24:00,2020-09-25 11:34:00,411.57636276245114,401.39399391174317,10,-203.64737701415947,62.07660705072726,-265.72398406488674,2020-09-25
BANKNIFTY01OCT2020600PE,PE,2020-09-25 11:35:00,2020-09-25 11:45:00,414.9347438812256,426.78038108825683,10,236.9127441406249,62.73581856152113,174.1769255791038,2020-09-25
BANKNIFTY01OCT2020600PE,PE,2020-09-25 11:50:00,2020-09-25 12:00:00,423.9071311187744,396.9551371765137,10,-539.0398788452137,62.12183060879385,-601.1617094540076,2020-09-25
BANKNIFTY01OCT2020600PE,PE,2020-09-25 12:01:00,2020-09-25 12:11:00,396.78948776245113,382.291875,10,-289.9522552490225,61.42826853091559,-351.38052377993813,2020-09-25
BANKNIFTY01OCT2020600PE,PE,2020-09-25 12:12:00,2020-09-25 12:22:00,390.4236372375488,314.16263717651367,10,-1525.2200012207027,59.69203342121106,-1584.9120346419138,2020-09-25
BANKNIFTY01OCT2020600PE,PE,2020-09-25 12:23:00,2020-09-25 12:33:00,320.79999999999995,324.1875,10,67.75000000000091,59.07089795500001,8.679102045000903,2020-09-25
BANKNIFTY01OCT2020600PE,PE,2020-09-25 12:39:00,2020-09-25 12:49:00,313.3815061187744,296.4570121765137,10,-338.4898788452142,58.304228260793856,-396.7941071060081,2020-09-25
BANKNIFTY01OCT2020600PE,PE,2020-09-25 12:50:00,2020-09-25 13:00:00,296.13849388122554,300.59663108825686,10,89.16274414062627,58.190698408521115,30.97204573210516,2020-09-25
BANKNIFTY01OCT2020600PE,PE,2020-09-25 13:01:00,2020-09-25 13:11:00,298.04323776245116,305.88336891174316,10,156.80262298584012,58.34295468072727,98.45966830511284,2020-09-25
BANKNIFTY01OCT2020600PE,PE,2020-09-25 13:12:00,2020-09-25 13:22:00,310.775,316.35711891174316,10,111.6423782348636,58.755888307561676,52.88648992730192,2020-09-25
BANKNIFTY01OCT2020600PE,PE,2020-09-25 13:23:00,2020-09-25 13:33:00,319.6972438812256,308.2275,10,-229.39487762451108,58.668993098082794,-288.0638707225939,2020-09-25
BANKNIFTY01OCT2020600PE,PE,2020-09-25 13:41:00,2020-09-25 13:51:00,342.604375,325.43437500000005,10,-343.3999999999992,59.372115277,-402.77211527699916,2020-09-25
BANKNIFTY01OCT2020600PE,PE,2020-09-25 13:53:00,2020-09-25 14:03:00,328.7698872375488,315.30975608825685,10,-269.20262298583907,58.953973954272726,-328.1565969401118,2020-09-25
BANKNIFTY01OCT2020600PE,PE,2020-09-25 14:04:00,2020-09-25 14:14:00,318.7448872375488,261.7938871765137,10,-1139.0200012207026,57.52772877521106,-1196.5477299959136,2020-09-25
BANKNIFTY01OCT2020600PE,PE,2020-09-25 14:15:00,2020-09-25 14:25:00,252.4796311187744,254.5619969558716,10,41.647316741943996,56.52857013432304,-14.881253392379044,2020-09-25
BANKNIFTY01OCT2020600PE,PE,2020-09-25 14:26:00,2020-09-25 14:36:00,243.05612194061277,235.6094969558716,10,-148.93249969482326,55.950503196697234,-204.8830028915205,2020-09-25
BANKNIFTY01OCT2020600PE,PE,2020-09-25 14:38:00,2020-09-25 14:48:00,236.1388780593872,198.751875,10,-747.7400611877437,54.9680560722086,-802.7081172599522,2020-09-25
BANKNIFTY01OCT2020600PE,PE,2020-09-25 15:07:00,2020-09-25 15:12:00,195.98874999999998,208.12836891174317,5,242.7923782348637,54.69731702856167,188.09506120630203,2020-09-25
BANKNIFTY01OCT2021100CE,CE,2020-09-28 14:10:00,2020-09-28 14:20:00,623.2041494750977,657.9509756469727,10,694.9365234375,70.94617542266553,623.9903480148345,2020-09-28
BANKNIFTY01OCT2021100PE,PE,2020-09-28 09:16:00,2020-09-28 09:26:00,302.80511276245113,279.050625,10,-475.0897552490221,57.749445381165586,-532.8392006301877,2020-09-28
BANKNIFTY01OCT2021100PE,PE,2020-09-28 09:31:00,2020-09-28 09:41:00,253.68262805938718,237.90375,10,-315.57756118774364,56.1383271514586,-371.71588833920225,2020-09-28
BANKNIFTY01OCT2021100PE,PE,2020-09-28 09:51:00,2020-09-28 10:01:00,243.9082530593872,240.74663108825686,10,-63.2324394226066,56.08604332864693,-119.31848275125353,2020-09-28
BANKNIFTY01OCT2021100PE,PE,2020-09-28 10:39:00,2020-09-28 10:49:00,236.79049694061277,185.285625,10,-1030.0974388122552,54.648603846041404,-1084.7460426582966,2020-09-28
BANKNIFTY01OCT2021100PE,PE,2020-09-28 10:50:00,2020-09-28 11:00:00,185.713125,176.5575,10,-183.11249999999973,53.801739586749996,-236.91423958674972,2020-09-28
BANKNIFTY01OCT2021100PE,PE,2020-09-28 11:03:00,2020-09-28 11:13:00,168.8711219406128,159.60000000000002,10,-185.42243881225545,53.1800338305414,-238.60247264279684,2020-09-28
BANKNIFTY01OCT2021100PE,PE,2020-09-28 11:23:00,2020-09-28 11:33:00,158.4451280593872,146.63250000000002,10,-236.2525611877436,52.735089169958606,-288.9876503577022,2020-09-28
BANKNIFTY01OCT2021100PE,PE,2020-09-28 11:51:00,2020-09-28 12:01:00,159.99900611877442,165.5351219558716,10,110.7223167419437,53.21417374482304,57.50814299712066,2020-09-28
BANKNIFTY01OCT2021100PE,PE,2020-09-28 12:03:00,2020-09-28 12:13:00,165.2621311187744,158.70225608825683,10,-131.1975006103512,53.11336080835553,-184.31086141870674,2020-09-28
BANKNIFTY01OCT2021100PE,PE,2020-09-28 12:15:00,2020-09-28 12:25:00,158.0441188812256,167.2807469558716,10,184.73256149292013,53.232346891988634,131.50021460093149,2020-09-28
BANKNIFTY01OCT2021100PE,PE,2020-09-28 12:51:00,2020-09-28 13:01:00,161.35237194061278,134.6625,10,-533.7974388122558,52.4800541130414,-586.2774929252972,2020-09-28
BANKNIFTY01OCT2021100PE,PE,2020-09-28 13:02:00,2020-09-28 13:12:00,125.3626280593872,127.68,10,46.34743881225603,51.86309239395861,-5.51565358170258,2020-09-28
BANKNIFTY01OCT2021100PE,PE,2020-09-28 13:19:00,2020-09-28 13:29:00,122.55562499999999,114.36337652206421,10,-163.84496955871555,51.50431108792207,-215.34928064663762,2020-09-28
BANKNIFTY01OCT2021100PE,PE,2020-09-28 13:38:00,2020-09-28 13:44:00,117.8438780593872,119.7997484779358,6,39.11740837097199,51.578006365536524,-12.460597994564537,2020-09-28
BANKNIFTY01OCT2021100PE,PE,2020-09-28 13:56:00,2020-09-28 14:06:00,111.67850152969359,105.78487804412842,10,-117.87246971130344,51.160518091198455,-169.0329878025019,2020-09-28
BANKNIFTY01OCT2021100PE,PE,2020-09-28 14:16:00,2020-09-28 14:19:00,110.3251280593872,114.11400152206421,3,75.77746925354035,51.346298588380684,24.431170665159662,2020-09-28
BANKNIFTY01OCT2021100PE,PE,2020-09-28 14:33:00,2020-09-28 14:42:00,99.999375,100.94699695587158,9,18.952439117431652,50.89774661040585,-31.945307492974194,2020-09-28
BANKNIFTY01OCT2021100PE,PE,2020-09-28 15:00:00,2020-09-28 15:10:00,91.17737194061279,80.69775152206421,10,-209.59240837097155,50.295611026963485,-259.88801939793507,2020-09-28
BANKNIFTY01OCT2021100PE,PE,2020-09-28 15:13:00,2020-09-28 15:18:00,79.29774847030639,84.18900152206422,5,97.82506103515658,50.23294310531779,47.59211792983879,2020-09-28
BANKNIFTY01OCT2021800CE,CE,2020-09-29 09:15:00,2020-09-29 09:18:00,235.5373719406128,248.3276219558716,3,255.80500030517612,56.16644383944723,199.6385564657289,2020-09-29
BANKNIFTY01OCT2021800CE,CE,2020-09-29 09:25:00,2020-09-29 09:35:00,232.6802561187744,170.97149391174318,10,-1234.1752441406243,54.24936865922888,-1288.424612799853,2020-09-29
BANKNIFTY01OCT2021800CE,CE,2020-09-29 09:38:00,2020-09-29 09:48:00,167.4175,150.22350608825684,10,-343.879878234863,52.93390452568832,-396.8137827605513,2020-09-29
BANKNIFTY01OCT2021800CE,CE,2020-09-29 09:50:00,2020-09-29 09:58:00,139.84875,133.81461891174317,8,-120.68262176513656,52.192278195061675,-172.87489996019823,2020-09-29
BANKNIFTY01OCT2021800CE,CE,2020-09-29 10:10:00,2020-09-29 10:14:00,102.0545030593872,110.17387195587159,4,162.38737792968777,51.147709516114446,111.23966841357333,2020-09-29
BANKNIFTY01OCT2021800CE,CE,2020-09-29 10:28:00,2020-09-29 10:38:00,119.99924694061279,107.73,10,-245.38493881225577,51.311204072291396,-296.69614288454716,2020-09-29
BANKNIFTY01OCT2021800CE,CE,2020-09-29 12:23:00,2020-09-29 12:33:00,93.5332530593872,91.1216234779358,10,-48.23259162902815,50.57842564353653,-98.81101727256467,2020-09-29
BANKNIFTY01OCT2021800CE,CE,2020-09-29 12:46:00,2020-09-29 12:56:00,73.28274847030639,83.83987804412843,10,211.14259147644077,50.149723211489864,160.9928682649509,2020-09-29
BANKNIFTY01OCT2021800CE,CE,2020-09-29 13:00:00,2020-09-29 13:10:00,75.0872515296936,77.50574695587159,10,48.36990852355967,50.018072764760134,-1.6481642412004618,2020-09-29
BANKNIFTY01OCT2021800CE,CE,2020-09-29 13:14:00,2020-09-29 13:24:00,75.438125,72.56812500000001,10,-57.39999999999981,49.902331135000004,-107.3023311349998,2020-09-29
BANKNIFTY01OCT2021800CE,CE,2020-09-29 13:32:00,2020-09-29 13:42:00,63.5585015296936,65.33625,10,35.55496940612812,49.5788382101043,-14.023868803976178,2020-09-29
BANKNIFTY01OCT2021800CE,CE,2020-09-29 14:44:00,2020-09-29 14:54:00,107.8188780593872,79.80000000000001,10,-560.3775611877438,50.4805218934586,-610.8580830812024,2020-09-29
BANKNIFTY01OCT2021800CE,CE,2020-09-29 14:55:00,2020-09-29 15:04:00,74.4857530593872,68.32875,9,-123.14006118774415,49.78738238520861,-172.92744357295277,2020-09-29
BANKNIFTY01OCT2021800PE,PE,2020-09-29 10:20:00,2020-09-29 10:25:00,414.98488723754883,421.3439939117432,5,127.18213348388758,62.60420901539609,64.57792446849149,2020-09-29
BANKNIFTY01OCT2021800PE,PE,2020-09-29 12:25:00,2020-09-29 12:30:00,457.5409938812256,483.7875,5,524.930122375489,64.6517599265828,460.27836244890614,2020-09-29
BANKNIFTY01OCT2021800PE,PE,2020-09-29 14:20:00,2020-09-29 14:30:00,342.35375,314.76111282348637,10,-551.8527435302724,59.109389452373364,-610.9621329826457,2020-09-29
BANKNIFTY01OCT2021300CE,CE,2020-09-30 09:46:00,2020-09-30 09:49:00,123.95912652969359,125.78474847793579,3,36.51243896484402,51.79955651243222,-15.287117547588196,2020-09-30
BANKNIFTY01OCT2021300CE,CE,2020-09-30 11:02:00,2020-09-30 11:12:00,250.9758811187744,231.42000000000002,10,-391.1176223754876,55.94699146866721,-447.0646138441548,2020-09-30
BANKNIFTY01OCT2021300CE,CE,2020-09-30 11:20:00,2020-09-30 11:30:00,198.59525611877442,143.29086891174316,10,-1106.087744140625,53.15261780297889,-1159.240361943604,2020-09-30
BANKNIFTY01OCT2021300CE,CE,2020-09-30 12:53:00,2020-09-30 13:03:00,191.4775,210.6719969558716,10,383.8899391174323,54.70314125415584,329.1867978632764,2020-09-30
BANKNIFTY01OCT2021300CE,CE,2020-09-30 13:10:00,2020-09-30 13:16:00,203.3070030593872,202.4925,6,-16.290061187743845,54.6511514562086,-70.94121264395244,2020-09-30
BANKNIFTY01OCT2021300CE,CE,2020-09-30 13:24:00,2020-09-30 13:25:00,191.42737194061277,201.24562500000002,1,196.3650611877449,54.473235182291404,141.8918260054535,2020-09-30
BANKNIFTY01OCT2021300CE,CE,2020-09-30 13:28:00,2020-09-30 13:34:00,167.166875,191.61975608825685,6,489.0576217651369,53.937696687438326,435.11992507769855,2020-09-30
BANKNIFTY01OCT2021300CE,CE,2020-09-30 13:41:00,2020-09-30 13:51:00,165.46262805938719,206.83163108825684,10,827.3800605773931,54.28653136789693,773.0935292094962,2020-09-30
BANKNIFTY01OCT2021300CE,CE,2020-09-30 13:55:00,2020-09-30 14:00:00,211.47737194061278,213.76425304412842,5,45.737622070312796,55.02682646338556,-9.289204393072765,2020-09-30
BANKNIFTY01OCT2021300CE,CE,2020-09-30 14:07:00,2020-09-30 14:14:00,203.55762805938718,290.521875,7,1739.2849388122568,56.795456426708604,1682.4894823855482,2020-09-30
BANKNIFTY01OCT2021300CE,CE,2020-09-30 14:20:00,2020-09-30 14:30:00,260.8505122375488,257.8038871765137,10,-60.93250122070231,56.71142105396107,-117.64392227466337,2020-09-30
BANKNIFTY01OCT2021300CE,CE,2020-09-30 14:38:00,2020-09-30 14:48:00,270.6248872375488,262.093125,10,-170.63524475097665,56.937183684334414,-227.57242843531105,2020-09-30
BANKNIFTY01OCT2021300CE,CE,2020-09-30 14:52:00,2020-09-30 15:02:00,218.94599388122558,227.43,10,169.68012237548862,55.452013797582794,114.22810857790583,2020-09-30
BANKNIFTY01OCT2021300PE,PE,2020-09-30 09:18:00,2020-09-30 09:28:00,211.3270030593872,250.17300304412842,10,776.9199996948242,55.91055021205277,721.0094494827715,2020-09-30
BANKNIFTY01OCT2021300PE,PE,2020-09-30 10:03:00,2020-09-30 10:10:00,261.903125,260.89611282348636,7,-20.140243530272528,56.799712353623356,-76.93995588389589,2020-09-30
BANKNIFTY01OCT2021300PE,PE,2020-09-30 10:29:00,2020-09-30 10:34:00,170.42499999999998,172.11862804412843,5,33.872560882568905,53.50383669109416,-19.631275808525253,2020-09-30
BANKNIFTY01OCT2021300PE,PE,2020-09-30 10:36:00,2020-09-30 10:46:00,154.4351280593872,151.5701219558716,10,-57.30012207031223,52.80537127536444,-110.10549334567668,2020-09-30
BANKNIFTY01OCT2021300PE,PE,2020-09-30 10:55:00,2020-09-30 11:02:00,128.9215061187744,125.38574695587158,7,-70.71518325805641,51.85150197807303,-122.56668523612944,2020-09-30
BANKNIFTY01OCT2021300PE,PE,2020-09-30 11:11:00,2020-09-30 11:20:00,140.35,163.63987804412844,9,465.79756088256886,52.923963197594155,412.8735976849747,2020-09-30
BANKNIFTY01OCT2021300PE,PE,2020-09-30 12:00:00,2020-09-30 12:10:00,181.6028688812256,170.57250000000002,10,-220.6073776245114,53.60509866283279,-274.2124762873442,2020-09-30
BANKNIFTY01OCT2021300PE,PE,2020-09-30 12:30:00,2020-09-30 12:32:00,182.4048719406128,166.08375,2,-326.4224388122557,53.5058798685414,-379.9283186807971,2020-09-30
BANKNIFTY01OCT2021300PE,PE,2020-09-30 12:39:00,2020-09-30 12:49:00,161.85362194061278,150.67237804412844,10,-223.62487792968693,52.875699312135566,-276.5005772418225,2020-09-30
BANKNIFTY01OCT2021300PE,PE,2020-09-30 13:02:00,2020-09-30 13:10:00,148.620625,152.5676219558716,8,78.93993911743223,52.75739700615583,26.182542111276405,2020-09-30
BANKNIFTY01OCT2021300PE,PE,2020-09-30 13:18:00,2020-09-30 13:21:00,154.385,155.01149391174317,3,12.529878234863645,52.888455059311674,-40.35857682444803,2020-09-30
BANKNIFTY01OCT2021300PE,PE,2020-09-30 13:33:00,2020-09-30 13:40:00,158.2446311187744,169.824375,7,231.59487762451192,53.296708166917206,178.29816945759472,2020-09-30
BANKNIFTY01OCT2021300PE,PE,2020-09-30 14:30:00,2020-09-30 14:38:00,94.3352484703064,85.03687500000001,8,-185.96746940612775,50.4403863256457,-236.40785573177345,2020-09-30
BANKNIFTY01OCT2021300PE,PE,2020-09-30 15:10:00,2020-09-30 15:20:00,89.974375,91.6203734779358,10,32.919969558716105,50.54634296157791,-17.62637340286181,2020-09-30
BANKNIFTY01OCT2021300PE,PE,2020-09-30 15:21:00,2020-09-30 15:24:00,88.6210015296936,99.2013719558716,3,211.60740852355985,50.71392636551014,160.89348215804972,2020-09-30
BANKNIFTY01OCT2021800CE,CE,2020-10-01 10:28:00,2020-10-01 10:38:00,202.40474388122558,200.4975,10,-38.14487762451165,54.59141656708279,-92.73629419159444,2020-10-01
BANKNIFTY01OCT2021800CE,CE,2020-10-01 12:08:00,2020-10-01 12:18:00,276.99073776245115,275.1104878234863,10,-37.604998779296466,57.332899591288935,-94.9378983705854,2020-10-01
BANKNIFTY01OCT2021800CE,CE,2020-10-01 12:47:00,2020-10-01 12:57:00,309.8727561187744,294.1627439117432,10,-314.2002441406248,58.204832090728885,-372.4050762313537,2020-10-01
BANKNIFTY01OCT2021800CE,CE,2020-10-01 13:16:00,2020-10-01 13:26:00,259.8480122375488,230.4225,10,-588.5102447509757,56.032952485834414,-644.5431972368101,2020-10-01
BANKNIFTY01OCT2021800CE,CE,2020-10-01 13:40:00,2020-10-01 13:50:00,284.3591188812256,299.0504878234863,10,293.82737884521475,58.00674839495615,235.8206304502586,2020-10-01
BANKNIFTY01OCT2021800CE,CE,2020-10-01 13:53:00,2020-10-01 14:03:00,304.3590061187744,352.16736282348637,10,956.1671340942394,59.54721261479056,896.6199214794489,2020-10-01
BANKNIFTY01OCT2021800CE,CE,2020-10-01 14:06:00,2020-10-01 14:14:00,343.9577561187744,415.95750000000004,8,1439.9948776245128,61.5907774259172,1378.4041001985956,2020-10-01
BANKNIFTY01OCT2021800PE,PE,2020-10-01 09:20:00,2020-10-01 09:30:00,111.97924694061278,87.92962652206421,10,-480.9924083709714,50.72995043596348,-531.722358806935,2020-10-01
BANKNIFTY01OCT2021800PE,PE,2020-10-01 09:45:00,2020-10-01 09:55:00,77.89424694061279,83.6403734779358,10,114.92253074646015,50.202161954619314,64.72036879184084,2020-10-01
BANKNIFTY01OCT2021800PE,PE,2020-10-01 10:07:00,2020-10-01 10:12:00,51.0773757648468,51.620625000000004,5,10.864984703064096,49.090164319802156,-38.22517961673806,2020-10-01
BANKNIFTY01OCT2021800PE,PE,2020-10-01 10:25:00,2020-10-01 10:31:00,46.064875764846796,41.994748477935794,6,-81.40254573822006,48.79375505463007,-130.19630079285014,2020-10-01
BANKNIFTY01OCT2021800PE,PE,2020-10-01 12:19:00,2020-10-01 12:22:00,16.541249999999998,18.004874238967897,3,29.27248477935798,47.84344523253897,-18.570960453180987,2020-10-01
BANKNIFTY01OCT2021800PE,PE,2020-10-01 12:27:00,2020-10-01 12:30:00,16.992375764846802,20.299125380516053,3,66.13499231338501,47.90485428565768,18.230138027727335,2020-10-01
BANKNIFTY08OCT2022500CE,CE,2020-10-05 09:15:00,2020-10-05 09:18:00,348.87,422.94,3,1481.3999999999999,61.821644716,1419.5783552839998,2020-10-05
BANKNIFTY08OCT2022500CE,CE,2020-10-05 10:38:00,2020-10-05 10:41:00,478.1925,469.6728810882569,3,-170.39237823486246,64.56500763343833,-234.95738586830078,2020-10-05
BANKNIFTY08OCT2022500CE,CE,2020-10-05 11:05:00,2020-10-05 11:15:00,461.15,487.0792378234864,10,518.5847564697281,64.77666368912335,453.80809278060474,2020-10-05
BANKNIFTY08OCT2022500CE,CE,2020-10-05 11:28:00,2020-10-05 11:38:00,467.0647438812256,426.38138717651367,10,-813.6671340942382,63.37375586120944,-877.0408899554477,2020-10-05
BANKNIFTY08OCT2022500CE,CE,2020-10-05 11:39:00,2020-10-05 11:45:00,396.38849388122554,386.08236282348633,6,-206.12262115478416,61.515485052956144,-267.6381062077403,2020-10-05
BANKNIFTY08OCT2022500CE,CE,2020-10-05 12:59:00,2020-10-05 13:08:00,317.79249999999996,320.0478810882569,9,45.10762176513822,58.93284354343832,-13.825221778300097,2020-10-05
BANKNIFTY08OCT2022500CE,CE,2020-10-05 13:12:00,2020-10-05 13:22:00,284.86036888122555,254.3625,10,-609.9573776245109,56.92600298383279,-666.8833806083436,2020-10-05
BANKNIFTY08OCT2022500CE,CE,2020-10-05 13:23:00,2020-10-05 13:31:00,235.6877561187744,238.10324695587158,8,48.309816741943905,55.919618544573055,-7.60980180262915,2020-10-05
BANKNIFTY08OCT2022500CE,CE,2020-10-05 14:16:00,2020-10-05 14:26:00,266.46448776245114,258.20288108825685,10,-165.23213348388595,56.79087180860392,-222.02300529248987,2020-10-05
BANKNIFTY08OCT2022500PE,PE,2020-10-05 09:20:00,2020-10-05 09:30:00,312.93036888122555,298.4021189117432,10,-290.5649993896475,58.34593551039447,-348.910934900042,2020-10-05
BANKNIFTY08OCT2022500PE,PE,2020-10-05 09:32:00,2020-10-05 09:42:00,276.7902561187744,270.12298782348637,10,-133.34536590576022,57.209094932540566,-190.55446083830077,2020-10-05
BANKNIFTY08OCT2022500PE,PE,2020-10-05 09:44:00,2020-10-05 09:54:00,258.645,263.0407621765137,10,87.91524353027398,56.81140030487664,31.10384322539734,2020-10-05
BANKNIFTY08OCT2022500PE,PE,2020-10-05 10:02:00,2020-10-05 10:12:00,250.625,258.3525,10,154.5500000000004,56.597727619,97.95227238100041,2020-10-05
BANKNIFTY08OCT2022500PE,PE,2020-10-05 12:02:00,2020-10-05 12:12:00,274.23386276245117,292.76625,10,370.6477447509769,57.728100975915595,312.91964377506133,2020-10-05
BANKNIFTY08OCT2022500PE,PE,2020-10-05 12:48:00,2020-10-05 12:56:00,305.7625,306.3821189117432,8,12.392378234864054,58.45098710256168,-46.05860886769763,2020-10-05
BANKNIFTY08OCT2022500PE,PE,2020-10-05 13:32:00,2020-10-05 13:37:00,413.18036888122555,428.1270121765137,5,298.9328659057628,62.74677782420944,236.18608808155338,2020-10-05
BANKNIFTY08OCT2022500PE,PE,2020-10-05 13:56:00,2020-10-05 14:06:00,374.0828688812256,331.5689939117432,10,-850.277499389648,59.912407510144476,-910.1899068997925,2020-10-05
BANKNIFTY08OCT2022500PE,PE,2020-10-05 14:14:00,2020-10-05 14:24:00,330.825,359.69850608825686,10,577.4701217651375,60.05920005268833,517.4109217124492,2020-10-05
BANKNIFTY08OCT2022800CE,CE,2020-10-06 12:23:00,2020-10-06 12:33:00,208.8708811187744,204.88649391174317,10,-79.68774414062466,54.778505401978876,-134.46624954260352,2020-10-06
BANKNIFTY08OCT2022800CE,CE,2020-10-06 12:44:00,2020-10-06 12:54:00,176.7908811187744,166.5825,10,-204.16762237548767,53.44826528766721,-257.61588766315487,2020-10-06
BANKNIFTY08OCT2022800CE,CE,2020-10-06 13:36:00,2020-10-06 13:46:00,145.4627561187744,152.16862804412844,10,134.11743850708092,52.70845993801137,81.40897856906955,2020-10-06
BANKNIFTY08OCT2022800CE,CE,2020-10-06 13:58:00,2020-10-06 14:08:00,148.06924694061277,163.59,10,310.41506118774464,53.0186508202914,257.39641036745326,2020-10-06
BANKNIFTY08OCT2022800CE,CE,2020-10-06 14:10:00,2020-10-06 14:20:00,167.11674694061279,160.94663108825685,10,-123.40231704711869,53.19099309322972,-176.59331014034842,2020-10-06
BANKNIFTY08OCT2022800CE,CE,2020-10-06 14:23:00,2020-10-06 14:28:00,163.0065061187744,169.12612804412842,5,122.39243850708021,53.33888391751137,69.05355458956885,2020-10-06
BANKNIFTY08OCT2022800PE,PE,2020-10-06 09:17:00,2020-10-06 09:25:00,285.7125,388.02750000000003,8,2046.300000000001,60.187803513999995,1986.112196486001,2020-10-06
BANKNIFTY08OCT2022800PE,PE,2020-10-06 10:10:00,2020-10-06 10:16:00,350.4740061187744,376.8554878234863,6,527.6296340942383,60.72063100604056,466.9090030881978,2020-10-06
BANKNIFTY08OCT2022800PE,PE,2020-10-06 10:47:00,2020-10-06 10:57:00,342.7046311187744,375.60861282348634,10,658.079634094239,60.593778910040555,597.4858551841985,2020-10-06
BANKNIFTY08OCT2022800PE,PE,2020-10-06 11:29:00,2020-10-06 11:39:00,351.2759938812256,321.44437500000004,10,-596.632377624511,59.38279683733278,-656.0151744618438,2020-10-06
BANKNIFTY08OCT2022800PE,PE,2020-10-06 11:49:00,2020-10-06 11:59:00,344.25849388122555,327.3795121765137,10,-337.57963409423724,59.439978126959446,-397.01961222119667,2020-10-06
BANKNIFTY08OCT2022800PE,PE,2020-10-06 12:00:00,2020-10-06 12:10:00,319.4967622375488,329.175,10,193.56475524902407,59.17602100533441,134.38873424368967,2020-10-06
BANKNIFTY08OCT2022800PE,PE,2020-10-06 12:11:00,2020-10-06 12:21:00,338.84499999999997,293.56423782348634,10,-905.6152435302727,58.550213837123366,-964.165457367396,2020-10-06
BANKNIFTY08OCT2022800PE,PE,2020-10-06 12:22:00,2020-10-06 12:32:00,300.29886276245117,301.1452439117432,10,16.92762298584057,58.25572940622727,-41.328106420386696,2020-10-06
BANKNIFTY08OCT2022800PE,PE,2020-10-06 12:33:00,2020-10-06 12:43:00,303.9580122375488,343.8382621765137,10,797.6049987792976,59.33963711471105,738.2653616645865,2020-10-06
BANKNIFTY08OCT2022800PE,PE,2020-10-06 13:05:00,2020-10-06 13:15:00,330.073125,343.14000000000004,10,261.3375000000008,59.64709657975001,201.69040342025076,2020-10-06
BANKNIFTY08OCT2022800PE,PE,2020-10-06 13:25:00,2020-10-06 13:33:00,339.9477561187744,380.0973628234863,8,802.9921340942383,60.66871115729056,742.3234229369477,2020-10-06
BANKNIFTY08OCT2022800PE,PE,2020-10-06 14:31:00,2020-10-06 14:41:00,272.68,210.8714939117432,10,-1236.1701217651364,55.716821117311675,-1291.886942882448,2020-10-06
BANKNIFTY08OCT2022800PE,PE,2020-10-06 14:46:00,2020-10-06 14:56:00,203.45737194061277,200.19824695587158,10,-65.18249969482383,54.597215085697236,-119.77971478052106,2020-10-06
BANKNIFTY08OCT2022700CE,CE,2020-10-07 11:04:00,2020-10-07 11:10:00,272.98073776245116,292.2176371765137,6,384.7379882812504,57.699188413292234,327.0387998679582,2020-10-07
BANKNIFTY08OCT2022700CE,CE,2020-10-07 12:51:00,2020-10-07 12:56:00,362.3536372375488,379.05,5,333.92725524902403,60.92159722758441,273.0056580214396,2020-10-07
BANKNIFTY08OCT2022700CE,CE,2020-10-07 13:05:00,2020-10-07 13:12:00,341.1507377624512,326.73111282348634,7,-288.3924987792966,59.38559720153894,-347.77809598083553,2020-10-07
BANKNIFTY08OCT2022700CE,CE,2020-10-07 13:40:00,2020-10-07 13:50:00,319.7473872375488,356.1075,10,727.2022552490239,59.83423002708441,667.3680252219394,2020-10-07
BANKNIFTY08OCT2022700CE,CE,2020-10-07 13:55:00,2020-10-07 14:05:00,344.3086372375488,300.84600608825684,10,-869.252622985839,58.79521069927274,-928.0478336851118,2020-10-07
BANKNIFTY08OCT2022700CE,CE,2020-10-07 14:58:00,2020-10-07 15:08:00,341.8023872375488,364.58625,10,455.6772552490236,60.31446624858442,395.36278900043914,2020-10-07
BANKNIFTY08OCT2022700CE,CE,2020-10-07 15:10:00,2020-10-07 15:20:00,360.7496311187744,357.5039939117432,10,-64.91274414062445,60.37759326347888,-125.29033740410333,2020-10-07
BANKNIFTY08OCT2022700PE,PE,2020-10-07 09:20:00,2020-10-07 09:30:00,247.7177561187744,244.93612804412842,10,-55.63256149291931,56.235274719011365,-111.86783621193067,2020-10-07
BANKNIFTY08OCT2022700PE,PE,2020-10-07 09:37:00,2020-10-07 09:47:00,207.3170030593872,196.10850608825686,10,-224.1699394226066,54.54568837789692,-278.7156278005035,2020-10-07
BANKNIFTY08OCT2022700PE,PE,2020-10-07 09:52:00,2020-10-07 10:02:00,161.9538780593872,115.41074695587159,10,-930.8626220703121,52.01925504411444,-982.8818771144265,2020-10-07
BANKNIFTY08OCT2022700PE,PE,2020-10-07 11:31:00,2020-10-07 11:41:00,142.9565061187744,139.65,10,-66.13012237548787,52.372825189417206,-118.50294756490507,2020-10-07
BANKNIFTY08OCT2022700PE,PE,2020-10-07 12:05:00,2020-10-07 12:10:00,116.79124999999999,123.69000000000001,5,137.97500000000042,51.65955385750001,86.3154461425004,2020-10-07
BANKNIFTY08OCT2022700PE,PE,2020-10-07 12:31:00,2020-10-07 12:41:00,113.2323719406128,115.3109984779358,10,41.572530746460075,51.41153229861931,-9.839001552159239,2020-10-07
BANKNIFTY08OCT2022700PE,PE,2020-10-07 12:42:00,2020-10-07 12:51:00,118.29499999999999,106.28362804412842,9,-240.22743911743135,51.254850217094166,-291.4822893345255,2020-10-07
BANKNIFTY08OCT2022700PE,PE,2020-10-07 13:20:00,2020-10-07 13:30:00,110.22487194061279,108.7275,10,-29.947438812255598,51.214033938041396,-81.161472750297,2020-10-07
BANKNIFTY08OCT2022700PE,PE,2020-10-07 15:19:00,2020-10-07 15:24:00,73.8341265296936,72.9172484779358,5,-18.337561035156114,49.890895639432216,-68.22845667458833,2020-10-07
BANKNIFTY08OCT2023100CE,CE,2020-10-08 10:10:00,2020-10-08 10:17:00,198.0438780593872,226.83149391174317,7,575.7523170471194,55.177776448770274,520.5745405983491,2020-10-08
BANKNIFTY08OCT2023100CE,CE,2020-10-08 10:45:00,2020-10-08 10:51:00,246.81549694061277,245.28524391174318,6,-30.605060577391896,56.232557166603065,-86.83761774399497,2020-10-08
BANKNIFTY08OCT2023100CE,CE,2020-10-08 11:04:00,2020-10-08 11:10:00,243.55737194061277,267.62923782348633,6,481.43731765747134,56.73556589516475,424.70175176230657,2020-10-08
BANKNIFTY08OCT2023100CE,CE,2020-10-08 11:39:00,2020-10-08 11:43:00,257.893125,265.63423782348633,4,154.82225646972665,56.86514197487335,97.9571144948533,2020-10-08
BANKNIFTY08OCT2023100CE,CE,2020-10-08 12:17:00,2020-10-08 12:27:00,264.9607377624512,250.02336891174318,10,-298.74737701415995,56.57323463772726,-355.3206116518872,2020-10-08
BANKNIFTY08OCT2023100CE,CE,2020-10-08 12:30:00,2020-10-08 12:40:00,241.8029969406128,238.50225608825684,10,-66.01481704711887,56.00529718897972,-122.02011423609858,2020-10-08
BANKNIFTY08OCT2023100CE,CE,2020-10-08 12:41:00,2020-10-08 12:51:00,238.74536888122557,234.31274391174318,10,-88.6524993896478,55.865406422644476,-144.51790581229227,2020-10-08
BANKNIFTY08OCT2023100CE,CE,2020-10-08 14:30:00,2020-10-08 14:40:00,101.3527484703064,73.01699695587159,10,-566.7150302886961,50.23520223305154,-616.9502325217476,2020-10-08
BANKNIFTY08OCT2023100CE,CE,2020-10-08 14:43:00,2020-10-08 14:53:00,58.69637423515319,35.41125,10,-465.7024847030638,48.79054935544786,-514.4930340585116,2020-10-08
BANKNIFTY08OCT2023100CE,CE,2020-10-08 14:56:00,2020-10-08 15:06:00,92.68112194061278,96.75750000000001,10,81.52756118774448,50.70492391354139,30.82263727420309,2020-10-08
BANKNIFTY08OCT2023100CE,CE,2020-10-08 15:07:00,2020-10-08 15:17:00,106.46549694061278,86.93212652206421,10,-390.66740837097143,50.63718702046348,-441.30459539143493,2020-10-08
BANKNIFTY08OCT2023100PE,PE,2020-10-08 09:22:00,2020-10-08 09:25:00,93.18237194061278,88.22887195587158,3,-99.06999969482399,50.50370430594723,-149.57370400077122,2020-10-08
BANKNIFTY08OCT2023100PE,PE,2020-10-08 09:43:00,2020-10-08 09:51:00,61.703874235153194,57.55575076103211,8,-82.96246948242171,49.36654731115888,-132.3290167935806,2020-10-08
BANKNIFTY08OCT2023100PE,PE,2020-10-08 09:53:00,2020-10-08 09:58:00,53.9344992351532,58.30387576103211,5,87.38753051757826,49.28822079715889,38.09930972041936,2020-10-08
BANKNIFTY08OCT2023100PE,PE,2020-10-08 10:17:00,2020-10-08 10:21:00,43.8092507648468,40.74787347793579,4,-61.227545738220215,48.73540358313007,-109.9629493213503,2020-10-08
BANKNIFTY08OCT2023100PE,PE,2020-10-08 10:28:00,2020-10-08 10:38:00,35.4885015296936,29.276625380516055,10,-124.2375229835509,48.353007872709824,-172.59053085626073,2020-10-08
BANKNIFTY08OCT2023100PE,PE,2020-10-08 10:39:00,2020-10-08 10:49:00,26.4158753824234,31.82024961948395,10,108.08748474121096,48.30216329304556,59.7853214481654,2020-10-08
BANKNIFTY08OCT2023100PE,PE,2020-10-08 10:53:00,2020-10-08 10:55:00,30.075,32.56837652206421,2,49.86753044128427,48.36581993317208,1.5017105081121969,2020-10-08
BANKNIFTY08OCT2023100PE,PE,2020-10-08 11:00:00,2020-10-08 11:10:00,26.7667507648468,19.999874238967898,10,-135.33753051757805,48.01900834584112,-183.35653886341916,2020-10-08
BANKNIFTY08OCT2023100PE,PE,2020-10-08 11:11:00,2020-10-08 11:15:00,19.54875,21.147000761032107,4,31.965015220642172,47.95723703821104,-15.992221817568868,2020-10-08
BANKNIFTY08OCT2023100PE,PE,2020-10-08 11:21:00,2020-10-08 11:31:00,20.5011257648468,17.45625,10,-60.89751529693601,47.879296628552154,-108.77681192548816,2020-10-08
BANKNIFTY08OCT2023100PE,PE,2020-10-08 11:33:00,2020-10-08 11:39:00,14.6365003824234,21.047250380516054,6,128.2149999618531,47.893782925506585,80.32121703634651,2020-10-08
BANKNIFTY08OCT2023100PE,PE,2020-10-08 11:44:00,2020-10-08 11:54:00,20.4008753824234,18.35399961948395,10,-40.937515258789006,47.89988766054555,-88.83740291933455,2020-10-08
BANKNIFTY15OCT2023300CE,CE,2020-10-09 09:39:00,2020-10-09 09:40:00,353.8323872375488,364.7857621765137,1,219.0674987792977,60.46877501096106,158.59872376833664,2020-10-09
BANKNIFTY15OCT2023300CE,CE,2020-10-09 11:52:00,2020-10-09 12:02:00,655.5347744750976,631.7167378234864,10,-476.36073303222474,70.70972706829218,-547.0704601005169,2020-10-09
BANKNIFTY15OCT2023300CE,CE,2020-10-09 12:03:00,2020-10-09 12:13:00,626.4121005249023,617.7517378234863,10,-173.2072540283184,70.00823954220454,-243.21549357052294,2020-10-09
BANKNIFTY15OCT2023300CE,CE,2020-10-09 12:14:00,2020-10-09 12:24:00,611.5751127624511,611.4675000000001,10,-2.152255249020527,69.67105545391559,-71.82331070293611,2020-10-09
BANKNIFTY15OCT2023300CE,CE,2020-10-09 12:28:00,2020-10-09 12:38:00,595.0338627624511,625.4325,10,607.9727447509777,69.80523265441559,538.1675120965621,2020-10-09
BANKNIFTY15OCT2023300CE,CE,2020-10-09 13:28:00,2020-10-09 13:30:00,613.8808505249023,638.6493750000001,2,495.3704895019564,70.36086207233117,425.0096274296252,2020-10-09
BANKNIFTY15OCT2023300CE,CE,2020-10-09 13:40:00,2020-10-09 13:50:00,562.3523872375488,573.7121493530274,10,227.19524230957177,68.1411859540877,159.05405635548408,2020-10-09
BANKNIFTY15OCT2023300CE,CE,2020-10-09 13:57:00,2020-10-09 14:07:00,605.1089755249023,585.0836128234863,10,-400.50725402832086,68.94897163320454,-469.4562256615254,2020-10-09
BANKNIFTY15OCT2023300CE,CE,2020-10-09 14:08:00,2020-10-09 14:15:00,580.1467622375488,696.6540243530274,7,2330.14524230957,71.35264514208771,2258.7925971674827,2020-10-09
BANKNIFTY15OCT2023300CE,CE,2020-10-09 14:36:00,2020-10-09 14:41:00,719.2937499999999,770.56875,5,1025.5000000000018,74.87922388,950.6207761200018,2020-10-09
BANKNIFTY15OCT2023300PE,PE,2020-10-09 09:21:00,2020-10-09 09:31:00,441.7015061187744,427.6282621765137,10,-281.4648788452132,63.088981629293855,-344.5538604745071,2020-10-09
BANKNIFTY15OCT2023300PE,PE,2020-10-09 09:55:00,2020-10-09 10:05:00,454.78411888122554,432.166875,10,-452.3448776245107,63.361910180082795,-515.7067878045934,2020-10-09
BANKNIFTY15OCT2023300PE,PE,2020-10-09 10:06:00,2020-10-09 10:16:00,412.3282377624511,394.5611128234863,10,-355.34249877929597,61.91974777853895,-417.26224655783494,2020-10-09
BANKNIFTY15OCT2023300PE,PE,2020-10-09 11:02:00,2020-10-09 11:08:00,259.14625,252.0682469558716,6,-141.56006088256845,56.55073656315584,-198.1107974457243,2020-10-09
BANKNIFTY15OCT2023300PE,PE,2020-10-09 11:09:00,2020-10-09 11:11:00,236.79049694061277,249.0757469558716,2,245.70500030517678,56.20020925644724,189.50479104872954,2020-10-09
BANKNIFTY15OCT2023300PE,PE,2020-10-09 11:35:00,2020-10-09 11:45:00,241.2015061187744,237.25538108825685,10,-78.922500610351,55.967496018855535,-134.88999662920654,2020-10-09
BANKNIFTY15OCT2023300PE,PE,2020-10-09 11:47:00,2020-10-09 11:57:00,240.54987194061277,261.29513717651366,10,414.90530471801776,56.54413378766805,358.3611709303497,2020-10-09
BANKNIFTY15OCT2023300PE,PE,2020-10-09 12:13:00,2020-10-09 12:23:00,259.898125,266.33250000000004,10,128.6875000000009,56.907035542749995,71.78046445725091,2020-10-09
BANKNIFTY15OCT2023300PE,PE,2020-10-09 12:26:00,2020-10-09 12:36:00,269.6223872375488,255.26024391174317,10,-287.24286651611294,56.758528758896084,-344.00139527500903,2020-10-09
BANKNIFTY15OCT2023300PE,PE,2020-10-09 13:47:00,2020-10-09 13:57:00,264.7602561187744,255.95850608825685,10,-176.03500061035106,56.71510783660553,-232.7501084469566,2020-10-09
BANKNIFTY15OCT2023300PE,PE,2020-10-09 14:31:00,2020-10-09 14:34:00,188.8709938812256,198.70199695587158,3,196.62006149291983,54.37960557273863,142.2404559201812,2020-10-09
BANKNIFTY15OCT2023300PE,PE,2020-10-09 14:42:00,2020-10-09 14:46:00,182.95624999999998,194.46262195587158,4,230.127439117432,54.203006298905834,175.92443281852616,2020-10-09
BANKNIFTY15OCT2023300PE,PE,2020-10-09 14:59:00,2020-10-09 15:04:00,188.0690061187744,193.56487804412842,5,109.91743850708019,54.244688772011365,55.67274973506883,2020-10-09
BANKNIFTY15OCT2023300PE,PE,2020-10-09 15:10:00,2020-10-09 15:15:00,186.5652561187744,194.11350608825686,5,150.96499938964882,54.23935139260553,96.7256479970433,2020-10-09
BANKNIFTY15OCT2023300PE,PE,2020-10-09 15:21:00,2020-10-09 15:24:00,186.36474388122556,190.12350608825685,3,75.17524414062564,54.13980914477112,21.035434995854516,2020-10-09
BANKNIFTY15OCT2024100CE,CE,2020-10-12 09:15:00,2020-10-12 09:24:00,382.6041188812256,422.3913871765137,9,795.7453659057626,62.22739967645944,733.5179662293032,2020-10-12
BANKNIFTY15OCT2024100CE,CE,2020-10-12 09:28:00,2020-10-12 09:38:00,416.43849388122555,403.1895121765137,10,-264.9796340942373,62.18068569095945,-327.16031978519675,2020-10-12
BANKNIFTY15OCT2024100CE,CE,2020-10-12 09:42:00,2020-10-12 09:46:00,391.97749999999996,400.34663108825686,4,167.38262176513786,61.80764298493832,105.57497878019953,2020-10-12
BANKNIFTY15OCT2024100CE,CE,2020-10-12 11:10:00,2020-10-12 11:14:00,278.0934938812256,298.2026371765137,4,402.1828659057621,57.90828399620944,344.2745819095527,2020-10-12
BANKNIFTY15OCT2024100CE,CE,2020-10-12 12:16:00,2020-10-12 12:26:00,246.61499999999998,272.3175,10,514.0500000000003,56.887588057,457.1624119430003,2020-10-12
BANKNIFTY15OCT2024100CE,CE,2020-10-12 13:17:00,2020-10-12 13:27:00,240.54987194061277,185.285625,10,-1105.2849388122554,54.6953088172914,-1159.9802476295467,2020-10-12
BANKNIFTY15OCT2024100CE,CE,2020-10-12 13:48:00,2020-10-12 13:58:00,199.7982530593872,230.5721189117432,10,615.4773170471196,55.29055756827028,560.1867594788494,2020-10-12
BANKNIFTY15OCT2024100CE,CE,2020-10-12 13:59:00,2020-10-12 14:09:00,221.95349388122557,252.86625,10,618.2551223754888,56.108078945082795,562.147043430406,2020-10-12
BANKNIFTY15OCT2024100CE,CE,2020-10-12 14:13:00,2020-10-12 14:23:00,210.52499999999998,192.2182469558716,10,-366.1350608825677,54.49091814165584,-420.6259790242235,2020-10-12
BANKNIFTY15OCT2024100CE,CE,2020-10-12 14:24:00,2020-10-12 14:26:00,192.7807530593872,205.734375,2,259.0724388122561,54.599231607458606,204.47320720479752,2020-10-12
BANKNIFTY15OCT2024100CE,CE,2020-10-12 14:28:00,2020-10-12 14:32:00,187.11661888122558,203.49,4,327.46762237548865,54.47427139033279,272.99335098515587,2020-10-12
BANKNIFTY15OCT2024100CE,CE,2020-10-12 14:50:00,2020-10-12 14:51:00,197.14161888122558,208.97625000000002,1,236.69262237548878,54.732263330832794,181.960359044656,2020-10-12
BANKNIFTY15OCT2024100PE,PE,2020-10-12 10:07:00,2020-10-12 10:10:00,404.65911888122554,434.91,3,605.0176223754897,62.805899905332794,542.2117224701569,2020-10-12
BANKNIFTY15OCT2024100PE,PE,2020-10-12 11:30:00,2020-10-12 11:35:00,463.8066188812256,506.38086891174316,5,851.4850006103518,65.27915361339447,786.2058469969573,2020-10-12
BANKNIFTY15OCT2024100PE,PE,2020-10-12 11:50:00,2020-10-12 11:53:00,490.77386276245113,502.98937500000005,3,244.31024475097843,65.5316905231656,178.77855422781283,2020-10-12
BANKNIFTY15OCT2024100PE,PE,2020-10-12 13:12:00,2020-10-12 13:17:00,556.5880122375488,603.7867378234863,5,943.9745117187499,68.80109392495777,875.1734177937922,2020-10-12
BANKNIFTY15OCT2024100PE,PE,2020-10-12 13:21:00,2020-10-12 13:27:00,622.3519877624511,671.9159756469727,6,991.2797576904313,71.2752675804123,920.004490110019,2020-10-12
BANKNIFTY15OCT2024100PE,PE,2020-10-12 14:26:00,2020-10-12 14:27:00,597.0388627624511,621.8415243530274,1,496.0532318115247,69.74279651716888,426.31043529435584,2020-10-12
BANKNIFTY15OCT2024100PE,PE,2020-10-12 14:41:00,2020-10-12 14:45:00,571.425,584.7843750000001,4,267.1875000000023,68.52321685375001,198.66428314625227,2020-10-12
BANKNIFTY15OCT2024100PE,PE,2020-10-12 14:46:00,2020-10-12 14:49:00,554.6832377624512,589.1733993530273,3,689.8032318115224,68.42198076916888,621.3812510423536,2020-10-12
BANKNIFTY15OCT2024100PE,PE,2020-10-12 14:53:00,2020-10-12 14:54:00,562.0516494750976,575.7570121765137,1,274.10725402832213,68.18718813379547,205.92006589452666,2020-10-12
BANKNIFTY15OCT2023500CE,CE,2020-10-13 12:16:00,2020-10-13 12:26:00,377.9425,382.2420121765137,10,85.99024353027403,61.192908250376654,24.797335279897375,2020-10-13
BANKNIFTY15OCT2023500CE,CE,2020-10-13 12:50:00,2020-10-13 12:59:00,342.4540061187744,348.62625,9,123.44487762451308,59.9343570449172,63.510520579595884,2020-10-13
BANKNIFTY15OCT2023500CE,CE,2020-10-13 13:25:00,2020-10-13 13:31:00,333.8325,350.0227439117432,6,323.8048782348642,59.86121466081167,263.9436635740525,2020-10-13
BANKNIFTY15OCT2023500CE,CE,2020-10-13 13:45:00,2020-10-13 13:55:00,335.33625,327.47923782348636,10,-157.14024353027298,59.331557424623355,-216.47180095489634,2020-10-13
BANKNIFTY15OCT2023500CE,CE,2020-10-13 14:08:00,2020-10-13 14:11:00,335.8375,339.898125,3,81.21250000000032,59.639856798249994,21.572643201750324,2020-10-13
BANKNIFTY15OCT2023500CE,CE,2020-10-13 14:21:00,2020-10-13 14:26:00,313.18099388122556,316.10774391174317,5,58.5350006103522,58.77971371539448,-0.24471310504227972,2020-10-13
BANKNIFTY15OCT2023500PE,PE,2020-10-13 09:45:00,2020-10-13 09:50:00,287.8177561187744,309.225,5,428.1448776245122,58.29719788491721,369.84767973959504,2020-10-13
BANKNIFTY15OCT2023500PE,PE,2020-10-13 10:02:00,2020-10-13 10:07:00,296.74,302.29236282348637,5,111.04725646972724,58.239417580373356,52.80783888935389,2020-10-13
BANKNIFTY15OCT2023500PE,PE,2020-10-13 10:15:00,2020-10-13 10:20:00,286.8152561187744,294.2126371765137,5,147.94762115478534,57.91958851754386,90.02803263724148,2020-10-13
BANKNIFTY15OCT2023500PE,PE,2020-10-13 10:24:00,2020-10-13 10:28:00,257.6425,272.76638717651366,4,302.47774353027353,57.03550785812665,245.44223567214686,2020-10-13
BANKNIFTY15OCT2023500PE,PE,2020-10-13 10:39:00,2020-10-13 10:49:00,243.00599388122558,215.26050304412843,10,-554.909816741943,55.454919637426954,-610.36473637937,2020-10-13
BANKNIFTY15OCT2023500PE,PE,2020-10-13 11:07:00,2020-10-13 11:17:00,233.1313780593872,223.98862804412843,10,-182.8550003051754,55.54454078155277,-238.39954108672816,2020-10-13
BANKNIFTY15OCT2023500PE,PE,2020-10-13 11:20:00,2020-10-13 11:29:00,232.57999999999998,254.0632469558716,9,429.66493911743214,56.269213681655835,373.3957254357763,2020-10-13
BANKNIFTY15OCT2023500PE,PE,2020-10-13 11:47:00,2020-10-13 11:57:00,224.96099388122556,220.79663108825685,10,-83.28725585937434,55.36539433952112,-138.65265019889546,2020-10-13
BANKNIFTY15OCT2023500PE,PE,2020-10-13 12:28:00,2020-10-13 12:37:00,257.44198776245116,286.08298782348635,9,572.8200012207037,57.356924441788934,515.4630767789148,2020-10-13
BANKNIFTY15OCT2023500PE,PE,2020-10-13 12:42:00,2020-10-13 12:46:00,272.68,298.2525,4,511.4499999999998,57.842241757000004,453.6077582429998,2020-10-13
BANKNIFTY15OCT2023500PE,PE,2020-10-13 12:59:00,2020-10-13 13:06:00,290.72499999999997,313.06538108825686,7,446.8076217651378,58.426728213438324,388.3808935516995,2020-10-13
BANKNIFTY15OCT2023500PE,PE,2020-10-13 13:11:00,2020-10-13 13:21:00,276.18874999999997,270.82125,10,-107.349999999999,57.21860631100001,-164.568606310999,2020-10-13
BANKNIFTY15OCT2023500PE,PE,2020-10-13 13:31:00,2020-10-13 13:41:00,279.0458811187744,277.2052439117432,10,-36.81274414062386,57.40938387947888,-94.22212802010274,2020-10-13
BANKNIFTY15OCT2023500PE,PE,2020-10-13 13:52:00,2020-10-13 14:02:00,287.5671311187744,257.355,10,-604.2426223754876,57.0324190881672,-661.2750414636548,2020-10-13
BANKNIFTY15OCT2023500PE,PE,2020-10-13 14:03:00,2020-10-13 14:13:00,263.65749999999997,264.68663108825683,10,20.58262176513722,56.91370705693832,-36.3310852918011,2020-10-13
BANKNIFTY15OCT2023500PE,PE,2020-10-13 14:15:00,2020-10-13 14:21:00,248.51974388122557,280.99576217651367,6,649.520365905762,57.12233841095944,592.3980274948026,2020-10-13
BANKNIFTY15OCT2023500PE,PE,2020-10-13 14:31:00,2020-10-13 14:40:00,286.3641188812256,292.018125,9,113.08012237548837,57.86060533258279,55.21951704290558,2020-10-13
BANKNIFTY15OCT2023500PE,PE,2020-10-13 14:41:00,2020-10-13 14:51:00,278.6448872375488,254.46225608825685,10,-483.652622985839,56.85121075327274,-540.5038337391118,2020-10-13
BANKNIFTY15OCT2023500PE,PE,2020-10-13 14:59:00,2020-10-13 15:03:00,258.4946311187744,269.82375,4,226.58237762451222,56.9745188646672,169.60785875984502,2020-10-13
BANKNIFTY15OCT2023500PE,PE,2020-10-13 15:21:00,2020-10-13 15:22:00,279.8980122375488,284.536875,1,92.77725524902394,57.598302077584414,35.178953171439524,2020-10-13
BANKNIFTY15OCT2023300CE,CE,2020-10-14 09:44:00,2020-10-14 09:50:00,232.8807530593872,242.3925,6,190.23493881225647,55.98907553670861,134.24586327554786,2020-10-14
BANKNIFTY15OCT2023300CE,CE,2020-10-14 11:05:00,2020-10-14 11:15:00,241.50224388122558,224.3377439117432,10,-343.28999938964785,55.657028824894475,-398.94702821454234,2020-10-14
BANKNIFTY15OCT2023300CE,CE,2020-10-14 11:16:00,2020-10-14 11:26:00,223.05624999999998,209.27550304412844,10,-275.6149391174307,55.06149525334416,-330.67643437077487,2020-10-14
BANKNIFTY15OCT2023300CE,CE,2020-10-14 11:27:00,2020-10-14 11:37:00,205.66286888122556,204.08850608825685,10,-31.487255859374272,54.71924040452112,-86.20649626389539,2020-10-14
BANKNIFTY15OCT2023300CE,CE,2020-10-14 11:50:00,2020-10-14 12:00:00,205.8132530593872,219.200625,10,267.7474388122562,55.0886898529586,212.65874895929758,2020-10-14
BANKNIFTY15OCT2023300CE,CE,2020-10-14 12:05:00,2020-10-14 12:15:00,216.94099388122558,216.55725608825685,10,-7.6747558593746135,55.16264020577111,-62.837396065145725,2020-10-14
BANKNIFTY15OCT2023300CE,CE,2020-10-14 12:17:00,2020-10-14 12:27:00,212.7304969406128,256.8063871765137,10,881.5178047180177,56.08933444091805,825.4284702770997,2020-10-14
BANKNIFTY15OCT2023300CE,CE,2020-10-14 12:35:00,2020-10-14 12:40:00,233.58249999999998,243.39000000000001,5,196.15000000000066,56.022056551,140.12794344900067,2020-10-14
BANKNIFTY15OCT2023300CE,CE,2020-10-14 13:22:00,2020-10-14 13:32:00,202.8057530593872,208.97625000000002,10,123.40993881225643,54.8026322682086,68.60730654404783,2020-10-14
BANKNIFTY15OCT2023300CE,CE,2020-10-14 14:06:00,2020-10-14 14:07:00,229.82312499999998,239.00100608825684,1,183.55762176513736,55.86859544743833,127.68902631769902,2020-10-14
BANKNIFTY15OCT2023300PE,PE,2020-10-14 09:25:00,2020-10-14 09:35:00,265.06099388122556,272.36736282348636,10,146.12737884521607,57.11796654995615,89.00941229525992,2020-10-14
BANKNIFTY15OCT2023300PE,PE,2020-10-14 11:00:00,2020-10-14 11:10:00,249.82299694061277,264.33750000000003,10,290.2900611877453,56.733340599791404,233.55672058795392,2020-10-14
BANKNIFTY15OCT2023300PE,PE,2020-10-14 12:24:00,2020-10-14 12:34:00,207.4673719406128,226.03350608825684,10,371.322682952881,55.275440230729714,316.0472427221513,2020-10-14
BANKNIFTY15OCT2023300PE,PE,2020-10-14 12:35:00,2020-10-14 12:45:00,232.22911888122556,232.81649391174318,10,11.747500610352404,55.74805695264447,-44.000556342292064,2020-10-14
BANKNIFTY15OCT2023300PE,PE,2020-10-14 12:55:00,2020-10-14 13:05:00,218.69536888122556,251.22038108825686,10,650.5002441406259,56.02756784627111,594.4726762943548,2020-10-14
BANKNIFTY15OCT2023300PE,PE,2020-10-14 13:59:00,2020-10-14 14:09:00,199.748125,205.1358689117432,10,107.75487823486401,54.67123362681167,53.08364460805234,2020-10-14
BANKNIFTY15OCT2023300PE,PE,2020-10-14 14:16:00,2020-10-14 14:26:00,182.2545030593872,98.50312500000001,10,-1675.0275611877437,51.8602076554586,-1726.8877688432024,2020-10-14
BANKNIFTY15OCT2023300PE,PE,2020-10-14 14:27:00,2020-10-14 14:37:00,88.5708734703064,84.6378734779358,10,-78.65999984741194,50.359066882973615,-129.01906673038556,2020-10-14
BANKNIFTY15OCT2023300PE,PE,2020-10-14 14:40:00,2020-10-14 14:50:00,80.8014984703064,68.97712652206421,10,-236.48743896484376,49.88161753106778,-286.36905649591154,2020-10-14
BANKNIFTY15OCT2023300PE,PE,2020-10-14 14:52:00,2020-10-14 15:01:00,67.26774847030639,45.03712652206421,9,-444.6124389648435,49.13117265056778,-493.7436116154113,2020-10-14
BANKNIFTY15OCT2023300PE,PE,2020-10-14 15:02:00,2020-10-14 15:03:00,43.5085015296936,48.378750000000004,1,97.404969406128,48.917277583104294,48.48769182302371,2020-10-14
BANKNIFTY15OCT2023300PE,PE,2020-10-14 15:11:00,2020-10-14 15:21:00,44.3105007648468,36.7079992389679,10,-152.050030517578,48.64336662759111,-200.69339714516911,2020-10-14
BANKNIFTY15OCT2023300PE,PE,2020-10-14 15:22:00,2020-10-14 15:24:00,39.44837347030639,37.855125761032106,2,-31.864954185485743,48.610863749606736,-80.47581793509248,2020-10-14
BANKNIFTY15OCT2023800CE,CE,2020-10-15 09:30:00,2020-10-15 09:36:00,74.7363780593872,92.6178734779358,6,357.6299083709719,50.38129497378652,307.2486133971854,2020-10-15
BANKNIFTY15OCT2023800CE,CE,2020-10-15 09:40:00,2020-10-15 09:43:00,173.2821311187744,171.57000000000002,3,-34.2426223754876,53.52598793616721,-87.76861031165481,2020-10-15
BANKNIFTY15OCT2023800CE,CE,2020-10-15 09:48:00,2020-10-15 09:58:00,252.88062499999998,271.61923782348634,10,374.77225646972727,56.94844542587335,317.82381104385394,2020-10-15
BANKNIFTY15OCT2023800CE,CE,2020-10-15 10:26:00,2020-10-15 10:33:00,157.5428688812256,191.2207469558716,7,673.5575614929201,53.80842654648863,619.7491349464315,2020-10-15
BANKNIFTY15OCT2023800CE,CE,2020-10-15 11:08:00,2020-10-15 11:18:00,188.7707530593872,191.52,10,54.98493881225613,54.2036681997086,0.7812706125475302,2020-10-15
BANKNIFTY15OCT2023800CE,CE,2020-10-15 11:33:00,2020-10-15 11:42:00,141.1520030593872,158.70225608825683,9,351.00506057739267,52.81382622139694,298.19123435599573,2020-10-15
BANKNIFTY15OCT2023800CE,CE,2020-10-15 11:48:00,2020-10-15 11:57:00,140.29987194061277,175.31062500000002,9,700.2150611877448,53.2072150072914,647.0078461804534,2020-10-15
BANKNIFTY15OCT2023800CE,CE,2020-10-15 12:05:00,2020-10-15 12:15:00,145.1620030593872,150.77211891174318,10,112.20231704711978,52.67075537277028,59.5315616743495,2020-10-15
BANKNIFTY15OCT2023800CE,CE,2020-10-15 12:20:00,2020-10-15 12:25:00,149.82362194061278,167.67975608825685,5,357.1226829528814,53.13992406472971,303.9827588881517,2020-10-15
BANKNIFTY15OCT2023800CE,CE,2020-10-15 12:31:00,2020-10-15 12:41:00,161.4025,154.16362804412842,10,-144.77743911743175,52.95501452209417,-197.73245363952591,2020-10-15
BANKNIFTY15OCT2023800CE,CE,2020-10-15 13:29:00,2020-10-15 13:32:00,33.984751529693604,34.26412347793579,3,5.587438964843727,48.45563979293222,-42.86820082808849,2020-10-15
BANKNIFTY15OCT2023800CE,CE,2020-10-15 13:33:00,2020-10-15 13:42:00,31.177750382423397,25.536000380516054,9,-112.83500003814687,48.2084673585066,-161.04346739665348,2020-10-15
BANKNIFTY15OCT2023800CE,CE,2020-10-15 13:52:00,2020-10-15 13:54:00,14.1352503824234,14.264250190258027,2,2.5799961566925234,47.72256861257884,-45.14257245588632,2020-10-15
BANKNIFTY15OCT2023800PE,PE,2020-10-15 10:03:00,2020-10-15 10:05:00,42.856874999999995,47.73037347793579,2,97.46996955871595,48.89341118457792,48.576558374138024,2020-10-15
BANKNIFTY15OCT2023800PE,PE,2020-10-15 10:20:00,2020-10-15 10:25:00,44.11,68.72775152206421,5,492.3550304412842,49.419711332922084,442.93531910836214,2020-10-15
BANKNIFTY15OCT2023800PE,PE,2020-10-15 10:48:00,2020-10-15 10:55:00,62.75649847030639,50.82262576103211,7,-238.67745418548566,49.215850854356745,-287.8933050398424,2020-10-15
BANKNIFTY22OCT2023300CE,CE,2020-10-16 10:00:00,2020-10-16 10:01:00,395.48625,401.6932621765137,1,124.14024353027457,61.88398920737665,62.256254322897924,2020-10-16
BANKNIFTY22OCT2023300CE,CE,2020-10-16 10:21:00,2020-10-16 10:26:00,427.36573776245115,432.166875,5,96.02274475097715,63.021275180415586,33.00146957056157,2020-10-16
BANKNIFTY22OCT2023300CE,CE,2020-10-16 10:42:00,2020-10-16 10:52:00,434.7341188812256,465.58312500000005,10,616.9801223754894,63.925620498582795,553.0545018769066,2020-10-16
BANKNIFTY22OCT2023300CE,CE,2020-10-16 10:53:00,2020-10-16 11:03:00,460.1475,446.7802439117432,10,-267.3451217651359,63.78399242181168,-331.12911418694756,2020-10-16
BANKNIFTY22OCT2023300CE,CE,2020-10-16 11:05:00,2020-10-16 11:11:00,438.0925,447.0795121765137,6,179.74024353027403,63.51726920537665,116.22297432489738,2020-10-16
BANKNIFTY22OCT2023300CE,CE,2020-10-16 11:33:00,2020-10-16 11:43:00,438.6940061187744,426.93,10,-235.2801223754875,63.03463340241721,-298.31475577790474,2020-10-16
BANKNIFTY22OCT2023300CE,CE,2020-10-16 12:17:00,2020-10-16 12:22:00,506.81386276245115,509.6726371765137,5,57.17548828125132,65.89352606304223,-8.718037781790912,2020-10-16
BANKNIFTY22OCT2023300CE,CE,2020-10-16 12:50:00,2020-10-16 12:55:00,543.0542622375488,591.0187500000001,5,959.2897552490263,68.32239259983442,890.9673626491918,2020-10-16
BANKNIFTY22OCT2023300CE,CE,2020-10-16 13:41:00,2020-10-16 13:51:00,582.9036372375488,540.0465243530274,10,-857.1422576904274,67.5776372673377,-924.7198949577651,2020-10-16
BANKNIFTY22OCT2023300CE,CE,2020-10-16 13:52:00,2020-10-16 13:54:00,536.3375,584.8342378234863,2,969.9347564697268,68.08851663212334,901.8462398376034,2020-10-16
BANKNIFTY22OCT2023300CE,CE,2020-10-16 14:08:00,2020-10-16 14:18:00,575.8861372375488,536.405625,10,-789.610244750977,67.40189487483441,-857.0121396258114,2020-10-16
BANKNIFTY22OCT2023300CE,CE,2020-10-16 14:19:00,2020-10-16 14:26:00,546.7635244750976,564.5351371765137,7,355.4322540283215,67.72429818529547,287.707955843026,2020-10-16
BANKNIFTY22OCT2023300CE,CE,2020-10-16 14:35:00,2020-10-16 14:45:00,566.7633505249023,566.829375,10,1.3204895019543983,68.02857214733118,-66.70808264537678,2020-10-16
BANKNIFTY22OCT2023300CE,CE,2020-10-16 14:58:00,2020-10-16 15:08:00,568.4175,571.3679878234864,10,59.00975646972711,68.15951804162336,-9.14976157189625,2020-10-16
BANKNIFTY22OCT2023300CE,CE,2020-10-16 15:10:00,2020-10-16 15:20:00,559.1944877624511,532.6650000000001,10,-530.5897552490205,67.10353903216559,-597.6932942811861,2020-10-16
BANKNIFTY22OCT2023300CE,CE,2020-10-16 15:21:00,2020-10-16 15:24:00,526.3125,522.69,3,-72.44999999999891,66.452398459,-138.9023984589989,2020-10-16
BANKNIFTY22OCT2023300PE,PE,2020-10-16 09:16:00,2020-10-16 09:25:00,425.96224388122556,438.5508689117432,9,251.77250061035238,63.15912044814448,188.6133801622079,2020-10-16
BANKNIFTY22OCT2023300PE,PE,2020-10-16 09:30:00,2020-10-16 09:33:00,364.90999999999997,358.5513871765137,3,-127.17225646972565,60.45475639712665,-187.6270128668523,2020-10-16
BANKNIFTY22OCT2023300PE,PE,2020-10-16 09:49:00,2020-10-16 09:50:00,456.388125,469.62298782348637,1,264.69725646972734,64.29290521637336,200.40435125335398,2020-10-16
BANKNIFTY22OCT2023300PE,PE,2020-10-16 10:07:00,2020-10-16 10:08:00,433.18025611877437,430.8202439117432,1,-47.20024414062323,63.06075751472888,-110.2610016553521,2020-10-16
BANKNIFTY22OCT2023300PE,PE,2020-10-16 10:16:00,2020-10-16 10:19:00,401.0,415.4088871765137,3,288.17774353027403,62.28610320812665,225.8916403221474,2020-10-16
BANKNIFTY22OCT2023300PE,PE,2020-10-16 10:48:00,2020-10-16 10:58:00,385.5615061187744,391.2195121765137,10,113.16012115478657,61.50592885379385,51.65419230099272,2020-10-16
BANKNIFTY22OCT2023300PE,PE,2020-10-16 11:46:00,2020-10-16 11:56:00,431.0248872375488,400.29673782348635,10,-614.5629882812489,62.29153852120777,-676.8545268024566,2020-10-16
BANKNIFTY22OCT2023300PE,PE,2020-10-16 11:57:00,2020-10-16 12:07:00,395.9373872375488,325.78350608825684,10,-1403.0776229858395,60.04319541277274,-1463.1208183986123,2020-10-16
BANKNIFTY22OCT2023300PE,PE,2020-10-16 12:25:00,2020-10-16 12:35:00,334.23349388122557,317.1052439117432,10,-342.56499938964794,59.06552434539447,-401.6305237350424,2020-10-16
BANKNIFTY22OCT2023300PE,PE,2020-10-16 12:42:00,2020-10-16 12:50:00,302.65474388122556,331.17,8,570.3051223754892,59.01530808808279,511.2898142874064,2020-10-16
BANKNIFTY22OCT2023300PE,PE,2020-10-16 13:16:00,2020-10-16 13:26:00,282.45437499999997,275.2601371765137,10,-143.88475646972552,57.40441764587665,-201.28917411560218,2020-10-16
BANKNIFTY22OCT2023300PE,PE,2020-10-16 13:54:00,2020-10-16 13:56:00,293.6823872375488,299.25,2,111.35225524902353,58.12742980608442,53.22482544293911,2020-10-16
BANKNIFTY22OCT2023300PE,PE,2020-10-16 14:30:00,2020-10-16 14:35:00,265.0108811187744,294.6614939117432,5,593.0122558593757,57.65961749597888,535.3526383633969,2020-10-16
BANKNIFTY22OCT2023800CE,CE,2020-10-19 13:32:00,2020-10-19 13:37:00,570.6230122375488,578.5500000000001,5,158.5397552490258,68.36161083483441,90.1781444141914,2020-10-19
BANKNIFTY22OCT2023800CE,CE,2020-10-19 14:37:00,2020-10-19 14:45:00,678.6925,679.048125,8,7.112500000000637,72.14869911625,-65.03619911624936,2020-10-19
BANKNIFTY22OCT2023800CE,CE,2020-10-19 15:15:00,2020-10-19 15:21:00,668.6173872375488,668.8736128234864,6,5.124511718752274,71.77604918095777,-66.6515374622055,2020-10-19
BANKNIFTY22OCT2023800PE,PE,2020-10-19 09:21:00,2020-10-19 09:24:00,326.71474388122556,376.55625000000003,3,996.8301223754895,60.41817689458279,936.4119454809068,2020-10-19
BANKNIFTY22OCT2023800PE,PE,2020-10-19 09:59:00,2020-10-19 10:04:00,230.22411888122556,225.435,5,-95.78237762451124,55.543603129332794,-151.32598075384402,2020-10-19
BANKNIFTY22OCT2023800PE,PE,2020-10-19 10:17:00,2020-10-19 10:27:00,212.7304969406128,239.30024391174317,10,531.3949394226074,55.66352201460307,475.73141740800435,2020-10-19
BANKNIFTY22OCT2023800PE,PE,2020-10-19 10:46:00,2020-10-19 10:56:00,235.6877561187744,244.38750000000002,10,173.99487762451258,56.07247420191721,117.92240342259538,2020-10-19
BANKNIFTY22OCT2023800PE,PE,2020-10-19 11:17:00,2020-10-19 11:27:00,243.4571311187744,253.0657469558716,10,192.17231674194352,56.38008401682305,135.79223272512047,2020-10-19
BANKNIFTY22OCT2023800PE,PE,2020-10-19 11:29:00,2020-10-19 11:39:00,252.63,242.94112804412842,10,-193.77743911743153,56.247776890094165,-250.0252160075257,2020-10-19
BANKNIFTY22OCT2023800PE,PE,2020-10-19 12:06:00,2020-10-19 12:16:00,242.35437499999998,232.76663108825684,10,-191.75487823486264,55.872636241188324,-247.62751447605098,2020-10-19
BANKNIFTY22OCT2023800PE,PE,2020-10-19 12:17:00,2020-10-19 12:20:00,222.95599388122557,225.8838719558716,3,58.55756149292063,55.46422503348863,3.0933364594319954,2020-10-19
BANKNIFTY22OCT2023800PE,PE,2020-10-19 12:34:00,2020-10-19 12:44:00,215.48737194061277,215.9088719558716,10,8.430000305176577,55.12880995194723,-46.698809646770655,2020-10-19
BANKNIFTY22OCT2023800PE,PE,2020-10-19 12:46:00,2020-10-19 12:56:00,208.51999999999998,220.39762195587159,10,237.55243911743207,55.15143266940584,182.40100644802624,2020-10-19
BANKNIFTY22OCT2023800PE,PE,2020-10-19 12:59:00,2020-10-19 13:09:00,216.89088111877442,212.76675304412842,10,-82.4825614929199,55.06981894501137,-137.55238043793128,2020-10-19
BANKNIFTY22OCT2023800PE,PE,2020-10-19 13:10:00,2020-10-19 13:20:00,205.5125,183.63975608825686,10,-437.4548782348626,54.21998506618833,-491.6748633010509,2020-10-19
BANKNIFTY22OCT2023800PE,PE,2020-10-19 13:22:00,2020-10-19 13:29:00,187.5176280593872,210.52237804412843,7,460.09499969482476,54.65030611855276,405.444693576272,2020-10-19
BANKNIFTY22OCT2023800PE,PE,2020-10-19 13:52:00,2020-10-19 14:02:00,195.88849388122557,190.9713719558716,10,-98.34243850707935,54.27875155548863,-152.621190062568,2020-10-19
BANKNIFTY22OCT2023800PE,PE,2020-10-19 14:15:00,2020-10-19 14:18:00,175.58786888122557,202.14336891174318,3,531.1100006103521,54.298287895894475,476.81171271445766,2020-10-19
BANKNIFTY22OCT2023800PE,PE,2020-10-19 14:52:00,2020-10-19 14:57:00,143.3575,144.48788108825684,5,22.607621765137083,52.49548166143832,-29.887859896301237,2020-10-19
BANKNIFTY22OCT2023800PE,PE,2020-10-19 15:21:00,2020-10-19 15:24:00,143.2071311187744,151.47038108825686,3,165.2649993896489,52.66345307560553,112.60154631404336,2020-10-19
BANKNIFTY22OCT2024100CE,CE,2020-10-20 09:50:00,2020-10-20 10:00:00,367.3661372375488,332.3171189117432,10,-700.9803665161121,59.847158616146096,-760.8275251322582,2020-10-20
BANKNIFTY22OCT2024100CE,CE,2020-10-20 10:03:00,2020-10-20 10:05:00,352.0278688812256,366.6810060882569,2,293.06274414062614,60.49245555152112,232.57028858910502,2020-10-20
BANKNIFTY22OCT2024100CE,CE,2020-10-20 10:07:00,2020-10-20 10:17:00,360.9,355.11,10,-115.79999999999927,60.321230836000005,-176.12123083599928,2020-10-20
BANKNIFTY22OCT2024100CE,CE,2020-10-20 10:18:00,2020-10-20 10:28:00,353.03036888122557,355.11,10,41.59262237548887,60.2234616868328,-18.630839311343927,2020-10-20
BANKNIFTY22OCT2024100CE,CE,2020-10-20 10:41:00,2020-10-20 10:45:00,380.74948776245117,417.05475608825685,4,726.1053665161137,62.07455240135391,664.0308141147598,2020-10-20
BANKNIFTY22OCT2024100CE,CE,2020-10-20 10:54:00,2020-10-20 10:59:00,391.8772438812256,410.6707621765137,5,375.8703659057619,62.05751747795944,313.81284842780246,2020-10-20
BANKNIFTY22OCT2024100CE,CE,2020-10-20 12:26:00,2020-10-20 12:31:00,436.0373872375488,454.16173782348636,5,362.48701171875155,63.66400253020777,298.8230091885438,2020-10-20
BANKNIFTY22OCT2024100CE,CE,2020-10-20 12:52:00,2020-10-20 13:02:00,437.340625,388.2270121765137,10,-982.2722564697256,62.07642354212664,-1044.3486800118521,2020-10-20
BANKNIFTY22OCT2024100CE,CE,2020-10-20 14:21:00,2020-10-20 14:31:00,456.63874999999996,463.0395121765137,10,128.01524353027503,64.13588505287665,63.879358477398384,2020-10-20
BANKNIFTY22OCT2024100CE,CE,2020-10-20 14:32:00,2020-10-20 14:42:00,453.68136276245116,439.74788108825686,10,-278.66963348388595,63.532607338853914,-342.20224082273984,2020-10-20
BANKNIFTY22OCT2024100CE,CE,2020-10-20 14:48:00,2020-10-20 14:58:00,435.5361372375488,438.90000000000003,10,67.27725524902439,63.286554794584404,3.990700454439988,2020-10-20
BANKNIFTY22OCT2024100CE,CE,2020-10-20 15:12:00,2020-10-20 15:22:00,445.5611372375488,436.95486282348634,10,-172.1254882812491,63.36378864595777,-235.48927692720684,2020-10-20
BANKNIFTY22OCT2024100PE,PE,2020-10-20 09:28:00,2020-10-20 09:35:00,306.765,271.9683689117432,7,-695.9326217651358,57.626375472061675,-753.5589972371974,2020-10-20
BANKNIFTY22OCT2024100PE,PE,2020-10-20 10:05:00,2020-10-20 10:10:00,288.71999999999997,306.78111282348635,5,361.22225646972765,58.24896286787336,302.97329360185427,2020-10-20
BANKNIFTY22OCT2024100PE,PE,2020-10-20 10:36:00,2020-10-20 10:41:00,265.31161888122557,265.43475608825685,5,2.4627441406255457,56.952454261521126,-54.48971012089558,2020-10-20
BANKNIFTY22OCT2024100PE,PE,2020-10-20 10:44:00,2020-10-20 10:54:00,233.6827561187744,247.92862804412843,10,284.91743850708076,56.13369786601137,228.7837406410694,2020-10-20
BANKNIFTY22OCT2024100PE,PE,2020-10-20 11:10:00,2020-10-20 11:20:00,207.8683811187744,197.35538108825685,10,-210.2600006103512,54.58286696710553,-264.84286757745673,2020-10-20
BANKNIFTY22OCT2024100PE,PE,2020-10-20 11:52:00,2020-10-20 12:02:00,187.4675,184.9863719558716,10,-49.62256088256822,54.028555749905834,-103.65111663247406,2020-10-20
BANKNIFTY22OCT2024100PE,PE,2020-10-20 12:45:00,2020-10-20 12:51:00,190.0740061187744,206.28300304412844,6,324.1799385070806,54.578948675261366,269.6009898318192,2020-10-20
BANKNIFTY22OCT2024100PE,PE,2020-10-20 13:05:00,2020-10-20 13:06:00,219.74799694061278,226.63199695587159,1,137.68000030517612,55.44256725594724,82.23743304922888,2020-10-20
BANKNIFTY22OCT2024100PE,PE,2020-10-20 13:21:00,2020-10-20 13:26:00,201.5025,216.4076219558716,5,298.10243911743214,54.96719889240585,243.13524022502628,2020-10-20
BANKNIFTY22OCT2024500CE,CE,2020-10-21 09:30:00,2020-10-21 09:40:00,388.71937499999996,386.2320121765137,10,-49.747256469725016,61.42384699862666,-111.17110346835167,2020-10-21
BANKNIFTY22OCT2024500CE,CE,2020-10-21 09:46:00,2020-10-21 09:47:00,383.0051127624512,388.7257621765137,1,114.41298828125014,61.41351226779223,52.99947601345791,2020-10-21
BANKNIFTY22OCT2024500CE,CE,2020-10-21 10:03:00,2020-10-21 10:13:00,384.25823776245113,402.84038108825683,10,371.64286651611405,61.77239893610392,309.87046758001014,2020-10-21
BANKNIFTY22OCT2024500CE,CE,2020-10-21 10:18:00,2020-10-21 10:22:00,410.0225,416.25673782348633,4,124.68475646972706,62.418817919123356,62.26593855060371,2020-10-21
BANKNIFTY22OCT2024500CE,CE,2020-10-21 10:31:00,2020-10-21 10:41:00,413.6816188812256,405.1346189117432,10,-170.9399993896477,62.19374737689447,-233.13374676654217,2020-10-21
BANKNIFTY22OCT2024500CE,CE,2020-10-21 10:52:00,2020-10-21 11:02:00,399.746875,411.219375,10,229.4500000000005,62.168630866,167.2813691340005,2020-10-21
BANKNIFTY22OCT2024500CE,CE,2020-10-21 11:38:00,2020-10-21 11:48:00,390.4236372375488,393.86288108825687,10,68.78487701416134,61.630630274022735,7.154246740138603,2020-10-21
BANKNIFTY22OCT2024500CE,CE,2020-10-21 11:53:00,2020-10-21 12:03:00,403.45613723754883,395.01000000000005,10,-168.92274475097565,61.82044290258441,-230.74318765356006,2020-10-21
BANKNIFTY22OCT2024500CE,CE,2020-10-21 12:04:00,2020-10-21 12:14:00,400.24812499999996,412.76548782348635,10,250.34725646972788,62.21246522537336,188.13479124435452,2020-10-21
BANKNIFTY22OCT2024500CE,CE,2020-10-21 12:36:00,2020-10-21 12:46:00,409.82198776245116,391.768125,10,-361.0772552490232,61.820675612415585,-422.8979308614388,2020-10-21
BANKNIFTY22OCT2024500CE,CE,2020-10-21 13:15:00,2020-10-21 13:25:00,353.8825,177.95399391174317,10,-3518.5701217651367,55.92497639331168,-3574.4950981584484,2020-10-21
BANKNIFTY22OCT2024500CE,CE,2020-10-21 13:27:00,2020-10-21 13:37:00,230.1740061187744,141.395625,10,-1775.567622375488,53.4988404066672,-1829.0664627821552,2020-10-21
BANKNIFTY22OCT2024500CE,CE,2020-10-21 13:39:00,2020-10-21 13:49:00,140.80112194061277,156.60750000000002,10,316.12756118774485,52.75851500554139,263.3690461822035,2020-10-21
BANKNIFTY22OCT2024500CE,CE,2020-10-21 14:07:00,2020-10-21 14:17:00,101.1021234703064,80.94712652206421,10,-403.0999389648437,50.42497786781778,-453.5249168326615,2020-10-21
BANKNIFTY22OCT2024500CE,CE,2020-10-21 14:38:00,2020-10-21 14:48:00,130.4753688812256,140.54774391174317,10,201.44750061035154,52.239600896644475,149.20789971370706,2020-10-21
BANKNIFTY22OCT2024500CE,CE,2020-10-21 15:07:00,2020-10-21 15:15:00,239.3970030593872,319.20000000000005,8,1596.0599388122569,57.93826572720861,1538.1216730850483,2020-10-21
BANKNIFTY22OCT2024500PE,PE,2020-10-21 09:20:00,2020-10-21 09:30:00,193.4825,156.55762195587158,10,-738.4975608825681,53.41179416040584,-791.909355042974,2020-10-21
BANKNIFTY22OCT2024500PE,PE,2020-10-21 09:32:00,2020-10-21 09:34:00,147.9188780593872,154.6125,2,133.8724388122563,52.798417578458604,81.07402123379768,2020-10-21
BANKNIFTY22OCT2024500PE,PE,2020-10-21 10:06:00,2020-10-21 10:12:00,143.25724388122558,140.3482469558716,6,-58.17993850707978,52.393545314738624,-110.5734838218184,2020-10-21
BANKNIFTY22OCT2024500PE,PE,2020-10-21 10:15:00,2020-10-21 10:18:00,125.8638780593872,132.76725608825683,3,138.0675605773925,51.99306010564693,86.07450047174557,2020-10-21
BANKNIFTY22OCT2024500PE,PE,2020-10-21 10:43:00,2020-10-21 10:52:00,129.8738780593872,137.15625,9,145.6474388122558,52.149634873958604,93.49780393829721,2020-10-21
BANKNIFTY22OCT2024500PE,PE,2020-10-21 12:11:00,2020-10-21 12:16:00,113.2825,116.8072484779358,5,70.49496955871604,51.44854925607791,19.046420302638126,2020-10-21
BANKNIFTY22OCT2024500PE,PE,2020-10-21 12:24:00,2020-10-21 12:30:00,107.2675,106.53300304412842,6,-14.68993911743155,51.12391466584416,-65.8138537832757,2020-10-21
BANKNIFTY22OCT2024500PE,PE,2020-10-21 15:04:00,2020-10-21 15:14:00,163.8084938812256,104.5878734779358,10,-1184.4124080657957,51.779044803910715,-1236.1914528697064,2020-10-21
BANKNIFTY22OCT2024500PE,PE,2020-10-21 15:15:00,2020-10-21 15:24:00,101.45299694061279,97.75500000000001,9,-73.95993881225564,50.8381649707914,-124.79810378304704,2020-10-21
BANKNIFTY22OCT2024500CE,CE,2020-10-22 09:30:00,2020-10-22 09:40:00,179.89862194061277,166.18350608825685,10,-274.30231704711844,53.47716964822972,-327.77948669534817,2020-10-22
BANKNIFTY22OCT2024500CE,CE,2020-10-22 09:45:00,2020-10-22 09:54:00,183.2570030593872,227.18062500000002,9,878.4724388122567,55.0025623534586,823.469876458798,2020-10-22
BANKNIFTY22OCT2024500CE,CE,2020-10-22 10:07:00,2020-10-22 10:17:00,200.5,172.0188719558716,10,-569.6225608825682,53.87505003390584,-623.4976109164741,2020-10-22
BANKNIFTY22OCT2024500CE,CE,2020-10-22 10:19:00,2020-10-22 10:29:00,169.0716188812256,164.68725608825685,10,-87.68725585937489,53.306265106521124,-140.993520965896,2020-10-22
BANKNIFTY22OCT2024500CE,CE,2020-10-22 10:40:00,2020-10-22 10:50:00,181.15174694061278,185.535,10,87.6650611877443,53.963435969291396,33.701625218452904,2020-10-22
BANKNIFTY22OCT2024500CE,CE,2020-10-22 12:24:00,2020-10-22 12:30:00,140.80112194061277,129.924375,6,-217.53493881225552,52.10948534629139,-269.64442415854694,2020-10-22
BANKNIFTY22OCT2024500CE,CE,2020-10-22 12:42:00,2020-10-22 12:44:00,87.969375,93.26625,2,105.9375,50.56146728575,55.37603271425,2020-10-22
BANKNIFTY22OCT2024500CE,CE,2020-10-22 14:43:00,2020-10-22 14:48:00,13.8846253824234,15.361499619483949,5,29.53748474121099,47.746144004045554,-18.208659262834566,2020-10-22
BANKNIFTY22OCT2024500PE,PE,2020-10-22 12:00:00,2020-10-22 12:08:00,132.4302561187744,144.73725608825686,8,246.13999938964923,52.36579165210553,193.7742077375437,2020-10-22
BANKNIFTY22OCT2024500PE,PE,2020-10-22 12:47:00,2020-10-22 12:57:00,190.6754969406128,123.09150152206422,10,-1351.6799083709714,52.56290455021348,-1404.2428129211848,2020-10-22
BANKNIFTY22OCT2024500PE,PE,2020-10-22 12:58:00,2020-10-22 13:02:00,126.9164984703064,137.6051219558716,4,213.77246971130404,52.12381175480154,161.64865795650252,2020-10-22
BANKNIFTY22OCT2024500PE,PE,2020-10-22 13:07:00,2020-10-22 13:16:00,89.67362194061279,122.5428734779358,9,657.3850307464602,51.29475304686932,606.0902776995908,2020-10-22
BANKNIFTY22OCT2024500PE,PE,2020-10-22 14:45:00,2020-10-22 14:47:00,200.5,162.39300304412842,2,-762.1399391174316,53.640914248844155,-815.7808533662758,2020-10-22
BANKNIFTY22OCT2024500PE,PE,2020-10-22 15:20:00,2020-10-22 15:24:00,16.691624617576597,16.708125000000003,4,0.33000764846811137,47.81377181684893,-47.483764168380816,2020-10-22
BANKNIFTY29OCT2024700CE,CE,2020-10-23 09:24:00,2020-10-23 09:31:00,453.02974388122556,434.46111282348636,7,-371.37262115478393,63.39591864995615,-434.7685398047401,2020-10-23
BANKNIFTY29OCT2024700CE,CE,2020-10-23 09:52:00,2020-10-23 09:57:00,410.6741188812256,420.14701217651367,5,189.45786590576176,62.52153884870944,126.93632705705232,2020-10-23
BANKNIFTY29OCT2024700CE,CE,2020-10-23 10:08:00,2020-10-23 10:18:00,411.52625,384.0375,10,-549.7749999999996,61.6538120545,-611.4288120544996,2020-10-23
BANKNIFTY29OCT2024700CE,CE,2020-10-23 10:19:00,2020-10-23 10:29:00,385.9123872375488,377.7532621765137,10,-163.1825012207014,61.18274038196106,-224.36524160266245,2020-10-23
BANKNIFTY29OCT2024700CE,CE,2020-10-23 10:31:00,2020-10-23 10:41:00,377.691875,360.3967378234863,10,-345.90274353027326,60.65843887037336,-406.5611824006466,2020-10-23
BANKNIFTY29OCT2024700CE,CE,2020-10-23 10:48:00,2020-10-23 10:58:00,365.06036888122554,346.5813871765137,10,-369.57963409423655,60.16547102795944,-429.745105122196,2020-10-23
BANKNIFTY29OCT2024700CE,CE,2020-10-23 10:59:00,2020-10-23 11:09:00,336.7898872375488,336.6063871765137,10,-3.6700012207018062,59.571621962211054,-63.24162318291286,2020-10-23
BANKNIFTY29OCT2024700CE,CE,2020-10-23 11:23:00,2020-10-23 11:33:00,350.12312499999996,337.05524391174316,10,-261.35762176513595,59.74818658656168,-321.10580835169765,2020-10-23
BANKNIFTY29OCT2024700CE,CE,2020-10-23 11:35:00,2020-10-23 11:38:00,338.5442622375488,344.13750000000005,3,111.86475524902448,59.77660139133441,52.088153857690074,2020-10-23
BANKNIFTY29OCT2024700CE,CE,2020-10-23 11:42:00,2020-10-23 11:52:00,347.3161372375488,333.81336891174317,10,-270.0553665161124,59.63445962264609,-329.68982613875846,2020-10-23
BANKNIFTY29OCT2024700CE,CE,2020-10-23 12:11:00,2020-10-23 12:15:00,321.2511372375488,331.17,4,198.37725524902453,59.24634224058441,139.13091300844013,2020-10-23
BANKNIFTY29OCT2024700CE,CE,2020-10-23 12:32:00,2020-10-23 12:42:00,355.98775611877437,360.346875,10,87.18237762451281,60.38758273566721,26.7947948888456,2020-10-23
BANKNIFTY29OCT2024700CE,CE,2020-10-23 13:12:00,2020-10-23 13:22:00,362.0027561187744,339.15000000000003,10,-457.0551223754876,59.946726380917205,-517.0018487564048,2020-10-23
BANKNIFTY29OCT2024700CE,CE,2020-10-23 13:23:00,2020-10-23 13:33:00,341.100625,332.76600608825686,10,-166.69237823486242,59.53176495043833,-226.22414318530076,2020-10-23
BANKNIFTY29OCT2024700CE,CE,2020-10-23 14:20:00,2020-10-23 14:30:00,356.58926223754884,335.70861282348636,10,-417.6129882812495,59.79576437320776,-477.40875265445726,2020-10-23
BANKNIFTY29OCT2024700CE,CE,2020-10-23 14:34:00,2020-10-23 14:40:00,336.84,364.2870121765137,6,548.9402435302748,60.245536993376646,488.69470653689814,2020-10-23
BANKNIFTY29OCT2024700CE,CE,2020-10-23 14:50:00,2020-10-23 15:00:00,366.6142622375488,342.14250000000004,10,-489.43524475097547,60.07680626133441,-549.5120510123099,2020-10-23
BANKNIFTY29OCT2024700CE,CE,2020-10-23 15:01:00,2020-10-23 15:05:00,345.66198776245113,348.0776371765137,4,48.31298828125114,59.96086748679224,-11.647879205541102,2020-10-23
BANKNIFTY29OCT2024700CE,CE,2020-10-23 15:15:00,2020-10-23 15:22:00,326.36386276245116,321.34461891174317,7,-100.38487701415988,59.07087205797726,-159.45574907213714,2020-10-23
BANKNIFTY29OCT2024700PE,PE,2020-10-23 09:20:00,2020-10-23 09:21:00,417.19036888122554,426.0322560882569,1,176.83774414062668,62.74564445102112,114.09209968960556,2020-10-23
BANKNIFTY29OCT2024700PE,PE,2020-10-23 09:37:00,2020-10-23 09:44:00,483.9067622375488,470.62048782348637,7,-265.7254882812481,64.65904854895777,-330.3845368302059,2020-10-23
BANKNIFTY29OCT2024700PE,PE,2020-10-23 09:57:00,2020-10-23 09:59:00,465.66125,465.5332621765137,2,-2.5597564697261532,64.30863396137664,-66.8683904311028,2020-10-23
BANKNIFTY29OCT2024700PE,PE,2020-10-23 10:22:00,2020-10-23 10:25:00,464.8091188812256,460.44600608825687,3,-87.26225585937414,64.17430704302112,-151.43656290239525,2020-10-23
BANKNIFTY29OCT2024700PE,PE,2020-10-23 10:44:00,2020-10-23 10:48:00,508.16724388122555,520.695,4,250.5551223754901,66.1784434730828,184.37667890240732,2020-10-23
BANKNIFTY29OCT2024700PE,PE,2020-10-23 11:19:00,2020-10-23 11:23:00,524.9591494750977,543.6873628234864,4,374.564266967775,66.94631642779218,307.6179505399828,2020-10-23
BANKNIFTY29OCT2024700PE,PE,2020-10-23 13:01:00,2020-10-23 13:11:00,491.22499999999997,504.7848628234864,10,271.19725646972825,65.58096799937334,205.6162884703549,2020-10-23
BANKNIFTY29OCT2024700PE,PE,2020-10-23 14:40:00,2020-10-23 14:50:00,464.0071311187744,458.60062500000004,10,-108.13012237548719,64.11945715641721,-172.2495795319044,2020-10-23
BANKNIFTY29OCT2024700PE,PE,2020-10-23 15:07:00,2020-10-23 15:17:00,479.99698776245117,501.8921189117432,10,437.90262298584025,65.37111372072727,372.53150926511296,2020-10-23
BANKNIFTY29OCT2024400CE,CE,2020-10-26 09:16:00,2020-10-26 09:22:00,423.1552561187744,421.3439939117432,6,-36.225244140623545,62.70571441022888,-98.93095855085242,2020-10-26
BANKNIFTY29OCT2024400CE,CE,2020-10-26 09:28:00,2020-10-26 09:33:00,394.5338627624512,419.14951217651367,5,492.3129882812498,62.296755971792244,430.0162323094575,2020-10-26
BANKNIFTY29OCT2024400CE,CE,2020-10-26 09:40:00,2020-10-26 09:48:00,414.53375,433.2641310882569,8,374.60762176513754,62.88854491543833,311.7190768496992,2020-10-26
BANKNIFTY29OCT2024400CE,CE,2020-10-26 10:12:00,2020-10-26 10:22:00,436.9396311187744,429.8726371765137,10,-141.3398788452139,63.08441327879385,-204.42429212400774,2020-10-26
BANKNIFTY29OCT2024400CE,CE,2020-10-26 10:23:00,2020-10-26 10:33:00,431.4759938812256,433.8626371765137,10,47.732865905762765,63.11358639920945,-15.380720493446688,2020-10-26
BANKNIFTY29OCT2024400CE,CE,2020-10-26 10:34:00,2020-10-26 10:44:00,437.84187499999996,428.42625000000004,10,-188.3124999999984,63.06044105275001,-251.37294105274842,2020-10-26
BANKNIFTY29OCT2024400CE,CE,2020-10-26 10:58:00,2020-10-26 11:08:00,433.4809938812256,416.95500000000004,10,-330.5198776245106,62.72724111358279,-393.24711873809343,2020-10-26
BANKNIFTY29OCT2024400CE,CE,2020-10-26 11:15:00,2020-10-26 11:25:00,385.86224388122554,382.14225608825683,10,-74.39975585937418,61.28887355327112,-135.6886294126453,2020-10-26
BANKNIFTY29OCT2024400CE,CE,2020-10-26 11:27:00,2020-10-26 11:29:00,380.0477561187744,381.4439939117432,2,27.92475585937609,61.199652433228884,-33.27489657385279,2020-10-26
BANKNIFTY29OCT2024400CE,CE,2020-10-26 11:31:00,2020-10-26 11:41:00,377.8923872375488,326.1825,10,-1034.197744750976,59.82871651908441,-1094.0264612700603,2020-10-26
BANKNIFTY29OCT2024400CE,CE,2020-10-26 11:42:00,2020-10-26 11:52:00,323.85761276245114,314.21250000000003,10,-192.90225524902212,58.86625660291559,-251.76851185193772,2020-10-26
BANKNIFTY29OCT2024400CE,CE,2020-10-26 11:54:00,2020-10-26 12:04:00,321.85261276245114,316.70625,10,-102.92725524902266,58.90200426241558,-161.82925951143824,2020-10-26
BANKNIFTY29OCT2024400CE,CE,2020-10-26 12:09:00,2020-10-26 12:19:00,288.77011276245116,266.68163108825684,10,-441.76963348388654,57.27422169485392,-499.04385517874044,2020-10-26
BANKNIFTY29OCT2024400CE,CE,2020-10-26 12:20:00,2020-10-26 12:26:00,277.0909938812256,285.18524391174316,6,161.88500061035143,57.57919947039447,104.30580113995696,2020-10-26
BANKNIFTY29OCT2024400CE,CE,2020-10-26 12:32:00,2020-10-26 12:42:00,276.0884938812256,248.67675304412842,10,-548.2348167419434,56.67872688292695,-604.9135436248704,2020-10-26
BANKNIFTY29OCT2024400CE,CE,2020-10-26 12:43:00,2020-10-26 12:53:00,256.0384938812256,236.4075,10,-392.61987762451156,56.1312012995828,-448.7510789240944,2020-10-26
BANKNIFTY29OCT2024400CE,CE,2020-10-26 12:54:00,2020-10-26 13:04:00,229.6727561187744,205.485,10,-483.75512237548776,55.051497398917206,-538.8066197744049,2020-10-26
BANKNIFTY29OCT2024400CE,CE,2020-10-26 13:59:00,2020-10-26 14:07:00,213.4322438812256,201.89399391174317,8,-230.76499938964844,54.76238557539447,-285.5273849650429,2020-10-26
BANKNIFTY29OCT2024400CE,CE,2020-10-26 14:25:00,2020-10-26 14:26:00,221.1515061187744,230.4225,1,185.41987762451242,55.55220257241721,129.86767505209522,2020-10-26
BANKNIFTY29OCT2024400CE,CE,2020-10-26 14:28:00,2020-10-26 14:38:00,226.565,231.170625,10,92.11250000000007,55.63765474825,36.47484525175007,2020-10-26
BANKNIFTY29OCT2024400CE,CE,2020-10-26 14:40:00,2020-10-26 14:50:00,225.9133811187744,236.8064939117432,10,217.86225585937586,55.766643916978886,162.09561194239697,2020-10-26
BANKNIFTY29OCT2024400CE,CE,2020-10-26 14:51:00,2020-10-26 15:01:00,237.74286888122558,231.81899391174318,10,-118.47749938964796,55.79229478614448,-174.26979417579244,2020-10-26
BANKNIFTY29OCT2024400CE,CE,2020-10-26 15:09:00,2020-10-26 15:19:00,235.4371311187744,245.18550304412844,10,194.96743850708071,56.088770844011364,138.87866766306934,2020-10-26
BANKNIFTY29OCT2024400PE,PE,2020-10-26 09:33:00,2020-10-26 09:39:00,371.4763627624512,359.7982621765137,6,-233.56201171875,60.56666275029223,-294.1286744690422,2020-10-26
BANKNIFTY29OCT2024400PE,PE,2020-10-26 13:44:00,2020-10-26 13:47:00,600.0964755249023,608.3253506469727,3,164.57750244140698,69.45202107232788,95.1254813690791,2020-10-26
BANKNIFTY29OCT2024400PE,PE,2020-10-26 14:16:00,2020-10-26 14:21:00,607.515,613.4625,5,118.94999999999982,69.669139819,49.280860180999824,2020-10-26
BANKNIFTY29OCT2024400PE,PE,2020-10-26 14:45:00,2020-10-26 14:50:00,530.9741494750976,555.3581250000001,5,487.6795104980488,67.30491933266882,420.37459116537997,2020-10-26
BANKNIFTY29OCT2024400PE,PE,2020-10-26 15:18:00,2020-10-26 15:24:00,516.036875,495.3585060882569,6,-413.5673782348624,65.65993787893832,-479.2273161138007,2020-10-26
BANKNIFTY29OCT2024000CE,CE,2020-10-27 09:16:00,2020-10-27 09:26:00,352.7296311187744,312.4170121765137,10,-806.2523788452143,59.18127828254386,-865.4336571277581,2020-10-27
BANKNIFTY29OCT2024000CE,CE,2020-10-27 09:52:00,2020-10-27 09:54:00,487.9167622375488,488.4757621765137,2,11.179998779297193,65.14317173621106,-53.963172956913866,2020-10-27
BANKNIFTY29OCT2024000CE,CE,2020-10-27 10:17:00,2020-10-27 10:20:00,442.4533811187744,468.82500000000005,3,527.4323776245126,64.1003755956672,463.3320020288454,2020-10-27
BANKNIFTY29OCT2024000CE,CE,2020-10-27 11:30:00,2020-10-27 11:32:00,477.03963111877437,490.77000000000004,2,274.60737762451345,65.0638427331672,209.54353489134624,2020-10-27
BANKNIFTY29OCT2024000CE,CE,2020-10-27 15:15:00,2020-10-27 15:20:00,820.045,817.5011128234863,5,-50.87774353027271,77.27248112987336,-128.15022466014608,2020-10-27
BANKNIFTY29OCT2024000PE,PE,2020-10-27 09:29:00,2020-10-27 09:30:00,377.99261276245113,384.286875,1,125.88524475097756,61.243269256665585,64.64197549431198,2020-10-27
BANKNIFTY29OCT2024000PE,PE,2020-10-27 09:38:00,2020-10-27 09:48:00,350.875,226.33274391174317,10,-2490.845121765137,57.06435777981167,-2547.9094795449487,2020-10-27
BANKNIFTY29OCT2024000PE,PE,2020-10-27 10:04:00,2020-10-27 10:14:00,227.51737194061278,238.30274391174316,10,215.70743942260776,55.82296544385308,159.88447397875467,2020-10-27
BANKNIFTY29OCT2024000PE,PE,2020-10-27 10:20:00,2020-10-27 10:30:00,234.28424694061277,199.79925304412842,10,-689.6998779296871,54.97049088163556,-744.6703688113226,2020-10-27
BANKNIFTY29OCT2024000PE,PE,2020-10-27 10:32:00,2020-10-27 10:42:00,208.92099388122557,191.27062500000002,10,-353.0073776245109,54.4479410338328,-407.45531865834374,2020-10-27
BANKNIFTY29OCT2024000PE,PE,2020-10-27 10:45:00,2020-10-27 10:55:00,195.3371311187744,179.45024391174317,10,-317.7377441406247,53.99166633497889,-371.72941047560363,2020-10-27
BANKNIFTY29OCT2024000PE,PE,2020-10-27 11:09:00,2020-10-27 11:19:00,191.7782530593872,198.55237804412843,10,135.4824996948247,54.412084927302764,81.07041476752192,2020-10-27
BANKNIFTY29OCT2024000PE,PE,2020-10-27 11:21:00,2020-10-27 11:29:00,190.42487194061277,210.77175304412842,8,406.93762207031284,54.69249025138556,352.2451318189273,2020-10-27
BANKNIFTY29OCT2024000PE,PE,2020-10-27 11:40:00,2020-10-27 11:50:00,179.2470030593872,163.59,10,-313.14006118774387,53.40599079120861,-366.5460519789525,2020-10-27
BANKNIFTY29OCT2024000PE,PE,2020-10-27 11:51:00,2020-10-27 12:01:00,160.39999999999998,163.93913108825686,10,70.7826217651376,53.18033528893832,17.602286476199282,2020-10-27
BANKNIFTY29OCT2024000PE,PE,2020-10-27 12:03:00,2020-10-27 12:13:00,159.648125,150.0738719558716,10,-191.48506088256795,52.83374127765583,-244.31880216022378,2020-10-27
BANKNIFTY29OCT2024000PE,PE,2020-10-27 12:17:00,2020-10-27 12:27:00,152.88125,153.615,10,14.675000000000296,52.8358053115,-38.16080531149971,2020-10-27
BANKNIFTY29OCT2024000PE,PE,2020-10-27 12:28:00,2020-10-27 12:38:00,149.4727561187744,172.21836891174317,10,454.91225585937514,53.24596045097888,401.66629540839625,2020-10-27
BANKNIFTY29OCT2024000PE,PE,2020-10-27 12:48:00,2020-10-27 12:58:00,158.89624999999998,163.49024391174316,10,91.87987823486367,53.15073474831168,38.72914348655199,2020-10-27
BANKNIFTY29OCT2024000PE,PE,2020-10-27 13:06:00,2020-10-27 13:16:00,159.49775611877442,117.9044969558716,10,-831.8651832580565,52.04939814507304,-883.9145814031295,2020-10-27
BANKNIFTY29OCT2024000PE,PE,2020-10-27 13:49:00,2020-10-27 13:59:00,117.89399847030639,123.34087652206422,10,108.9375610351567,51.66476202356779,57.272799011588916,2020-10-27
BANKNIFTY29OCT2024000PE,PE,2020-10-27 14:01:00,2020-10-27 14:11:00,113.4328765296936,114.0641234779358,10,12.624938964843864,51.38369479868222,-38.75875583383836,2020-10-27
BANKNIFTY29OCT2024000PE,PE,2020-10-27 14:15:00,2020-10-27 14:25:00,111.72862194061278,99.001875,10,-254.5349388122557,50.9961537142914,-305.53109252654707,2020-10-27
BANKNIFTY29OCT2024600CE,CE,2020-10-28 09:17:00,2020-10-28 09:27:00,277.84286888122557,350.42173782348635,10,1451.5773788452157,59.17532684795614,1392.4020519972596,2020-10-28
BANKNIFTY29OCT2024600CE,CE,2020-10-28 09:28:00,2020-10-28 09:38:00,383.5565061187744,316.55663108825684,10,-1339.9975006103512,59.664949481355535,-1399.6624500917067,2020-10-28
BANKNIFTY29OCT2024600CE,CE,2020-10-28 09:39:00,2020-10-28 09:49:00,312.17849388122556,293.51437500000003,10,-373.2823776245107,58.21770698833279,-431.50008461284347,2020-10-28
BANKNIFTY29OCT2024600CE,CE,2020-10-28 09:51:00,2020-10-28 10:01:00,298.04323776245116,221.8938719558716,10,-1522.9873161315913,56.30002775257144,-1579.2873438841627,2020-10-28
BANKNIFTY29OCT2024600CE,CE,2020-10-28 10:03:00,2020-10-28 10:13:00,216.3896311187744,255.80888717651368,10,788.3851211547858,56.11053126929385,732.274589885492,2020-10-28
BANKNIFTY29OCT2024600CE,CE,2020-10-28 10:31:00,2020-10-28 10:41:00,223.95849388122556,203.73937500000002,10,-404.3823776245108,54.93804580633279,-459.3204234308436,2020-10-28
BANKNIFTY29OCT2024600CE,CE,2020-10-28 10:45:00,2020-10-28 10:55:00,178.89612194061277,205.53487804412842,10,532.7751220703129,54.421882020135556,478.35324005017736,2020-10-28
BANKNIFTY29OCT2024600CE,CE,2020-10-28 11:30:00,2020-10-28 11:40:00,236.08874999999998,225.23550304412842,10,-217.0649391174311,55.61161047634416,-272.67654959377523,2020-10-28
BANKNIFTY29OCT2024600CE,CE,2020-10-28 11:41:00,2020-10-28 11:51:00,211.0763780593872,219.79913108825684,10,174.45506057739294,55.168634635396934,119.28642594199601,2020-10-28
BANKNIFTY29OCT2024600CE,CE,2020-10-28 12:02:00,2020-10-28 12:12:00,229.82312499999998,229.425,10,-7.962499999999295,55.63567250575,-63.5981725057493,2020-10-28
BANKNIFTY29OCT2024600CE,CE,2020-10-28 12:22:00,2020-10-28 12:32:00,243.30674694061278,136.85699695587158,10,-2128.994999694824,53.55160055244724,-2182.5466002472713,2020-10-28
BANKNIFTY29OCT2024600CE,CE,2020-10-28 12:33:00,2020-10-28 12:43:00,135.3876280593872,120.64762195587159,10,-294.8001220703122,51.81658623336445,-346.61670830367666,2020-10-28
BANKNIFTY29OCT2024600CE,CE,2020-10-28 12:49:00,2020-10-28 12:59:00,104.20987194061279,106.483125,10,45.46506118774431,51.08471470429139,-5.619653516547082,2020-10-28
BANKNIFTY29OCT2024600CE,CE,2020-10-28 13:37:00,2020-10-28 13:47:00,93.3828765296936,75.90974847793579,10,-349.4625610351562,50.20654986293222,-399.66911089808843,2020-10-28
BANKNIFTY29OCT2024600CE,CE,2020-10-28 14:08:00,2020-10-28 14:18:00,72.68124999999999,76.30875,10,72.55000000000024,49.95906628899999,22.590933711000247,2020-10-28
BANKNIFTY29OCT2024600CE,CE,2020-10-28 14:25:00,2020-10-28 14:35:00,82.5057530593872,71.1716234779358,10,-226.68259162902814,49.95616857453653,-276.6387602035647,2020-10-28
BANKNIFTY29OCT2024600CE,CE,2020-10-28 14:36:00,2020-10-28 14:46:00,72.43062499999999,78.4034984779358,10,119.45746955871613,50.006904448327916,69.45056511038821,2020-10-28
BANKNIFTY29OCT2024600CE,CE,2020-10-28 14:48:00,2020-10-28 14:58:00,84.3603765296936,76.1591234779358,10,-164.02506103515606,50.10052362968222,-214.12558466483827,2020-10-28
BANKNIFTY29OCT2024600CE,CE,2020-10-28 15:01:00,2020-10-28 15:11:00,69.67375,66.33375000000001,10,-66.79999999999978,49.679074402000005,-116.47907440199978,2020-10-28
BANKNIFTY29OCT2024600PE,PE,2020-10-28 11:03:00,2020-10-28 11:08:00,331.2761372375488,348.3270121765137,5,341.01749877929706,59.78820913196107,281.229289647336,2020-10-28
BANKNIFTY29OCT2024600PE,PE,2020-10-28 11:22:00,2020-10-28 11:32:00,334.1833811187744,313.21500000000003,10,-419.3676223754869,58.97027702766721,-478.3378994031541,2020-10-28
BANKNIFTY29OCT2024600PE,PE,2020-10-28 12:16:00,2020-10-28 12:23:00,289.27136276245113,280.3972560882568,7,-177.48213348388617,57.61406240060391,-235.0961958844901,2020-10-28
BANKNIFTY29OCT2024000CE,CE,2020-10-29 10:30:00,2020-10-29 10:40:00,183.0063780593872,171.17100608825683,10,-236.70743942260742,53.63709312214693,-290.3445325447544,2020-10-29
BANKNIFTY29OCT2024000CE,CE,2020-10-29 10:54:00,2020-10-29 11:03:00,166.415,193.51500000000001,9,542.0000000000005,53.974454848,488.02554515200046,2020-10-29
BANKNIFTY29OCT2024000CE,CE,2020-10-29 12:37:00,2020-10-29 12:44:00,198.39474388122557,204.03862804412842,7,112.877683258057,54.627730913176954,58.24995234488005,2020-10-29
BANKNIFTY29OCT2024000CE,CE,2020-10-29 12:57:00,2020-10-29 13:05:00,164.7608811187744,104.93699695587159,8,-1196.477683258056,51.79936882182305,-1248.277052079879,2020-10-29
BANKNIFTY29OCT2024000CE,CE,2020-10-29 13:14:00,2020-10-29 13:19:00,53.1826242351532,62.543250761032105,5,187.21253051757813,49.38199666465889,137.83053385291925,2020-10-29
BANKNIFTY29OCT2024000CE,CE,2020-10-29 13:39:00,2020-10-29 13:49:00,71.4782530593872,28.977374238967897,10,-850.017576408386,48.79285128474756,-898.8104276931336,2020-10-29
BANKNIFTY29OCT2024000CE,CE,2020-10-29 14:58:00,2020-10-29 15:03:00,29.222874617576597,71.9197484779358,5,853.9374772071841,49.312400499176846,804.6250767080072,2020-10-29
BANKNIFTY29OCT2024000CE,CE,2020-10-29 15:11:00,2020-10-29 15:21:00,103.9091265296936,92.26875000000001,10,-232.80753059387166,50.735233591854296,-283.54276418572596,2020-10-29
BANKNIFTY29OCT2024000PE,PE,2020-10-29 11:05:00,2020-10-29 11:12:00,104.51062499999999,115.85962652206422,7,226.98003044128455,51.31652141242208,175.66350902886248,2020-10-29
BANKNIFTY29OCT2024000PE,PE,2020-10-29 11:49:00,2020-10-29 11:59:00,78.89674694061279,59.8998742389679,10,-379.9374540328978,49.63716220633035,-429.57461623922813,2020-10-29
BANKNIFTY29OCT2024000PE,PE,2020-10-29 12:00:00,2020-10-29 12:07:00,44.61125,43.840125761032105,7,-15.422484779357859,48.820582008461045,-64.2430667878189,2020-10-29
BANKNIFTY29OCT2024000PE,PE,2020-10-29 12:10:00,2020-10-29 12:16:00,36.4910015296936,46.28400152206421,6,195.8599998474122,48.779143146026385,147.0808567013858,2020-10-29
BANKNIFTY29OCT2024000PE,PE,2020-10-29 12:44:00,2020-10-29 12:49:00,67.71887805938721,72.56812500000001,5,96.98493881225602,49.806430298708605,47.17850851354741,2020-10-29
BANKNIFTY29OCT2024000PE,PE,2020-10-29 13:05:00,2020-10-29 13:15:00,119.5982530593872,203.24062500000002,10,1672.8474388122563,53.62938452295862,1619.2180542892977,2020-10-29
BANKNIFTY29OCT2024000PE,PE,2020-10-29 13:20:00,2020-10-29 13:30:00,166.7157530593872,107.92949695587158,10,-1175.7251220703122,51.89644374186443,-1227.6215658121766,2020-10-29
BANKNIFTY29OCT2024000PE,PE,2020-10-29 13:31:00,2020-10-29 13:38:00,82.8064984703064,94.21387195587158,7,228.14746971130376,50.520375350301535,177.6270943610022,2020-10-29
BANKNIFTY29OCT2024000PE,PE,2020-10-29 13:53:00,2020-10-29 14:03:00,110.0745030593872,96.95699695587159,10,-262.3501220703122,50.92586480736444,-313.27598687767664,2020-10-29
BANKNIFTY05NOV2024100CE,CE,2020-10-30 09:15:00,2020-10-30 09:20:00,542.4026127624511,564.335625,5,438.660244750979,67.6652671081656,370.9949776428134,2020-10-30
BANKNIFTY05NOV2024100CE,CE,2020-10-30 09:46:00,2020-10-30 09:54:00,554.3323872375488,569.8717378234863,8,310.7870117187508,67.94813604820776,242.83887567054308,2020-10-30
BANKNIFTY05NOV2024100CE,CE,2020-10-30 10:45:00,2020-10-30 10:55:00,555.0842622375488,514.4107621765137,10,-813.4700012207031,66.60846645521106,-880.0784676759142,2020-10-30
BANKNIFTY05NOV2024100CE,CE,2020-10-30 10:56:00,2020-10-30 11:06:00,502.001875,480.09673782348636,10,-438.1027435302724,65.11435150637335,-503.21709503664573,2020-10-30
BANKNIFTY05NOV2024100CE,CE,2020-10-30 11:09:00,2020-10-30 11:19:00,461.30036888122555,473.16413108825685,10,237.275244140626,64.44006632177111,172.8351778188549,2020-10-30
BANKNIFTY05NOV2024100CE,CE,2020-10-30 11:27:00,2020-10-30 11:37:00,445.10999999999996,430.3214939117432,10,-295.7701217651356,63.19683648531167,-358.9669582504473,2020-10-30
BANKNIFTY05NOV2024100CE,CE,2020-10-30 11:39:00,2020-10-30 11:49:00,410.273125,404.78548782348633,10,-109.75274353027316,62.14290948737335,-171.8956530176465,2020-10-30
BANKNIFTY05NOV2024100CE,CE,2020-10-30 11:55:00,2020-10-30 12:05:00,385.9625,375.2096189117432,10,-215.057621765136,61.12149240156168,-276.1791141666977,2020-10-30
BANKNIFTY05NOV2024100CE,CE,2020-10-30 12:21:00,2020-10-30 12:31:00,387.36599388122556,376.0076371765137,10,-227.16713409423733,61.158339525209435,-288.32547361944677,2020-10-30
BANKNIFTY05NOV2024100CE,CE,2020-10-30 12:50:00,2020-10-30 13:00:00,373.9325,359.89798782348635,10,-280.69024353027316,60.59960250362336,-341.28984603389654,2020-10-30
BANKNIFTY05NOV2024100CE,CE,2020-10-30 13:13:00,2020-10-30 13:23:00,368.56911888122556,372.16725608825686,10,71.962744140626,60.83140277552112,11.13134136510488,2020-10-30
BANKNIFTY05NOV2024100CE,CE,2020-10-30 13:47:00,2020-10-30 13:57:00,412.0275,390.02250000000004,10,-440.0999999999988,61.805616130000004,-501.90561612999875,2020-10-30
BANKNIFTY05NOV2024100CE,CE,2020-10-30 14:08:00,2020-10-30 14:18:00,415.98738723754883,422.6407621765137,10,133.06749877929747,62.64820574696106,70.41929303233641,2020-10-30
BANKNIFTY05NOV2024100CE,CE,2020-10-30 14:24:00,2020-10-30 14:29:00,375.9375,388.3267378234863,5,247.78475646972652,61.316001365123356,186.46875510460316,2020-10-30
BANKNIFTY05NOV2024100CE,CE,2020-10-30 14:35:00,2020-10-30 14:45:00,407.2155122375488,390.37163108825683,10,-336.8776229858395,61.754326043772735,-398.6319490296122,2020-10-30
BANKNIFTY05NOV2024100PE,PE,2020-10-30 09:20:00,2020-10-30 09:30:00,573.4801127624511,556.6548628234864,10,-336.50499877929406,67.86453775028895,-404.369536529583,2020-10-30
BANKNIFTY05NOV2024100PE,PE,2020-10-30 09:37:00,2020-10-30 09:47:00,520.7987499999999,538.5003506469727,10,354.03201293945585,66.76846247949672,287.2635504599591,2020-10-30
BANKNIFTY05NOV2024100PE,PE,2020-10-30 10:02:00,2020-10-30 10:03:00,484.4080122375488,487.4283689117432,1,60.40713348388749,65.0741040548961,-4.666970571008605,2020-10-30
BANKNIFTY05NOV2024100PE,PE,2020-10-30 10:30:00,2020-10-30 10:40:00,472.8792622375488,474.81,10,38.61475524902403,64.62395131833442,-26.00919606931039,2020-10-30
BANKNIFTY05NOV2024100PE,PE,2020-10-30 13:07:00,2020-10-30 13:17:00,756.4864755249023,763.0875000000001,10,132.02048950195604,75.15932049233118,56.86116900962486,2020-10-30
BANKNIFTY05NOV2024100PE,PE,2020-10-30 13:31:00,2020-10-30 13:41:00,693.6297744750976,692.5642378234863,10,-21.310733032225926,72.66303436129218,-93.9737673935181,2020-10-30
BANKNIFTY05NOV2024100PE,PE,2020-10-30 13:57:00,2020-10-30 14:07:00,696.7375,615.3577743530274,10,-1627.5945129394518,70.82370436525329,-1698.418217304705,2020-10-30
BANKNIFTY05NOV2024100PE,PE,2020-10-30 14:34:00,2020-10-30 14:35:00,611.525,633.9611128234864,1,448.72225646972765,70.21755851387336,378.5046979558543,2020-10-30
BANKNIFTY05NOV2024300CE,CE,2020-11-02 09:17:00,2020-11-02 09:20:00,415.18536888122554,426.48111282348634,3,225.91487884521598,62.73165294470614,163.18322590050985,2020-11-02
BANKNIFTY05NOV2024300CE,CE,2020-11-02 10:23:00,2020-11-02 10:28:00,467.1148872375488,483.28875000000005,5,323.47725524902444,64.75857075258442,258.71868449644,2020-11-02
BANKNIFTY05NOV2024300CE,CE,2020-11-02 11:35:00,2020-11-02 11:42:00,573.1793749999999,601.3927743530273,7,564.267987060548,68.9489885695033,495.3189984910447,2020-11-02
BANKNIFTY05NOV2024300CE,CE,2020-11-02 13:05:00,2020-11-02 13:15:00,614.5826127624512,661.9908993530274,10,948.1657318115253,70.93733038741888,877.2284014241064,2020-11-02
BANKNIFTY05NOV2024300CE,CE,2020-11-02 15:10:00,2020-11-02 15:19:00,872.175,877.6004878234863,9,108.50975646972756,79.38195655562335,29.127799914104216,2020-11-02
BANKNIFTY05NOV2024300PE,PE,2020-11-02 10:05:00,2020-11-02 10:15:00,433.9321311187744,425.8327439117432,10,-161.98774414062427,62.94878455397889,-224.93652869460317,2020-11-02
BANKNIFTY05NOV2024300PE,PE,2020-11-02 11:16:00,2020-11-02 11:26:00,358.2433811187744,361.84312500000004,10,71.99487762451326,60.4519999049172,11.542877719596063,2020-11-02
BANKNIFTY05NOV2024300PE,PE,2020-11-02 12:17:00,2020-11-02 12:27:00,377.7921311187744,394.9102439117432,10,342.3622558593752,61.499177128978886,280.8630787303963,2020-11-02
BANKNIFTY05NOV2024300PE,PE,2020-11-02 12:31:00,2020-11-02 12:41:00,379.8973872375488,370.820625,10,-181.53524475097583,60.93938573433441,-242.47463048531023,2020-11-02
BANKNIFTY05NOV2024300PE,PE,2020-11-02 12:47:00,2020-11-02 12:57:00,354.2333811187744,368.27701217651367,10,280.8726211547855,60.55867656704385,220.31394458774167,2020-11-02
BANKNIFTY05NOV2024300PE,PE,2020-11-02 13:38:00,2020-11-02 13:48:00,343.25599388122555,347.47913108825685,10,84.462744140626,59.916418558521116,24.546325582104885,2020-11-02
BANKNIFTY05NOV2024300PE,PE,2020-11-02 13:52:00,2020-11-02 13:57:00,336.4891188812256,346.43173782348634,5,198.8523788452153,59.80687323545615,139.04550560975915,2020-11-02
BANKNIFTY05NOV2024300PE,PE,2020-11-02 14:16:00,2020-11-02 14:24:00,301.3515061187744,301.245,8,-2.1301223754880994,58.27123345341721,-60.40135582890531,2020-11-02
BANKNIFTY05NOV2024300PE,PE,2020-11-02 14:27:00,2020-11-02 14:37:00,288.46937499999996,246.23288108825685,10,-844.7298782348622,56.77309823368832,-901.5029764685505,2020-11-02
BANKNIFTY05NOV2024300PE,PE,2020-11-02 14:49:00,2020-11-02 14:59:00,242.7052561187744,245.48475608825686,10,55.589999389649165,56.18634603310553,-0.5963466434563642,2020-11-02
BANKNIFTY05NOV2024300PE,PE,2020-11-02 15:18:00,2020-11-02 15:23:00,270.7752561187744,276.65663108825686,5,117.6274993896493,57.29328870385553,60.33421068579377,2020-11-02
BANKNIFTY05NOV2025300CE,CE,2020-11-03 09:15:00,2020-11-03 09:25:00,464.15749999999997,532.415625,10,1365.1625000000001,65.91677181325,1299.24572818675,2020-11-03
BANKNIFTY05NOV2025300CE,CE,2020-11-03 09:26:00,2020-11-03 09:36:00,531.4252255249023,550.6698628234864,10,384.89274597168105,67.19648790720453,317.6962580644765,2020-11-03
BANKNIFTY05NOV2025300CE,CE,2020-11-03 10:03:00,2020-11-03 10:10:00,414.98488723754883,454.7602439117432,7,795.5071334838874,63.4170125138961,732.0901209699913,2020-11-03
BANKNIFTY05NOV2025300CE,CE,2020-11-03 10:34:00,2020-11-03 10:44:00,450.5736372375488,486.2313871765137,10,713.1549987792982,64.62464440871106,648.5303543705871,2020-11-03
BANKNIFTY05NOV2025300CE,CE,2020-11-03 11:38:00,2020-11-03 11:48:00,516.2875,533.5627743530274,10,345.5054870605477,66.59231688325329,278.91317017729443,2020-11-03
BANKNIFTY05NOV2025300CE,CE,2020-11-03 13:08:00,2020-11-03 13:18:00,588.6178994750976,553.2633993530274,10,-707.090002441405,67.97011095642212,-775.0601133978271,2020-11-03
BANKNIFTY05NOV2025300CE,CE,2020-11-03 13:34:00,2020-11-03 13:44:00,563.405,615.9063871765137,10,1050.0277435302746,69.18057895712664,980.847164573148,2020-11-03
BANKNIFTY05NOV2025300CE,CE,2020-11-03 14:14:00,2020-11-03 14:19:00,590.6730122375488,594.3603506469727,5,73.74676818847774,68.99526865983111,4.751499528646633,2020-11-03
BANKNIFTY05NOV2025300CE,CE,2020-11-03 14:28:00,2020-11-03 14:35:00,554.2321005249023,568.2757621765137,7,280.87323303222774,67.90807025295783,212.96516277926992,2020-11-03
BANKNIFTY05NOV2025300CE,CE,2020-11-03 14:51:00,2020-11-03 14:57:00,582.8033505249023,601.1433993530273,6,366.80097656250155,69.06248729408448,297.7384892684171,2020-11-03
BANKNIFTY05NOV2025300PE,PE,2020-11-03 09:38:00,2020-11-03 09:48:00,425.06,468.2763871765137,10,864.3277435302741,63.87094294712665,800.4568005831475,2020-11-03
BANKNIFTY05NOV2025300PE,PE,2020-11-03 10:21:00,2020-11-03 10:25:00,405.51124999999996,412.2667378234863,4,135.10975646972724,62.26572078962336,72.84403568010389,2020-11-03
BANKNIFTY05NOV2025300PE,PE,2020-11-03 12:41:00,2020-11-03 12:46:00,348.8198872375488,353.41423782348636,5,91.88701171875095,60.129905306207775,31.75710641254318,2020-11-03
BANKNIFTY05NOV2025300PE,PE,2020-11-03 13:41:00,2020-11-03 13:49:00,291.27636276245113,303.4395121765137,8,243.26298828125118,58.19944233879224,185.06354594245894,2020-11-03
BANKNIFTY05NOV2025300PE,PE,2020-11-03 13:56:00,2020-11-03 14:06:00,310.023125,312.5167378234863,10,49.87225646972661,58.65313541987335,-8.780878950146743,2020-11-03
BANKNIFTY05NOV2025700CE,CE,2020-11-04 09:15:00,2020-11-04 09:22:00,406.0125,305.235,7,-2015.5499999999995,59.66855094100001,-2075.2185509409996,2020-11-04
BANKNIFTY05NOV2025700CE,CE,2020-11-04 09:35:00,2020-11-04 09:41:00,288.71999999999997,332.91562500000003,6,883.9125000000013,58.88464828825,825.0278517117513,2020-11-04
BANKNIFTY05NOV2025700CE,CE,2020-11-04 09:50:00,2020-11-04 09:51:00,344.108125,319.7486128234863,1,-487.19024353027294,59.25249906062335,-546.4427425908963,2020-11-04
BANKNIFTY05NOV2025700CE,CE,2020-11-04 10:02:00,2020-11-04 10:12:00,312.12838111877437,270.7713871765137,10,-827.1398788452132,57.66389306879386,-884.803771914007,2020-11-04
BANKNIFTY05NOV2025700CE,CE,2020-11-04 10:13:00,2020-11-04 10:23:00,271.0759938812256,232.81649391174318,10,-765.1899993896484,56.23067498889447,-821.4206743785429,2020-11-04
BANKNIFTY05NOV2025700CE,CE,2020-11-04 10:24:00,2020-11-04 10:34:00,224.96099388122556,230.02350608825685,10,101.2502441406258,55.58982515627112,45.66041898435468,2020-11-04
BANKNIFTY05NOV2025700CE,CE,2020-11-04 10:35:00,2020-11-04 10:45:00,227.3670030593872,224.4375,10,-58.59006118774403,55.48384467420861,-114.07390586195264,2020-11-04
BANKNIFTY05NOV2025700CE,CE,2020-11-04 10:47:00,2020-11-04 10:57:00,213.8332530593872,209.47500000000002,10,-87.16506118774362,54.9517649127086,-142.11682610045222,2020-11-04
BANKNIFTY05NOV2025700CE,CE,2020-11-04 10:59:00,2020-11-04 11:06:00,206.8658811187744,239.25038108825686,7,647.689999389649,55.58944953010553,592.1005498595434,2020-11-04
BANKNIFTY05NOV2025700CE,CE,2020-11-04 11:16:00,2020-11-04 11:26:00,227.1163780593872,217.85399391174317,10,-185.24768295288027,55.320596440770274,-240.56827939365053,2020-11-04
BANKNIFTY05NOV2025700CE,CE,2020-11-04 11:34:00,2020-11-04 11:40:00,212.02875,238.65187500000002,6,532.4625000000003,55.639033125249995,476.82346687475035,2020-11-04
BANKNIFTY05NOV2025700CE,CE,2020-11-04 12:04:00,2020-11-04 12:09:00,205.5125,223.58961891174317,5,361.5423782348637,55.19170954956168,306.350668685302,2020-11-04
BANKNIFTY05NOV2025700CE,CE,2020-11-04 12:35:00,2020-11-04 12:45:00,209.8733811187744,206.53237804412842,10,-66.82006149291965,54.83099388826137,-121.65105538118101,2020-11-04
BANKNIFTY05NOV2025700CE,CE,2020-11-04 12:47:00,2020-11-04 12:54:00,209.22174694061277,216.35774391174317,7,142.71993942260792,55.06188651510308,87.65805290750484,2020-11-04
BANKNIFTY05NOV2025700CE,CE,2020-11-04 13:01:00,2020-11-04 13:11:00,198.49499999999998,132.3682469558716,10,-1322.5350608825674,52.885694773655835,-1375.4207556562233,2020-11-04
BANKNIFTY05NOV2025700CE,CE,2020-11-04 13:19:00,2020-11-04 13:29:00,107.8188780593872,142.69237804412842,10,697.4699996948243,52.01029094005277,645.4597087547716,2020-11-04
BANKNIFTY05NOV2025700CE,CE,2020-11-04 14:05:00,2020-11-04 14:11:00,180.14924694061278,185.83425304412842,6,113.70012207031266,53.958260221635555,59.741861848677104,2020-11-04
BANKNIFTY05NOV2025700CE,CE,2020-11-04 14:32:00,2020-11-04 14:37:00,300.39911888122555,319.20000000000005,5,376.01762237548996,58.696131613332795,317.32149076215717,2020-11-04
BANKNIFTY05NOV2025700CE,CE,2020-11-04 14:41:00,2020-11-04 14:47:00,295.6372438812256,307.87836891174317,6,244.82250061035188,58.36158915714447,186.46091145320742,2020-11-04
BANKNIFTY05NOV2025700CE,CE,2020-11-04 15:22:00,2020-11-04 15:24:00,262.70511276245117,243.19050304412843,2,-390.2921943664546,56.379011758759745,-446.6712061252144,2020-11-04
BANKNIFTY05NOV2025700PE,PE,2020-11-04 09:42:00,2020-11-04 09:46:00,399.3458811187744,405.53361282348635,4,123.75463409423901,62.02535087354056,61.72928322069845,2020-11-04
BANKNIFTY05NOV2025700PE,PE,2020-11-04 11:05:00,2020-11-04 11:15:00,473.0296311187744,465.58312500000005,10,-148.93012237548646,64.40138862441721,-213.33151099990368,2020-11-04
BANKNIFTY05NOV2025700PE,PE,2020-11-04 12:21:00,2020-11-04 12:31:00,517.039375,465.93225608825685,10,-1022.142378234862,64.95664020343833,-1087.0990184383004,2020-11-04
BANKNIFTY05NOV2025700PE,PE,2020-11-04 13:13:00,2020-11-04 13:19:00,606.763125,711.7162500000001,6,2099.0625000000023,72.04968373825,2027.0128162617523,2020-11-04
BANKNIFTY05NOV2025700PE,PE,2020-11-04 13:48:00,2020-11-04 13:58:00,548.7183505249023,454.41111282348635,10,-1886.14475402832,65.06997144345453,-1951.2147254717745,2020-11-04
BANKNIFTY05NOV2025700PE,PE,2020-11-04 13:59:00,2020-11-04 14:05:00,438.2930122375488,467.7277439117432,6,588.6946334838876,64.02199961864609,524.6726338652416,2020-11-04
BANKNIFTY05NOV2025700PE,PE,2020-11-04 14:15:00,2020-11-04 14:21:00,395.3358811187744,362.7907621765137,6,-650.9023788452146,60.935872235543854,-711.8382510807585,2020-11-04
BANKNIFTY05NOV2025700PE,PE,2020-11-04 14:26:00,2020-11-04 14:32:00,302.80511276245113,298.70138717651366,6,-82.07451171874936,58.22742266004224,-140.3019343787916,2020-11-04
BANKNIFTY05NOV2025700PE,PE,2020-11-04 14:47:00,2020-11-04 14:52:00,264.1086372375488,263.14048782348635,5,-19.362988281249045,56.881704035207775,-76.24469231645682,2020-11-04
BANKNIFTY05NOV2025700PE,PE,2020-11-04 14:57:00,2020-11-04 15:07:00,230.1740061187744,182.94149391174318,10,-944.6502441406244,54.50938550372888,-999.1596296443533,2020-11-04
BANKNIFTY05NOV2026200CE,CE,2020-11-05 10:32:00,2020-11-05 10:39:00,93.1322515296936,77.056875,7,-321.507530593872,50.2313384448543,-371.7388690387263,2020-11-05
BANKNIFTY05NOV2026200CE,CE,2020-11-05 10:42:00,2020-11-05 10:47:00,65.7138780593872,72.6678734779358,5,139.07990837097202,49.78394722278652,89.2959611481855,2020-11-05
BANKNIFTY05NOV2026200CE,CE,2020-11-05 10:49:00,2020-11-05 10:51:00,62.8567507648468,64.03949695587158,2,23.654923820495668,49.53857823695799,-25.88365441646232,2020-11-05
BANKNIFTY05NOV2026200CE,CE,2020-11-05 11:07:00,2020-11-05 11:15:00,70.9770030593872,71.62050304412843,8,12.869999694824514,49.823858363052764,-36.95385866822825,2020-11-05
BANKNIFTY05NOV2026200CE,CE,2020-11-05 11:39:00,2020-11-05 11:42:00,80.19999999999999,83.041875,3,56.83750000000032,50.21625007074999,6.621249929250325,2020-11-05
BANKNIFTY05NOV2026200CE,CE,2020-11-05 11:58:00,2020-11-05 12:03:00,74.7864984703064,76.1591234779358,5,27.452500152587902,49.98158159822362,-22.52908144563572,2020-11-05
BANKNIFTY05NOV2026200CE,CE,2020-11-05 13:21:00,2020-11-05 13:27:00,98.5457530593872,78.25387195587159,6,-405.83762207031214,50.327708897614436,-456.1653309679266,2020-11-05
BANKNIFTY05NOV2026200CE,CE,2020-11-05 14:00:00,2020-11-05 14:02:00,91.47812499999999,101.8447484779358,2,207.33246955871607,50.81371855782791,156.51875100088816,2020-11-05
BANKNIFTY05NOV2026200CE,CE,2020-11-05 15:00:00,2020-11-05 15:10:00,79.19749999999999,78.80250000000001,10,-7.899999999999636,50.10067855,-58.000678549999634,2020-11-05
BANKNIFTY05NOV2026200PE,PE,2020-11-05 09:16:00,2020-11-05 09:26:00,174.685625,234.56211891174317,10,1197.5298782348636,55.075619486311666,1142.454258748552,2020-11-05
BANKNIFTY05NOV2026200PE,PE,2020-11-05 10:36:00,2020-11-05 10:42:00,219.5976280593872,249.375,6,595.5474388122559,55.9938908419586,539.5535479702974,2020-11-05
BANKNIFTY05NOV2026200PE,PE,2020-11-05 10:47:00,2020-11-05 10:50:00,228.57,258.4023628234863,3,596.6472564697267,56.324937964373355,540.3223185053533,2020-11-05
BANKNIFTY05NOV2026200PE,PE,2020-11-05 11:00:00,2020-11-05 11:10:00,215.6377561187744,221.44500000000002,10,116.14487762451233,55.265336828917206,60.879540795595126,2020-11-05
BANKNIFTY05NOV2026200PE,PE,2020-11-05 11:18:00,2020-11-05 11:28:00,151.1770030593872,160.24836891174317,10,181.42731704711935,52.97597984127029,128.45133720584906,2020-11-05
BANKNIFTY05NOV2026200PE,PE,2020-11-05 11:31:00,2020-11-05 11:38:00,161.05161888122558,171.320625,7,205.38012237548855,53.367975246582795,152.01214712890575,2020-11-05
BANKNIFTY05NOV2026200PE,PE,2020-11-05 12:03:00,2020-11-05 12:13:00,171.72825305938719,142.59262195587158,10,-582.7126220703121,52.801849024114446,-635.5144710944265,2020-11-05
BANKNIFTY05NOV2026200PE,PE,2020-11-05 12:14:00,2020-11-05 12:24:00,125.563125,145.73475608825683,10,403.4326217651366,52.30473995293833,351.12788181219827,2020-11-05
BANKNIFTY05NOV2026200PE,PE,2020-11-05 12:25:00,2020-11-05 12:35:00,146.66575305938719,94.11412347793579,10,-1051.0325916290278,51.311310943536526,-1102.3439025725643,2020-11-05
BANKNIFTY05NOV2026200PE,PE,2020-11-05 12:36:00,2020-11-05 12:46:00,96.3903765296936,102.14400152206422,10,115.07249984741236,50.88202531727639,64.19047453013597,2020-11-05
BANKNIFTY05NOV2026200PE,PE,2020-11-05 12:53:00,2020-11-05 13:03:00,91.47812499999999,82.3934984779358,10,-181.69253044128396,50.34059413332792,-232.0331245746119,2020-11-05
BANKNIFTY05NOV2026200PE,PE,2020-11-05 13:08:00,2020-11-05 13:18:00,72.93187499999999,60.997126522064214,10,-238.69496955871554,49.58974614892208,-288.28471570763764,2020-11-05
BANKNIFTY05NOV2026200PE,PE,2020-11-05 13:19:00,2020-11-05 13:21:00,60.901875,83.8897484779358,2,459.757469558716,49.99712122032792,409.7603483383881,2020-11-05
BANKNIFTY05NOV2026200PE,PE,2020-11-05 13:35:00,2020-11-05 13:42:00,66.0647515296936,63.54075076103211,7,-50.48001537322975,49.56630185231534,-100.0463172255451,2020-11-05
BANKNIFTY05NOV2026200PE,PE,2020-11-05 13:48:00,2020-11-05 13:58:00,56.14,66.9322484779358,10,215.844969558716,49.52549414307792,166.31947541563807,2020-11-05
BANKNIFTY05NOV2026200PE,PE,2020-11-05 14:23:00,2020-11-05 14:32:00,21.202874617576597,21.895125761032105,9,13.845022869110153,47.99598431405996,-34.15096144494981,2020-11-05
BANKNIFTY05NOV2026200PE,PE,2020-11-05 14:40:00,2020-11-05 14:50:00,13.734249808788299,13.765500190258027,10,0.6250076293945739,47.70545534635222,-47.08044771695764,2020-11-05
BANKNIFTY12NOV2026200CE,CE,2020-11-06 09:15:00,2020-11-06 09:25:00,429.4208811187744,451.31888717651367,10,437.9601211547856,63.512653342793854,374.44746781199177,2020-11-06
BANKNIFTY12NOV2026200CE,CE,2020-11-06 09:26:00,2020-11-06 09:36:00,444.9596311187744,430.57086891174316,10,-287.7752441406244,63.20103406022889,-350.9762782008533,2020-11-06
BANKNIFTY12NOV2026200CE,CE,2020-11-06 09:37:00,2020-11-06 09:47:00,430.57374999999996,465.68288108825686,10,702.182621765138,63.876360166938326,638.3062615981997,2020-11-06
BANKNIFTY12NOV2026200CE,CE,2020-11-06 09:58:00,2020-11-06 10:06:00,485.21,549.3232621765137,8,1282.2652435302746,66.58957425587664,1215.675669274398,2020-11-06
BANKNIFTY12NOV2026200CE,CE,2020-11-06 11:34:00,2020-11-06 11:44:00,526.3125,546.5801371765137,10,405.3527435302749,67.03349259962664,338.31925093064825,2020-11-06
BANKNIFTY12NOV2026200CE,CE,2020-11-06 12:03:00,2020-11-06 12:13:00,546.7133505249024,587.4277743530274,10,814.2884765625013,68.28050619383447,746.0079703686667,2020-11-06
BANKNIFTY12NOV2026200CE,CE,2020-11-06 12:20:00,2020-11-06 12:30:00,594.5827255249023,620.5447256469727,10,519.2400024414064,69.68073963757789,449.5592628038286,2020-11-06
BANKNIFTY12NOV2026200CE,CE,2020-11-06 12:36:00,2020-11-06 12:46:00,622.4021005249023,650.3201371765138,10,558.3607330322297,70.75060162470781,487.6101314075219,2020-11-06
BANKNIFTY12NOV2026200CE,CE,2020-11-06 12:50:00,2020-11-06 12:55:00,652.1262499999999,759.6461128234864,5,2150.39725646973,73.77908386937335,2076.618172600357,2020-11-06
BANKNIFTY12NOV2026200CE,CE,2020-11-06 14:02:00,2020-11-06 14:12:00,787.2632377624511,783.4863871765137,10,-75.53701171874764,76.03785304779224,-151.57486476653986,2020-11-06
BANKNIFTY12NOV2026200CE,CE,2020-11-06 14:14:00,2020-11-06 14:24:00,759.5441494750976,752.115,10,-148.5829895019515,74.93041710941883,-223.51340661137033,2020-11-06
BANKNIFTY12NOV2026200CE,CE,2020-11-06 14:27:00,2020-11-06 14:37:00,747.9151127624511,658.35,10,-1791.3022552490224,72.50524025491559,-1863.807495503938,2020-11-06
BANKNIFTY12NOV2026200CE,CE,2020-11-06 14:38:00,2020-11-06 14:44:00,635.9358505249023,661.093125,6,503.1454895019533,71.18077736783117,431.9647121341221,2020-11-06
BANKNIFTY12NOV2026200CE,CE,2020-11-06 14:56:00,2020-11-06 15:06:00,728.566875,748.8232621765137,10,405.12774353027453,74.46550092812666,330.6622426021479,2020-11-06
BANKNIFTY12NOV2026200CE,CE,2020-11-06 15:07:00,2020-11-06 15:17:00,764.3060244750976,769.0725,10,95.32951049804751,75.4020441866688,19.92746631137871,2020-11-06
BANKNIFTY12NOV2026200CE,CE,2020-11-06 15:23:00,2020-11-06 15:24:00,764.5566494750976,754.2097256469727,1,-206.93847656249773,75.04364167316554,-281.9821182356633,2020-11-06
BANKNIFTY12NOV2026200PE,PE,2020-11-06 09:20:00,2020-11-06 09:28:00,413.6315061187744,438.90000000000003,8,505.36987762451304,63.014420419417206,442.35545720509583,2020-11-06
BANKNIFTY12NOV2026200PE,PE,2020-11-06 10:53:00,2020-11-06 11:03:00,407.4159938812256,395.4089939117432,10,-240.1399993896473,61.87934354589447,-302.0193429355418,2020-11-06
BANKNIFTY12NOV2026200PE,PE,2020-11-06 11:10:00,2020-11-06 11:20:00,389.6717622375488,387.62850608825687,10,-40.86512298583898,61.46964683602274,-102.33476982186173,2020-11-06
BANKNIFTY12NOV2026200PE,PE,2020-11-06 12:11:00,2020-11-06 12:21:00,336.89011276245117,327.18,10,-194.2022552490232,59.34358345291559,-253.5458387019388,2020-11-06
BANKNIFTY12NOV2026200PE,PE,2020-11-06 12:54:00,2020-11-06 13:04:00,298.9455122375488,288.77625,10,-203.38524475097643,57.93805746033442,-261.3233022113109,2020-11-06
BANKNIFTY12NOV2026200PE,PE,2020-11-06 13:16:00,2020-11-06 13:22:00,276.2890061187744,283.6889939117432,6,147.99975585937545,57.53284170872888,90.46691415064657,2020-11-06
BANKNIFTY12NOV2026200PE,PE,2020-11-06 13:40:00,2020-11-06 13:50:00,249.57237194061278,254.41237804412845,10,96.80012207031325,56.48881223863556,40.31130983167769,2020-11-06
BANKNIFTY12NOV2026200PE,PE,2020-11-06 13:53:00,2020-11-06 14:03:00,254.18387805938718,249.125625,10,-101.16506118774339,56.4175108797086,-157.582572067452,2020-11-06
BANKNIFTY12NOV2026200PE,PE,2020-11-06 14:47:00,2020-11-06 14:57:00,281.20124999999996,245.88375000000002,10,-706.3499999999988,56.674309830999995,-763.0243098309987,2020-11-06
BANKNIFTY12NOV2027300CE,CE,2020-11-09 09:17:00,2020-11-09 09:21:00,340.599375,350.97038108825683,4,207.4201217651364,59.96833355668833,147.45178820844808,2020-11-09
BANKNIFTY12NOV2027300CE,CE,2020-11-09 09:34:00,2020-11-09 09:41:00,403.005,414.9101371765137,7,238.10274353027353,62.29888113062665,175.80386239964687,2020-11-09
BANKNIFTY12NOV2027300CE,CE,2020-11-09 09:54:00,2020-11-09 10:01:00,445.6613627624512,455.9572560882569,7,205.91786651611415,63.82724042060391,142.09062609551023,2020-11-09
BANKNIFTY12NOV2027300CE,CE,2020-11-09 10:49:00,2020-11-09 10:54:00,355.38624999999996,390.02250000000004,5,692.7250000000015,61.1019278965,631.6230721035015,2020-11-09
BANKNIFTY12NOV2027300CE,CE,2020-11-09 11:19:00,2020-11-09 11:29:00,375.83724388122556,363.83812500000005,10,-239.98237762451026,60.71910460033279,-300.70148222484306,2020-11-09
BANKNIFTY12NOV2027300CE,CE,2020-11-09 12:05:00,2020-11-09 12:15:00,358.8448872375488,373.9627439117432,10,302.357133483888,60.754265538896085,241.6028679449919,2020-11-09
BANKNIFTY12NOV2027300CE,CE,2020-11-09 12:30:00,2020-11-09 12:40:00,346.76474388122557,364.3867378234863,10,352.43987884521516,60.371263728206145,292.068615117009,2020-11-09
BANKNIFTY12NOV2027300CE,CE,2020-11-09 12:55:00,2020-11-09 13:05:00,388.6692622375488,384.93524391174316,10,-74.68036651611328,61.39168234514609,-136.07204886125936,2020-11-09
BANKNIFTY12NOV2027300CE,CE,2020-11-09 13:15:00,2020-11-09 13:25:00,392.5790061187744,391.81798782348636,10,-15.220365905760218,61.607668549040554,-76.82803445480077,2020-11-09
BANKNIFTY12NOV2027300CE,CE,2020-11-09 13:34:00,2020-11-09 13:44:00,394.38349388122555,407.27923782348637,10,257.91487884521644,62.006160043706146,195.9087188015103,2020-11-09
BANKNIFTY12NOV2027300CE,CE,2020-11-09 13:58:00,2020-11-09 14:08:00,390.92488723754883,429.77288108825684,10,776.9598770141602,62.51031807952273,714.4495589346375,2020-11-09
BANKNIFTY12NOV2027300CE,CE,2020-11-09 14:09:00,2020-11-09 14:19:00,431.17525611877437,413.6632621765137,10,-350.23987884521375,62.618528635793844,-412.8584074810076,2020-11-09
BANKNIFTY12NOV2027300CE,CE,2020-11-09 14:20:00,2020-11-09 14:30:00,416.03749999999997,433.1145121765137,10,341.54024353027467,62.90358763337666,278.636655896898,2020-11-09
BANKNIFTY12NOV2027300CE,CE,2020-11-09 14:35:00,2020-11-09 14:45:00,456.4883811187744,462.091875,10,112.06987762451263,64.11096698241721,47.95891064209542,2020-11-09
BANKNIFTY12NOV2027300CE,CE,2020-11-09 14:46:00,2020-11-09 14:56:00,475.6361372375488,470.82000000000005,10,-96.3227447509746,64.56115046658441,-160.88389521755903,2020-11-09
BANKNIFTY12NOV2027300CE,CE,2020-11-09 15:02:00,2020-11-09 15:12:00,468.5183811187744,478.30125000000004,10,195.6573776245125,64.6546932441672,131.00268438034527,2020-11-09
BANKNIFTY12NOV2027300CE,CE,2020-11-09 15:13:00,2020-11-09 15:23:00,479.24511276245113,480.59548782348634,10,27.00750122070417,64.84376199053895,-37.83626076983478,2020-11-09
BANKNIFTY12NOV2027300PE,PE,2020-11-09 09:31:00,2020-11-09 09:36:00,392.4286372375488,424.935,5,650.1272552490241,62.41132538358441,587.7159298654396,2020-11-09
BANKNIFTY12NOV2027300PE,PE,2020-11-09 09:47:00,2020-11-09 09:50:00,391.6767622375488,385.78312500000004,3,-117.87274475097547,61.44966984258441,-179.32241459355987,2020-11-09
BANKNIFTY12NOV2027300PE,PE,2020-11-09 10:20:00,2020-11-09 10:30:00,383.05525611877437,402.740625,10,393.70737762451313,61.7550271461672,331.9523504783459,2020-11-09
BANKNIFTY12NOV2027300PE,PE,2020-11-09 10:31:00,2020-11-09 10:41:00,416.6390061187744,416.95500000000004,10,6.31987762451331,62.5180029944172,-56.19812536990389,2020-11-09
BANKNIFTY12NOV2027300PE,PE,2020-11-09 11:14:00,2020-11-09 11:22:00,430.9246311187744,531.5677743530274,8,2012.8628646850598,65.48327716342051,1947.3795875216392,2020-11-09
BANKNIFTY12NOV2027300PE,PE,2020-11-09 11:43:00,2020-11-09 11:53:00,489.8215061187744,472.31625,10,-350.1051223754871,64.77377800191721,-414.8789003774043,2020-11-09
BANKNIFTY12NOV2027300PE,PE,2020-11-09 12:00:00,2020-11-09 12:05:00,462.2527561187744,485.0842378234864,5,456.62963409423924,64.74183830804056,391.8877957861987,2020-11-09
BANKNIFTY12NOV2027300PE,PE,2020-11-09 12:11:00,2020-11-09 12:19:00,474.48323776245115,461.94225608825684,8,-250.81963348388626,64.33088861285391,-315.1505220967402,2020-11-09
BANKNIFTY12NOV2027300PE,PE,2020-11-09 12:28:00,2020-11-09 12:38:00,465.410625,464.5357621765137,10,-17.497256469725926,64.28125750562666,-81.77851397535258,2020-11-09
BANKNIFTY12NOV2027300PE,PE,2020-11-09 12:39:00,2020-11-09 12:49:00,461.400625,426.33149391174317,10,-701.3826217651365,63.30217353006167,-764.6847952951981,2020-11-09
BANKNIFTY12NOV2027300PE,PE,2020-11-09 13:04:00,2020-11-09 13:14:00,417.54125,395.4089939117432,10,-442.6451217651356,62.00513567781167,-504.6502574429473,2020-11-09
BANKNIFTY12NOV2027300PE,PE,2020-11-09 13:29:00,2020-11-09 13:39:00,386.46375,360.0476371765137,10,-528.3222564697257,60.75892575212665,-589.0811822218524,2020-11-09
BANKNIFTY12NOV2027300PE,PE,2020-11-09 14:03:00,2020-11-09 14:13:00,351.8273872375488,350.7708689117432,10,-21.130366516111962,60.10297303514609,-81.23333955125806,2020-11-09
BANKNIFTY12NOV2027300PE,PE,2020-11-09 14:30:00,2020-11-09 14:40:00,325.9628688812256,282.2925,10,-873.4073776245111,58.116002150832784,-931.5233797753439,2020-11-09
BANKNIFTY12NOV2027300PE,PE,2020-11-09 14:55:00,2020-11-09 15:05:00,283.1561372375488,302.0429878234863,10,377.7370117187502,58.06459140520778,319.6724203135424,2020-11-09
BANKNIFTY12NOV2027300PE,PE,2020-11-09 15:10:00,2020-11-09 15:20:00,280.3491188812256,267.18038108825687,10,-263.37475585937455,57.18173403077112,-320.55648989014566,2020-11-09
BANKNIFTY12NOV2027300PE,PE,2020-11-09 15:21:00,2020-11-09 15:24:00,261.5021311187744,262.39236282348634,3,17.804634094238736,56.83112475254056,-39.026490658301825,2020-11-09
BANKNIFTY12NOV2028100CE,CE,2020-11-10 09:16:00,2020-11-10 09:26:00,228.46974388122558,233.46487804412843,10,99.90268325805687,55.71712301767696,44.18556024037991,2020-11-10
BANKNIFTY12NOV2028100CE,CE,2020-11-10 09:30:00,2020-11-10 09:40:00,244.9107530593872,284.2875,10,787.5349388122567,57.1575686667086,730.3773701455481,2020-11-10
BANKNIFTY12NOV2028100CE,CE,2020-11-10 10:20:00,2020-11-10 10:29:00,411.025,408.3266310882569,9,-53.96737823486205,62.238383833938315,-116.20576206880037,2020-11-10
BANKNIFTY12NOV2028100CE,CE,2020-11-10 11:22:00,2020-11-10 11:32:00,566.6631249999999,538.8993750000001,10,-555.2749999999969,67.3479688375,-622.622968837497,2020-11-10
BANKNIFTY12NOV2028100CE,CE,2020-11-10 11:49:00,2020-11-10 11:56:00,511.67599388122557,526.7298628234863,7,301.077378845215,66.36882436895615,234.70855447625883,2020-11-10
BANKNIFTY12NOV2028100CE,CE,2020-11-10 12:29:00,2020-11-10 12:39:00,565.5603994750976,599.7967378234864,10,684.7267669677763,68.81551211104217,615.9112548567341,2020-11-10
BANKNIFTY12NOV2028100CE,CE,2020-11-10 12:43:00,2020-11-10 12:53:00,591.5752255249023,625.1332621765137,10,671.1607330322272,69.75498538770782,601.4057476445194,2020-11-10
BANKNIFTY12NOV2028100CE,CE,2020-11-10 12:59:00,2020-11-10 13:06:00,711.3739755249023,730.6188871765137,7,384.8982330322269,73.80910728645782,311.08912574576914,2020-11-10
BANKNIFTY12NOV2028100CE,CE,2020-11-10 14:13:00,2020-11-10 14:23:00,536.3375,583.5375,10,944.0000000000009,68.05697529999999,875.9430247000009,2020-11-10
BANKNIFTY12NOV2028100CE,CE,2020-11-10 14:25:00,2020-11-10 14:35:00,536.1871005249023,563.1884756469727,10,540.0275024414077,67.56014526832787,472.46735717307985,2020-11-10
BANKNIFTY12NOV2028100CE,CE,2020-11-10 15:03:00,2020-11-10 15:13:00,635.334375,678.0007621765137,10,853.3277435302739,71.58455948012664,781.7431840501472,2020-11-10
BANKNIFTY12NOV2028100PE,PE,2020-11-10 09:42:00,2020-11-10 09:52:00,373.58161888122555,356.2072560882568,10,-347.4872558593745,60.505471414521125,-407.99272727389564,2020-11-10
BANKNIFTY12NOV2028100PE,PE,2020-11-10 10:10:00,2020-11-10 10:20:00,324.2586372375488,355.11,10,617.0272552490246,59.866013201584416,557.1612420474402,2020-11-10
BANKNIFTY12NOV2028100PE,PE,2020-11-10 10:34:00,2020-11-10 10:44:00,314.93536888122554,306.2325,10,-174.05737762451054,58.56130788583279,-232.6186855103433,2020-11-10
BANKNIFTY12NOV2028100PE,PE,2020-11-10 10:51:00,2020-11-10 11:01:00,283.50698776245116,266.18288108825686,10,-346.48213348388595,57.196703339603914,-403.67883682348986,2020-11-10
BANKNIFTY12NOV2028100PE,PE,2020-11-10 11:02:00,2020-11-10 11:10:00,253.6325,270.073125,8,328.8125000000002,56.920179390250006,271.89232060975024,2020-11-10
BANKNIFTY12NOV2028100PE,PE,2020-11-10 12:09:00,2020-11-10 12:19:00,262.5547438812256,279.3997560882569,10,336.9002441406258,57.25788302327112,279.64236111735465,2020-11-10
BANKNIFTY12NOV2028100PE,PE,2020-11-10 12:59:00,2020-11-10 13:04:00,206.41474388122558,205.03612804412842,5,-27.572316741943155,54.75163097617696,-82.32394771812011,2020-11-10
BANKNIFTY12NOV2028100PE,PE,2020-11-10 13:36:00,2020-11-10 13:40:00,209.42224388122557,217.455,4,160.65512237548887,55.091066627082796,105.56405574840608,2020-11-10
BANKNIFTY12NOV2028100PE,PE,2020-11-10 13:45:00,2020-11-10 13:55:00,204.00875,202.84163108825686,10,-23.342378234862622,54.66836180443832,-78.01074003930094,2020-11-10
BANKNIFTY12NOV2028100PE,PE,2020-11-10 14:54:00,2020-11-10 15:04:00,169.2721311187744,167.58,10,-33.84262237548796,53.3791181361672,-87.22174051165516,2020-11-10
BANKNIFTY12NOV2028100PE,PE,2020-11-10 15:05:00,2020-11-10 15:15:00,162.7057530593872,173.91413108825685,10,224.16756057739292,53.45160895264693,170.715951624746,2020-11-10
BANKNIFTY12NOV2028100PE,PE,2020-11-10 15:17:00,2020-11-10 15:24:00,163.1067469406128,157.3057469558716,7,-116.01999969482392,53.052615047947235,-169.07261474277115,2020-11-10
BANKNIFTY12NOV2028700CE,CE,2020-11-11 09:19:00,2020-11-11 09:29:00,336.6896311187744,447.92736282348636,10,2224.754634094239,62.27810330354056,2162.4765307906982,2020-11-11
BANKNIFTY12NOV2028700CE,CE,2020-11-11 09:31:00,2020-11-11 09:41:00,406.7142622375488,420.7953810882569,10,281.6223770141619,62.488113839772744,219.13426317438913,2020-11-11
BANKNIFTY12NOV2028700CE,CE,2020-11-11 10:49:00,2020-11-11 10:59:00,450.2728688812256,422.44125,10,-556.632377624511,63.0693020023328,-619.7016796268439,2020-11-11
BANKNIFTY12NOV2028700CE,CE,2020-11-11 11:05:00,2020-11-11 11:15:00,393.4311372375488,290.9707621765137,10,-2049.2075012207024,59.16528750746106,-2108.3727887281634,2020-11-11
BANKNIFTY12NOV2028700CE,CE,2020-11-11 11:17:00,2020-11-11 11:23:00,299.4467622375488,267.62923782348633,6,-636.3504882812492,57.42991332445777,-693.780401605707,2020-11-11
BANKNIFTY12NOV2028700CE,CE,2020-11-11 13:15:00,2020-11-11 13:25:00,133.98411888122558,110.12400152206422,10,-477.2023471832273,51.54317726275487,-528.7455244459821,2020-11-11
BANKNIFTY12NOV2028700CE,CE,2020-11-11 13:26:00,2020-11-11 13:33:00,118.9466265296936,156.358125,7,748.229969406128,52.4809377986043,695.7490316075238,2020-11-11
BANKNIFTY12NOV2028700CE,CE,2020-11-11 13:47:00,2020-11-11 13:52:00,177.39237194061278,227.82899391174317,5,1008.7324394226079,54.945473188353084,953.7869662342548,2020-11-11
BANKNIFTY12NOV2028700CE,CE,2020-11-11 13:59:00,2020-11-11 14:09:00,230.6251280593872,280.79625000000004,10,1003.4224388122567,56.8951700074586,946.527268804798,2020-11-11
BANKNIFTY12NOV2028700CE,CE,2020-11-11 14:10:00,2020-11-11 14:20:00,294.2838627624512,300.1477439117432,10,117.27762298584025,58.156738661227266,59.12088432461299,2020-11-11
BANKNIFTY12NOV2028700CE,CE,2020-11-11 14:22:00,2020-11-11 14:30:00,293.03073776245117,337.00538108825685,8,879.4928665161137,59.03768076110392,820.4551857550098,2020-11-11
BANKNIFTY12NOV2028700CE,CE,2020-11-11 14:43:00,2020-11-11 14:53:00,278.0934938812256,301.89336891174315,10,475.9975006103514,57.998055878644465,417.99944473170694,2020-11-11
BANKNIFTY12NOV2028700CE,CE,2020-11-11 15:01:00,2020-11-11 15:11:00,279.7977561187744,301.09538108825683,10,425.9524993896491,57.99981901435553,367.9526803752936,2020-11-11
BANKNIFTY12NOV2028700CE,CE,2020-11-11 15:14:00,2020-11-11 15:24:00,295.38661888122556,317.55413108825684,10,443.3502441406256,58.593824861271116,384.7564192793545,2020-11-11
BANKNIFTY12NOV2028700PE,PE,2020-11-11 09:24:00,2020-11-11 09:32:00,294.38411888122556,322.34211891174317,8,559.1600006103522,58.69783130289447,500.4621693074577,2020-11-11
BANKNIFTY12NOV2028700PE,PE,2020-11-11 10:10:00,2020-11-11 10:20:00,313.6321311187744,343.63875,10,600.1323776245124,59.45497164366721,540.6774059808452,2020-11-11
BANKNIFTY12NOV2028700PE,PE,2020-11-11 10:25:00,2020-11-11 10:35:00,316.9403688812256,236.75663108825685,10,-1603.6747558593747,56.896313958771124,-1660.5710698181458,2020-11-11
BANKNIFTY12NOV2028700PE,PE,2020-11-11 10:45:00,2020-11-11 10:55:00,209.773125,225.8838719558716,10,322.2149391174321,55.300446343655835,266.91449277377626,2020-11-11
BANKNIFTY12NOV2028700PE,PE,2020-11-11 11:24:00,2020-11-11 11:28:00,342.0028688812256,377.35423782348636,4,707.0273788452153,60.62752038095615,646.3998584642591,2020-11-11
BANKNIFTY12NOV2028700PE,PE,2020-11-11 12:22:00,2020-11-11 12:32:00,340.7497438812256,394.51125,10,1075.2301223754887,61.0292723585828,1014.2008500169059,2020-11-11
BANKNIFTY12NOV2028700PE,PE,2020-11-11 13:33:00,2020-11-11 13:39:00,456.1375,367.9777439117432,6,-1763.1951217651363,61.81741329681168,-1825.012535061948,2020-11-11
BANKNIFTY12NOV2028700PE,PE,2020-11-11 13:52:00,2020-11-11 13:56:00,306.514375,285.9832621765137,4,-410.6222564697259,57.964154465126654,-468.58641093485255,2020-11-11
BANKNIFTY12NOV2028600CE,CE,2020-11-12 09:36:00,2020-11-12 09:45:00,104.1597515296936,90.3734984779358,9,-275.72506103515593,50.69224791668221,-326.41730895183815,2020-11-12
BANKNIFTY12NOV2028600CE,CE,2020-11-12 11:17:00,2020-11-12 11:27:00,94.6360015296936,98.40337652206422,10,75.3474998474124,50.76924419777638,24.578255649636013,2020-11-12
BANKNIFTY12NOV2028600CE,CE,2020-11-12 12:17:00,2020-11-12 12:26:00,61.202624235153195,52.31887576103211,9,-177.6749694824217,49.23294032890889,-226.90790981133057,2020-11-12
BANKNIFTY12NOV2028600PE,PE,2020-11-12 09:19:00,2020-11-12 09:24:00,182.15424694061278,219.35024391174318,5,743.919939422608,54.79839909510307,689.1215403275049,2020-11-12
BANKNIFTY12NOV2028600PE,PE,2020-11-12 10:21:00,2020-11-12 10:31:00,246.4145030593872,286.2825,10,797.3599388122568,57.2247762372086,740.1351625750482,2020-11-12
BANKNIFTY12NOV2028600PE,PE,2020-11-12 10:45:00,2020-11-12 10:55:00,269.5722438812256,260.29763717651366,10,-185.49213409423828,56.88043333670944,-242.37256743094773,2020-11-12
BANKNIFTY12NOV2028600PE,PE,2020-11-12 11:06:00,2020-11-12 11:09:00,242.9057530593872,257.5545121765137,3,292.97518234253005,56.48241684608526,236.4927654964448,2020-11-12
BANKNIFTY12NOV2028600PE,PE,2020-11-12 11:30:00,2020-11-12 11:33:00,243.4070030593872,264.38736282348634,3,419.60719528198297,56.65484370158195,362.952351580401,2020-11-12
BANKNIFTY12NOV2028600PE,PE,2020-11-12 12:26:00,2020-11-12 12:31:00,354.2333811187744,252.91612804412844,5,-2026.3450614929188,57.75268456576136,-2084.09774605868,2020-11-12
BANKNIFTY12NOV2028600PE,PE,2020-11-12 13:10:00,2020-11-12 13:20:00,281.40176223754884,354.1125,10,1454.2147552490235,59.30931373833441,1394.9054415106891,2020-11-12
BANKNIFTY19NOV2027900CE,CE,2020-11-13 09:15:00,2020-11-13 09:25:00,493.38036888122554,438.90000000000003,10,-1089.60737762451,64.00518839083279,-1153.6125660153427,2020-11-13
BANKNIFTY19NOV2027900CE,CE,2020-11-13 09:30:00,2020-11-13 09:40:00,432.0775,413.86274391174317,10,-364.2951217651364,62.63458986681168,-426.92971163194807,2020-11-13
BANKNIFTY19NOV2027900CE,CE,2020-11-13 09:56:00,2020-11-13 10:06:00,443.25536888122554,446.23163108825685,10,59.52524414062623,63.56078710277111,-4.035542962144881,2020-11-13
BANKNIFTY19NOV2027900CE,CE,2020-11-13 10:08:00,2020-11-13 10:17:00,441.90198776245114,461.2439939117432,9,386.84012298584094,63.90912794547727,322.93099504036365,2020-11-13
BANKNIFTY19NOV2027900CE,CE,2020-11-13 11:46:00,2020-11-13 11:50:00,535.9364755249023,570.4702743530273,4,690.6759765624997,67.73415116258448,622.9418253999153,2020-11-13
BANKNIFTY19NOV2027900CE,CE,2020-11-13 12:00:00,2020-11-13 12:10:00,540.6482377624511,581.5425,10,817.885244750978,68.06200459966558,749.8232401513125,2020-11-13
BANKNIFTY19NOV2027900CE,CE,2020-11-13 12:11:00,2020-11-13 12:21:00,578.4425,535.408125,10,-860.6874999999991,67.40939131225,-928.0968913122491,2020-11-13
BANKNIFTY19NOV2027900CE,CE,2020-11-13 13:08:00,2020-11-13 13:14:00,624.808125,648.375,6,471.33749999999964,70.73318037175,400.60431962824964,2020-11-13
BANKNIFTY19NOV2027900CE,CE,2020-11-13 13:18:00,2020-11-13 13:28:00,598.4925,628.4250000000001,10,598.6500000000024,69.920989753,528.7290102470024,2020-11-13
BANKNIFTY19NOV2027900CE,CE,2020-11-13 13:37:00,2020-11-13 13:42:00,614.7330122375488,634.7092378234863,5,399.52451171875055,70.27561066795776,329.24890105079277,2020-11-13
BANKNIFTY19NOV2027900CE,CE,2020-11-13 14:23:00,2020-11-13 14:29:00,713.7298872375488,744.135,6,608.1022552490231,74.1671367130844,533.9351185359387,2020-11-13
BANKNIFTY19NOV2027900PE,PE,2020-11-13 10:18:00,2020-11-13 10:28:00,447.76661888122555,379.34923782348636,10,-1368.3476211547838,61.990012487456156,-1430.33763364224,2020-11-13
BANKNIFTY19NOV2027900PE,PE,2020-11-13 11:37:00,2020-11-13 11:47:00,395.03511276245115,406.28173782348637,10,224.93250122070435,61.989992705038944,162.9425085156654,2020-11-13
BANKNIFTY19NOV2027900PE,PE,2020-11-13 11:50:00,2020-11-13 12:00:00,378.49386276245116,396.4563871765137,10,359.25048828125114,61.545502932542234,297.7049853487089,2020-11-13
BANKNIFTY19NOV2027900PE,PE,2020-11-13 12:06:00,2020-11-13 12:10:00,378.09286888122557,370.07250000000005,4,-160.40737762451045,60.89877002683279,-221.30614765134322,2020-11-13
BANKNIFTY19NOV2027900PE,PE,2020-11-13 12:51:00,2020-11-13 13:01:00,333.9327561187744,334.1625,10,4.594877624512037,59.4766819739172,-54.881804349405165,2020-11-13
BANKNIFTY19NOV2027900PE,PE,2020-11-13 13:02:00,2020-11-13 13:12:00,322.10323776245116,320.8957621765137,10,-24.14951171874918,59.007021945542235,-83.15653366429142,2020-11-13
BANKNIFTY19NOV2027900PE,PE,2020-11-13 13:14:00,2020-11-13 13:24:00,312.0782377624512,330.1725,10,361.88524475097665,59.108119015665594,302.7771257353111,2020-11-13
BANKNIFTY19NOV2027900PE,PE,2020-11-13 13:27:00,2020-11-13 13:37:00,325.8125,325.8832621765137,10,1.4152435302742106,59.174418290876645,-57.759174760602434,2020-11-13
BANKNIFTY19NOV2027900PE,PE,2020-11-13 13:45:00,2020-11-13 13:55:00,310.82511276245117,242.3925,10,-1368.6522552490233,56.95742508391558,-1425.6096803329388,2020-11-13
BANKNIFTY19NOV2027900PE,PE,2020-11-13 13:56:00,2020-11-13 14:06:00,251.4771311187744,226.98112804412844,10,-489.9200614929191,55.84524945226138,-545.7653109451804,2020-11-13
BANKNIFTY19NOV2027900PE,PE,2020-11-13 14:07:00,2020-11-13 14:17:00,228.8707530593872,233.46487804412843,10,91.88249969482456,55.72210499530276,36.1603946995218,2020-11-13
BANKNIFTY19NOV2027900PE,PE,2020-11-13 14:29:00,2020-11-13 14:39:00,229.22161888122557,226.33274391174317,10,-57.77749938964803,55.552984834144475,-113.3304842237925,2020-11-13
BANKNIFTY19NOV2027900PE,PE,2020-11-13 14:45:00,2020-11-13 14:55:00,213.3320030593872,172.816875,10,-810.3025611877439,54.053880013958604,-864.3564412017025,2020-11-13
BANKNIFTY19NOV2027900PE,PE,2020-11-13 14:56:00,2020-11-13 15:06:00,178.09411888122557,182.19336891174316,10,81.9850006103519,53.84416872339447,28.140831886957436,2020-11-13
BANKNIFTY19NOV2028700CE,CE,2020-11-14 18:16:00,2020-11-14 18:24:00,435.83687499999996,424.1370121765137,8,-233.9972564697257,62.931202029626654,-296.92845849935236,2020-11-14
BANKNIFTY19NOV2028700CE,CE,2020-11-14 18:50:00,2020-11-14 19:01:00,404.0075,348.22725608825687,10,-1115.6048782348626,60.689368063188326,-1176.294246298051,2020-11-14
BANKNIFTY19NOV2028800CE,CE,2020-11-17 09:16:00,2020-11-17 09:21:00,391.62661888122557,400.34663108825686,5,174.40024414062577,61.803283778271116,112.59696036235465,2020-11-17
BANKNIFTY19NOV2028800CE,CE,2020-11-17 09:26:00,2020-11-17 09:29:00,389.02011276245116,419.99736282348636,3,619.5450012207039,62.24887812728895,557.296123093415,2020-11-17
BANKNIFTY19NOV2028800CE,CE,2020-11-17 09:34:00,2020-11-17 09:44:00,405.1102561187744,432.915,10,556.094877624513,62.76297907191721,493.33189855259576,2020-11-17
BANKNIFTY19NOV2028800CE,CE,2020-11-17 09:45:00,2020-11-17 09:51:00,452.97963111877436,488.77500000000003,6,715.9073776245134,64.71640533516721,651.1909722893462,2020-11-17
BANKNIFTY19NOV2028800CE,CE,2020-11-17 10:00:00,2020-11-17 10:10:00,482.10224388122555,457.40361282348636,10,-493.97262115478384,64.31514795395614,-558.28776910874,2020-11-17
BANKNIFTY19NOV2028800CE,CE,2020-11-17 10:38:00,2020-11-17 10:48:00,346.51411888122556,363.83812500000005,10,346.4801223754898,60.35480582458279,286.12531655090703,2020-11-17
BANKNIFTY19NOV2028800CE,CE,2020-11-17 10:56:00,2020-11-17 11:06:00,369.1205122375488,362.04263717651367,10,-141.5575012207023,60.591985885461064,-202.14948710616338,2020-11-17
BANKNIFTY19NOV2028800CE,CE,2020-11-17 11:13:00,2020-11-17 11:23:00,360.69948776245116,371.7682621765137,10,221.3754882812509,60.72392865804224,160.65155962320867,2020-11-17
BANKNIFTY19NOV2028800CE,CE,2020-11-17 11:25:00,2020-11-17 11:35:00,364.45886276245113,374.61111282348634,10,203.04500122070408,60.83978199128894,142.20521922941515,2020-11-17
BANKNIFTY19NOV2028800CE,CE,2020-11-17 11:36:00,2020-11-17 11:46:00,380.95,386.281875,10,106.6375000000005,61.328536234750004,45.308963765250496,2020-11-17
BANKNIFTY19NOV2028800CE,CE,2020-11-17 11:50:00,2020-11-17 12:00:00,383.9575,381.045,10,-58.24999999999932,61.23852055900001,-119.48852055899933,2020-11-17
BANKNIFTY19NOV2028800CE,CE,2020-11-17 12:01:00,2020-11-17 12:11:00,381.701875,376.65600608825685,10,-100.91737823486255,61.10374144393833,-162.0211196788009,2020-11-17
BANKNIFTY19NOV2028800CE,CE,2020-11-17 12:14:00,2020-11-17 12:24:00,385.36099388122557,388.7257621765137,10,67.29536590576231,61.442780792459445,5.852585113302865,2020-11-17
BANKNIFTY19NOV2028800CE,CE,2020-11-17 12:27:00,2020-11-17 12:37:00,383.9575,396.60600608825683,10,252.97012176513704,61.61702024668833,191.3531015184487,2020-11-17
BANKNIFTY19NOV2028800CE,CE,2020-11-17 12:38:00,2020-11-17 12:48:00,326.5142622375488,373.5138871765137,10,939.9924987792986,60.34168497446105,879.6508138048375,2020-11-17
BANKNIFTY19NOV2028800CE,CE,2020-11-17 12:53:00,2020-11-17 13:03:00,358.19323776245113,352.865625,10,-106.55225524902221,60.233011824915586,-166.7852670739378,2020-11-17
BANKNIFTY19NOV2028800CE,CE,2020-11-17 13:04:00,2020-11-17 13:14:00,354.634375,356.356875,10,34.4500000000005,60.273717706,-25.8237177059995,2020-11-17
BANKNIFTY19NOV2028800CE,CE,2020-11-17 13:28:00,2020-11-17 13:38:00,376.8898872375488,392.4164939117432,10,310.53213348388795,61.427311034396084,249.10482244949185,2020-11-17
BANKNIFTY19NOV2028800CE,CE,2020-11-17 13:39:00,2020-11-17 13:49:00,402.0025,392.7157621765137,10,-185.7347564697261,61.746579371876656,-247.48133584160277,2020-11-17
BANKNIFTY19NOV2028800CE,CE,2020-11-17 13:50:00,2020-11-17 14:00:00,388.46875,419.5485060882569,10,621.5951217651377,62.23111040518834,559.3640113599494,2020-11-17
BANKNIFTY19NOV2028800CE,CE,2020-11-17 14:16:00,2020-11-17 14:25:00,422.10261276245114,439.4985060882569,9,347.9178665161146,63.13421988260391,284.78364663351067,2020-11-17
BANKNIFTY19NOV2028800CE,CE,2020-11-17 14:26:00,2020-11-17 14:36:00,432.37823776245114,427.0297560882569,10,-106.96963348388522,62.958595249853914,-169.92822873373913,2020-11-17
BANKNIFTY19NOV2028800CE,CE,2020-11-17 14:37:00,2020-11-17 14:46:00,430.2730122375488,437.1045121765137,9,136.62999877929792,63.177495107211065,73.45250367208686,2020-11-17
BANKNIFTY19NOV2028800CE,CE,2020-11-17 15:09:00,2020-11-17 15:19:00,494.23249999999996,507.9270121765137,10,273.8902435302748,65.69476036037665,208.19548316989815,2020-11-17
BANKNIFTY19NOV2028800PE,PE,2020-11-17 09:29:00,2020-11-17 09:34:00,312.27875,328.2273628234864,5,318.9722564697274,59.06329736087335,259.9089591088541,2020-11-17
BANKNIFTY19NOV2028800PE,PE,2020-11-17 09:44:00,2020-11-17 09:54:00,298.1936372375488,259.5495121765137,10,-772.8825012207017,57.21781698596106,-830.1003182066627,2020-11-17
BANKNIFTY19NOV2028800PE,PE,2020-11-17 10:21:00,2020-11-17 10:31:00,298.9455122375488,319.20000000000005,10,405.0897552490244,58.67807258583442,346.41168266319,2020-11-17
BANKNIFTY19NOV2028800PE,PE,2020-11-17 10:32:00,2020-11-17 10:37:00,323.5067622375488,333.81336891174317,5,206.1321334838874,59.338661471396094,146.7934720124913,2020-11-17
BANKNIFTY19NOV2028800PE,PE,2020-11-17 10:49:00,2020-11-17 10:56:00,320.7498872375488,321.79350608825683,7,20.872377014160293,59.01204482377274,-38.13966780961245,2020-11-17
BANKNIFTY19NOV2028800PE,PE,2020-11-17 13:17:00,2020-11-17 13:22:00,288.3190061187744,272.2676371765137,5,-321.0273788452139,57.40448910404385,-378.4318679492577,2020-11-17
BANKNIFTY19NOV2028800PE,PE,2020-11-17 14:57:00,2020-11-17 15:07:00,168.169375,153.8144969558716,10,-287.09756088256825,53.03059134540584,-340.12815222797406,2020-11-17
BANKNIFTY19NOV2029100CE,CE,2020-11-18 09:22:00,2020-11-18 09:32:00,448.9696311187744,433.8626371765137,10,-302.13987884521316,63.33092035079385,-365.470799196007,2020-11-18
BANKNIFTY19NOV2029100CE,CE,2020-11-18 09:33:00,2020-11-18 09:43:00,417.03999999999996,410.82038108825685,10,-124.39237823486224,62.37376876543833,-186.76614700030058,2020-11-18
BANKNIFTY19NOV2029100CE,CE,2020-11-18 13:25:00,2020-11-18 13:35:00,469.22011276245115,475.558125,10,126.76024475097734,64.59668860216559,62.16355614881175,2020-11-18
BANKNIFTY19NOV2029100CE,CE,2020-11-18 13:45:00,2020-11-18 13:55:00,601.9511372375488,689.0729878234864,10,1742.4370117187527,71.43913587520777,1670.997875843545,2020-11-18
BANKNIFTY19NOV2029100PE,PE,2020-11-18 09:15:00,2020-11-18 09:25:00,265.9632377624512,175.56,10,-1808.0647552490234,54.77447209666559,-1862.8392273456889,2020-11-18
BANKNIFTY19NOV2029100PE,PE,2020-11-18 10:02:00,2020-11-18 10:07:00,138.29487194061278,149.42550304412842,5,222.6126220703128,52.55268633688556,170.05993573342724,2020-11-18
BANKNIFTY19NOV2029100PE,PE,2020-11-18 11:46:00,2020-11-18 11:55:00,137.84375,147.63,9,195.7249999999999,52.5034086805,143.2215913194999,2020-11-18
BANKNIFTY19NOV2029100PE,PE,2020-11-18 12:38:00,2020-11-18 12:48:00,149.121875,136.6076219558716,10,-250.2850608825679,52.375419679655835,-302.6604805622237,2020-11-18
BANKNIFTY19NOV2029100PE,PE,2020-11-18 12:55:00,2020-11-18 13:05:00,107.2675,91.1216234779358,10,-322.917530441284,50.749054433827915,-373.6665848751119,2020-11-18
BANKNIFTY19NOV2029100PE,PE,2020-11-18 14:04:00,2020-11-18 14:14:00,48.470873470306394,49.27650152206421,10,16.11256103515629,49.00076465606777,-32.88820362091148,2020-11-18
BANKNIFTY19NOV2029100PE,PE,2020-11-18 14:59:00,2020-11-18 15:09:00,21.804375,24.139500761032107,10,46.70251522064213,48.058048393961045,-1.3555331733189178,2020-11-18
BANKNIFTY19NOV2029500CE,CE,2020-11-19 10:40:00,2020-11-19 10:48:00,119.9491265296936,107.73,8,-244.38253059387193,51.3105813963543,-295.6931119902262,2020-11-19
BANKNIFTY19NOV2029500CE,CE,2020-11-19 10:53:00,2020-11-19 11:03:00,72.63112194061279,73.11675304412842,10,9.712622070312591,49.880802660885564,-40.16818059057297,2020-11-19
BANKNIFTY19NOV2029500CE,CE,2020-11-19 11:28:00,2020-11-19 11:34:00,92.0295030593872,98.15400152206422,6,122.4899692535405,50.73079640563068,71.75917284790981,2020-11-19
BANKNIFTY19NOV2029500CE,CE,2020-11-19 11:59:00,2020-11-19 12:05:00,103.85899847030639,113.465625,6,192.13253059387227,51.250195129645704,140.88233546422657,2020-11-19
BANKNIFTY19NOV2029500CE,CE,2020-11-19 12:33:00,2020-11-19 12:36:00,108.1196234703064,110.47312500000001,3,47.07003059387233,51.230339057395696,-4.160308463523364,2020-11-19
BANKNIFTY19NOV2029500CE,CE,2020-11-19 13:26:00,2020-11-19 13:36:00,25.56375,7.580999904870987,10,-359.65500190258024,47.70199101378612,-407.3569929163664,2020-11-19
BANKNIFTY19NOV2029500PE,PE,2020-11-19 09:20:00,2020-11-19 09:30:00,223.1063780593872,185.58487804412843,10,-750.4300003051753,54.48587673805276,-804.9158770432281,2020-11-19
BANKNIFTY19NOV2029500PE,PE,2020-11-19 09:35:00,2020-11-19 09:45:00,148.5704969406128,111.86962652206421,10,-734.0174083709718,51.76685247346348,-785.7842608444353,2020-11-19
BANKNIFTY19NOV2029500PE,PE,2020-11-19 10:25:00,2020-11-19 10:35:00,101.2525,98.40337652206422,10,-56.982469558715536,50.85144492817208,-107.83391448688761,2020-11-19
BANKNIFTY19NOV2029500PE,PE,2020-11-19 11:22:00,2020-11-19 11:28:00,110.62587347030639,123.2909984779358,6,253.30250015258827,51.57325253222362,201.72924762036465,2020-11-19
BANKNIFTY19NOV2029500PE,PE,2020-11-19 11:33:00,2020-11-19 11:43:00,116.74112194061279,79.55062500000001,10,-743.8099388122555,50.5853025847914,-794.3952413970469,2020-11-19
BANKNIFTY19NOV2029500PE,PE,2020-11-19 12:05:00,2020-11-19 12:15:00,85.81399847030639,82.84237804412842,10,-59.432408523559275,50.28114365798986,-109.71355218154913,2020-11-19
BANKNIFTY19NOV2029500PE,PE,2020-11-19 12:41:00,2020-11-19 12:43:00,73.8341265296936,76.8075,2,59.467469406127975,49.9855205613543,9.481948844773676,2020-11-19
BANKNIFTY19NOV2029500PE,PE,2020-11-19 15:22:00,2020-11-19 15:24:00,598.2919877624512,595.8566006469727,2,-48.707742309570676,69.1263179506623,-117.83406026023297,2020-11-19
BANKNIFTY26NOV2028900CE,CE,2020-11-20 09:27:00,2020-11-20 09:35:00,465.71136276245113,488.1764939117432,8,449.30262298584125,64.86002145372726,384.442601532114,2020-11-20
BANKNIFTY26NOV2028900CE,CE,2020-11-20 09:44:00,2020-11-20 09:54:00,540.5480122375488,512.3658993530273,10,-563.6422576904306,66.37813547433771,-630.0203931647683,2020-11-20
BANKNIFTY26NOV2028900CE,CE,2020-11-20 09:57:00,2020-11-20 10:07:00,480.09724388122555,482.49076217651367,10,47.870365905762355,64.90044842195944,-17.030082516197083,2020-11-20
BANKNIFTY26NOV2028900CE,CE,2020-11-20 10:23:00,2020-11-20 10:33:00,454.2327561187744,472.5157621765137,10,365.66012115478657,64.33649046179386,301.3236306929927,2020-11-20
BANKNIFTY26NOV2028900CE,CE,2020-11-20 10:39:00,2020-11-20 10:49:00,440.1977561187744,428.925,10,-225.45512237548792,63.1018409729172,-288.55696334840513,2020-11-20
BANKNIFTY26NOV2028900CE,CE,2020-11-20 10:50:00,2020-11-20 11:00:00,423.30562499999996,387.97763717651367,10,-706.5597564697259,61.895992618376646,-768.4557490881026,2020-11-20
BANKNIFTY26NOV2028900CE,CE,2020-11-20 11:03:00,2020-11-20 11:13:00,391.02511276245116,384.13725608825683,10,-137.7571334838865,61.401540553103914,-199.15867403699042,2020-11-20
BANKNIFTY26NOV2028900CE,CE,2020-11-20 11:14:00,2020-11-20 11:24:00,360.39875,349.125,10,-225.47500000000014,60.16942676050001,-285.64442676050015,2020-11-20
BANKNIFTY26NOV2028900CE,CE,2020-11-20 11:32:00,2020-11-20 11:42:00,375.78713111877437,378.40163108825686,10,52.28999938964989,61.07271891610553,-8.782719526455637,2020-11-20
BANKNIFTY26NOV2028900CE,CE,2020-11-20 11:45:00,2020-11-20 11:55:00,365.3611372375488,367.22961891174316,10,37.36963348388713,60.67144698314609,-23.301813499258962,2020-11-20
BANKNIFTY26NOV2028900CE,CE,2020-11-20 11:56:00,2020-11-20 12:06:00,383.25573776245113,382.4913871765137,10,-15.287011718749,61.264983488792225,-76.55199520754122,2020-11-20
BANKNIFTY26NOV2028900CE,CE,2020-11-20 12:07:00,2020-11-20 12:08:00,396.48875,398.4513871765137,1,39.252743530274756,61.817589795626645,-22.56484626535189,2020-11-20
BANKNIFTY26NOV2028900CE,CE,2020-11-20 12:11:00,2020-11-20 12:21:00,390.97499999999997,356.2072560882568,10,-695.3548782348628,60.72155982418833,-756.0764380590512,2020-11-20
BANKNIFTY26NOV2028900CE,CE,2020-11-20 12:27:00,2020-11-20 12:37:00,378.49386276245116,367.57875,10,-218.3022552490229,60.84309483691559,-279.1453500859385,2020-11-20
BANKNIFTY26NOV2028900CE,CE,2020-11-20 12:38:00,2020-11-20 12:48:00,358.04286888122556,361.14486282348633,10,62.039878845215526,60.43252457120616,1.6073542740093671,2020-11-20
BANKNIFTY26NOV2028900CE,CE,2020-11-20 12:54:00,2020-11-20 13:04:00,358.5441188812256,478.2513871765137,10,2394.1453659057615,63.28720415645945,2330.858161749302,2020-11-20
BANKNIFTY26NOV2028900CE,CE,2020-11-20 13:14:00,2020-11-20 13:24:00,515.78625,473.563125,10,-844.4624999999996,65.12668208275,-909.5891820827496,2020-11-20
BANKNIFTY26NOV2028900CE,CE,2020-11-20 13:25:00,2020-11-20 13:30:00,441.85187499999995,465.084375,5,464.65000000000146,64.00191725799999,400.64808274200146,2020-11-20
BANKNIFTY26NOV2028900CE,CE,2020-11-20 13:31:00,2020-11-20 13:36:00,427.6665061187744,459.8475,5,643.6198776245124,63.69830425641721,579.9215733680951,2020-11-20
BANKNIFTY26NOV2028900CE,CE,2020-11-20 13:42:00,2020-11-20 13:49:00,482.6034938812256,607.7268750000001,7,2502.4676223754896,67.9777781833328,2434.489844192157,2020-11-20
BANKNIFTY26NOV2028900CE,CE,2020-11-20 15:04:00,2020-11-20 15:06:00,645.8105122375488,671.566875,2,515.1272552490241,71.55821552058441,443.56903972843963,2020-11-20
BANKNIFTY26NOV2028900CE,CE,2020-11-20 15:18:00,2020-11-20 15:24:00,653.5297744750976,604.235625,6,-985.8829895019517,70.01637815441882,-1055.8993676563705,2020-11-20
BANKNIFTY26NOV2028900PE,PE,2020-11-20 09:22:00,2020-11-20 09:25:00,415.3357377624512,471.81750000000005,3,1129.6352447509776,63.836265214665595,1065.798979536312,2020-11-20
BANKNIFTY26NOV2028900PE,PE,2020-11-20 09:35:00,2020-11-20 09:45:00,482.35286888122556,450.0720121765137,10,-645.6171340942376,64.13993069720945,-709.7570647914471,2020-11-20
BANKNIFTY26NOV2028900PE,PE,2020-11-20 10:08:00,2020-11-20 10:18:00,464.55849388122556,443.0895121765137,10,-429.37963409423674,63.74902096295945,-493.12865505719617,2020-11-20
BANKNIFTY26NOV2028900PE,PE,2020-11-20 10:23:00,2020-11-20 10:33:00,498.5933811187744,479.7975,10,-375.9176223754878,65.0647272006672,-440.982349576155,2020-11-20
BANKNIFTY26NOV2028900PE,PE,2020-11-20 13:00:00,2020-11-20 13:10:00,549.2196005249023,422.7903810882569,10,-2528.5843887329074,64.3070687425195,-2592.891457475427,2020-11-20
BANKNIFTY26NOV2028900PE,PE,2020-11-20 13:13:00,2020-11-20 13:19:00,394.9348872375488,443.5882621765137,6,973.0674987792975,62.89617651896106,910.1713222603364,2020-11-20
BANKNIFTY26NOV2028900PE,PE,2020-11-20 13:34:00,2020-11-20 13:35:00,438.9947438812256,447.97725608825687,1,179.65024414062555,63.550314686271115,116.09992945435442,2020-11-20
BANKNIFTY26NOV2028900PE,PE,2020-11-20 13:37:00,2020-11-20 13:47:00,431.7266188812256,349.125,10,-1652.0323776245118,61.0555756723328,-1713.0879532968447,2020-11-20
BANKNIFTY26NOV2028900PE,PE,2020-11-20 14:00:00,2020-11-20 14:01:00,286.26386276245114,297.9532621765137,1,233.78798828125127,58.003723693292244,175.78426458795903,2020-11-20
BANKNIFTY26NOV2028900PE,PE,2020-11-20 14:16:00,2020-11-20 14:26:00,271.426875,251.37,10,-401.1374999999998,56.686322256249994,-457.8238222562498,2020-11-20
BANKNIFTY26NOV2029400CE,CE,2020-11-23 09:42:00,2020-11-23 09:52:00,399.0952561187744,362.59125,10,-730.0801223754877,60.977724352417205,-791.0578467279049,2020-11-23
BANKNIFTY26NOV2029400CE,CE,2020-11-23 09:54:00,2020-11-23 10:04:00,320.6997438812256,270.073125,10,-1012.5323776245114,57.75339600133279,-1070.285773625844,2020-11-23
BANKNIFTY26NOV2029400CE,CE,2020-11-23 10:46:00,2020-11-23 10:49:00,233.6827561187744,231.27038108825684,3,-48.24750061035104,55.72850933035553,-103.97600994070658,2020-11-23
BANKNIFTY26NOV2029400CE,CE,2020-11-23 11:20:00,2020-11-23 11:30:00,274.4844877624512,296.2076371765137,10,434.4629882812501,57.81492156579223,376.64806671545784,2020-11-23
BANKNIFTY26NOV2029400CE,CE,2020-11-23 12:04:00,2020-11-23 12:14:00,255.03599388122558,278.5020121765137,10,469.3203659057622,57.142636716959444,412.17772918880274,2020-11-23
BANKNIFTY26NOV2029400CE,CE,2020-11-23 13:40:00,2020-11-23 13:42:00,364.25838111877437,338.15250000000003,2,-522.1176223754867,59.9504865726672,-582.0681089481538,2020-11-23
BANKNIFTY26NOV2029400CE,CE,2020-11-23 13:53:00,2020-11-23 14:03:00,364.96011276245116,365.98274391174317,10,20.452622985840208,60.63613632672727,-40.18351334088706,2020-11-23
BANKNIFTY26NOV2029400CE,CE,2020-11-23 15:04:00,2020-11-23 15:14:00,248.77036888122558,242.0932469558716,10,-133.54243850707974,56.17920285648863,-189.72164136356838,2020-11-23
BANKNIFTY26NOV2029400PE,PE,2020-11-23 09:30:00,2020-11-23 09:38:00,400.54886276245117,407.1795121765137,8,132.61298828125064,62.08033043379224,70.5326578474584,2020-11-23
BANKNIFTY26NOV2029400PE,PE,2020-11-23 10:28:00,2020-11-23 10:36:00,641.4997744750976,697.8509756469726,8,1127.0240234375,72.14398458941552,1054.8800388480845,2020-11-23
BANKNIFTY26NOV2029400PE,PE,2020-11-23 12:50:00,2020-11-23 12:55:00,541.4001127624512,574.7096493530274,5,666.1907318115254,67.90514606791889,598.2855857436066,2020-11-23
BANKNIFTY26NOV2029400PE,PE,2020-11-23 14:59:00,2020-11-23 15:04:00,552.8286372375488,616.8041006469726,5,1279.5092681884762,69.07101808008112,1210.438250108395,2020-11-23
BANKNIFTY26NOV2029300CE,CE,2020-11-24 09:43:00,2020-11-24 09:53:00,410.52374999999995,397.4538871765137,10,-261.39725646972465,61.967692230626646,-323.3649487003513,2020-11-24
BANKNIFTY26NOV2029300CE,CE,2020-11-24 12:44:00,2020-11-24 12:54:00,424.8594877624511,439.69798782348636,10,296.77000122070467,63.17332230878894,233.59667891191572,2020-11-24
BANKNIFTY26NOV2029300CE,CE,2020-11-24 13:17:00,2020-11-24 13:27:00,439.24536888122555,450.87,10,232.4926223754892,63.623790296832794,168.8688320786564,2020-11-24
BANKNIFTY26NOV2029300CE,CE,2020-11-24 13:35:00,2020-11-24 13:44:00,464.7590061187744,472.86486282348636,9,162.11713409423965,64.47575576579055,97.6413783284491,2020-11-24
BANKNIFTY26NOV2029300CE,CE,2020-11-24 14:06:00,2020-11-24 14:15:00,458.4933811187744,491.1689939117432,9,653.5122558593764,64.84313650997888,588.6691193493975,2020-11-24
BANKNIFTY26NOV2029300CE,CE,2020-11-24 14:45:00,2020-11-24 14:55:00,544.7585244750976,562.59,10,356.6295104980486,67.65207612866882,288.9774343693798,2020-11-24
BANKNIFTY26NOV2029300CE,CE,2020-11-24 15:00:00,2020-11-24 15:10:00,559.6957377624511,566.4303506469727,10,134.69225769043078,67.9310612446623,66.76119644576848,2020-11-24
BANKNIFTY26NOV2029300CE,CE,2020-11-24 15:13:00,2020-11-24 15:23:00,564.2069877624511,609.8216006469727,10,912.2922576904307,69.0425386186623,843.2497190717684,2020-11-24
BANKNIFTY26NOV2029300PE,PE,2020-11-24 09:19:00,2020-11-24 09:29:00,368.2683811187744,327.72861282348634,10,-810.7953659057614,59.74675874654055,-870.5421246523019,2020-11-24
BANKNIFTY26NOV2030100CE,CE,2020-11-25 09:15:00,2020-11-25 09:25:00,274.8855122375488,303.63899391174317,10,575.069633483887,58.00066108214608,517.0689724017409,2020-11-25
BANKNIFTY26NOV2030100CE,CE,2020-11-25 10:24:00,2020-11-25 10:26:00,264.05849388122556,273.315,2,185.13012237548878,57.12856183858279,128.001560536906,2020-11-25
BANKNIFTY26NOV2030100CE,CE,2020-11-25 11:02:00,2020-11-25 11:12:00,170.2245030593872,163.63987804412844,10,-131.69250030517503,53.295112073802756,-184.9876123789778,2020-11-25
BANKNIFTY26NOV2030100CE,CE,2020-11-25 11:17:00,2020-11-25 11:27:00,137.7434938812256,139.45050304412842,10,34.14018325805671,52.303208326426954,-18.163025068370246,2020-11-25
BANKNIFTY26NOV2030100CE,CE,2020-11-25 12:08:00,2020-11-25 12:18:00,151.4276280593872,133.66500000000002,10,-355.25256118774337,52.332490273958605,-407.585051461702,2020-11-25
BANKNIFTY26NOV2030100CE,CE,2020-11-25 12:20:00,2020-11-25 12:30:00,116.39024847030639,122.2934984779358,10,118.0650001525882,51.62060403047362,66.44439612211457,2020-11-25
BANKNIFTY26NOV2030100CE,CE,2020-11-25 13:58:00,2020-11-25 14:05:00,69.7238780593872,54.962248477935795,7,-295.2325916290282,49.40310131853652,-344.63569294756473,2020-11-25
BANKNIFTY26NOV2030100CE,CE,2020-11-25 14:19:00,2020-11-25 14:29:00,66.96700305938721,57.954748477935794,10,-180.2450916290283,49.44163937928652,-229.68673100831484,2020-11-25
BANKNIFTY26NOV2030100CE,CE,2020-11-25 14:30:00,2020-11-25 14:34:00,65.91437499999999,53.36625,4,-250.96249999999984,49.31695314775,-300.27945314774985,2020-11-25
BANKNIFTY26NOV2030100PE,PE,2020-11-25 10:14:00,2020-11-25 10:24:00,268.8203688812256,315.9082621765137,10,941.757865905762,58.22374294070945,883.5341229650525,2020-11-25
BANKNIFTY26NOV2030100PE,PE,2020-11-25 12:46:00,2020-11-25 12:52:00,517.5907377624511,498.1514939117432,6,-388.7848770141579,65.74717796697726,-454.53205498113516,2020-11-25
BANKNIFTY26NOV2030100PE,PE,2020-11-25 14:38:00,2020-11-25 14:48:00,804.3057377624511,821.0422256469727,10,334.7297576904316,77.16307544341228,257.56668224701934,2020-11-25
BANKNIFTY26NOV2029300CE,CE,2020-11-26 09:35:00,2020-11-26 09:39:00,136.5404969406128,127.68,4,-177.2099388122558,52.0019617657914,-229.21190057804722,2020-11-26
BANKNIFTY26NOV2029300CE,CE,2020-11-26 10:58:00,2020-11-26 11:04:00,104.00937499999999,104.0891234779358,6,1.5949695587161727,51.02399307507792,-49.429023516361745,2020-11-26
BANKNIFTY26NOV2029300CE,CE,2020-11-26 11:18:00,2020-11-26 11:25:00,89.42299694061279,98.25375000000001,7,176.6150611877444,50.700840458291395,125.914220729453,2020-11-26
BANKNIFTY26NOV2029300CE,CE,2020-11-26 11:31:00,2020-11-26 11:40:00,94.3853765296936,96.45824695587159,9,41.45740852355971,50.71881797951014,-9.261409455950435,2020-11-26
BANKNIFTY26NOV2029300CE,CE,2020-11-26 11:52:00,2020-11-26 12:02:00,70.0246234703064,50.8725,10,-383.04246940612785,49.307360253145696,-432.34982965927355,2020-11-26
BANKNIFTY26NOV2029300CE,CE,2020-11-26 12:08:00,2020-11-26 12:18:00,26.9171253824234,35.11200076103211,10,163.89750757217413,48.388457860612114,115.50904971156203,2020-11-26
BANKNIFTY26NOV2029300CE,CE,2020-11-26 12:33:00,2020-11-26 12:36:00,26.816875,32.41875,3,112.03750000000007,48.321702835749996,63.71579716425007,2020-11-26
BANKNIFTY26NOV2029300CE,CE,2020-11-26 14:23:00,2020-11-26 14:26:00,195.9386219406128,207.38024391174318,3,228.83243942260776,54.67849716435308,174.1539422582547,2020-11-26
BANKNIFTY26NOV2029300CE,CE,2020-11-26 15:16:00,2020-11-26 15:20:00,262.45448776245115,251.37,4,-221.68975524902294,56.57485290616559,-278.2646081551885,2020-11-26
BANKNIFTY26NOV2029300PE,PE,2020-11-26 09:29:00,2020-11-26 09:35:00,193.733125,241.8438719558716,6,962.2149391174321,55.48937645565584,906.7255626617763,2020-11-26
BANKNIFTY26NOV2029300PE,PE,2020-11-26 10:05:00,2020-11-26 10:10:00,311.57698776245115,309.225,5,-47.03975524902262,58.59237307516559,-105.63212832418822,2020-11-26
BANKNIFTY26NOV2029300PE,PE,2020-11-26 10:17:00,2020-11-26 10:23:00,250.625,275.40975608825687,6,495.6951217651374,57.01262149318832,438.6825002719491,2020-11-26
BANKNIFTY26NOV2029300PE,PE,2020-11-26 10:24:00,2020-11-26 10:34:00,258.34426223754883,266.9310060882568,10,171.7348770141598,56.90228879602274,114.83258821813706,2020-11-26
BANKNIFTY26NOV2029300PE,PE,2020-11-26 10:38:00,2020-11-26 10:48:00,248.82049694061277,246.43237804412843,10,-47.76237792968686,56.28536891638555,-104.04774684607241,2020-11-26
BANKNIFTY26NOV2029300PE,PE,2020-11-26 10:53:00,2020-11-26 10:58:00,216.3896311187744,238.3526219558716,5,439.2598167419442,55.68593205657304,383.5738846853711,2020-11-26
BANKNIFTY26NOV2029300PE,PE,2020-11-26 11:01:00,2020-11-26 11:11:00,226.8657530593872,228.22800304412843,10,27.244999694824514,55.569816024552765,-28.32481632972825,2020-11-26
BANKNIFTY26NOV2029300PE,PE,2020-11-26 11:26:00,2020-11-26 11:31:00,221.55249999999998,237.00600608825684,5,309.0701217651372,55.71731892868832,253.35280283644886,2020-11-26
BANKNIFTY26NOV2029300PE,PE,2020-11-26 12:37:00,2020-11-26 12:47:00,294.2838627624512,218.1033689117432,10,-1523.6098770141598,56.16112410147726,-1579.771001115637,2020-11-26
BANKNIFTY26NOV2029300PE,PE,2020-11-26 12:48:00,2020-11-26 12:58:00,196.64036888122558,110.47312500000001,10,-1723.3448776245114,52.330085390082786,-1775.6749630145941,2020-11-26
BANKNIFTY26NOV2029300PE,PE,2020-11-26 13:01:00,2020-11-26 13:08:00,115.4378765296936,100.19887195587158,7,-304.7800914764403,51.071351284760134,-355.8514427612004,2020-11-26
BANKNIFTY26NOV2029300PE,PE,2020-11-26 13:12:00,2020-11-26 13:22:00,83.458125,66.08437500000001,10,-347.47499999999974,49.8442602655,-397.31926026549974,2020-11-26
BANKNIFTY26NOV2029300PE,PE,2020-11-26 13:28:00,2020-11-26 13:30:00,60.0998757648468,63.34125,2,64.82748470306404,49.48734404505215,15.340140658011897,2020-11-26
BANKNIFTY26NOV2029300PE,PE,2020-11-26 13:52:00,2020-11-26 14:01:00,121.50299694061279,48.628125000000004,9,-1457.497438812256,49.8923156940414,-1507.3897545062973,2020-11-26
BANKNIFTY26NOV2029300PE,PE,2020-11-26 14:18:00,2020-11-26 14:22:00,11.8295001912117,17.107124619483947,4,105.55248856544495,47.76307183497002,57.789416730474926,2020-11-26
BANKNIFTY26NOV2029300PE,PE,2020-11-26 14:32:00,2020-11-26 14:41:00,10.1252503824234,6.134625095129014,8,-79.81250574588773,47.47500822761496,-127.28751397350268,2020-11-26
BANKNIFTY03DEC2029600CE,CE,2020-11-27 09:31:00,2020-11-27 09:41:00,456.889375,425.7828810882569,10,-622.1298782348617,63.23278332568832,-685.36266156055,2020-11-27
BANKNIFTY03DEC2029600CE,CE,2020-11-27 09:42:00,2020-11-27 09:52:00,405.16036888122557,489.32361282348637,10,1683.2648788452161,64.13566218770615,1619.12921665751,2020-11-27
BANKNIFTY03DEC2029600CE,CE,2020-11-27 10:03:00,2020-11-27 10:06:00,454.93448776245117,469.3736128234863,3,288.7825012207031,64.26878011103894,224.51372110966417,2020-11-27
BANKNIFTY03DEC2029600CE,CE,2020-11-27 10:12:00,2020-11-27 10:17:00,432.0273872375488,459.2988871765137,5,545.4299987792979,63.73913786021105,481.69086091908684,2020-11-27
BANKNIFTY03DEC2029600CE,CE,2020-11-27 13:10:00,2020-11-27 13:20:00,469.67125,426.5808689117432,10,-861.8076217651355,63.410990164561674,-925.2186119296972,2020-11-27
BANKNIFTY03DEC2029600CE,CE,2020-11-27 13:32:00,2020-11-27 13:42:00,426.31312499999996,466.63048782348636,10,806.3472564697281,63.84647707337335,742.5007793963548,2020-11-27
BANKNIFTY03DEC2029600CE,CE,2020-11-27 13:48:00,2020-11-27 13:58:00,490.87411888122557,438.75038108825686,10,-1042.4747558593742,63.97041247277112,-1106.4451683321454,2020-11-27
BANKNIFTY03DEC2029600CE,CE,2020-11-27 14:04:00,2020-11-27 14:14:00,439.49599388122556,451.11937500000005,10,232.46762237548978,63.63296965933279,168.834652716157,2020-11-27
BANKNIFTY03DEC2029600CE,CE,2020-11-27 14:27:00,2020-11-27 14:37:00,458.1425,450.17173782348635,10,-159.41524353027262,63.841576445123366,-223.25681997539598,2020-11-27
BANKNIFTY03DEC2029600CE,CE,2020-11-27 14:45:00,2020-11-27 14:55:00,375.43625,432.2666310882569,10,1136.607621765138,62.37855042343832,1074.2290713416996,2020-11-27
BANKNIFTY03DEC2029600PE,PE,2020-11-27 09:16:00,2020-11-27 09:26:00,526.9139755249023,513.21375,10,-274.0045104980459,66.22937443583118,-340.23388493387705,2020-11-27
BANKNIFTY03DEC2029600PE,PE,2020-11-27 10:35:00,2020-11-27 10:45:00,503.255,513.21375,10,199.17500000000018,65.9354447875,133.2395552125002,2020-11-27
BANKNIFTY03DEC2029600PE,PE,2020-11-27 10:48:00,2020-11-27 10:58:00,516.2875,510.22125000000005,10,-121.32499999999936,66.0245669815,-187.34956698149938,2020-11-27
BANKNIFTY03DEC2029600PE,PE,2020-11-27 11:04:00,2020-11-27 11:14:00,510.37275611877436,523.7373628234864,10,267.29213409424005,66.27984509129057,201.0122890029495,2020-11-27
BANKNIFTY03DEC2029600PE,PE,2020-11-27 11:15:00,2020-11-27 11:25:00,512.1271311187744,529.7223628234864,10,351.90463409423955,66.44721749054057,285.457416603699,2020-11-27
BANKNIFTY03DEC2029600PE,PE,2020-11-27 11:29:00,2020-11-27 11:33:00,514.6333505249023,519.6975,4,101.28298950195358,66.23451300458117,35.048476497372405,2020-11-27
BANKNIFTY03DEC2029600PE,PE,2020-11-27 11:38:00,2020-11-27 11:48:00,457.5911372375488,445.5333689117432,10,-241.1553665161125,63.72190470464609,-304.8772712207586,2020-11-27
BANKNIFTY03DEC2029600PE,PE,2020-11-27 11:51:00,2020-11-27 12:01:00,447.51599388122554,428.176875,10,-386.7823776245109,63.17456273833279,-449.9569403628437,2020-11-27
BANKNIFTY03DEC2029600PE,PE,2020-11-27 12:03:00,2020-11-27 12:13:00,431.62636276245115,436.90500000000003,10,105.57274475097756,63.18945573841558,42.38328901256198,2020-11-27
BANKNIFTY03DEC2029600PE,PE,2020-11-27 13:58:00,2020-11-27 14:08:00,444.8092622375488,438.5508689117432,10,-125.16786651611255,63.39326826539609,-188.56113478150866,2020-11-27
BANKNIFTY03DEC2029600PE,PE,2020-11-27 14:53:00,2020-11-27 15:03:00,425.2605122375488,411.56850608825687,10,-273.8401229858391,62.49409421452275,-336.3342172003619,2020-11-27
BANKNIFTY03DEC2029600PE,PE,2020-11-27 15:20:00,2020-11-27 15:24:00,402.45363723754883,407.8777439117432,4,108.48213348388754,62.12097809939608,46.361155384491454,2020-11-27
BANKNIFTY03DEC2029700CE,CE,2020-12-01 09:20:00,2020-12-01 09:25:00,330.7748872375488,363.4889939117432,5,654.282133483888,60.150775781396085,594.1313577024919,2020-12-01
BANKNIFTY03DEC2029700CE,CE,2020-12-01 12:30:00,2020-12-01 12:40:00,379.0452561187744,385.035,10,119.79487762451299,61.274543969917204,58.52033365459579,2020-12-01
BANKNIFTY03DEC2029700CE,CE,2020-12-01 12:44:00,2020-12-01 12:47:00,370.3736372375488,383.68836891174317,3,266.29463348388754,61.1340563296461,205.16057715424142,2020-12-01
BANKNIFTY03DEC2029700CE,CE,2020-12-01 14:58:00,2020-12-01 15:08:00,459.145,446.88,10,-245.29999999999973,63.773964189999994,-309.07396418999974,2020-12-01
BANKNIFTY03DEC2029700CE,CE,2020-12-01 15:15:00,2020-12-01 15:23:00,402.3533811187744,422.6407621765137,8,405.7476211547862,62.478822308543855,343.26879884624236,2020-12-01
BANKNIFTY03DEC2029700PE,PE,2020-12-01 09:30:00,2020-12-01 09:36:00,446.71400611877436,454.111875,6,147.95737762451267,63.795431729167206,84.16194589534547,2020-12-01
BANKNIFTY03DEC2029700PE,PE,2020-12-01 10:28:00,2020-12-01 10:38:00,387.6166188812256,357.105,10,-610.2323776245112,60.7016730043328,-670.9340506288439,2020-12-01
BANKNIFTY03DEC2029700PE,PE,2020-12-01 10:39:00,2020-12-01 10:49:00,354.68448776245117,312.06788108825685,10,-852.3321334838863,59.19707251460391,-911.5292059984902,2020-12-01
BANKNIFTY03DEC2029700PE,PE,2020-12-01 10:53:00,2020-12-01 11:03:00,307.91786888122556,316.6563871765137,10,174.7703659057629,58.72767173495943,116.04269417080347,2020-12-01
BANKNIFTY03DEC2029700PE,PE,2020-12-01 11:04:00,2020-12-01 11:14:00,320.79999999999995,310.2225,10,-211.5499999999986,58.731218881000004,-270.2812188809986,2020-12-01
BANKNIFTY03DEC2029700PE,PE,2020-12-01 11:15:00,2020-12-01 11:25:00,307.7675,332.0677439117432,10,486.00487823486446,59.100663288811674,426.9042149460528,2020-12-01
BANKNIFTY03DEC2029700PE,PE,2020-12-01 11:38:00,2020-12-01 11:48:00,328.71974388122555,331.3695121765137,10,52.99536590576281,59.34398207645944,-6.34861617069663,2020-12-01
BANKNIFTY03DEC2029700PE,PE,2020-12-01 11:54:00,2020-12-01 12:04:00,317.09073776245117,322.0428810882569,10,99.04286651611415,58.97265071210391,40.07021580401023,2020-12-01
BANKNIFTY03DEC2029700PE,PE,2020-12-01 13:07:00,2020-12-01 13:17:00,326.9152561187744,329.1251371765137,10,44.197621154786475,59.266972562543856,-15.069351407757381,2020-12-01
BANKNIFTY03DEC2029700PE,PE,2020-12-01 13:39:00,2020-12-01 13:44:00,296.74,328.52663108825686,5,635.7326217651371,58.87752942793833,576.8550923371988,2020-12-01
BANKNIFTY03DEC2029700PE,PE,2020-12-01 14:03:00,2020-12-01 14:08:00,297.0908811187744,302.3921189117432,5,106.02475585937555,58.246203214228885,47.77855264514666,2020-12-01
BANKNIFTY03DEC2029700PE,PE,2020-12-01 14:13:00,2020-12-01 14:18:00,275.23636276245117,281.544375,5,126.16024475097674,57.46759923616558,68.69264551481116,2020-12-01
BANKNIFTY03DEC2029700PE,PE,2020-12-01 14:37:00,2020-12-01 14:46:00,286.715,256.85625,9,-597.1749999999997,57.0097011565,-654.1847011564997,2020-12-01
BANKNIFTY03DEC2029700PE,PE,2020-12-01 14:57:00,2020-12-01 15:07:00,241.9032530593872,258.6517378234863,10,334.96969528198235,56.496650664831954,278.4730446171504,2020-12-01
BANKNIFTY03DEC2029800CE,CE,2020-12-02 09:26:00,2020-12-02 09:36:00,279.2965061187744,284.5867378234863,10,105.80463409423828,57.59204204954056,48.21259204469772,2020-12-02
BANKNIFTY03DEC2029800CE,CE,2020-12-02 10:25:00,2020-12-02 10:32:00,219.54749999999999,239.8488719558716,7,406.0274391174323,55.76155834290583,350.2658807745265,2020-12-02
BANKNIFTY03DEC2029800CE,CE,2020-12-02 11:27:00,2020-12-02 11:34:00,198.745625,189.9738719558716,7,-175.43506088256777,54.289984618655836,-229.7250455012236,2020-12-02
BANKNIFTY03DEC2029800CE,CE,2020-12-02 12:56:00,2020-12-02 13:06:00,142.104375,116.45812500000001,10,-512.925,51.79812876249999,-564.7231287625,2020-12-02
BANKNIFTY03DEC2029800CE,CE,2020-12-02 15:20:00,2020-12-02 15:24:00,81.9042469406128,75.51074695587158,4,-127.86999969482423,50.05423880694723,-177.92423850177147,2020-12-02
BANKNIFTY03DEC2029800PE,PE,2020-12-02 10:30:00,2020-12-02 10:40:00,363.6067622375488,351.96788108825683,10,-232.7776229858398,60.27843092377274,-293.05605390961256,2020-12-02
BANKNIFTY03DEC2029800PE,PE,2020-12-02 10:48:00,2020-12-02 10:58:00,330.825,335.70861282348636,10,97.67225646972747,59.47567948487335,38.19657698485412,2020-12-02
BANKNIFTY03DEC2029800PE,PE,2020-12-02 11:33:00,2020-12-02 11:42:00,386.71437499999996,385.284375,9,-28.599999999999,61.375887733,-89.975887732999,2020-12-02
BANKNIFTY03DEC2029800PE,PE,2020-12-02 13:50:00,2020-12-02 14:00:00,553.9814755249023,577.1534756469727,10,463.44000244140716,68.12089453957788,395.3191079018293,2020-12-02
BANKNIFTY03DEC2029600CE,CE,2020-12-03 11:34:00,2020-12-03 11:37:00,149.87375,167.18100608825685,3,346.145121765137,53.12841544018832,293.0167063249487,2020-12-03
BANKNIFTY03DEC2029600CE,CE,2020-12-03 12:17:00,2020-12-03 12:27:00,138.09437499999999,124.58775152206421,10,-270.1324695587155,51.94605191017208,-322.0785214688876,2020-12-03
BANKNIFTY03DEC2029600PE,PE,2020-12-03 10:00:00,2020-12-03 10:10:00,111.72862194061278,121.74487804412843,10,200.3251220703129,51.549345423135556,148.77577664717734,2020-12-03
BANKNIFTY03DEC2029600PE,PE,2020-12-03 10:19:00,2020-12-03 10:29:00,93.2325,88.67775152206421,10,-91.09496955871577,50.51524544392208,-141.61021500263786,2020-12-03
BANKNIFTY03DEC2029600PE,PE,2020-12-03 10:35:00,2020-12-03 10:45:00,81.453125,99.55050304412842,10,361.9475608825684,50.633367659594164,311.3141932229742,2020-12-03
BANKNIFTY03DEC2029600PE,PE,2020-12-03 11:02:00,2020-12-03 11:12:00,114.1847515296936,97.3559984779358,10,-336.575061035156,50.98663404368223,-387.5616950788382,2020-12-03
BANKNIFTY03DEC2029600PE,PE,2020-12-03 13:32:00,2020-12-03 13:36:00,169.5728688812256,214.36274391174317,4,895.7975006103516,54.520779131644474,841.276721478707,2020-12-03
BANKNIFTY03DEC2029600PE,PE,2020-12-03 13:58:00,2020-12-03 14:08:00,132.1295030593872,156.358125,10,484.5724388122562,52.644716583458596,431.9277222287976,2020-12-03
BANKNIFTY03DEC2029600PE,PE,2020-12-03 14:59:00,2020-12-03 15:09:00,108.520625,131.47050304412844,10,458.9975608825688,51.74605276459417,407.2515081179746,2020-12-03
BANKNIFTY10DEC2029600CE,CE,2020-12-04 09:15:00,2020-12-04 09:20:00,416.1377561187744,431.9175,5,315.59487762451226,62.87571752991721,252.71916009459505,2020-12-04
BANKNIFTY10DEC2029600CE,CE,2020-12-04 10:04:00,2020-12-04 10:14:00,465.7615061187744,493.76250000000005,10,560.0198776245134,64.99651619241722,495.0233614320961,2020-12-04
BANKNIFTY10DEC2029600CE,CE,2020-12-04 11:58:00,2020-12-04 12:08:00,519.6960244750976,525.5328506469726,10,116.73652343750064,66.43934637566552,50.297177061835114,2020-12-04
BANKNIFTY10DEC2029600CE,CE,2020-12-04 12:50:00,2020-12-04 13:00:00,403.005,388.87538108825686,10,-282.59237823486274,61.665622137438326,-344.25800037230107,2020-12-04
BANKNIFTY10DEC2029600CE,CE,2020-12-04 13:17:00,2020-12-04 13:21:00,426.7642622375488,460.7951371765137,4,680.6174987792986,63.710145086961056,616.9073536923376,2020-12-04
BANKNIFTY10DEC2029600PE,PE,2020-12-04 09:44:00,2020-12-04 09:54:00,410.42349388122557,387.82798782348635,10,-451.9101211547843,61.73231016320615,-513.6424313179905,2020-12-04
BANKNIFTY10DEC2029600PE,PE,2020-12-04 09:58:00,2020-12-04 10:08:00,394.48375,379.05,10,-308.6749999999995,61.3207688965,-369.9957688964995,2020-12-04
BANKNIFTY10DEC2029600PE,PE,2020-12-04 10:15:00,2020-12-04 10:25:00,351.6769877624512,332.6163871765137,10,-381.21201171874986,59.65952218029224,-440.8715338990421,2020-12-04
BANKNIFTY10DEC2029600PE,PE,2020-12-04 10:28:00,2020-12-04 10:38:00,312.57948776245115,310.8708689117432,10,-34.172377014159565,58.64486119122726,-92.81723820538681,2020-12-04
BANKNIFTY10DEC2029600PE,PE,2020-12-04 10:40:00,2020-12-04 10:50:00,305.7625,305.1352439117432,10,-12.545121765135718,58.42065861381168,-70.9657803789474,2020-12-04
BANKNIFTY10DEC2029600PE,PE,2020-12-04 10:59:00,2020-12-04 11:09:00,313.78249999999997,295.85850608825683,10,-358.4798782348628,58.294652225688324,-416.7745304605511,2020-12-04
BANKNIFTY10DEC2029600PE,PE,2020-12-04 11:11:00,2020-12-04 11:21:00,307.1659938812256,331.46923782348637,10,486.06487884521584,59.07863259470614,426.9862462505097,2020-12-04
BANKNIFTY10DEC2029600PE,PE,2020-12-04 11:24:00,2020-12-04 11:34:00,325.7623872375488,334.71111282348636,10,178.97451171875105,59.38852081795777,119.58599090079328,2020-12-04
BANKNIFTY10DEC2029600PE,PE,2020-12-04 11:36:00,2020-12-04 11:46:00,350.624375,348.52649391174316,10,-41.95762176513654,60.03343601256168,-101.99105777769822,2020-12-04
BANKNIFTY10DEC2029600PE,PE,2020-12-04 12:03:00,2020-12-04 12:13:00,334.8851127624512,339.69861282348637,10,96.27000122070399,59.62317186578895,36.64682935491504,2020-12-04
BANKNIFTY10DEC2029600PE,PE,2020-12-04 12:32:00,2020-12-04 12:42:00,374.43375,383.2395121765137,10,176.11524353027448,61.17357973487665,114.94166379539783,2020-12-04
BANKNIFTY10DEC2029600PE,PE,2020-12-04 12:43:00,2020-12-04 12:50:00,374.1330122375488,417.6532621765137,7,870.4049987792973,62.006909778711055,808.3980890005863,2020-12-04
BANKNIFTY10DEC2029600PE,PE,2020-12-04 12:55:00,2020-12-04 13:05:00,449.4708811187744,399.0,10,-1009.417622375488,62.489162838667205,-1071.9067852141552,2020-12-04
BANKNIFTY10DEC2029600PE,PE,2020-12-04 13:13:00,2020-12-04 13:23:00,363.65687499999996,345.5339939117432,10,-362.45762176513495,60.12255820656166,-422.5801799716966,2020-12-04
BANKNIFTY10DEC2029600PE,PE,2020-12-04 13:29:00,2020-12-04 13:39:00,325.9628688812256,323.3396189117432,10,-52.46499938964803,59.114415852394465,-111.5794152420425,2020-12-04
BANKNIFTY10DEC2029600PE,PE,2020-12-04 13:42:00,2020-12-04 13:52:00,301.8527561187744,319.6488871765137,10,355.9226211547866,58.72510957304385,297.1975115817428,2020-12-04
BANKNIFTY10DEC2029600PE,PE,2020-12-04 14:25:00,2020-12-04 14:35:00,293.93301223754884,266.38236282348635,10,-551.0129882812498,57.33108421120777,-608.3440724924576,2020-12-04
BANKNIFTY10DEC2029600PE,PE,2020-12-04 14:38:00,2020-12-04 14:48:00,253.03099388122558,218.701875,10,-686.5823776245117,55.6631727823328,-742.2455504068445,2020-12-04
BANKNIFTY10DEC2029600PE,PE,2020-12-04 14:59:00,2020-12-04 15:09:00,189.2720030593872,196.15836891174317,10,137.7273170471193,54.32271735927028,83.40459968784901,2020-12-04
BANKNIFTY10DEC2029600PE,PE,2020-12-04 15:10:00,2020-12-04 15:20:00,199.4975,168.328125,10,-623.3875,53.772823122249996,-677.16032312225,2020-12-04
BANKNIFTY10DEC2029600PE,PE,2020-12-04 15:21:00,2020-12-04 15:24:00,172.12924694061277,164.5875,3,-150.83493881225536,53.3418254272914,-204.17676423954674,2020-12-04
BANKNIFTY10DEC2030000CE,CE,2020-12-07 09:22:00,2020-12-07 09:32:00,438.84437499999996,393.01500000000004,10,-916.5874999999983,62.21156663125,-978.7990666312483,2020-12-07
BANKNIFTY10DEC2030000CE,CE,2020-12-07 10:00:00,2020-12-07 10:02:00,377.691875,404.3864939117432,2,533.8923782348638,61.728428101561676,472.16395013330214,2020-12-07
BANKNIFTY10DEC2030000CE,CE,2020-12-07 11:38:00,2020-12-07 11:45:00,383.45624999999995,384.93524391174316,7,29.579878234864054,61.32691796631168,-31.74703973144763,2020-12-07
BANKNIFTY10DEC2030000CE,CE,2020-12-07 13:15:00,2020-12-07 13:20:00,550.3725,554.1611128234864,5,75.7722564697292,67.51680103487335,8.255455434855847,2020-12-07
BANKNIFTY10DEC2030000CE,CE,2020-12-07 13:24:00,2020-12-07 13:34:00,553.1794877624511,488.77500000000003,10,-1288.0897552490217,65.96124827416558,-1354.0510035231873,2020-12-07
BANKNIFTY10DEC2030000CE,CE,2020-12-07 13:35:00,2020-12-07 13:45:00,485.31025611877436,445.23413108825685,10,-801.5225006103503,64.05899740885553,-865.5814980192058,2020-12-07
BANKNIFTY10DEC2030000CE,CE,2020-12-07 13:52:00,2020-12-07 14:02:00,483.6561372375488,406.4313871765137,10,-1544.4950012207028,63.09462487571105,-1607.589626096414,2020-12-07
BANKNIFTY10DEC2030000CE,CE,2020-12-07 14:03:00,2020-12-07 14:08:00,412.3282377624511,434.3613871765137,5,440.6629882812513,62.887833731792234,377.77515454945905,2020-12-07
BANKNIFTY10DEC2030000CE,CE,2020-12-07 14:11:00,2020-12-07 14:21:00,426.5136372375488,439.94736282348634,10,268.6745117187513,63.19993849795777,205.47457322079356,2020-12-07
BANKNIFTY10DEC2030000CE,CE,2020-12-07 14:34:00,2020-12-07 14:44:00,470.42312499999997,443.4885060882569,10,-538.6923782348617,63.83158576243832,-602.5239639973,2020-12-07
BANKNIFTY10DEC2030000CE,CE,2020-12-07 14:53:00,2020-12-07 15:03:00,496.23749999999995,459.89736282348633,10,-726.8027435302724,64.55141569937336,-791.3541592296458,2020-12-07
BANKNIFTY10DEC2030000CE,CE,2020-12-07 15:04:00,2020-12-07 15:14:00,453.43073776245114,457.8525,10,88.43524475097752,63.96986318266559,24.465381568311926,2020-12-07
BANKNIFTY10DEC2030000CE,CE,2020-12-07 15:15:00,2020-12-07 15:24:00,451.17511276245114,452.865,9,33.79774475097747,63.82052624491559,-30.02278149393812,2020-12-07
BANKNIFTY10DEC2030000PE,PE,2020-12-07 10:17:00,2020-12-07 10:27:00,359.29599388122557,355.60875000000004,10,-73.74487762451054,60.3134347010828,-134.05831232559333,2020-12-07
BANKNIFTY10DEC2030000PE,PE,2020-12-07 10:53:00,2020-12-07 10:59:00,328.7698872375488,343.7883689117432,6,300.3696334838878,59.64667634114609,240.72295714274173,2020-12-07
BANKNIFTY10DEC2030000PE,PE,2020-12-07 11:15:00,2020-12-07 11:24:00,351.2759938812256,354.81076217651366,9,70.69536590576149,60.19438749245945,10.500978413302043,2020-12-07
BANKNIFTY10DEC2030000PE,PE,2020-12-07 12:56:00,2020-12-07 13:02:00,228.7704969406128,230.87137195587158,6,42.01750030517587,55.65777604869724,-13.640275743521364,2020-12-07
BANKNIFTY10DEC2030000PE,PE,2020-12-07 13:11:00,2020-12-07 13:15:00,223.70786888122558,230.27288108825684,4,131.30024414062518,55.58032253027112,75.71992161035406,2020-12-07
BANKNIFTY10DEC2030000PE,PE,2020-12-07 13:21:00,2020-12-07 13:30:00,220.9008811187744,252.21788108825686,9,626.339999389649,56.07923103910554,570.2607683505435,2020-12-07
BANKNIFTY10DEC2030000PE,PE,2020-12-07 14:05:00,2020-12-07 14:11:00,298.39411888122555,296.30736282348636,6,-41.73512115478388,58.11439094570614,-99.84951210049002,2020-12-07
BANKNIFTY10DEC2030000PE,PE,2020-12-07 14:13:00,2020-12-07 14:15:00,266.2640061187744,292.7163871765137,2,529.0476211547866,57.62787382154386,471.41974733324275,2020-12-07
BANKNIFTY10DEC2030000PE,PE,2020-12-07 14:28:00,2020-12-07 14:34:00,242.605,250.3226219558716,6,154.35243911743214,56.302774805405846,98.0496643120263,2020-12-07
BANKNIFTY10DEC2030000PE,PE,2020-12-07 14:47:00,2020-12-07 14:53:00,230.575,223.78913108825685,6,-135.71737823486274,55.50792887893833,-191.22530711380108,2020-12-07
BANKNIFTY10DEC2030200CE,CE,2020-12-08 09:15:00,2020-12-08 09:25:00,326.1633811187744,316.05788108825686,10,-202.11000061035065,58.93978885810553,-261.0497894684562,2020-12-08
BANKNIFTY10DEC2030200CE,CE,2020-12-08 09:52:00,2020-12-08 09:59:00,354.5842622375488,379.05,7,489.31475524902453,60.825073620334415,428.4896816286901,2020-12-08
BANKNIFTY10DEC2030200CE,CE,2020-12-08 10:09:00,2020-12-08 10:19:00,354.885,361.4939939117432,10,132.17987823486396,60.40178459631167,71.77809363855229,2020-12-08
BANKNIFTY10DEC2030200CE,CE,2020-12-08 10:20:00,2020-12-08 10:30:00,358.44386276245115,342.6911128234863,10,-315.0549987792965,59.988644725288935,-375.0436435045855,2020-12-08
BANKNIFTY10DEC2030200CE,CE,2020-12-08 10:32:00,2020-12-08 10:39:00,329.5217622375488,348.62625,7,382.08975524902485,59.7736920198344,322.31606322919043,2020-12-08
BANKNIFTY10DEC2030200CE,CE,2020-12-08 11:03:00,2020-12-08 11:13:00,302.1534938812256,309.02548782348634,10,137.43987884521516,58.470446502206144,78.96943234300902,2020-12-08
BANKNIFTY10DEC2030200CE,CE,2020-12-08 11:21:00,2020-12-08 11:31:00,297.8427561187744,259.94850608825686,10,-757.8850006103505,57.22316274760553,-815.1081633579561,2020-12-08
BANKNIFTY10DEC2030200CE,CE,2020-12-08 11:34:00,2020-12-08 11:44:00,289.3215061187744,285.08548782348635,10,-84.72036590576067,57.72872003504055,-142.44908594080124,2020-12-08
BANKNIFTY10DEC2030200CE,CE,2020-12-08 11:45:00,2020-12-08 11:55:00,294.6347438812256,299.1502439117432,10,90.31000061035229,58.13683507689447,32.17316553345782,2020-12-08
BANKNIFTY10DEC2030200CE,CE,2020-12-08 12:06:00,2020-12-08 12:11:00,281.7526127624512,294.06298782348637,5,246.20750122070376,57.853052250538944,188.3544489701648,2020-12-08
BANKNIFTY10DEC2030200CE,CE,2020-12-08 12:18:00,2020-12-08 12:23:00,269.2213627624512,294.7113871765137,5,509.80048828125064,57.713140419542235,452.0873478617084,2020-12-08
BANKNIFTY10DEC2030200CE,CE,2020-12-08 12:53:00,2020-12-08 12:57:00,334.2836372375488,353.115,4,376.62725524902385,59.94203420958442,316.6852210394394,2020-12-08
BANKNIFTY10DEC2030200CE,CE,2020-12-08 13:02:00,2020-12-08 13:03:00,343.45650611877437,343.888125,1,8.632377624512628,59.831563446667204,-51.199185822154575,2020-12-08
BANKNIFTY10DEC2030200CE,CE,2020-12-08 13:05:00,2020-12-08 13:15:00,295.1861372375488,319.1002439117432,10,478.2821334838877,58.628941187396094,419.6531922964916,2020-12-08
BANKNIFTY10DEC2030200CE,CE,2020-12-08 13:30:00,2020-12-08 13:33:00,302.5544877624512,343.63875,3,821.6852447509768,59.317347433665596,762.3678973173112,2020-12-08
BANKNIFTY10DEC2030200CE,CE,2020-12-08 13:38:00,2020-12-08 13:44:00,333.63198776245116,357.3045121765137,6,473.4504882812507,60.03584239554225,413.41464588570847,2020-12-08
BANKNIFTY10DEC2030200CE,CE,2020-12-08 13:49:00,2020-12-08 13:58:00,345.0103688812256,357.80326217651367,9,255.85786590576163,60.189334246709436,195.66853165905218,2020-12-08
BANKNIFTY10DEC2030200CE,CE,2020-12-08 14:03:00,2020-12-08 14:13:00,345.3111372375488,334.1625,10,-222.97274475097538,59.618042429584406,-282.5907871805598,2020-12-08
BANKNIFTY10DEC2030200CE,CE,2020-12-08 14:14:00,2020-12-08 14:24:00,330.32374999999996,343.888125,10,271.2875000000008,59.668407337750004,211.6190926622508,2020-12-08
BANKNIFTY10DEC2030200CE,CE,2020-12-08 14:25:00,2020-12-08 14:35:00,345.86249999999995,326.1825,10,-393.599999999999,59.430790012,-453.030790011999,2020-12-08
BANKNIFTY10DEC2030200CE,CE,2020-12-08 14:36:00,2020-12-08 14:46:00,342.35375,324.1875,10,-363.3249999999998,59.3386731235,-422.66367312349985,2020-12-08
BANKNIFTY10DEC2030200CE,CE,2020-12-08 14:47:00,2020-12-08 14:57:00,324.35886276245117,312.06788108825685,10,-245.81963348388626,58.8203190798539,-304.63995256374017,2020-12-08
BANKNIFTY10DEC2030200CE,CE,2020-12-08 14:58:00,2020-12-08 15:08:00,320.19849388122555,311.8683689117432,10,-166.6024993896474,58.763779466644465,-225.36627885629184,2020-12-08
BANKNIFTY10DEC2030200CE,CE,2020-12-08 15:09:00,2020-12-08 15:19:00,288.77011276245116,297.2051371765137,10,168.7004882812505,58.01666324754224,110.68382503370826,2020-12-08
BANKNIFTY10DEC2030200CE,CE,2020-12-08 15:23:00,2020-12-08 15:24:00,306.7148872375488,303.1402439117432,1,-71.49286651611192,58.38396510989608,-129.876831626008,2020-12-08
BANKNIFTY10DEC2030200PE,PE,2020-12-08 09:21:00,2020-12-08 09:31:00,364.70948776245115,342.391875,10,-446.3522552490224,60.05920780291558,-506.411463051938,2020-12-08
BANKNIFTY10DEC2030200PE,PE,2020-12-08 09:32:00,2020-12-08 09:42:00,329.4716188812256,311.469375,10,-360.0448776245116,58.86928009408279,-418.9141577185944,2020-12-08
BANKNIFTY10DEC2030200PE,PE,2020-12-08 09:57:00,2020-12-08 10:03:00,299.59713111877437,296.9058689117432,6,-53.825244140623454,58.143894511228886,-111.96913865185235,2020-12-08
BANKNIFTY10DEC2030200PE,PE,2020-12-08 10:10:00,2020-12-08 10:20:00,315.58698776245114,306.83100608825686,10,-175.11963348388576,58.58396116085391,-233.70359464473967,2020-12-08
BANKNIFTY10DEC2030200PE,PE,2020-12-08 11:32:00,2020-12-08 11:42:00,377.5415061187744,364.08750000000003,10,-269.08012237548746,60.7463433704172,-329.82646574590467,2020-12-08
BANKNIFTY10DEC2030200PE,PE,2020-12-08 12:30:00,2020-12-08 12:40:00,283.3065061187744,292.7163871765137,10,188.19762115478625,57.83960302454386,130.35801813024239,2020-12-08
BANKNIFTY10DEC2030200PE,PE,2020-12-08 12:56:00,2020-12-08 13:05:00,268.87051223754884,306.2823628234863,9,748.2370117187497,57.990229376207765,690.246782342542,2020-12-08
BANKNIFTY10DEC2030200PE,PE,2020-12-08 13:22:00,2020-12-08 13:32:00,287.5671311187744,283.3398628234863,10,-84.5453659057614,57.66446449754055,-142.20983040330196,2020-12-08
BANKNIFTY10DEC2030200PE,PE,2020-12-08 13:33:00,2020-12-08 13:43:00,256.3392469406128,251.46975608825684,10,-97.38981704711875,56.50130602747973,-153.89112307459848,2020-12-08
BANKNIFTY10DEC2030200PE,PE,2020-12-08 13:44:00,2020-12-08 13:49:00,234.6351280593872,254.66175304412843,5,400.53249969482465,56.30930359330276,344.2231961015219,2020-12-08
BANKNIFTY10DEC2030200PE,PE,2020-12-08 13:58:00,2020-12-08 14:03:00,239.04612194061278,248.128125,5,181.64006118774466,56.2051826617914,125.43487852595327,2020-12-08
BANKNIFTY10DEC2030400CE,CE,2020-12-09 09:16:00,2020-12-09 09:26:00,247.5673719406128,233.01600608825686,10,-291.0273170471186,55.94346612772972,-346.9707831748483,2020-12-09
BANKNIFTY10DEC2030400CE,CE,2020-12-09 09:27:00,2020-12-09 09:37:00,223.808125,229.22550304412843,10,108.34756088256881,55.55609206759416,52.79146881497466,2020-12-09
BANKNIFTY10DEC2030400CE,CE,2020-12-09 10:09:00,2020-12-09 10:14:00,224.56,246.28274391174318,5,434.4548782348636,55.980326565811666,378.47455166905195,2020-12-09
BANKNIFTY10DEC2030400CE,CE,2020-12-09 14:08:00,2020-12-09 14:18:00,401.50124999999997,447.628125,10,922.5375000000008,63.07601839075,859.4614816092508,2020-12-09
BANKNIFTY10DEC2030400CE,CE,2020-12-09 14:19:00,2020-12-09 14:29:00,462.4532377624511,429.6232621765137,10,-656.5995117187481,63.39531842454223,-719.9948301432903,2020-12-09
BANKNIFTY10DEC2030400CE,CE,2020-12-09 14:32:00,2020-12-09 14:42:00,443.856875,458.0021189117432,10,282.9048782348639,63.85456061181168,219.0503176230522,2020-12-09
BANKNIFTY10DEC2030400CE,CE,2020-12-09 14:44:00,2020-12-09 14:54:00,449.67136276245117,397.2045121765137,10,-1049.3370117187499,62.447980814792245,-1111.7849925335422,2020-12-09
BANKNIFTY10DEC2030400CE,CE,2020-12-09 15:19:00,2020-12-09 15:24:00,376.5390061187744,353.51399391174317,5,-460.5002441406248,60.47670297872888,-520.9769471193537,2020-12-09
BANKNIFTY10DEC2030400PE,PE,2020-12-09 10:04:00,2020-12-09 10:09:00,255.2365061187744,259.30013717651366,5,81.27262115478516,56.678069074043854,24.594552080741302,2020-12-09
BANKNIFTY10DEC2030400PE,PE,2020-12-09 10:13:00,2020-12-09 10:23:00,232.4296311187744,234.3626219558716,10,38.65981674194359,55.78815543657304,-17.128338694629456,2020-12-09
BANKNIFTY10DEC2030400PE,PE,2020-12-09 10:26:00,2020-12-09 10:36:00,242.605,235.41000000000003,10,-143.8999999999993,55.940046154,-199.8400461539993,2020-12-09
BANKNIFTY10DEC2030400PE,PE,2020-12-09 10:38:00,2020-12-09 10:48:00,236.58999999999997,233.8638719558716,10,-54.522560882567745,55.82771079990583,-110.35027168247358,2020-12-09
BANKNIFTY10DEC2030400PE,PE,2020-12-09 10:49:00,2020-12-09 10:59:00,243.50724388122558,238.65187500000002,10,-97.10737762451117,56.03010934183279,-153.13748696634397,2020-12-09
BANKNIFTY10DEC2030400PE,PE,2020-12-09 11:00:00,2020-12-09 11:10:00,238.7954969406128,224.4375,10,-287.15993881225586,55.625827710791405,-342.78576652304724,2020-12-09
BANKNIFTY10DEC2030400PE,PE,2020-12-09 11:14:00,2020-12-09 11:24:00,223.55749999999998,222.99112804412843,10,-11.327439117430913,55.40133595909416,-66.72877507652507,2020-12-09
BANKNIFTY10DEC2030400PE,PE,2020-12-09 11:26:00,2020-12-09 11:31:00,224.76049694061277,219.200625,5,-111.19743881225531,55.3240828320414,-166.5215216442967,2020-12-09
BANKNIFTY10DEC2030400PE,PE,2020-12-09 11:32:00,2020-12-09 11:41:00,222.75549694061277,198.751875,9,-480.0724388122552,54.8017862985414,-534.8742251107966,2020-12-09
BANKNIFTY10DEC2030400PE,PE,2020-12-09 11:54:00,2020-12-09 12:04:00,194.48499999999999,198.10350608825684,10,72.37012176513701,54.43479428668833,17.935327478448684,2020-12-09
BANKNIFTY10DEC2030400PE,PE,2020-12-09 12:05:00,2020-12-09 12:15:00,201.5526280593872,198.60225608825684,10,-59.007439422607035,54.534731066146925,-113.54217048875395,2020-12-09
BANKNIFTY10DEC2030400PE,PE,2020-12-09 12:21:00,2020-12-09 12:31:00,195.3371311187744,180.5475,10,-295.7926223754879,54.01835555316721,-349.8109779286551,2020-12-09
BANKNIFTY10DEC2030400PE,PE,2020-12-09 12:35:00,2020-12-09 12:45:00,183.9086219406128,191.02125,10,142.2525611877444,54.131131632041395,88.121429555703,2020-12-09
BANKNIFTY10DEC2030400PE,PE,2020-12-09 13:00:00,2020-12-09 13:10:00,176.3397438812256,177.2557469558716,10,18.32006149291999,53.70227232873863,-35.38221083581864,2020-12-09
BANKNIFTY10DEC2030400PE,PE,2020-12-09 13:25:00,2020-12-09 13:35:00,152.32987194061278,146.881875,10,-108.95993881225536,52.6651813717914,-161.62512018404675,2020-12-09
BANKNIFTY10DEC2030400PE,PE,2020-12-09 13:56:00,2020-12-09 14:06:00,120.550625,105.28612804412842,10,-305.2899391174316,51.25861040884416,-356.54854952627574,2020-12-09
BANKNIFTY10DEC2030400PE,PE,2020-12-09 14:21:00,2020-12-09 14:31:00,86.21499999999999,97.45574695587159,10,224.814939117432,50.641575280655836,174.17336383677616,2020-12-09
BANKNIFTY10DEC2030400PE,PE,2020-12-09 14:32:00,2020-12-09 14:42:00,95.7888780593872,87.28125,10,-170.15256118774403,50.5130369179586,-220.66559810570263,2020-12-09
BANKNIFTY10DEC2030400PE,PE,2020-12-09 15:01:00,2020-12-09 15:06:00,89.42299694061279,93.36599847793579,5,78.86003074645998,50.58195274536932,28.278078001090662,2020-12-09
BANKNIFTY10DEC2030400PE,PE,2020-12-09 15:11:00,2020-12-09 15:21:00,82.0546234703064,70.6728734779358,10,-227.63499984741202,49.938432525473615,-277.57343237288563,2020-12-09
BANKNIFTY10DEC2030400PE,PE,2020-12-09 15:22:00,2020-12-09 15:24:00,71.02712347030639,71.570625,2,10.870030593872286,49.823267825395696,-38.95323723152341,2020-12-09
BANKNIFTY10DEC2030600CE,CE,2020-12-10 09:29:00,2020-12-10 09:38:00,97.74374999999999,92.91712652206421,9,-96.53246955871566,50.67440827117208,-147.20687782988773,2020-12-10
BANKNIFTY10DEC2030600CE,CE,2020-12-10 10:05:00,2020-12-10 10:15:00,71.8291265296936,61.6454992389679,10,-203.6725458145139,49.59181680164327,-253.26436261615717,2020-12-10
BANKNIFTY10DEC2030600CE,CE,2020-12-10 10:27:00,2020-12-10 10:37:00,49.97462347030639,46.583250761032104,10,-67.82745418548572,48.95393709035673,-116.78139127584245,2020-12-10
BANKNIFTY10DEC2030600PE,PE,2020-12-10 12:06:00,2020-12-10 12:10:00,311.57698776245115,323.1401371765137,4,231.26298828125073,58.93083930579223,172.3321489754585,2020-12-10
BANKNIFTY10DEC2030600PE,PE,2020-12-10 12:48:00,2020-12-10 12:56:00,287.21625,291.7188871765137,8,90.05274353027403,57.86391332762665,32.18883020264738,2020-12-10
BANKNIFTY10DEC2030600PE,PE,2020-12-10 14:04:00,2020-12-10 14:10:00,314.534375,376.9552439117432,6,1248.4173782348637,60.276557832061684,1188.140820402802,2020-12-10
BANKNIFTY10DEC2030600PE,PE,2020-12-10 14:24:00,2020-12-10 14:34:00,314.78499999999997,234.71175304412844,10,-1601.4649391174305,56.81979772234416,-1658.2847368397747,2020-12-10
BANKNIFTY10DEC2030600PE,PE,2020-12-10 14:40:00,2020-12-10 14:50:00,159.2471311187744,74.91224847793579,10,-1686.6976528167722,51.00055822524513,-1737.6982110420174,2020-12-10
BANKNIFTY10DEC2030600PE,PE,2020-12-10 14:57:00,2020-12-10 15:07:00,87.3678765296936,67.83,10,-390.7575305938721,49.935293338854294,-440.6928239327264,2020-12-10
BANKNIFTY10DEC2030600PE,PE,2020-12-10 15:19:00,2020-12-10 15:24:00,80.7513780593872,90.8722484779358,5,202.41740837097183,50.41356304353653,152.0038453274353,2020-12-10
BANKNIFTY17DEC2030600CE,CE,2020-12-11 09:15:00,2020-12-11 09:25:00,412.52875,456.50586891174316,10,879.5423782348632,63.42895833156168,816.1134199033015,2020-12-11
BANKNIFTY17DEC2030600CE,CE,2020-12-11 09:34:00,2020-12-11 09:44:00,510.523125,513.3134756469727,10,55.80701293945481,66.02816675199671,-10.2211538125419,2020-12-11
BANKNIFTY17DEC2030600CE,CE,2020-12-11 09:50:00,2020-12-11 10:00:00,506.2625,496.6053810882569,10,-193.14237823486224,65.56883344243832,-258.7112116773005,2020-12-11
BANKNIFTY17DEC2030600CE,CE,2020-12-11 10:07:00,2020-12-11 10:17:00,472.97948776245113,466.4808689117432,10,-129.97237701415884,64.42260202722727,-194.3949790413861,2020-12-11
BANKNIFTY17DEC2030600CE,CE,2020-12-11 10:31:00,2020-12-11 10:41:00,482.8541188812256,463.0395121765137,10,-396.29213409423755,64.46157430970945,-460.75370840394703,2020-12-11
BANKNIFTY17DEC2030600CE,CE,2020-12-11 10:44:00,2020-12-11 10:54:00,464.3580122375488,453.36375000000004,10,-219.88524475097506,63.996436710334414,-283.8816814613095,2020-12-11
BANKNIFTY17DEC2030600CE,CE,2020-12-11 11:19:00,2020-12-11 11:29:00,448.51849388122554,418.5011128234863,10,-600.3476211547843,62.95166802845615,-663.2992891832405,2020-12-11
BANKNIFTY17DEC2030600CE,CE,2020-12-11 11:30:00,2020-12-11 11:40:00,408.4184938812256,401.9925,10,-128.5198776245113,62.0519327735828,-190.5718103980941,2020-12-11
BANKNIFTY17DEC2030600CE,CE,2020-12-11 11:41:00,2020-12-11 11:51:00,395.48625,446.0820121765137,10,1011.9152435302738,62.96368340687665,948.9515601233971,2020-12-11
BANKNIFTY17DEC2030600CE,CE,2020-12-11 12:20:00,2020-12-11 12:30:00,449.52099388122554,455.7577439117432,10,124.73500061035338,63.870338079394465,60.86466253095892,2020-12-11
BANKNIFTY17DEC2030600CE,CE,2020-12-11 12:55:00,2020-12-11 13:05:00,463.8066188812256,453.9622560882569,10,-196.8872558593739,64.00414424252112,-260.89140010189504,2020-12-11
BANKNIFTY17DEC2030600CE,CE,2020-12-11 13:09:00,2020-12-11 13:19:00,428.0675,444.88500000000005,10,336.35000000000105,63.339344179,273.010655821001,2020-12-11
BANKNIFTY17DEC2030600CE,CE,2020-12-11 13:21:00,2020-12-11 13:31:00,438.49349388122556,404.58600608825685,10,-678.1497558593742,62.488655948271116,-740.6384118076453,2020-12-11
BANKNIFTY17DEC2030600CE,CE,2020-12-11 13:42:00,2020-12-11 13:52:00,416.78937499999995,410.07225608825684,10,-134.34237823486228,62.35245800743832,-196.6948362423006,2020-12-11
BANKNIFTY17DEC2030600CE,CE,2020-12-11 13:53:00,2020-12-11 14:03:00,405.4611372375488,339.5489939117432,10,-1318.2428665161126,60.496340892896086,-1378.7392074090087,2020-12-11
BANKNIFTY17DEC2030600CE,CE,2020-12-11 14:04:00,2020-12-11 14:14:00,339.5467622375488,303.04048782348633,10,-730.1254882812498,58.78942876495776,-788.9149170462075,2020-12-11
BANKNIFTY17DEC2030600CE,CE,2020-12-11 14:15:00,2020-12-11 14:25:00,298.494375,319.99798782348637,10,430.07225646972756,58.69187777387336,371.38037869585423,2020-12-11
BANKNIFTY17DEC2030600CE,CE,2020-12-11 14:26:00,2020-12-11 14:36:00,331.2761372375488,355.2596189117432,10,479.6696334838873,59.956835085146096,419.7127983987412,2020-12-11
BANKNIFTY17DEC2030600CE,CE,2020-12-11 14:37:00,2020-12-11 14:47:00,344.85999999999996,350.67111282348634,10,116.22225646972765,60.013986575873346,56.20826989385431,2020-12-11
BANKNIFTY17DEC2030600CE,CE,2020-12-11 14:48:00,2020-12-11 14:58:00,348.2684938812256,350.67111282348634,10,48.05237884521489,60.056332340456144,-12.003953495241255,2020-12-11
BANKNIFTY17DEC2030600CE,CE,2020-12-11 14:59:00,2020-12-11 15:09:00,342.85499999999996,363.09000000000003,10,404.7000000000014,60.291149302,344.4088506980014,2020-12-11
BANKNIFTY17DEC2030600CE,CE,2020-12-11 15:19:00,2020-12-11 15:24:00,377.6417622375488,393.4638871765137,5,316.4424987792984,61.462128403461065,254.9803703758373,2020-12-11
BANKNIFTY17DEC2030600PE,PE,2020-12-11 09:20:00,2020-12-11 09:30:00,394.28323776245117,337.5539939117432,10,-1134.5848770141595,60.30894555897726,-1194.8938225731367,2020-12-11
BANKNIFTY17DEC2030600PE,PE,2020-12-11 09:37:00,2020-12-11 09:44:00,329.62198776245117,336.5066310882569,7,137.69286651611424,59.480144419103915,78.21272209701033,2020-12-11
BANKNIFTY17DEC2030600PE,PE,2020-12-11 11:04:00,2020-12-11 11:14:00,364.45886276245113,373.41413108825685,10,179.10536651611437,60.81066708635392,118.29469942976046,2020-12-11
BANKNIFTY17DEC2030600PE,PE,2020-12-11 11:51:00,2020-12-11 12:01:00,392.12786888122554,394.4613871765137,10,46.67036590576345,61.666360788959445,-14.995994883195998,2020-12-11
BANKNIFTY17DEC2030600PE,PE,2020-12-11 12:02:00,2020-12-11 12:04:00,387.8672438812256,406.68076217651367,2,376.27036590576154,61.910647677959446,314.3597182278021,2020-12-11
BANKNIFTY17DEC2030600PE,PE,2020-12-11 12:09:00,2020-12-11 12:19:00,389.8221311187744,378.0525,10,-235.3926223754877,61.238592017167214,-296.6312143926549,2020-12-11
BANKNIFTY17DEC2030600PE,PE,2020-12-11 12:31:00,2020-12-11 12:41:00,366.7646311187744,345.93298782348637,10,-416.63286590576035,60.17087269379056,-476.8037385995509,2020-12-11
BANKNIFTY17DEC2030600PE,PE,2020-12-11 12:42:00,2020-12-11 12:52:00,347.8675,342.0427439117432,10,-116.49512176513667,59.841477558811675,-176.33659932394835,2020-12-11
BANKNIFTY17DEC2030600PE,PE,2020-12-11 13:05:00,2020-12-11 13:13:00,358.64437499999997,380.59611282348635,8,439.03475646972765,60.91312186712335,378.12163460260433,2020-12-11
BANKNIFTY17DEC2030600PE,PE,2020-12-11 15:15:00,2020-12-11 15:19:00,378.59411888122554,396.10725608825686,4,350.2627441406264,61.53825634952111,288.7244877911053,2020-12-11
BANKNIFTY17DEC2030800CE,CE,2020-12-14 09:15:00,2020-12-14 09:25:00,361.8022438812256,356.95538108825684,10,-96.937255859375,60.377326264521116,-157.31458212389612,2020-12-14
BANKNIFTY17DEC2030800CE,CE,2020-12-14 09:26:00,2020-12-14 09:36:00,348.619375,348.3270121765137,10,-5.84725646972629,60.00367458062665,-65.85093105035294,2020-12-14
BANKNIFTY17DEC2030800CE,CE,2020-12-14 09:44:00,2020-12-14 09:54:00,371.82724388122557,346.1325,10,-513.8948776245115,60.2386214240828,-574.1334990485943,2020-12-14
BANKNIFTY17DEC2030800CE,CE,2020-12-14 09:55:00,2020-12-14 10:05:00,336.38886276245114,330.1725,10,-124.32725524902253,59.41014449641558,-183.7373997454381,2020-12-14
BANKNIFTY17DEC2030800CE,CE,2020-12-14 10:35:00,2020-12-14 10:45:00,342.65448776245114,337.6038871765137,10,-101.01201171874891,59.66874420429224,-160.68075592304115,2020-12-14
BANKNIFTY17DEC2030800CE,CE,2020-12-14 11:04:00,2020-12-14 11:12:00,310.775,325.9829878234863,8,304.159756469727,58.99002409262335,245.16973237710363,2020-12-14
BANKNIFTY17DEC2030800CE,CE,2020-12-14 11:45:00,2020-12-14 11:54:00,322.70474388122557,327.52913108825686,9,96.48774414062586,59.175842229021114,37.31190191160475,2020-12-14
BANKNIFTY17DEC2030800CE,CE,2020-12-14 12:19:00,2020-12-14 12:29:00,336.99036888122555,337.90312500000005,10,18.25512237548992,59.6056539980828,-41.35053162259288,2020-12-14
BANKNIFTY17DEC2030800CE,CE,2020-12-14 12:35:00,2020-12-14 12:45:00,333.9327561187744,322.940625,10,-219.8426223754882,59.203725575167205,-279.0463479506554,2020-12-14
BANKNIFTY17DEC2030800CE,CE,2020-12-14 12:52:00,2020-12-14 12:55:00,322.805,292.26750000000004,3,-610.7499999999993,58.319397961,-669.0693979609994,2020-12-14
BANKNIFTY17DEC2030800CE,CE,2020-12-14 12:56:00,2020-12-14 13:01:00,268.3692622375488,294.2625,5,517.8647552490236,57.69163571133441,460.17311953768916,2020-12-14
BANKNIFTY17DEC2030800CE,CE,2020-12-14 13:20:00,2020-12-14 13:30:00,339.9477561187744,344.48663108825684,10,90.77749938964871,59.80252996285554,30.974969426793173,2020-12-14
BANKNIFTY17DEC2030800CE,CE,2020-12-14 13:31:00,2020-12-14 13:41:00,313.93286888122555,338.50163108825683,10,491.3752441406257,59.33375466377112,432.04148947685457,2020-12-14
BANKNIFTY17DEC2030800CE,CE,2020-12-14 13:47:00,2020-12-14 13:57:00,336.1382377624511,327.3795121765137,10,-175.17451171874882,59.339095313042236,-234.51360703179105,2020-12-14
BANKNIFTY17DEC2030800CE,CE,2020-12-14 14:17:00,2020-12-14 14:21:00,320.9002561187744,335.75850608825687,4,297.16499938964944,59.35359202060554,237.8114073690439,2020-12-14
BANKNIFTY17DEC2030800CE,CE,2020-12-14 14:33:00,2020-12-14 14:43:00,332.83,333.1151371765137,10,5.702743530274574,59.437506138626645,-53.73476260835207,2020-12-14
BANKNIFTY17DEC2030800CE,CE,2020-12-14 14:50:00,2020-12-14 15:00:00,325.06062499999996,315.6089939117432,10,-189.03262176513522,58.91517010506168,-247.9477918701969,2020-12-14
BANKNIFTY17DEC2030800PE,PE,2020-12-14 09:20:00,2020-12-14 09:22:00,334.13323776245113,354.76086891174316,2,412.55262298584057,59.980199163727264,352.5724238221133,2020-12-14
BANKNIFTY17DEC2030800PE,PE,2020-12-14 10:23:00,2020-12-14 10:31:00,349.8725,356.45663108825687,8,131.68262176513736,60.21698450293833,71.46563726219902,2020-12-14
BANKNIFTY17DEC2030800PE,PE,2020-12-14 10:59:00,2020-12-14 11:04:00,357.5416188812256,401.1446189117432,5,872.0600006103518,61.399235308894475,810.6607653014573,2020-12-14
BANKNIFTY17DEC2030800PE,PE,2020-12-14 11:05:00,2020-12-14 11:13:00,388.46875,387.2295121765137,8,-24.784756469725835,61.444996124876646,-86.22975259460247,2020-12-14
BANKNIFTY17DEC2030800PE,PE,2020-12-14 11:25:00,2020-12-14 11:31:00,385.9123872375488,397.005,6,221.8522552490242,61.651011952084424,160.2012432969398,2020-12-14
BANKNIFTY17DEC2030800PE,PE,2020-12-14 11:33:00,2020-12-14 11:43:00,366.96511276245116,368.57625,10,32.2227447509772,60.72412904941559,-28.50138429843839,2020-12-14
BANKNIFTY17DEC2030800PE,PE,2020-12-14 11:54:00,2020-12-14 11:59:00,374.0327561187744,374.0625,5,0.5948776245122644,60.9453799739172,-60.350502349404934,2020-12-14
BANKNIFTY17DEC2030800PE,PE,2020-12-14 12:10:00,2020-12-14 12:19:00,361.8022438812256,353.115,9,-173.74487762451167,60.283914371082794,-234.02879199559447,2020-12-14
BANKNIFTY17DEC2030800PE,PE,2020-12-14 12:41:00,2020-12-14 12:51:00,356.78974388122555,357.75336891174317,10,19.27250061035238,60.33446290614448,-41.0619622957921,2020-12-14
BANKNIFTY17DEC2030800PE,PE,2020-12-14 13:03:00,2020-12-14 13:13:00,389.1705122375488,335.409375,10,-1075.2227447509756,60.19326224958441,-1135.41600700056,2020-12-14
BANKNIFTY17DEC2030800PE,PE,2020-12-14 13:14:00,2020-12-14 13:20:00,308.31886276245115,331.46923782348637,6,463.0075012207044,59.09295537653894,403.91454584416545,2020-12-14
BANKNIFTY17DEC2030800PE,PE,2020-12-14 13:26:00,2020-12-14 13:36:00,320.59948776245113,344.13750000000005,10,470.76024475097825,59.553662691165584,411.20658205981266,2020-12-14
BANKNIFTY17DEC2030800PE,PE,2020-12-14 13:41:00,2020-12-14 13:47:00,330.4741188812256,333.6138871765137,6,62.795365905761855,59.42036900945944,3.374996896302413,2020-12-14
BANKNIFTY17DEC2030600CE,CE,2020-12-15 09:33:00,2020-12-15 09:43:00,298.9455122375488,294.9108689117432,10,-80.69286651611264,58.08727347689609,-138.78013999300873,2020-12-15
BANKNIFTY17DEC2030600CE,CE,2020-12-15 09:45:00,2020-12-15 09:55:00,285.76261276245117,244.53711891174316,10,-824.5098770141601,56.69822346147726,-881.2081004756374,2020-12-15
BANKNIFTY17DEC2030600CE,CE,2020-12-15 09:56:00,2020-12-15 10:06:00,251.8279969406128,242.5919969558716,10,-184.71999969482397,56.229320999947234,-240.9493206947712,2020-12-15
BANKNIFTY17DEC2030600CE,CE,2020-12-15 10:07:00,2020-12-15 10:17:00,228.72036888122557,225.435,10,-65.70737762451131,55.5249211408328,-121.23229876534411,2020-12-15
BANKNIFTY17DEC2030600CE,CE,2020-12-15 11:03:00,2020-12-15 11:13:00,238.595,232.168125,10,-128.5374999999999,55.81137344725,-184.3488734472499,2020-12-15
BANKNIFTY17DEC2030600CE,CE,2020-12-15 11:24:00,2020-12-15 11:34:00,239.5975,238.20300304412842,10,-27.88993911743148,55.970618065844164,-83.86055718327565,2020-12-15
BANKNIFTY17DEC2030600CE,CE,2020-12-15 11:51:00,2020-12-15 12:01:00,229.5725,234.41250000000002,10,96.80000000000064,55.753872796,41.04612720400063,2020-12-15
BANKNIFTY17DEC2030600CE,CE,2020-12-15 12:07:00,2020-12-15 12:17:00,241.75286888122557,246.88125000000002,10,102.56762237548912,56.20848171433279,46.35914066115633,2020-12-15
BANKNIFTY17DEC2030600CE,CE,2020-12-15 12:27:00,2020-12-15 12:37:00,223.65775611877442,229.425,10,115.34487762451192,55.5590764289172,59.78580119559472,2020-12-15
BANKNIFTY17DEC2030600CE,CE,2020-12-15 12:50:00,2020-12-15 13:00:00,238.1940061187744,248.37750000000003,10,203.6698776245123,56.200662013417215,147.46921561109508,2020-12-15
BANKNIFTY17DEC2030600CE,CE,2020-12-15 13:17:00,2020-12-15 13:27:00,257.893125,241.74413108825684,10,-322.97987823486324,56.28404857468832,-379.26392680955155,2020-12-15
BANKNIFTY17DEC2030600CE,CE,2020-12-15 13:48:00,2020-12-15 13:50:00,249.57237194061278,260.39736282348633,2,216.499817657471,56.63438861441475,159.86542904305625,2020-12-15
BANKNIFTY17DEC2030600CE,CE,2020-12-15 14:43:00,2020-12-15 14:46:00,308.4191188812256,313.464375,3,100.90512237548865,58.65625783708279,42.248864538405854,2020-12-15
BANKNIFTY17DEC2030600PE,PE,2020-12-15 13:36:00,2020-12-15 13:46:00,289.9230122375488,295.06048782348637,10,102.74951171875159,57.97882081645776,44.77069090229383,2020-12-15
BANKNIFTY17DEC2030600PE,PE,2020-12-15 13:54:00,2020-12-15 14:04:00,273.18125,224.53725608825684,10,-972.8798782348628,56.05544897968832,-1028.935327214551,2020-12-15
BANKNIFTY17DEC2030600PE,PE,2020-12-15 14:08:00,2020-12-15 14:18:00,224.45974388122556,218.1033689117432,10,-127.12749938964748,55.29365717814447,-182.42115656779197,2020-12-15
BANKNIFTY17DEC2030600PE,PE,2020-12-15 14:51:00,2020-12-15 15:01:00,204.76062499999998,199.5,10,-105.21249999999952,54.59642230074999,-159.80892230074951,2020-12-15
BANKNIFTY17DEC2030600PE,PE,2020-12-15 15:19:00,2020-12-15 15:24:00,205.91349388122558,211.47,5,111.13012237548844,54.90189857458279,56.22822380090565,2020-12-15
BANKNIFTY17DEC2030900CE,CE,2020-12-16 10:36:00,2020-12-16 10:45:00,169.42249999999999,179.15100608825685,9,194.5701217651373,53.66243478268832,140.90768698244898,2020-12-16
BANKNIFTY17DEC2030900CE,CE,2020-12-16 10:50:00,2020-12-16 11:00:00,168.169375,178.45274391174317,10,205.66737823486335,53.62988220906168,152.03749602580166,2020-12-16
BANKNIFTY17DEC2030900CE,CE,2020-12-16 11:34:00,2020-12-16 11:44:00,166.36487194061277,163.29074695587158,10,-61.48249969482379,53.23866943569723,-114.72116913052102,2020-12-16
BANKNIFTY17DEC2030900CE,CE,2020-12-16 12:33:00,2020-12-16 12:43:00,132.8813780593872,139.05149391174317,10,123.40231704711925,52.23309800577028,71.16921904134898,2020-12-16
BANKNIFTY17DEC2030900CE,CE,2020-12-16 12:44:00,2020-12-16 12:54:00,135.78862194061279,116.90699695587159,10,-377.6324996948239,51.73058255469724,-429.36308224952114,2020-12-16
BANKNIFTY17DEC2030900CE,CE,2020-12-16 12:55:00,2020-12-16 12:59:00,109.97424694061279,129.02663108825683,4,381.04768295288096,51.70466821822971,329.34301473465126,2020-12-16
BANKNIFTY17DEC2030900CE,CE,2020-12-16 13:28:00,2020-12-16 13:38:00,130.9265061187744,143.24100608825685,10,246.2899993896491,52.31071547710553,193.97928391254356,2020-12-16
BANKNIFTY17DEC2030900CE,CE,2020-12-16 13:54:00,2020-12-16 14:04:00,161.2020030593872,157.55512195587158,10,-72.9376220703125,53.03501696961444,-125.97263903992695,2020-12-16
BANKNIFTY17DEC2030900CE,CE,2020-12-16 14:32:00,2020-12-16 14:39:00,127.41774847030639,130.47300304412843,7,61.105091476440805,51.95656027673986,9.148531199700948,2020-12-16
BANKNIFTY17DEC2030900PE,PE,2020-12-16 09:21:00,2020-12-16 09:31:00,257.893125,244.138125,10,-275.0999999999999,56.342279125000005,-331.4422791249999,2020-12-16
BANKNIFTY17DEC2030900PE,PE,2020-12-16 10:45:00,2020-12-16 10:55:00,257.5923872375488,268.62673782348634,10,220.6870117187509,56.93419410220776,163.75281761654315,2020-12-16
BANKNIFTY17DEC2030900PE,PE,2020-12-16 14:57:00,2020-12-16 15:07:00,266.7652561187744,262.9908689117432,10,-75.4877441406245,56.911069534978886,-132.39881367560338,2020-12-16
BANKNIFTY17DEC2030900PE,PE,2020-12-16 15:09:00,2020-12-16 15:17:00,255.9883811187744,282.09298782348634,8,522.0921340942385,57.24181425029057,464.85031984394794,2020-12-16
BANKNIFTY17DEC2030700CE,CE,2020-12-17 12:56:00,2020-12-17 13:00:00,207.6678688812256,214.4625,4,135.89262237548837,54.99648260083279,80.89613977465558,2020-12-17
BANKNIFTY17DEC2030700CE,CE,2020-12-17 13:50:00,2020-12-17 14:00:00,218.5951280593872,218.85149391174318,10,5.127317047119391,55.23899463027028,-50.111677583150886,2020-12-17
BANKNIFTY17DEC2030700CE,CE,2020-12-17 14:03:00,2020-12-17 14:13:00,236.08874999999998,217.6544969558716,10,-368.68506088256765,55.427213116655835,-424.1122739992235,2020-12-17
BANKNIFTY17DEC2030700CE,CE,2020-12-17 14:14:00,2020-12-17 14:24:00,232.22911888122556,147.18112804412843,10,-1700.9598167419426,53.66509656742696,-1754.6249133093695,2020-12-17
BANKNIFTY17DEC2030700CE,CE,2020-12-17 14:32:00,2020-12-17 14:41:00,143.9088780593872,192.81675304412843,9,978.1574996948245,53.67786391180276,924.4796357830218,2020-12-17
BANKNIFTY17DEC2030700PE,PE,2020-12-17 09:17:00,2020-12-17 09:27:00,181.3021311187744,161.595,10,-394.14262237548826,53.382997298167204,-447.52561967365546,2020-12-17
BANKNIFTY17DEC2030700PE,PE,2020-12-17 10:01:00,2020-12-17 10:11:00,98.59587347030639,104.88712652206422,10,125.8250610351567,50.97614820431778,74.84891283083891,2020-12-17
BANKNIFTY17DEC2030700PE,PE,2020-12-17 10:24:00,2020-12-17 10:33:00,107.9191265296936,112.0691234779358,9,82.99993896484409,51.26666859218222,31.73327037266187,2020-12-17
BANKNIFTY17DEC2030700PE,PE,2020-12-17 10:52:00,2020-12-17 11:02:00,107.46799694061279,92.21887195587159,10,-304.982499694824,50.77823436069724,-355.76073405552125,2020-12-17
BANKNIFTY17DEC2030700PE,PE,2020-12-17 11:58:00,2020-12-17 12:04:00,87.3678765296936,83.49074695587159,6,-77.54259147644035,50.316219083510134,-127.85881055995048,2020-12-17
BANKNIFTY17DEC2030700PE,PE,2020-12-17 12:08:00,2020-12-17 12:18:00,65.1625,38.35387576103211,10,-536.1724847793578,48.94245716746103,-585.1149419468188,2020-12-17
BANKNIFTY17DEC2030700PE,PE,2020-12-17 12:41:00,2020-12-17 12:51:00,34.58625,36.9075,10,46.42499999999998,48.527409002499994,-2.1024090025000106,2020-12-17
BANKNIFTY17DEC2030700PE,PE,2020-12-17 13:30:00,2020-12-17 13:37:00,18.044999999999998,22.643250761032107,7,91.96501522064217,47.97494923621104,43.99006598443113,2020-12-17
BANKNIFTY24DEC2030800CE,CE,2020-12-18 09:15:00,2020-12-18 09:25:00,358.9451127624512,325.3346189117432,10,-672.2098770141599,59.572699639477264,-731.7825766536372,2020-12-18
BANKNIFTY24DEC2030800CE,CE,2020-12-18 09:26:00,2020-12-18 09:36:00,331.72724388122555,294.9607621765137,10,-735.329634094237,58.495754181959434,-793.8253882761965,2020-12-18
BANKNIFTY24DEC2030800CE,CE,2020-12-18 10:03:00,2020-12-18 10:08:00,256.94073776245114,268.8761128234863,5,238.70750122070376,56.93216396753893,181.77533725316482,2020-12-18
BANKNIFTY24DEC2030800CE,CE,2020-12-18 10:15:00,2020-12-18 10:25:00,267.7677561187744,270.67163108825685,10,58.07749938964889,57.11034798085553,0.967151408793363,2020-12-18
BANKNIFTY24DEC2030800CE,CE,2020-12-18 10:27:00,2020-12-18 10:32:00,263.15625,264.68663108825683,5,30.607621765136628,56.90747972743832,-26.299857962301694,2020-12-18
BANKNIFTY24DEC2030800CE,CE,2020-12-18 10:55:00,2020-12-18 11:05:00,265.3617622375488,267.7788871765137,10,48.342498779297784,57.010094929461054,-8.66759615016327,2020-12-18
BANKNIFTY24DEC2030800CE,CE,2020-12-18 11:07:00,2020-12-18 11:12:00,264.409375,268.82625,5,88.33750000000009,57.02373848575001,31.313761514250082,2020-12-18
BANKNIFTY24DEC2030800CE,CE,2020-12-18 12:25:00,2020-12-18 12:35:00,268.2690061187744,260.4971189117432,10,-155.43774414062455,56.86909454597888,-212.30683868660344,2020-12-18
BANKNIFTY24DEC2030800CE,CE,2020-12-18 13:29:00,2020-12-18 13:39:00,279.49698776245117,275.5095121765137,10,-79.74951171874977,57.37374194754223,-137.123253666292,2020-12-18
BANKNIFTY24DEC2030800PE,PE,2020-12-18 09:20:00,2020-12-18 09:30:00,416.03749999999997,434.91,10,377.4500000000012,62.947260361000005,314.50273963900116,2020-12-18
BANKNIFTY24DEC2030800PE,PE,2020-12-18 10:20:00,2020-12-18 10:22:00,564.6080122375488,543.0888871765137,2,-430.38250122070167,67.42434095696106,-497.8068421776627,2020-12-18
BANKNIFTY24DEC2030800PE,PE,2020-12-18 10:51:00,2020-12-18 11:01:00,521.3,517.6027743530274,10,-73.94451293945167,66.26638552225329,-140.21089846170497,2020-12-18
BANKNIFTY24DEC2030800PE,PE,2020-12-18 11:02:00,2020-12-18 11:12:00,513.3802255249024,520.0466006469727,10,133.32750244140698,66.22743606532788,67.1000663760791,2020-12-18
BANKNIFTY24DEC2030800PE,PE,2020-12-18 11:13:00,2020-12-18 11:23:00,518.5431249999999,523.6875,10,102.88750000000164,66.38013764275,36.50736235725164,2020-12-18
BANKNIFTY24DEC2030800PE,PE,2020-12-18 11:25:00,2020-12-18 11:35:00,510.9241188812256,480.8448628234864,10,-601.585121154784,65.24339498870614,-666.8285161434901,2020-12-18
BANKNIFTY24DEC2030800PE,PE,2020-12-18 11:42:00,2020-12-18 11:45:00,518.2925,516.705,3,-31.749999999999545,66.207184441,-97.95718444099954,2020-12-18
BANKNIFTY24DEC2030800PE,PE,2020-12-18 12:22:00,2020-12-18 12:32:00,506.9642622375488,503.58788108825684,10,-67.52762298583889,65.74739139277274,-133.27501437861162,2020-12-18
BANKNIFTY24DEC2030800PE,PE,2020-12-18 12:40:00,2020-12-18 12:50:00,536.9389755249023,517.2536128234864,10,-393.70725402831795,66.45218503320453,-460.15943906152245,2020-12-18
BANKNIFTY24DEC2030800PE,PE,2020-12-18 13:07:00,2020-12-18 13:17:00,518.4428994750976,521.5927743530274,10,62.99749755859466,66.32794121217212,-3.3304436535774613,2020-12-18
BANKNIFTY24DEC2030800PE,PE,2020-12-18 14:08:00,2020-12-18 14:16:00,412.7292622375488,385.4339939117432,8,-545.9053665161127,61.70272555664609,-607.6080920727588,2020-12-18
BANKNIFTY24DEC2030800PE,PE,2020-12-18 14:35:00,2020-12-18 14:40:00,347.4163627624512,324.3870121765137,5,-460.58701171874986,59.40642185379224,-519.9934335725421,2020-12-18
BANKNIFTY24DEC2030400CE,CE,2020-12-21 10:27:00,2020-12-21 10:28:00,322.805,327.22986282348637,1,88.49725646972729,59.16980848937335,29.327447980353938,2020-12-21
BANKNIFTY24DEC2030400CE,CE,2020-12-21 11:31:00,2020-12-21 11:33:00,342.4038627624511,347.67861282348633,2,105.49500122070413,59.91068413628894,45.58431708441518,2020-12-21
BANKNIFTY24DEC2030400CE,CE,2020-12-21 11:56:00,2020-12-21 12:00:00,330.37386276245115,341.19486282348635,4,216.42000122070385,59.60352008678894,156.81648113391492,2020-12-21
BANKNIFTY24DEC2030400CE,CE,2020-12-21 12:30:00,2020-12-21 12:37:00,296.6898872375488,300.995625,7,86.11475524902403,58.20725366733441,27.907501581689615,2020-12-21
BANKNIFTY24DEC2030400CE,CE,2020-12-21 12:38:00,2020-12-21 12:48:00,288.3190061187744,285.83361282348636,10,-49.7078659057604,57.73446246929055,-107.44232837505095,2020-12-21
BANKNIFTY24DEC2030400CE,CE,2020-12-21 12:50:00,2020-12-21 13:00:00,273.2815061187744,239.30024391174317,10,-679.625244140625,56.41578353222888,-736.0410276728538,2020-12-21
BANKNIFTY24DEC2030400CE,CE,2020-12-21 13:03:00,2020-12-21 13:13:00,238.49474388122556,242.19300304412843,10,73.96518325805744,56.053969028926964,17.911214229130472,2020-12-21
BANKNIFTY24DEC2030400CE,CE,2020-12-21 13:14:00,2020-12-21 13:24:00,245.4120030593872,250.92112804412844,10,110.18249969482497,56.352205711302766,53.8302939835222,2020-12-21
BANKNIFTY24DEC2030400CE,CE,2020-12-21 13:25:00,2020-12-21 13:35:00,258.4946311187744,217.6544969558716,10,-816.8026832580563,55.70557482132305,-872.5082580793793,2020-12-21
BANKNIFTY24DEC2030400CE,CE,2020-12-21 13:36:00,2020-12-21 13:46:00,217.04125,222.79163108825685,10,115.00762176513717,55.315528191438325,59.69209357369885,2020-12-21
BANKNIFTY24DEC2030400CE,CE,2020-12-21 13:49:00,2020-12-21 13:59:00,213.68286888122557,186.63225608825684,10,-541.0122558593747,54.394278834021115,-595.4065346933958,2020-12-21
BANKNIFTY24DEC2030400CE,CE,2020-12-21 14:00:00,2020-12-21 14:04:00,192.22937499999998,204.13836891174319,4,238.1798782348642,54.553560893311676,183.62631734155252,2020-12-21
BANKNIFTY24DEC2030400CE,CE,2020-12-21 14:14:00,2020-12-21 14:24:00,205.01125,165.33562500000002,10,-793.5124999999994,53.768535373750005,-847.2810353737493,2020-12-21
BANKNIFTY24DEC2030400CE,CE,2020-12-21 14:25:00,2020-12-21 14:33:00,164.86112194061278,98.6028734779358,8,-1325.1649692535395,51.64654548786932,-1376.811514741409,2020-12-21
BANKNIFTY24DEC2030400CE,CE,2020-12-21 14:34:00,2020-12-21 14:38:00,108.3702484703064,117.85462652206421,4,189.6875610351563,51.412997412567776,138.27456362258852,2020-12-21
BANKNIFTY24DEC2030400CE,CE,2020-12-21 14:42:00,2020-12-21 14:52:00,125.76362194061278,95.95949695587159,10,-596.0824996948238,51.09651735369724,-647.179017048521,2020-12-21
BANKNIFTY24DEC2030400CE,CE,2020-12-21 14:56:00,2020-12-21 15:06:00,81.6035015296936,94.81237804412842,10,264.1775302886964,50.519987620198464,213.65754266849794,2020-12-21
BANKNIFTY24DEC2030400CE,CE,2020-12-21 15:09:00,2020-12-21 15:19:00,99.34774847030639,98.55300304412842,10,-15.894908523559366,50.831420512739854,-66.72632903629922,2020-12-21
BANKNIFTY24DEC2030400CE,CE,2020-12-21 15:22:00,2020-12-21 15:24:00,89.5733734703064,91.07175304412843,2,29.967591476440703,50.528016654989855,-20.560425178549153,2020-12-21
BANKNIFTY24DEC2030400PE,PE,2020-12-21 09:22:00,2020-12-21 09:27:00,364.05786888122555,375.06,5,220.04262237548915,60.84571875583279,159.19690361965635,2020-12-21
BANKNIFTY24DEC2030400PE,PE,2020-12-21 09:43:00,2020-12-21 09:53:00,326.564375,302.4420121765137,10,-482.44725646972597,58.61358369662665,-541.0608401663526,2020-12-21
BANKNIFTY24DEC2030400PE,PE,2020-12-21 09:54:00,2020-12-21 10:04:00,301.6021311187744,308.3771189117432,10,135.49975585937545,58.44782592572888,77.05192993364658,2020-12-21
BANKNIFTY24DEC2030400PE,PE,2020-12-21 10:07:00,2020-12-21 10:17:00,309.3715061187744,276.80625000000003,10,-651.3051223754871,57.77643234591721,-709.0815547214044,2020-12-21
BANKNIFTY24DEC2030400PE,PE,2020-12-21 10:20:00,2020-12-21 10:30:00,272.32911888122555,278.3025,10,119.4676223754891,57.35262673033279,62.11499564515631,2020-12-21
BANKNIFTY24DEC2030400PE,PE,2020-12-21 10:32:00,2020-12-21 10:42:00,281.451875,224.188125,10,-1145.2749999999992,56.149707791500006,-1201.4247077914993,2020-12-21
BANKNIFTY24DEC2030400PE,PE,2020-12-21 10:43:00,2020-12-21 10:53:00,232.1288780593872,234.01350608825686,10,37.692560577393124,55.77592724614693,-18.083366668753804,2020-12-21
BANKNIFTY24DEC2030400PE,PE,2020-12-21 11:04:00,2020-12-21 11:14:00,238.54487194061278,263.6392378234863,10,501.88731765747093,56.57624143616475,445.31107622130617,2020-12-21
BANKNIFTY24DEC2030400PE,PE,2020-12-21 11:18:00,2020-12-21 11:28:00,252.07862194061278,251.3201219558716,10,-15.16999969482356,56.444734085947225,-71.61473378077079,2020-12-21
BANKNIFTY24DEC2030400PE,PE,2020-12-21 11:29:00,2020-12-21 11:39:00,246.2140061187744,269.72399391174315,10,470.19975585937516,56.81952286472888,413.3802329946463,2020-12-21
BANKNIFTY24DEC2030400PE,PE,2020-12-21 11:46:00,2020-12-21 11:56:00,264.2590061187744,270.82125,10,131.2448776245128,57.07039594491721,74.1744816795956,2020-12-21
BANKNIFTY24DEC2030400PE,PE,2020-12-21 12:00:00,2020-12-21 12:06:00,260.2991188812256,270.1728810882569,6,197.47524414062582,57.005429223771124,140.4698149168547,2020-12-21
BANKNIFTY24DEC2030400PE,PE,2020-12-21 13:54:00,2020-12-21 14:04:00,536.3375,532.5153506469727,10,-76.44298706054542,66.81593294799671,-143.25892000854213,2020-12-21
BANKNIFTY24DEC2030400PE,PE,2020-12-21 14:43:00,2020-12-21 14:46:00,823.8544877624511,843.8351371765137,3,399.61298828125337,77.96034695679222,321.6526413244611,2020-12-21
BANKNIFTY24DEC2029600CE,CE,2020-12-22 10:38:00,2020-12-22 10:48:00,240.1990061187744,212.4675,10,-554.6301223754881,55.35211085541721,-609.9822332309053,2020-12-22
BANKNIFTY24DEC2029600CE,CE,2020-12-22 10:54:00,2020-12-22 11:04:00,207.6177561187744,218.85149391174318,10,224.67475585937564,55.10261615222888,169.57213970714676,2020-12-22
BANKNIFTY24DEC2029600CE,CE,2020-12-22 11:09:00,2020-12-22 11:19:00,213.03125,154.861875,10,-1163.3875,53.613413340250005,-1217.00091334025,2020-12-22
BANKNIFTY24DEC2029600CE,CE,2020-12-22 11:20:00,2020-12-22 11:30:00,147.2171311187744,160.44788108825685,10,264.6149993896489,52.931636830605534,211.6833625590434,2020-12-22
BANKNIFTY24DEC2029600CE,CE,2020-12-22 11:33:00,2020-12-22 11:43:00,157.09174694061278,134.01413108825685,10,-461.55231704711866,52.41135114622973,-513.9636681933484,2020-12-22
BANKNIFTY24DEC2029600CE,CE,2020-12-22 11:54:00,2020-12-22 11:58:00,151.02661888122557,158.8019969558716,4,155.50756149292056,52.93893055548864,102.56863093743192,2020-12-22
BANKNIFTY24DEC2029600CE,CE,2020-12-22 12:01:00,2020-12-22 12:08:00,150.375,149.52524391174316,7,-16.995121765136787,52.70519107281168,-69.70031283794847,2020-12-22
BANKNIFTY24DEC2029600CE,CE,2020-12-22 12:16:00,2020-12-22 12:26:00,142.05424694061279,140.896875,10,-23.147438812255814,52.391944371041404,-75.53938318329722,2020-12-22
BANKNIFTY24DEC2029600CE,CE,2020-12-22 12:27:00,2020-12-22 12:37:00,134.2848719406128,150.42300304412842,10,322.76262207031266,52.52713049188556,270.2354915784271,2020-12-22
BANKNIFTY24DEC2029600CE,CE,2020-12-22 13:49:00,2020-12-22 13:51:00,216.48987194061277,252.66675304412843,2,723.5376220703131,56.03534860738556,667.5022734629275,2020-12-22
BANKNIFTY24DEC2029600PE,PE,2020-12-22 09:21:00,2020-12-22 09:31:00,318.8952561187744,444.635625,10,2514.807377624512,61.97696619216721,2452.8304114323446,2020-12-22
BANKNIFTY24DEC2029600PE,PE,2020-12-22 09:33:00,2020-12-22 09:43:00,487.36536888122555,534.6101371765137,10,944.8953659057634,66.25847552945945,878.6368903763039,2020-12-22
BANKNIFTY24DEC2029600PE,PE,2020-12-22 09:44:00,2020-12-22 09:54:00,555.9864755249023,550.4204878234864,10,-111.31975402831813,67.49556135495453,-178.81531538327266,2020-12-22
BANKNIFTY24DEC2029600PE,PE,2020-12-22 09:55:00,2020-12-22 10:05:00,539.6457377624512,532.9143750000001,10,-134.62725524902226,66.86673887941559,-201.49399412843786,2020-12-22
BANKNIFTY24DEC2029600PE,PE,2020-12-22 10:06:00,2020-12-22 10:16:00,521.3,523.1388871765137,10,36.777743530274165,66.40104371612664,-29.62330018585247,2020-12-22
BANKNIFTY24DEC2029600PE,PE,2020-12-22 10:25:00,2020-12-22 10:35:00,488.11724388122553,511.71750000000003,10,472.0051223754899,65.7109851740828,406.2941372014071,2020-12-22
BANKNIFTY24DEC2029600PE,PE,2020-12-22 10:44:00,2020-12-22 10:54:00,527.8663627624511,543.3881250000001,10,310.4352447509791,66.97515594166559,243.4600888093135,2020-12-22
BANKNIFTY24DEC2029600PE,PE,2020-12-22 11:15:00,2020-12-22 11:25:00,551.9263627624512,551.8170121765137,10,-2.1870117187495453,67.47908863779223,-69.66610035654178,2020-12-22
BANKNIFTY24DEC2029600PE,PE,2020-12-22 11:33:00,2020-12-22 11:43:00,603.3546005249024,667.3773628234864,10,1280.4552459716797,70.92885623745453,1209.5263897342252,2020-12-22
BANKNIFTY24DEC2029600PE,PE,2020-12-22 11:49:00,2020-12-22 11:59:00,580.0966494750976,602.8391006469727,10,454.84902343750264,69.07010588291553,385.7789175545871,2020-12-22
BANKNIFTY24DEC2029600PE,PE,2020-12-22 12:10:00,2020-12-22 12:20:00,595.485,623.4375,10,559.0499999999997,69.762311821,489.2876881789997,2020-12-22
BANKNIFTY24DEC2029600PE,PE,2020-12-22 12:35:00,2020-12-22 12:45:00,670.3717622375488,468.82500000000005,10,-4030.935244750974,66.93194239533442,-4097.867187146308,2020-12-22
BANKNIFTY24DEC2029600PE,PE,2020-12-22 12:56:00,2020-12-22 13:06:00,528.3175,518.949375,10,-187.36249999999927,66.38632231075002,-253.7488223107493,2020-12-22
BANKNIFTY24DEC2029600PE,PE,2020-12-22 13:14:00,2020-12-22 13:24:00,504.15724388122555,418.20187500000003,10,-1719.1073776245105,63.635623061832796,-1782.7430006863433,2020-12-22
BANKNIFTY24DEC2029600PE,PE,2020-12-22 13:34:00,2020-12-22 13:44:00,445.5611372375488,359.2496189117432,10,-1726.2303665161119,61.473717375146094,-1787.704083891258,2020-12-22
BANKNIFTY24DEC2029600PE,PE,2020-12-22 14:00:00,2020-12-22 14:07:00,339.1457377624512,335.20986282348633,7,-78.71749877929688,59.566921607038935,-138.2844203863358,2020-12-22
BANKNIFTY24DEC2029600PE,PE,2020-12-22 14:18:00,2020-12-22 14:24:00,239.6476280593872,251.46975608825684,6,236.44256057739312,56.293936031146934,180.1486245462462,2020-12-22
BANKNIFTY24DEC2029600PE,PE,2020-12-22 14:30:00,2020-12-22 14:36:00,226.01362194061278,249.375,6,467.2275611877444,56.07360058354139,411.153960604203,2020-12-22
BANKNIFTY24DEC2029600PE,PE,2020-12-22 14:38:00,2020-12-22 14:45:00,223.9083811187744,218.40262195587158,7,-110.11518325805639,55.29408617907304,-165.40926943712944,2020-12-22
BANKNIFTY24DEC2029600PE,PE,2020-12-22 14:57:00,2020-12-22 15:05:00,274.4844877624512,266.18288108825686,8,-166.03213348388635,57.08461140860393,-223.1167448924903,2020-12-22
BANKNIFTY24DEC2029600PE,PE,2020-12-22 15:06:00,2020-12-22 15:16:00,256.8405122375488,248.0782469558716,10,-175.24530563354404,56.425039835490246,-231.6703454690343,2020-12-22
BANKNIFTY24DEC2029600PE,PE,2020-12-22 15:19:00,2020-12-22 15:24:00,228.21911888122557,237.95362804412844,5,194.69018325805735,55.823191912426964,138.86699134563037,2020-12-22
BANKNIFTY24DEC2029500CE,CE,2020-12-23 10:48:00,2020-12-23 10:50:00,402.30323776245115,423.98736282348636,2,433.68250122070435,62.51095352303895,371.1715476976654,2020-12-23
BANKNIFTY24DEC2029500CE,CE,2020-12-23 12:55:00,2020-12-23 13:00:00,392.8797438812256,414.01236282348634,5,422.65237884521525,62.151251894456145,360.5011269507591,2020-12-23
BANKNIFTY24DEC2029500CE,CE,2020-12-23 13:08:00,2020-12-23 13:18:00,395.8371311187744,406.28173782348637,10,208.89213409423974,61.999956660290565,146.89217743394917,2020-12-23
BANKNIFTY24DEC2029500CE,CE,2020-12-23 13:25:00,2020-12-23 13:31:00,394.1830122375488,395.8578810882569,6,33.497377014161884,61.725860827272726,-28.22848381311084,2020-12-23
BANKNIFTY24DEC2029500CE,CE,2020-12-23 13:51:00,2020-12-23 13:56:00,401.2005122375488,408.975,5,155.48975524902403,62.132098993834404,93.35765625518962,2020-12-23
BANKNIFTY24DEC2029500CE,CE,2020-12-23 14:07:00,2020-12-23 14:14:00,398.89474388122557,403.9376371765137,7,100.85786590576276,61.98092625170944,38.876939654053324,2020-12-23
BANKNIFTY24DEC2029500CE,CE,2020-12-23 14:34:00,2020-12-23 14:38:00,376.18812499999996,412.46625,4,725.5625000000009,61.90627486825,663.656225131751,2020-12-23
BANKNIFTY24DEC2029500PE,PE,2020-12-23 09:20:00,2020-12-23 09:27:00,180.65049694061278,191.61975608825685,7,219.38518295288134,54.10521181297972,165.27997113990162,2020-12-23
BANKNIFTY24DEC2029500PE,PE,2020-12-23 09:31:00,2020-12-23 09:34:00,221.45224388122557,239.79899391174317,3,366.93500061035195,55.78400890539447,311.1509917049575,2020-12-23
BANKNIFTY24DEC2029500PE,PE,2020-12-23 09:39:00,2020-12-23 09:40:00,188.92112194061278,189.525,1,12.07756118774455,54.157010740541395,-42.079449552796845,2020-12-23
BANKNIFTY24DEC2029500PE,PE,2020-12-23 09:47:00,2020-12-23 09:57:00,146.96650611877442,146.0838719558716,10,-17.65268325805664,52.57913875332305,-70.23182201137969,2020-12-23
BANKNIFTY24DEC2029500PE,PE,2020-12-23 10:29:00,2020-12-23 10:39:00,110.72612194061279,93.765,10,-339.2224388122557,50.8563194025414,-390.07875821479706,2020-12-23
BANKNIFTY24DEC2029500PE,PE,2020-12-23 10:44:00,2020-12-23 10:54:00,88.5207530593872,87.87974847793579,10,-12.82009162902824,50.437298277786525,-63.257389906814765,2020-12-23
BANKNIFTY24DEC2029500PE,PE,2020-12-23 11:14:00,2020-12-23 11:24:00,103.20737194061279,111.37087652206421,10,163.2700916290284,51.19114775821348,112.07894387081492,2020-12-23
BANKNIFTY24DEC2029500PE,PE,2020-12-23 11:31:00,2020-12-23 11:41:00,111.57825305938721,114.8122484779358,10,64.67990837097176,51.37885079178652,13.30105757918524,2020-12-23
BANKNIFTY24DEC2029500PE,PE,2020-12-23 11:45:00,2020-12-23 11:55:00,108.27,91.22137195587159,10,-340.97256088256813,50.763935334905845,-391.736496217474,2020-12-23
BANKNIFTY24DEC2029500PE,PE,2020-12-23 12:15:00,2020-12-23 12:25:00,90.32524847030639,91.57050304412843,10,24.90509147644076,50.54948904473986,-25.644397568299098,2020-12-23
BANKNIFTY24DEC2029500PE,PE,2020-12-23 12:31:00,2020-12-23 12:41:00,90.07462347030639,79.80000000000001,10,-205.4924694061276,50.2600743721457,-255.75254377827332,2020-12-23
BANKNIFTY24DEC2029500PE,PE,2020-12-23 12:42:00,2020-12-23 12:52:00,72.93187499999999,76.30875,10,67.53750000000025,49.96217995375001,17.57532004625024,2020-12-23
BANKNIFTY24DEC2029500PE,PE,2020-12-23 13:46:00,2020-12-23 13:51:00,61.95449923515319,71.72025152206422,5,195.31504573822048,49.71419262661993,145.60085311160054,2020-12-23
BANKNIFTY24DEC2029500PE,PE,2020-12-23 14:13:00,2020-12-23 14:20:00,65.91437499999999,62.04450076103211,7,-77.39748477935763,49.52803944796105,-126.92552422731868,2020-12-23
BANKNIFTY24DEC2029500PE,PE,2020-12-23 14:38:00,2020-12-23 14:43:00,49.67387423515319,46.28400152206421,5,-67.79745426177968,48.942921883369934,-116.74037614514961,2020-12-23
BANKNIFTY24DEC2029500PE,PE,2020-12-23 15:00:00,2020-12-23 15:10:00,47.61875,50.623125,10,60.08750000000006,49.02293294575,11.064567054250062,2020-12-23
BANKNIFTY24DEC2029500PE,PE,2020-12-23 15:13:00,2020-12-23 15:23:00,48.220248470306394,42.84262576103211,10,-107.55245418548569,48.84115597085674,-156.39361015634242,2020-12-23
BANKNIFTY24DEC2030100CE,CE,2020-12-24 10:45:00,2020-12-24 10:47:00,272.4794877624512,290.6714939117432,2,363.84012298584025,57.655353313477264,306.184769672363,2020-12-24
BANKNIFTY24DEC2030100CE,CE,2020-12-24 10:51:00,2020-12-24 11:01:00,266.2640061187744,259.20038108825685,10,-141.27250061035056,56.81264389585553,-198.0851445062061,2020-12-24
BANKNIFTY24DEC2030100CE,CE,2020-12-24 12:07:00,2020-12-24 12:08:00,255.18637805938718,259.20038108825685,1,80.28006057739333,56.675019875896936,23.605040701496392,2020-12-24
BANKNIFTY24DEC2030100CE,CE,2020-12-24 13:50:00,2020-12-24 13:54:00,365.91249999999997,394.4114939117432,4,569.9798782348648,61.339457948311676,508.64042028655314,2020-12-24
BANKNIFTY24DEC2030100CE,CE,2020-12-24 14:02:00,2020-12-24 14:07:00,383.9575,387.03000000000003,5,61.450000000000955,61.384097305,0.06590269500095758,2020-12-24
BANKNIFTY24DEC2030100CE,CE,2020-12-24 14:27:00,2020-12-24 14:33:00,341.25099388122555,394.01250000000005,6,1055.2301223754898,61.023368292582795,994.2067540829071,2020-12-24
BANKNIFTY24DEC2030100CE,CE,2020-12-24 14:55:00,2020-12-24 15:00:00,390.97499999999997,396.30673782348634,5,106.63475646972756,61.69692357812336,44.9378328916042,2020-12-24
BANKNIFTY24DEC2030100CE,CE,2020-12-24 15:01:00,2020-12-24 15:03:00,368.51900611877437,366.7308689117432,2,-35.76274414062368,60.69854768747888,-96.46129182810256,2020-12-24
BANKNIFTY24DEC2030100CE,CE,2020-12-24 15:07:00,2020-12-24 15:11:00,337.8425,338.95048782348636,4,22.159756469727654,59.641716168623354,-37.4819596988957,2020-12-24
BANKNIFTY24DEC2030100CE,CE,2020-12-24 15:15:00,2020-12-24 15:21:00,299.24625,296.50687500000004,6,-54.78749999999877,58.12983033625,-112.91733033624877,2020-12-24
BANKNIFTY24DEC2030100PE,PE,2020-12-24 09:20:00,2020-12-24 09:30:00,104.86149847030639,80.049375,10,-496.2424694061278,50.4498462901457,-546.6923156962735,2020-12-24
BANKNIFTY24DEC2030100PE,PE,2020-12-24 09:32:00,2020-12-24 09:42:00,83.40799694061279,75.95962652206421,10,-148.96740837097155,50.08383916246348,-199.05124753343503,2020-12-24
BANKNIFTY24DEC2030100PE,PE,2020-12-24 09:54:00,2020-12-24 10:04:00,50.8267507648468,52.917374238967895,10,41.8124694824219,49.11859226484111,-7.306122782419209,2020-12-24
BANKNIFTY24DEC2030100PE,PE,2020-12-24 10:05:00,2020-12-24 10:15:00,46.16512423515319,39.401250000000005,10,-135.27748470306378,48.73191728194785,-184.00940198501164,2020-12-24
BANKNIFTY24DEC2030100PE,PE,2020-12-24 10:25:00,2020-12-24 10:35:00,41.60375,48.129375,10,130.5125000000001,48.887548014249994,81.6249519857501,2020-12-24
BANKNIFTY24DEC2030100PE,PE,2020-12-24 10:47:00,2020-12-24 10:52:00,40.7014984703064,44.53837652206421,5,76.73756103515629,48.78899279156778,27.94856824358851,2020-12-24
BANKNIFTY24DEC2030100PE,PE,2020-12-24 11:18:00,2020-12-24 11:26:00,44.0097515296936,30.772875380516055,8,-264.73752298355095,48.49526666070983,-313.2327896442608,2020-12-24
BANKNIFTY24DEC2030100PE,PE,2020-12-24 11:36:00,2020-12-24 11:46:00,31.57875,29.276625380516055,10,-46.042492389678884,48.304434683605514,-94.3469270732844,2020-12-24
BANKNIFTY24DEC2030100PE,PE,2020-12-24 12:09:00,2020-12-24 12:15:00,41.1526242351532,49.675499238967895,6,170.45750007629394,48.91955071573682,121.53794936055712,2020-12-24
BANKNIFTY24DEC2030100PE,PE,2020-12-24 13:01:00,2020-12-24 13:11:00,35.889499235153195,35.910000000000004,10,0.4100152969361659,48.51933725869786,-48.109321961761694,2020-12-24
BANKNIFTY24DEC2030100PE,PE,2020-12-24 13:39:00,2020-12-24 13:49:00,7.8195001912117,8.129624619483948,10,6.202488565444959,47.49488807997002,-41.29239951452506,2020-12-24
BANKNIFTY24DEC2030100PE,PE,2020-12-24 13:57:00,2020-12-24 14:02:00,6.0651251912117,7.431374809741974,5,27.32499237060548,47.456108477647774,-20.131116107042295,2020-12-24
BANKNIFTY31DEC2030700PE,PE,2020-12-28 09:25:00,2020-12-28 09:35:00,328.7698872375488,277.65413108825686,10,-1022.3151229858388,58.03805359402273,-1080.3531765798616,2020-12-28
BANKNIFTY31DEC2030700PE,PE,2020-12-28 09:55:00,2020-12-28 10:05:00,298.4442622375488,291.27000000000004,10,-143.4852447509752,57.992487108334416,-201.4777318593096,2020-12-28
BANKNIFTY31DEC2030700PE,PE,2020-12-28 10:08:00,2020-12-28 10:18:00,301.1008811187744,281.6939939117432,10,-388.13774414062436,57.79256893697888,-445.9303130776033,2020-12-28
BANKNIFTY31DEC2030700PE,PE,2020-12-28 10:22:00,2020-12-28 10:32:00,286.5646311187744,288.27750000000003,10,34.25737762451263,57.7721109501672,-23.514733325654575,2020-12-28
BANKNIFTY31DEC2030700PE,PE,2020-12-28 10:34:00,2020-12-28 10:44:00,287.21625,301.993125,10,295.53750000000036,58.113819778750006,237.42368022125035,2020-12-28
BANKNIFTY31DEC2030700PE,PE,2020-12-28 10:47:00,2020-12-28 10:57:00,298.39411888122555,288.37725608825684,10,-200.33725585937418,57.921502201521115,-258.2587580608953,2020-12-28
BANKNIFTY31DEC2030700PE,PE,2020-12-28 11:04:00,2020-12-28 11:14:00,284.45937499999997,295.40961891174317,10,219.004878234864,57.919434897811676,161.08544333705234,2020-12-28
BANKNIFTY31DEC2030700PE,PE,2020-12-28 11:16:00,2020-12-28 11:26:00,285.4117622375488,286.13288108825685,10,14.422377014160475,57.70562331577274,-43.283246301612266,2020-12-28
BANKNIFTY31DEC2030700PE,PE,2020-12-28 11:27:00,2020-12-28 11:37:00,286.3641188812256,289.62413108825683,10,65.20024414062505,57.802374782271116,7.39786935835393,2020-12-28
BANKNIFTY31DEC2030700PE,PE,2020-12-28 11:39:00,2020-12-28 11:49:00,291.72749999999996,282.1927439117432,10,-190.69512176513513,57.688249194811675,-248.3833709599468,2020-12-28
BANKNIFTY31DEC2030700PE,PE,2020-12-28 11:54:00,2020-12-28 12:04:00,277.7927561187744,280.84611282348635,10,61.067134094239464,57.482374594790556,3.584759499448907,2020-12-28
BANKNIFTY31DEC2030700PE,PE,2020-12-28 12:14:00,2020-12-28 12:24:00,257.893125,238.65187500000002,10,-384.8249999999996,56.20883377449999,-441.0338337744996,2020-12-28
BANKNIFTY31DEC2030700PE,PE,2020-12-28 12:27:00,2020-12-28 12:37:00,239.9483811187744,235.55961891174317,10,-87.77524414062441,55.910680654228884,-143.6859247948533,2020-12-28
BANKNIFTY31DEC2030700PE,PE,2020-12-28 12:38:00,2020-12-28 12:48:00,239.8982530593872,222.09336891174317,10,-356.09768295288063,55.58251020477027,-411.68019315765093,2020-12-28
BANKNIFTY31DEC2030700PE,PE,2020-12-28 12:49:00,2020-12-28 12:59:00,221.3520030593872,223.04100608825684,10,33.78006057739299,55.37514896089692,-21.595088383503935,2020-12-28
BANKNIFTY31DEC2030700PE,PE,2020-12-28 13:04:00,2020-12-28 13:14:00,227.96849388122558,219.35024391174318,10,-172.36499938964812,55.36757697339446,-227.7325763630426,2020-12-28
BANKNIFTY31DEC2030700PE,PE,2020-12-28 13:15:00,2020-12-28 13:25:00,222.85575305938718,226.8813719558716,10,80.51237792968834,55.48724247261444,25.0251354570739,2020-12-28
BANKNIFTY31DEC2030700PE,PE,2020-12-28 13:38:00,2020-12-28 13:48:00,212.53,208.1782469558716,10,-87.03506088256802,54.90403211565584,-141.93909299822386,2020-12-28
BANKNIFTY31DEC2030700PE,PE,2020-12-28 13:50:00,2020-12-28 14:00:00,205.16161888122556,196.00875000000002,10,-183.05737762451088,54.516484319832784,-237.57386194434366,2020-12-28
BANKNIFTY31DEC2030700PE,PE,2020-12-28 14:09:00,2020-12-28 14:16:00,190.87599388122558,221.195625,7,606.3926223754885,54.95164090183279,551.4409814736557,2020-12-28
BANKNIFTY31DEC2030700PE,PE,2020-12-28 14:34:00,2020-12-28 14:44:00,192.0288780593872,185.33550304412842,10,-133.8675003051759,54.09371661130277,-187.96121691647866,2020-12-28
BANKNIFTY31DEC2030700PE,PE,2020-12-28 14:45:00,2020-12-28 14:55:00,180.45,183.83925304412844,10,67.78506088256904,53.91347107534416,13.871589807224879,2020-12-28
BANKNIFTY31DEC2030700PE,PE,2020-12-28 14:56:00,2020-12-28 15:06:00,190.72562499999998,191.42024391174317,10,13.892378234863827,54.22552831956168,-40.333150084697856,2020-12-28
BANKNIFTY31DEC2030700PE,PE,2020-12-28 15:07:00,2020-12-28 15:14:00,191.12661888122557,209.225625,7,361.9801223754888,54.66360107458279,307.316521300906,2020-12-28
BANKNIFTY31DEC2030700PE,PE,2020-12-28 15:19:00,2020-12-28 15:24:00,208.3195030593872,197.55487804412843,5,-215.29250030517517,54.59332400980277,-269.8858243149779,2020-12-28
BANKNIFTY31DEC2031100CE,CE,2020-12-29 10:44:00,2020-12-29 10:54:00,364.8097438812256,321.195,10,-872.2948776245119,59.54486903608281,-931.8397466605946,2020-12-29
BANKNIFTY31DEC2031100CE,CE,2020-12-29 10:59:00,2020-12-29 11:09:00,297.79261276245114,303.63899391174317,10,116.92762298584057,58.285249736227264,58.64237324961331,2020-12-29
BANKNIFTY31DEC2031100CE,CE,2020-12-29 11:28:00,2020-12-29 11:38:00,315.33636276245113,314.960625,10,-7.514755249022755,58.778589094665584,-66.29334434368835,2020-12-29
BANKNIFTY31DEC2031100CE,CE,2020-12-29 11:40:00,2020-12-29 11:49:00,314.78499999999997,325.8832621765137,9,221.96524353027485,59.037417041876644,162.9278264883982,2020-12-29
BANKNIFTY31DEC2031100CE,CE,2020-12-29 11:56:00,2020-12-29 11:59:00,324.5092622375488,325.48423782348635,3,19.499511718751137,59.14852167745777,-39.649009958706635,2020-12-29
BANKNIFTY31DEC2031100CE,CE,2020-12-29 12:12:00,2020-12-29 12:22:00,318.8952561187744,329.3246189117432,10,208.58725585937577,59.172187404478876,149.4150684548969,2020-12-29
BANKNIFTY31DEC2031100CE,CE,2020-12-29 12:32:00,2020-12-29 12:42:00,323.6571311187744,324.1875,10,10.607377624512537,59.1063938091672,-48.499016184654664,2020-12-29
BANKNIFTY31DEC2031100CE,CE,2020-12-29 13:09:00,2020-12-29 13:19:00,399.3959938812256,397.005,10,-47.819877624511946,61.8185268875828,-109.63840451209475,2020-12-29
BANKNIFTY31DEC2031100CE,CE,2020-12-29 13:38:00,2020-12-29 13:48:00,388.1680122375488,382.0425,10,-122.51024475097552,61.31509306983441,-183.82533782080992,2020-12-29
BANKNIFTY31DEC2031100CE,CE,2020-12-29 13:51:00,2020-12-29 14:01:00,361.30099388122557,394.8603810882569,10,671.1877441406261,61.29308499302112,609.894659147605,2020-12-29
BANKNIFTY31DEC2031100CE,CE,2020-12-29 14:23:00,2020-12-29 14:33:00,369.42125,388.92524391174317,10,390.0798782348636,61.24960390431168,328.8302743305519,2020-12-29
BANKNIFTY31DEC2031100CE,CE,2020-12-29 15:22:00,2020-12-29 15:24:00,404.80948776245117,405.78298782348634,2,19.470001220703352,62.09929423478894,-42.62929301408559,2020-12-29
BANKNIFTY31DEC2031100PE,PE,2020-12-29 09:23:00,2020-12-29 09:33:00,200.44987194061278,178.801875,10,-432.9599388122557,54.03941431579139,-486.9993531280471,2020-12-29
BANKNIFTY31DEC2031100PE,PE,2020-12-29 09:35:00,2020-12-29 09:40:00,177.7933811187744,184.68711891174317,5,137.87475585937557,53.901089455228885,83.97366640414668,2020-12-29
BANKNIFTY31DEC2031100PE,PE,2020-12-29 10:00:00,2020-12-29 10:10:00,167.2170030593872,163.14112804412844,10,-81.51750030517519,53.245616701302765,-134.76311700647796,2020-12-29
BANKNIFTY31DEC2031100PE,PE,2020-12-29 10:20:00,2020-12-29 10:30:00,164.1092469406128,168.2782469558716,10,83.38000030517605,53.33196040794723,30.048039897228826,2020-12-29
BANKNIFTY31DEC2031100PE,PE,2020-12-29 10:54:00,2020-12-29 10:58:00,234.4346311187744,276.60673782348636,4,843.442134094239,56.840593731290554,786.6015403629484,2020-12-29
BANKNIFTY31DEC2031100PE,PE,2020-12-29 11:16:00,2020-12-29 11:20:00,219.24674694061278,228.52725608825685,4,185.61018295288136,55.48243945147972,130.12774350140165,2020-12-29
BANKNIFTY31DEC2031100PE,PE,2020-12-29 11:34:00,2020-12-29 11:38:00,237.04112194061278,241.8438719558716,4,96.05500030517646,56.02741768644724,40.02758261872923,2020-12-29
BANKNIFTY31DEC2031100PE,PE,2020-12-29 11:47:00,2020-12-29 11:56:00,229.32187499999998,234.01350608825686,9,93.83262176513767,55.74105416293832,38.091567602199355,2020-12-29
BANKNIFTY31DEC2031100PE,PE,2020-12-29 12:19:00,2020-12-29 12:29:00,227.46724388122558,220.6469969558716,10,-136.4049385070797,55.39289134623863,-191.79782985331832,2020-12-29
BANKNIFTY31DEC2031100PE,PE,2020-12-29 13:03:00,2020-12-29 13:04:00,220.24924694061278,184.4876219558716,1,-715.2324996948238,54.42369166569724,-769.656191360521,2020-12-29
BANKNIFTY31DEC2031100PE,PE,2020-12-29 14:15:00,2020-12-29 14:20:00,138.49536888122557,147.63,5,182.69262237548844,52.51150413283279,130.18111824265566,2020-12-29
BANKNIFTY31DEC2031100PE,PE,2020-12-29 14:29:00,2020-12-29 14:38:00,147.36749999999998,147.13125,9,-4.724999999999682,52.6095965455,-57.33459654549968,2020-12-29
BANKNIFTY31DEC2031100PE,PE,2020-12-29 14:43:00,2020-12-29 14:53:00,126.1145030593872,139.69987804412844,10,271.7074996948247,52.16480009380276,219.54269960102195,2020-12-29
BANKNIFTY31DEC2031100PE,PE,2020-12-29 14:58:00,2020-12-29 15:08:00,139.09687499999998,141.74475608825685,10,52.95762176513733,52.37582668543832,0.5817950796990132,2020-12-29
BANKNIFTY31DEC2031100PE,PE,2020-12-29 15:21:00,2020-12-29 15:24:00,146.2146311187744,145.63500000000002,3,-11.592622375487736,52.558879577167204,-64.15150195265494,2020-12-29
BANKNIFTY31DEC2031400CE,CE,2020-12-30 09:15:00,2020-12-30 09:25:00,285.01073776245113,156.40800304412844,10,-2572.054694366454,54.545265104509745,-2626.5999594709638,2020-12-30
BANKNIFTY31DEC2031400CE,CE,2020-12-30 09:26:00,2020-12-30 09:28:00,159.79849388122557,183.63975608825686,2,476.82524414062584,53.65205253977112,423.1731916008547,2020-12-30
BANKNIFTY31DEC2031400CE,CE,2020-12-30 09:43:00,2020-12-30 09:53:00,195.5376280593872,168.57750000000001,10,-539.2025611877438,53.72969295495861,-592.9322541427024,2020-12-30
BANKNIFTY31DEC2031400CE,CE,2020-12-30 09:56:00,2020-12-30 10:06:00,160.3498719406128,159.94913108825685,10,-8.014817047118754,53.082661353979724,-61.09747840109848,2020-12-30
BANKNIFTY31DEC2031400CE,CE,2020-12-30 10:20:00,2020-12-30 10:26:00,149.4727561187744,145.385625,6,-81.74262237548817,52.5932915211672,-134.33591389665537,2020-12-30
BANKNIFTY31DEC2031400CE,CE,2020-12-30 11:37:00,2020-12-30 11:45:00,131.9290061187744,140.6475,8,174.36987762451224,52.26008673141721,122.10979089309504,2020-12-30
BANKNIFTY31DEC2031400CE,CE,2020-12-30 11:58:00,2020-12-30 12:03:00,117.3426280593872,121.49550304412843,5,83.05749969482463,51.613025891802764,31.444473803021864,2020-12-30
BANKNIFTY31DEC2031400CE,CE,2020-12-30 12:37:00,2020-12-30 12:46:00,102.5557530593872,94.71262195587158,9,-156.86262207031234,50.77786358511444,-207.64048565542677,2020-12-30
BANKNIFTY31DEC2031400CE,CE,2020-12-30 15:17:00,2020-12-30 15:24:00,140.09937499999998,151.22100608825684,7,222.43262176513724,52.61877785893833,169.8138439061989,2020-12-30
BANKNIFTY31DEC2031400PE,PE,2020-12-30 10:10:00,2020-12-30 10:20:00,305.8126127624512,342.0427439117432,10,724.6026229858398,59.31900446172726,665.2836185241126,2020-12-30
BANKNIFTY31DEC2031400PE,PE,2020-12-30 10:57:00,2020-12-30 11:05:00,295.7375,323.19,8,549.0499999999997,58.735268689,490.3147313109997,2020-12-30
BANKNIFTY31DEC2031400PE,PE,2020-12-30 12:14:00,2020-12-30 12:19:00,328.4190061187744,350.870625,5,449.03237762451226,59.81458309866721,389.2177945258451,2020-12-30
BANKNIFTY31DEC2031400PE,PE,2020-12-30 14:05:00,2020-12-30 14:14:00,214.03375,239.79899391174317,9,515.3048782348634,55.69184450481168,459.6130337300517,2020-12-30
BANKNIFTY31DEC2031400PE,PE,2020-12-30 14:44:00,2020-12-30 14:54:00,207.1165061187744,190.42274391174317,10,-333.87524414062455,54.40489927922888,-388.2801434198534,2020-12-30
BANKNIFTY31DEC2031400PE,PE,2020-12-30 15:00:00,2020-12-30 15:10:00,185.16174694061277,192.5175,10,147.1150611877448,54.183094142291395,92.9319670454534,2020-12-30
BANKNIFTY31DEC2031200CE,CE,2020-12-31 10:54:00,2020-12-31 10:59:00,167.11674694061279,181.04625000000001,5,278.5900611877446,53.6798881837914,224.9101730039532,2020-12-31
BANKNIFTY31DEC2031200CE,CE,2020-12-31 12:08:00,2020-12-31 12:18:00,119.5982530593872,111.72,10,-157.5650611877441,51.4032734487086,-208.9683346364527,2020-12-31
BANKNIFTY31DEC2031200CE,CE,2020-12-31 12:33:00,2020-12-31 12:39:00,182.7557530593872,189.22574695587159,6,129.39987792968793,54.07313575236444,75.3267421773235,2020-12-31
BANKNIFTY31DEC2031200CE,CE,2020-12-31 12:55:00,2020-12-31 13:00:00,160.50025611877442,159.69975608825683,5,-16.010000610351653,53.07846396910553,-69.08846457945718,2020-12-31
BANKNIFTY31DEC2031200CE,CE,2020-12-31 14:29:00,2020-12-31 14:34:00,76.941875,108.3284984779358,5,627.732469558716,50.79083414382792,576.9416354148881,2020-12-31
BANKNIFTY31DEC2031200CE,CE,2020-12-31 15:21:00,2020-12-31 15:24:00,65.26274847030639,60.79762576103211,3,-89.30245418548566,49.48961541185675,-138.7920695973424,2020-12-31
BANKNIFTY31DEC2031200PE,PE,2020-12-31 09:21:00,2020-12-31 09:25:00,134.2848719406128,113.5653734779358,4,-414.3899692535399,51.630620253369315,-466.02058950690923,2020-12-31
BANKNIFTY31DEC2031200PE,PE,2020-12-31 09:28:00,2020-12-31 09:33:00,86.11475152969359,97.45574695587159,5,226.81990852355995,50.640329833760134,176.17957868979983,2020-12-31
BANKNIFTY31DEC2031200PE,PE,2020-12-31 10:29:00,2020-12-31 10:39:00,77.79399847030639,76.95712652206421,10,-16.737438964843534,50.038355882067776,-66.77579484691131,2020-12-31
BANKNIFTY31DEC2031200PE,PE,2020-12-31 10:44:00,2020-12-31 10:49:00,64.76149847030639,63.939748477935794,5,-16.434999847411973,49.559815818473616,-65.9948156658856,2020-12-31
BANKNIFTY31DEC2031200PE,PE,2020-12-31 11:26:00,2020-12-31 11:36:00,73.63362194061278,81.89474847793579,10,165.22253074646017,50.10676976961932,115.11576097684085,2020-12-31
BANKNIFTY31DEC2031200PE,PE,2020-12-31 12:21:00,2020-12-31 12:24:00,122.80624999999999,125.48550304412842,3,53.5850608825686,51.77795490934416,1.807105973224438,2020-12-31
BANKNIFTY31DEC2031200PE,PE,2020-12-31 12:30:00,2020-12-31 12:35:00,113.6835015296936,61.04700076103211,5,-1052.73001537323,50.09724117731534,-1102.8272565505451,2020-12-31
BANKNIFTY31DEC2031200PE,PE,2020-12-31 13:02:00,2020-12-31 13:12:00,48.370625,53.01712652206421,10,92.93003044128426,49.09050467542208,43.83952576586218,2020-12-31
BANKNIFTY31DEC2031200PE,PE,2020-12-31 13:27:00,2020-12-31 13:35:00,49.7741265296936,27.780375380516055,8,-439.87502298355093,48.49409257695982,-488.36911556051075,2020-12-31
BANKNIFTY31DEC2031200PE,PE,2020-12-31 13:45:00,2020-12-31 13:55:00,27.869499235153196,18.553500380516052,10,-186.31997709274287,47.99752743255337,-234.31750452529624,2020-12-31
BANKNIFTY31DEC2031200PE,PE,2020-12-31 14:00:00,2020-12-31 14:10:00,12.4811248087883,13.715625000000001,10,24.690003824234026,47.68867387842446,-22.998670054190434,2020-12-31
